dataset,source_version,role,source_label,mapping_status,target_class,source_path,local_file,sha256,dhash,format,mode,width,height,bytes,original_or_augmented,candidate_status
PlantDoc,5467f6012d78d1c446145d5f582da6096f852ae8,training_candidate,Apple Scab Leaf,MATCHED,Apple Apple scab,train/Apple Scab Leaf/01Apple-scab-2-Venturia-inaequalis.ashx?w=600&h=408&bc=ffffff.jpg,Apple Scab Leaf/00001_542ade26992d14b6.jpg,542ade26992d14b6f98ca21dfa2317248497efc80e0e5e329a20deb958bd092c,d64cb5f6d8d9cdce,JPEG,RGB,549,355,89421,original,APPROVED_CANDIDATE
PlantDoc,5467f6012d78d1c446145d5f582da6096f852ae8,training_candidate,Apple Scab Leaf,MATCHED,Apple Apple scab,train/Apple Scab Leaf/11NovMW_W4-A_4b.jpg,Apple Scab Leaf/00002_360dc32f40ba9170.jpg,360dc32f40ba91703f03cbd53b9081583c3a471eba5152d061833db4892f7033,615cccc596961227,JPEG,RGB,990,743,256115,original,APPROVED_CANDIDATE
PlantDoc,5467f6012d78d1c446145d5f582da6096f852ae8,training_candidate,Apple Scab Leaf,MATCHED,Apple Apple scab,train/Apple Scab Leaf/12-20_apple_scab1.jpg,Apple Scab Leaf/00003_c3073d29893f6d4e.jpg,c3073d29893f6d4e1c4d469726bdcd888ac957a3c4dc2b43fa3b5ad76b4b38ae,4ccc080a9098989a,JPEG,RGB,225,154,6331,original,APPROVED_CANDIDATE
PlantDoc,5467f6012d78d1c446145d5f582da6096f852ae8,training_candidate,Apple Scab Leaf,MATCHED,Apple Apple scab,train/Apple Scab Leaf/500_F_125294801_k0A2teQwKxZfTV1pcaerZFf9Th04F04q.jpg,Apple Scab Leaf/00004_4586105daaf02368.jpg,4586105daaf02368426cd4b708e2278d0b7f8c0b48f952ccdd188e2d33312129,5275190de91387c3,JPEG,RGB,500,333,94808,original,APPROVED_CANDIDATE
PlantDoc,5467f6012d78d1c446145d5f582da6096f852ae8,training_candidate,Apple Scab Leaf,MATCHED,Apple Apple scab,train/Apple Scab Leaf/6A642AA3-1DB1-4413-B0B6-7FBB68A5904A_original.jpeg?1528657579.jpg,Apple Scab Leaf/00005_2d2a97c41c74c3d8.jpg,2d2a97c41c74c3d84702c6f1e61d2a9b480e22baff6994ff4d89944e8ff05f9b,8cceaa31b9b4cdcb,JPEG,RGB,3024,4032,3660960,original,APPROVED_CANDIDATE
PlantDoc,5467f6012d78d1c446145d5f582da6096f852ae8,training_candidate,Apple Scab Leaf,MATCHED,Apple Apple scab,train/Apple Scab Leaf/Apple%20scab%20-%20early%20infection%20on%20leaves.JPG.jpg,Apple Scab Leaf/00006_adb60674ce7fe20f.jpg,adb60674ce7fe20fa880e813d8904f8354d3db13cf3b666484f7656b65146b99,25735b1ba6c6e732,JPEG,RGB,1712,1368,1387997,original,APPROVED_CANDIDATE
PlantDoc,5467f6012d78d1c446145d5f582da6096f852ae8,training_candidate,Apple Scab Leaf,MATCHED,Apple Apple scab,train/Apple Scab Leaf/Apple%20scab%20-%20late%20season%20infection%20on%20petiole%20and%20leaf%20underside.JPG.jpg,Apple Scab Leaf/00007_7b630b5a6d1ade43.jpg,7b630b5a6d1ade43a3d85085fde4c6f958d2fe8f26aa93e3da7225fc12f22bc2,e12c0ecd2a64e6a2,JPEG,RGB,745,497,227827,original,APPROVED_CANDIDATE
PlantDoc,5467f6012d78d1c446145d5f582da6096f852ae8,training_candidate,Apple Scab Leaf,MATCHED,Apple Apple scab,train/Apple Scab Leaf/Apple-Scab-Mulrooney.jpg,Apple Scab Leaf/00008_417e20e9c5721805.jpg,417e20e9c5721805f9669566405f97162045321c90a653f3ae1d32c290b70874,e3d20f8793078686,JPEG,RGB,600,898,333375,original,APPROVED_CANDIDATE
PlantDoc,5467f6012d78d1c446145d5f582da6096f852ae8,training_candidate,Apple Scab Leaf,MATCHED,Apple Apple scab,train/Apple Scab Leaf/Apple-Scab-image-01.jpg,Apple Scab Leaf/00009_aa577d05d1b89f0b.jpg,aa577d05d1b89f0bebbfdb93d73590d5058dee5f197b82111ee4f25e369aa43b,99d95d4d244d4d0e,JPEG,RGB,800,600,449407,original,APPROVED_CANDIDATE
PlantDoc,5467f6012d78d1c446145d5f582da6096f852ae8,training_candidate,Apple Scab Leaf,MATCHED,Apple Apple scab,train/Apple Scab Leaf/Apple-Scab-image-02.jpg,Apple Scab Leaf/00010_34d2cc48ced7ec7f.jpg,34d2cc48ced7ec7faaaf67a3a50593531c4acc38af762289487a15b16e738dc4,29cccccc4d0d0b03,JPEG,RGB,800,600,401399,original,APPROVED_CANDIDATE
PlantDoc,5467f6012d78d1c446145d5f582da6096f852ae8,training_candidate,Apple Scab Leaf,MATCHED,Apple Apple scab,train/Apple Scab Leaf/Apple-Scab.jpg,Apple Scab Leaf/00011_553408307413a551.jpg,553408307413a551b96ec8a40798e9e02c6064de8ddec61513b4ca502648937e,0a0734e4e9d88f8a,JPEG,RGB,200,200,17306,original,APPROVED_CANDIDATE
PlantDoc,5467f6012d78d1c446145d5f582da6096f852ae8,training_candidate,Apple Scab Leaf,MATCHED,Apple Apple scab,train/Apple Scab Leaf/Apple-Scab1.jpg,Apple Scab Leaf/00012_543670df5dc360f6.jpg,543670df5dc360f673b99f155a8672eb5661451bca9ef2137cf11940be8426eb,466581b1b1313536,JPEG,RGB,279,181,8917,original,NEEDS_MANUAL_REVIEW
PlantDoc,5467f6012d78d1c446145d5f582da6096f852ae8,training_candidate,Apple Scab Leaf,MATCHED,Apple Apple scab,train/Apple Scab Leaf/Apple-Scab_1_1.jpg,Apple Scab Leaf/00013_6b152dc1fcb52418.jpg,6b152dc1fcb524189247c28e4dd4d1e75740b0ff78cc2ad2ad5276683ed2c0f7,d8e8f971f9c1e1c4,JPEG,RGB,800,533,97548,original,APPROVED_CANDIDATE
PlantDoc,5467f6012d78d1c446145d5f582da6096f852ae8,training_candidate,Apple Scab Leaf,MATCHED,Apple Apple scab,train/Apple Scab Leaf/Apple-scab-on-crab-apple.jpg,Apple Scab Leaf/00014_60b766ca36fda336.jpg,60b766ca36fda336b789801752087e9f5085c2e0787410734d6b81c21aa5c7e7,ca0f0a48b4b3a0d0,JPEG,RGB,4000,3000,2406311,original,APPROVED_CANDIDATE
PlantDoc,5467f6012d78d1c446145d5f582da6096f852ae8,training_candidate,Apple Scab Leaf,MATCHED,Apple Apple scab,train/Apple Scab Leaf/AppleScab.JPG.jpg,Apple Scab Leaf/00015_6178da10736f1d71.jpg,6178da10736f1d7137599e6da5d23e51b25fd595545a36539920add126513527,7f5679e896fafa9c,JPEG,RGB,336,448,49764,original,APPROVED_CANDIDATE
PlantDoc,5467f6012d78d1c446145d5f582da6096f852ae8,training_candidate,Apple Scab Leaf,MATCHED,Apple Apple scab,train/Apple Scab Leaf/AppleScab02.jpg,Apple Scab Leaf/00016_10b9837a09955337.jpg,10b9837a099553374867b2450a095df16d7092f3df4187f65e3a70975a509e9c,0c1c141434b43131,JPEG,RGB,904,318,337851,original,APPROVED_CANDIDATE
PlantDoc,5467f6012d78d1c446145d5f582da6096f852ae8,training_candidate,Apple Scab Leaf,MATCHED,Apple Apple scab,train/Apple Scab Leaf/AppleScab03.jpg,Apple Scab Leaf/00017_7ed19d33429f28d2.jpg,7ed19d33429f28d2e4c5631c14f9d4410d74e9cdff369af43327182c2294e3fb,b2e26eefa48c0a12,JPEG,RGB,480,310,30646,original,APPROVED_CANDIDATE
PlantDoc,5467f6012d78d1c446145d5f582da6096f852ae8,training_candidate,Apple Scab Leaf,MATCHED,Apple Apple scab,train/Apple Scab Leaf/AppleScab14.jpg,Apple Scab Leaf/00018_d8a9ca5a9192195b.jpg,d8a9ca5a9192195bfd939e45a47f9024cd6f10b6ef2e42621af78c3c099d310d,1bbaea4effeceefb,JPEG,RGB,480,320,28257,original,APPROVED_CANDIDATE
PlantDoc,5467f6012d78d1c446145d5f582da6096f852ae8,training_candidate,Apple Scab Leaf,MATCHED,Apple Apple scab,train/Apple Scab Leaf/Apple_Scab163.jpg,Apple Scab Leaf/00019_11813484d19dccae.jpg,11813484d19dccaecb3a41332959b4785d99fd18523cfb98cb3b6d8d95c98ea2,0a5372603a3c256a,JPEG,RGB,800,600,42318,original,APPROVED_CANDIDATE
PlantDoc,5467f6012d78d1c446145d5f582da6096f852ae8,training_candidate,Apple Scab Leaf,MATCHED,Apple Apple scab,train/Apple Scab Leaf/Apple_scab.jpg?t=1473441220256&width=300&height=200&name=Apple_scab.jpg,Apple Scab Leaf/00020_5d6b6e28d40f85ad.jpg,5d6b6e28d40f85adb631d7984f5ecda27ca63dd4eed2f819b0eeaec37fed69e4,706aededccd494bc,JPEG,RGB,300,200,28901,original,APPROVED_CANDIDATE
PlantDoc,5467f6012d78d1c446145d5f582da6096f852ae8,training_candidate,Apple Scab Leaf,MATCHED,Apple Apple scab,train/Apple Scab Leaf/Apple_scab_symptoms_on_leaf.jpg,Apple Scab Leaf/00021_904dd8eece3ccf40.jpg,904dd8eece3ccf406b74955d508fa88016173e3316ccabe184b1c4a43b0de87b,194dc6c725265343,JPEG,RGB,800,720,51968,original,APPROVED_CANDIDATE
PlantDoc,5467f6012d78d1c446145d5f582da6096f852ae8,training_candidate,Apple Scab Leaf,MATCHED,Apple Apple scab,train/Apple Scab Leaf/DSC00005.JPG.jpg,Apple Scab Leaf/00022_1ee0c9aaeabb5719.jpg,1ee0c9aaeabb5719384627444150515cc56553e5cf37f78ee95038b1329b2416,c66220ecfc0e06c0,JPEG,RGB,400,265,45942,original,APPROVED_CANDIDATE
PlantDoc,5467f6012d78d1c446145d5f582da6096f852ae8,training_candidate,Apple Scab Leaf,MATCHED,Apple Apple scab,train/Apple Scab Leaf/DSCF1248-1gz1wpc.jpg,Apple Scab Leaf/00023_8e939241d8233e08.jpg,8e939241d8233e0821e0344a3f79a343f40b17ec305c6694f74c1adda824e7c7,8f2627273727272d,JPEG,RGB,3296,2472,1994564,original,APPROVED_CANDIDATE
PlantDoc,5467f6012d78d1c446145d5f582da6096f852ae8,training_candidate,Apple Scab Leaf,MATCHED,Apple Apple scab,train/Apple Scab Leaf/IMG_3166_1500x1500%253E.JPG?1473520197.jpg,Apple Scab Leaf/00024_7e5de8b54be60250.jpg,7e5de8b54be60250f24808715d7226ef0323e2f903e32e352df1ad8892700f31,71a48e2c66c696a5,JPEG,RGB,1500,1500,946465,original,APPROVED_CANDIDATE
PlantDoc,5467f6012d78d1c446145d5f582da6096f852ae8,training_candidate,Apple Scab Leaf,MATCHED,Apple Apple scab,train/Apple Scab Leaf/IMG_3455-xjgwni-1024x1024.jpg,Apple Scab Leaf/00025_4c0fe5bde156dcf9.jpg,4c0fe5bde156dcf9634b3779fd1f6c08bbc34dea3f1a484c0df7407965c64d3d,4823e1fcd4e2f8f8,JPEG,RGB,1024,1024,108141,original,APPROVED_CANDIDATE
PlantDoc,5467f6012d78d1c446145d5f582da6096f852ae8,training_candidate,Apple Scab Leaf,MATCHED,Apple Apple scab,train/Apple Scab Leaf/Malus-Scab-disease-225x300.jpg,Apple Scab Leaf/00026_1be602a32fc55160.jpg,1be602a32fc5516084769176607954b93d140746304ed6a0192f1bb12521d52a,b0790ec8f999f01a,JPEG,RGB,225,300,23206,original,APPROVED_CANDIDATE
PlantDoc,5467f6012d78d1c446145d5f582da6096f852ae8,training_candidate,Apple Scab Leaf,MATCHED,Apple Apple scab,train/Apple Scab Leaf/Scab+close-up5846.jpg,Apple Scab Leaf/00027_38517c807875e911.jpg,38517c807875e9110a8a2b8da31d0b02ca05cfd58ceb75b3ff97b73c028192e1,dbfff773f3d3f7df,JPEG,RGB,565,943,80541,original,APPROVED_CANDIDATE
PlantDoc,5467f6012d78d1c446145d5f582da6096f852ae8,training_candidate,Apple Scab Leaf,MATCHED,Apple Apple scab,train/Apple Scab Leaf/acfsca026527.jpg,Apple Scab Leaf/00028_5539ac1c5485f841.jpg,5539ac1c5485f841147bfcb18208102145c90366f95857fbb0c6af8ade2439b5,2d3e13d933375e6c,JPEG,RGB,504,330,11052,original,APPROVED_CANDIDATE
PlantDoc,5467f6012d78d1c446145d5f582da6096f852ae8,training_candidate,Apple Scab Leaf,MATCHED,Apple Apple scab,train/Apple Scab Leaf/apple%20scab%20MF821.JPG.jpg,Apple Scab Leaf/00029_a59cb20d58b23d24.jpg,a59cb20d58b23d240fb3b6341531bedb4419b0471e3955344167c13d18446362,375427076e3b6373,JPEG,RGB,2592,1944,1039099,original,APPROVED_CANDIDATE
PlantDoc,5467f6012d78d1c446145d5f582da6096f852ae8,training_candidate,Apple Scab Leaf,MATCHED,Apple Apple scab,train/Apple Scab Leaf/apple-scab-disease-tree-fungus-906x391.jpg,Apple Scab Leaf/00030_a70fede1dd6a4006.jpg,a70fede1dd6a400652b8ee881d511435f0d5b5a4a0fc446cf644c9c179ee0a0b,935665606a9a9ac9,JPEG,RGB,906,391,48795,original,APPROVED_CANDIDATE
PlantDoc,5467f6012d78d1c446145d5f582da6096f852ae8,training_candidate,Apple Scab Leaf,MATCHED,Apple Apple scab,train/Apple Scab Leaf/apple-scab-disease.jpg,Apple Scab Leaf/00031_670fe7c9f78d1075.jpg,670fe7c9f78d10755d655d532c4807eccad55505f9beb489d64413e50cd1b96e,99397f6e2e2c2c2c,JPEG,RGB,990,743,436656,original,APPROVED_CANDIDATE
PlantDoc,5467f6012d78d1c446145d5f582da6096f852ae8,training_candidate,Apple Scab Leaf,MATCHED,Apple Apple scab,train/Apple Scab Leaf/apple-scab-leaf-big.jpg,Apple Scab Leaf/00032_4090bd9db7eb935a.jpg,4090bd9db7eb935abe7a78288a8dafe790834498777373a4b073a96685cb88f2,948495f063e0cc8c,JPEG,RGB,768,576,334871,original,APPROVED_CANDIDATE
PlantDoc,5467f6012d78d1c446145d5f582da6096f852ae8,training_candidate,Apple Scab Leaf,MATCHED,Apple Apple scab,train/Apple Scab Leaf/apple-scab-obst-krankheit-m7akxy.jpg,Apple Scab Leaf/00033_52b12dd7f9ccf536.jpg,52b12dd7f9ccf5367fbdb343589114bed2a3f345f1368480cf45378121e86e49,8625b1292f31b9b8,JPEG,RGB,1200,1390,254928,original,APPROVED_CANDIDATE
PlantDoc,5467f6012d78d1c446145d5f582da6096f852ae8,training_candidate,Apple Scab Leaf,MATCHED,Apple Apple scab,train/Apple Scab Leaf/apple-scab-venturia-inaequalis-early-leaf-infection-and-mycelium-AW0TTX.jpg,Apple Scab Leaf/00034_27d71dc41a8a4823.jpg,27d71dc41a8a482373b19b242942130b2b25fc6f6b2839c16940c15c26538d76,94994b63666c4bdb,JPEG,RGB,1188,1390,304561,original,APPROVED_CANDIDATE
PlantDoc,5467f6012d78d1c446145d5f582da6096f852ae8,training_candidate,Apple Scab Leaf,MATCHED,Apple Apple scab,train/Apple Scab Leaf/apple-scab-venturia-inaequalis-early-leaf-infection-and-mycelium-bxbd0k.jpg,Apple Scab Leaf/00035_02306072820c86f5.jpg,02306072820c86f5f5bbd739d22a8d582794a3c54df5b698bf0fb2fe2ff73e8c,030d938196580321,JPEG,RGB,604,540,86915,original,APPROVED_CANDIDATE
PlantDoc,5467f6012d78d1c446145d5f582da6096f852ae8,training_candidate,Apple Scab Leaf,MATCHED,Apple Apple scab,train/Apple Scab Leaf/apple-scab-venturia-inaequalis-early-leaf-infection-and-mycelium-bxbd23.jpg,Apple Scab Leaf/00036_8258bf7d75705b00.jpg,8258bf7d75705b00135a8901725011be38d54f06a8aa2d88203b0d73b6ac9713,6f7cdaac39f1c78b,JPEG,RGB,615,540,85539,original,APPROVED_CANDIDATE
PlantDoc,5467f6012d78d1c446145d5f582da6096f852ae8,training_candidate,Apple Scab Leaf,MATCHED,Apple Apple scab,train/Apple Scab Leaf/apple-scab-venturia-inaequalis-germinated-from-a-spore-shower-on-an-apple-leaf-X31BGG.jpg,Apple Scab Leaf/00037_ecdaa5fbd2e79f02.jpg,ecdaa5fbd2e79f02989f8e7d29068f082a038f02e317f42363437d10f92f696f,40831b0b3e0c00b4,JPEG,RGB,1300,1294,210532,original,APPROVED_CANDIDATE
PlantDoc,5467f6012d78d1c446145d5f582da6096f852ae8,training_candidate,Apple Scab Leaf,MATCHED,Apple Apple scab,train/Apple Scab Leaf/apple-scab-venturia-inaequalis-germinated-from-a-spore-shower-on-an-aw08hw.jpg,Apple Scab Leaf/00038_597220b696e2327c.jpg,597220b696e2327c31ef86c95805da99ffebd316b640294f10049e2b0d6dc399,813e272f1b8f00b1,JPEG,RGB,561,540,72805,original,APPROVED_CANDIDATE
PlantDoc,5467f6012d78d1c446145d5f582da6096f852ae8,training_candidate,Apple Scab Leaf,MATCHED,Apple Apple scab,train/Apple Scab Leaf/apple-scab-venturia-inaequalis-leaf-symptoms-on-tree-dark-fungal-pustules-aceg6b.jpg,Apple Scab Leaf/00039_3ec1c4fcba02e910.jpg,3ec1c4fcba02e910cf21ca649d21512058329bd30a2dd76b820437102b231232,62860e5b26b3652c,JPEG,RGB,640,508,102100,original,APPROVED_CANDIDATE
PlantDoc,5467f6012d78d1c446145d5f582da6096f852ae8,training_candidate,Apple Scab Leaf,MATCHED,Apple Apple scab,train/Apple Scab Leaf/apple-scab-venturia-inaequalis-lesions-mycelium-on-leaves-a8h9nb.jpg,Apple Scab Leaf/00040_7b7f9f61a112013d.jpg,7b7f9f61a112013d660cc4ea5c74113cfbb01956842bd0dd8c35f003d2b9eef6,190dc6796456d3b1,JPEG,RGB,450,312,47095,original,APPROVED_CANDIDATE
PlantDoc,5467f6012d78d1c446145d5f582da6096f852ae8,training_candidate,Apple Scab Leaf,MATCHED,Apple Apple scab,train/Apple Scab Leaf/apple-scab_figure-2.jpg,Apple Scab Leaf/00041_97944355cb3fd879.jpg,97944355cb3fd879e5fa5f553b6d3b8d6df7a4d891490358d13f2bbc53cfe29e,dfc9cbfbfa637a30,JPEG,RGB,1500,1125,579235,original,APPROVED_CANDIDATE
PlantDoc,5467f6012d78d1c446145d5f582da6096f852ae8,training_candidate,Apple Scab Leaf,MATCHED,Apple Apple scab,train/Apple Scab Leaf/apple_scab.jpg,Apple Scab Leaf/00042_74015b467f489d78.jpg,74015b467f489d78473499490b0d26447c14da380123f5af46b4d241c827cbe2,a430f0e4e4f0b939,JPEG,RGB,300,360,22670,original,APPROVED_CANDIDATE
PlantDoc,5467f6012d78d1c446145d5f582da6096f852ae8,training_candidate,Apple Scab Leaf,MATCHED,Apple Apple scab,train/Apple Scab Leaf/apple_scab1.jpg,Apple Scab Leaf/00043_4b17d7e6dad69d8e.jpg,4b17d7e6dad69d8e73213316d50bc96cc24b8cc7525f16394552ec8dd0171417,9bb9a42929110906,JPEG,RGB,275,193,9537,original,APPROVED_CANDIDATE
PlantDoc,5467f6012d78d1c446145d5f582da6096f852ae8,training_candidate,Apple Scab Leaf,MATCHED,Apple Apple scab,train/Apple Scab Leaf/apple_scab2.jpg,Apple Scab Leaf/00044_2165fc0c988c272e.jpg,2165fc0c988c272e1e56a7b7323b9aacd92763afdd0e66b618d7755f0de9d79e,318b2f254919b1dc,JPEG,RGB,252,258,12981,original,APPROVED_CANDIDATE
PlantDoc,5467f6012d78d1c446145d5f582da6096f852ae8,training_candidate,Apple Scab Leaf,MATCHED,Apple Apple scab,train/Apple Scab Leaf/apple_scab_1465_180.jpg,Apple Scab Leaf/00045_df27c006db99cea5.jpg,df27c006db99cea5c11f16f242ac3994f3017e67f81fac096c381e4c46ceaf20,3f7bdae2e62e1f90,JPEG,RGB,180,269,5007,original,APPROVED_CANDIDATE
PlantDoc,5467f6012d78d1c446145d5f582da6096f852ae8,training_candidate,Apple Scab Leaf,MATCHED,Apple Apple scab,train/Apple Scab Leaf/apple_scab_early_jc_sm.jpg,Apple Scab Leaf/00046_33e81d42b0513538.jpg,33e81d42b051353813ad434e08dba087ce3ed332f075011ae61595bfd0d1ea1d,d64fcd445e0f83d7,JPEG,RGB,378,288,128032,original,APPROVED_CANDIDATE
PlantDoc,5467f6012d78d1c446145d5f582da6096f852ae8,training_candidate,Apple Scab Leaf,MATCHED,Apple Apple scab,train/Apple Scab Leaf/apples-severely-affected-by-apple-scab-venturia-inaequalis-dgk11a.jpg,Apple Scab Leaf/00047_cff95e1ed84b0795.jpg,cff95e1ed84b079546f5de75f8b473daccaf355d7c90ebcac1ea0b6c0e2e1a0b,ac1e9c1ec6e66765,JPEG,RGB,640,446,76683,original,APPROVED_CANDIDATE
PlantDoc,5467f6012d78d1c446145d5f582da6096f852ae8,training_candidate,Apple Scab Leaf,MATCHED,Apple Apple scab,train/Apple Scab Leaf/apples_apple-scab_02_zoom.jpg,Apple Scab Leaf/00048_d400afbfd7824e8c.jpg,d400afbfd7824e8c4f53819a77e868e910e812336ad77a4539dbe7ed13529c57,6f3e6585054d0d61,JPEG,RGB,900,692,172986,original,APPROVED_CANDIDATE
PlantDoc,5467f6012d78d1c446145d5f582da6096f852ae8,training_candidate,Apple Scab Leaf,MATCHED,Apple Apple scab,train/Apple Scab Leaf/apples_apple-scab_03_zoom.jpg,Apple Scab Leaf/00049_e6c45ecdafac3487.jpg,e6c45ecdafac34873aa4aef25fb1ed7084713c458a67ccef8bd6cfd016523575,3b4dc381b2d17313,JPEG,RGB,900,692,126472,original,APPROVED_CANDIDATE
PlantDoc,5467f6012d78d1c446145d5f582da6096f852ae8,training_candidate,Apple Scab Leaf,MATCHED,Apple Apple scab,train/Apple Scab Leaf/applescab-500x383.jpg,Apple Scab Leaf/00050_18c11b0143ef4532.jpg,18c11b0143ef4532782a536e204c6aa6fecaf1cb64d6a46fc9b8f028b13a7a23,c393822765e1d3c1,JPEG,RGB,500,383,35254,original,APPROVED_CANDIDATE
PlantDoc,5467f6012d78d1c446145d5f582da6096f852ae8,training_candidate,Apple Scab Leaf,MATCHED,Apple Apple scab,train/Apple Scab Leaf/applescab.jpg,Apple Scab Leaf/00051_d46084bf18335b75.jpg,d46084bf18335b75d62302ecd7aa9e42a827c9ce505b2ede5ea5427bf1835b4d,466581b1b1313536,JPEG,RGB,500,325,23556,original,NEEDS_MANUAL_REVIEW
PlantDoc,5467f6012d78d1c446145d5f582da6096f852ae8,training_candidate,Apple Scab Leaf,MATCHED,Apple Apple scab,train/Apple Scab Leaf/applescab004.jpg,Apple Scab Leaf/00052_25e2fba8401566d1.jpg,25e2fba8401566d16905c234ac94aa77fc5f7b03a52edf4b3e1f4271a93f569f,e2a6b3e6c6cb5b6d,JPEG,RGB,1024,768,344884,original,APPROVED_CANDIDATE
PlantDoc,5467f6012d78d1c446145d5f582da6096f852ae8,training_candidate,Apple Scab Leaf,MATCHED,Apple Apple scab,train/Apple Scab Leaf/applescab2.jpg,Apple Scab Leaf/00053_76bfd5a9b4ec094b.jpg,76bfd5a9b4ec094bd4ee0f4396e0c3b67af39a17d48e61ed4e7e3df4875de3af,374b49502231581c,JPEG,RGB,400,300,207207,original,APPROVED_CANDIDATE
PlantDoc,5467f6012d78d1c446145d5f582da6096f852ae8,training_candidate,Apple Scab Leaf,MATCHED,Apple Apple scab,train/Apple Scab Leaf/applescab_lf.jpg,Apple Scab Leaf/00054_37332e378fa9e953.jpg,37332e378fa9e9530925b54ad4956526f04963db4446cfc0dbe6ba8927f35f2d,62ecccc8c0c66263,JPEG,RGB,269,202,15538,original,APPROVED_CANDIDATE
PlantDoc,5467f6012d78d1c446145d5f582da6096f852ae8,training_candidate,Apple Scab Leaf,MATCHED,Apple Apple scab,train/Apple Scab Leaf/applescableaf-pcd.jpg,Apple Scab Leaf/00055_68125c161e57e097.jpg,68125c161e57e097890cfb5dfce62a4703191ee8d905816d2c6366117aadfe01,0c4c34393c372fbb,JPEG,RGB,454,306,129853,original,APPROVED_CANDIDATE
PlantDoc,5467f6012d78d1c446145d5f582da6096f852ae8,training_candidate,Apple Scab Leaf,MATCHED,Apple Apple scab,train/Apple Scab Leaf/applescableaf.jpg,Apple Scab Leaf/00056_19ee285adf2a1a2d.jpg,19ee285adf2a1a2da14beaf81c044c15511d537a5e274ececc1a0650388eb66e,20301b8b060e1e0f,JPEG,RGB,1450,970,85126,original,APPROVED_CANDIDATE
PlantDoc,5467f6012d78d1c446145d5f582da6096f852ae8,training_candidate,Apple Scab Leaf,MATCHED,Apple Apple scab,train/Apple Scab Leaf/applescabmalus1.jpg,Apple Scab Leaf/00057_aa36a7c6d64c2a07.jpg,aa36a7c6d64c2a0721470b93fb32578dc013cc9fe8bacba91377384b5491a857,eebeb6ecf8d8f8e4,JPEG,RGB,600,450,70901,original,APPROVED_CANDIDATE
PlantDoc,5467f6012d78d1c446145d5f582da6096f852ae8,training_candidate,Apple Scab Leaf,MATCHED,Apple Apple scab,train/Apple Scab Leaf/appletree%20leaf.jpg,Apple Scab Leaf/00058_03b9e101d574d35a.jpg,03b9e101d574d35ab52376b88b750fbc2a6e1398672ba8c5a7f70c533eaf5bcd,76b97999bcdccf8f,JPEG,RGB,800,526,137470,original,APPROVED_CANDIDATE
PlantDoc,5467f6012d78d1c446145d5f582da6096f852ae8,training_candidate,Apple Scab Leaf,MATCHED,Apple Apple scab,train/Apple Scab Leaf/appscab.jpg,Apple Scab Leaf/00059_268d01db1411fed3.jpg,268d01db1411fed3a7c0cfd0ab26d4ab3975aa82a53d1944c906c8ce38175a76,2c961e3e5bf3a1f0,JPEG,RGB,275,150,8396,original,APPROVED_CANDIDATE
PlantDoc,5467f6012d78d1c446145d5f582da6096f852ae8,training_candidate,Apple Scab Leaf,MATCHED,Apple Apple scab,train/Apple Scab Leaf/branch-with-ill-leaf-of-apple-scab-disease-picture-id928917010?k=6&m=928917010&s=612x612&w=0&h=UY6EBbnGkTzVcp4Tm8myYO7KoIOtrZo3VRDrd91qslo=.jpg,Apple Scab Leaf/00060_f566ae728e3af90a.jpg,f566ae728e3af90a88fcc76ba2db8d8486c1b91cbf82a3a11928b22bf6377f23,b5fc1d1c58699952,JPEG,RGB,612,459,40266,original,APPROVED_CANDIDATE
PlantDoc,5467f6012d78d1c446145d5f582da6096f852ae8,training_candidate,Apple Scab Leaf,MATCHED,Apple Apple scab,train/Apple Scab Leaf/crabapple%20scab%20Snowdrift%201%20Crab%206-24-16.JPG.jpg,Apple Scab Leaf/00061_3cd55f46ed452e87.jpg,3cd55f46ed452e877318eb18368ddf6332e50f9b5d4f02494ce9deac3b52a6e9,f1312f4c46c6ec43,JPEG,RGB,1600,1200,1036288,original,APPROVED_CANDIDATE
PlantDoc,5467f6012d78d1c446145d5f582da6096f852ae8,training_candidate,Apple Scab Leaf,MATCHED,Apple Apple scab,train/Apple Scab Leaf/disease-on-fruit-scab-on-apple-tree-j1r0jp.jpg,Apple Scab Leaf/00062_c08960aee3abe99a.jpg,c08960aee3abe99a748b799365910f6bd077e0a228941c896ffe9d0531bad85f,b9c9e8beb73d8ecb,JPEG,RGB,348,540,36356,original,APPROVED_CANDIDATE
PlantDoc,5467f6012d78d1c446145d5f582da6096f852ae8,training_candidate,Apple Scab Leaf,MATCHED,Apple Apple scab,train/Apple Scab Leaf/early-symptoms-of-scab-venturia-inaequalis-on-apple-leaves-AW051N.jpg,Apple Scab Leaf/00063_d84178dbcd8743ae.jpg,d84178dbcd8743aea350d26f7f3c3b4e222d66ea894a7cae1e339864b5fb4d3f,dcebcb9b366672fc,JPEG,RGB,1300,1270,229646,original,APPROVED_CANDIDATE
PlantDoc,5467f6012d78d1c446145d5f582da6096f852ae8,training_candidate,Apple Scab Leaf,MATCHED,Apple Apple scab,train/Apple Scab Leaf/early_symptoms_of_crabapple_scab_on_prairifire.jpg,Apple Scab Leaf/00064_98293fba1f400038.jpg,98293fba1f4000384d9ea1a55c009d2457f647f31793e204a282b632e5858125,26e3f226e5a56048,JPEG,RGB,550,412,58872,original,APPROVED_CANDIDATE
PlantDoc,5467f6012d78d1c446145d5f582da6096f852ae8,training_candidate,Apple Scab Leaf,MATCHED,Apple Apple scab,train/Apple Scab Leaf/image0002.jpg,Apple Scab Leaf/00065_cdd174e30b256b50.jpg,cdd174e30b256b50b18d4a6e3127d3a0e40c23985cfde460344b254584b91848,38985834b4f4dcda,JPEG,RGB,3872,2592,1065990,original,APPROVED_CANDIDATE
PlantDoc,5467f6012d78d1c446145d5f582da6096f852ae8,training_candidate,Apple Scab Leaf,MATCHED,Apple Apple scab,train/Apple Scab Leaf/image005.jpg,Apple Scab Leaf/00066_7e5909611da43d1e.jpg,7e5909611da43d1ea4d95c333381b1c81dc90d03693e8806b5bebaaa2c329019,33336797c1a5e466,JPEG,RGB,329,220,16857,original,APPROVED_CANDIDATE
PlantDoc,5467f6012d78d1c446145d5f582da6096f852ae8,training_candidate,Apple Scab Leaf,MATCHED,Apple Apple scab,train/Apple Scab Leaf/img_1916.jpg,Apple Scab Leaf/00067_0458948b6424b4ab.jpg,0458948b6424b4ab4a4f40a64a04a87aac6e663b5c816e8719c593e8384fd54c,59b97071c0d8f9f2,JPEG,RGB,5184,3888,352048,original,APPROVED_CANDIDATE
PlantDoc,5467f6012d78d1c446145d5f582da6096f852ae8,training_candidate,Apple Scab Leaf,MATCHED,Apple Apple scab,train/Apple Scab Leaf/img_1920.jpg,Apple Scab Leaf/00068_5623040460cb4af5.jpg,5623040460cb4af532f355cf759b2108e127e4f478c8a6f909d2098ca20924c6,86947b393919130b,JPEG,RGB,3888,5184,310518,original,APPROVED_CANDIDATE
PlantDoc,5467f6012d78d1c446145d5f582da6096f852ae8,training_candidate,Apple Scab Leaf,MATCHED,Apple Apple scab,train/Apple Scab Leaf/img_6415.jpg,Apple Scab Leaf/00069_ab296dd76b9bbe50.jpg,ab296dd76b9bbe506226ca4de5d482731ec51b205afe435cfb007d06c9c93dd8,ece4d9b89c08c1e3,JPEG,RGB,2048,1536,714747,original,APPROVED_CANDIDATE
PlantDoc,5467f6012d78d1c446145d5f582da6096f852ae8,training_candidate,Apple Scab Leaf,MATCHED,Apple Apple scab,train/Apple Scab Leaf/inaequalis1a.jpg,Apple Scab Leaf/00070_f5123514d192d8ae.jpg,f5123514d192d8ae3a15c82ab8fde83b24c2d102e695f8dd82053519f9c46a62,71e3c68f2e3f3216,JPEG,RGB,375,426,176578,original,APPROVED_CANDIDATE
PlantDoc,5467f6012d78d1c446145d5f582da6096f852ae8,training_candidate,Apple Scab Leaf,MATCHED,Apple Apple scab,train/Apple Scab Leaf/inaequalis1b.jpg,Apple Scab Leaf/00071_bee6e8f540f8ca5e.jpg,bee6e8f540f8ca5eaad6f0ed4cbad1e0a951e713cea647c6708c207cdb511f8c,4cc68c9e86635e5d,JPEG,RGB,382,426,178909,original,APPROVED_CANDIDATE
PlantDoc,5467f6012d78d1c446145d5f582da6096f852ae8,training_candidate,Apple Scab Leaf,MATCHED,Apple Apple scab,train/Apple Scab Leaf/s-l300.jpg,Apple Scab Leaf/00072_d21972fab56f9dcc.jpg,d21972fab56f9dcc140544ca93264c131c0bd9ab1c9c068f380c7fce848c02a4,e9d8b8d81c34cc99,JPEG,RGB,300,253,13924,original,APPROVED_CANDIDATE
PlantDoc,5467f6012d78d1c446145d5f582da6096f852ae8,training_candidate,Apple Scab Leaf,MATCHED,Apple Apple scab,train/Apple Scab Leaf/scab-apple-leaf.jpg,Apple Scab Leaf/00073_c36efa96e728d4f8.jpg,c36efa96e728d4f821a655b29a70132b0dd79261c25422fc932859c01bed6483,4e5e5addc6646363,JPEG,RGB,520,340,41741,original,APPROVED_CANDIDATE
PlantDoc,5467f6012d78d1c446145d5f582da6096f852ae8,training_candidate,Apple Scab Leaf,MATCHED,Apple Apple scab,train/Apple Scab Leaf/scab-disease-apple-leaf-macro-62212448.jpg,Apple Scab Leaf/00074_27d9a4dc3bbfa547.jpg,27d9a4dc3bbfa547199bd1d8c16582634cb564d35d3a3cd6a45c37f59157cf27,c1c04aceb0f04321,JPEG,RGB,240,160,14524,original,APPROVED_CANDIDATE
PlantDoc,5467f6012d78d1c446145d5f582da6096f852ae8,training_candidate,Apple Scab Leaf,MATCHED,Apple Apple scab,train/Apple Scab Leaf/scab-disease-small.jpg,Apple Scab Leaf/00075_e047e65979e339fe.jpg,e047e65979e339fe220f96dcd066788ca6274028a5f026d0bac6c877502c9605,3b3936372b6c746b,JPEG,RGB,239,299,10402,original,APPROVED_CANDIDATE
PlantDoc,5467f6012d78d1c446145d5f582da6096f852ae8,training_candidate,Apple Scab Leaf,MATCHED,Apple Apple scab,train/Apple Scab Leaf/scab-on-foliage-300x259.jpg,Apple Scab Leaf/00076_38afb6f5adb12362.jpg,38afb6f5adb123625aa6e2fc46eb348bea3cfafe27d4252adc849ccbd8895fff,870327eb4b668e9a,JPEG,RGB,300,259,14461,original,APPROVED_CANDIDATE
PlantDoc,5467f6012d78d1c446145d5f582da6096f852ae8,training_candidate,Apple Scab Leaf,MATCHED,Apple Apple scab,train/Apple Scab Leaf/scab-on-tall-spindle-apple-tree-d3phw6.jpg,Apple Scab Leaf/00077_325078d97bf9c3eb.jpg,325078d97bf9c3eb8e6d2e3fd48228796dcc4c463fd111901d9564ddbb573337,a4276762a3b12161,JPEG,RGB,640,444,85420,original,APPROVED_CANDIDATE
PlantDoc,5467f6012d78d1c446145d5f582da6096f852ae8,training_candidate,Apple Scab Leaf,MATCHED,Apple Apple scab,train/Apple Scab Leaf/scab-venturia-inaequalis-development-of-disease-on-the-stem-upper-B359MJ.jpg,Apple Scab Leaf/00078_c0ae8a8093540201.jpg,c0ae8a80935402019958c2028363b550f6f4113eca04d78b064d9362d61267b9,331b7060c6462da8,JPEG,RGB,1300,960,142842,original,APPROVED_CANDIDATE
PlantDoc,5467f6012d78d1c446145d5f582da6096f852ae8,training_candidate,Apple Scab Leaf,MATCHED,Apple Apple scab,train/Apple Scab Leaf/scab_large.jpg,Apple Scab Leaf/00079_aa7c3abdc10f6153.jpg,aa7c3abdc10f615356782c04af35a6cbd28db693bab86dea5aedee2ea2a54222,e186972726260d99,JPEG,RGB,914,1200,130504,original,APPROVED_CANDIDATE
PlantDoc,5467f6012d78d1c446145d5f582da6096f852ae8,training_candidate,Apple Scab Leaf,MATCHED,Apple Apple scab,train/Apple Scab Leaf/scab_on_leaf.jpg,Apple Scab Leaf/00080_3971421e55a4e29d.jpg,3971421e55a4e29d5e0db7584f2cd61938aa3099cdd78b14b57af9dad7ca9b36,7f58f8f9df8e734f,JPEG,RGB,119,200,21884,original,APPROVED_CANDIDATE
PlantDoc,5467f6012d78d1c446145d5f582da6096f852ae8,training_candidate,Apple Scab Leaf,MATCHED,Apple Apple scab,train/Apple Scab Leaf/schurft.jpg,Apple Scab Leaf/00081_a11471891ea35fee.jpg,a11471891ea35fee4f273686e720125e6f16a677fe5fe4d76ac56e71a2a12937,59c9d87416168481,JPEG,RGB,460,321,80170,original,APPROVED_CANDIDATE
PlantDoc,5467f6012d78d1c446145d5f582da6096f852ae8,training_candidate,Apple Scab Leaf,MATCHED,Apple Apple scab,train/Apple Scab Leaf/seriously-unwell-apple-tree-fruit-brown-and-split-yellow-spots-on-leaves-scab-P67H27.jpg,Apple Scab Leaf/00082_77897137f315bfa1.jpg,77897137f315bfa1db155e18e4b0030bac773c4c239ef80602ab646753fa8945,a06088f8c8c9c0d8,JPEG,RGB,1300,1203,135120,original,APPROVED_CANDIDATE
PlantDoc,5467f6012d78d1c446145d5f582da6096f852ae8,training_candidate,Apple Scab Leaf,MATCHED,Apple Apple scab,train/Apple Scab Leaf/venturia.jpg,Apple Scab Leaf/00083_da179947710785cc.jpg,da179947710785cca1e21fbc6dea1019743553a651a5fbddef50a62b855ef713,0e6163c281c9cac1,JPEG,RGB,640,430,369783,original,APPROVED_CANDIDATE
PlantDoc,5467f6012d78d1c446145d5f582da6096f852ae8,training_candidate,Apple leaf,AMBIGUOUS,,train/Apple leaf/20130519yellowingappleleaves.jpg,Apple leaf/00084_042c494d1269cbd0.jpg,042c494d1269cbd01f19abac55767e331b6c70f9e45b4a56918fcb734ead4cc3,a4481e3b6d5d9975,JPEG,RGB,400,300,130091,original,AMBIGUOUS
PlantDoc,5467f6012d78d1c446145d5f582da6096f852ae8,training_candidate,Apple leaf,AMBIGUOUS,,train/Apple leaf/2017-09-23-07-48-04.jpg,Apple leaf/00085_49c89db2ce84744a.jpg,49c89db2ce84744a9c75dfbdd5ced9908adbe058a69b469db9ee73acda29a06d,62a0a3c7cfc7c7a3,JPEG,RGB,2016,1344,254361,original,AMBIGUOUS
PlantDoc,5467f6012d78d1c446145d5f582da6096f852ae8,training_candidate,Apple leaf,AMBIGUOUS,,train/Apple leaf/4633813-sweet-apple-with-leaf.jpg,Apple leaf/00086_b212583a13116214.jpg,b212583a13116214c67291bd9c56dc8f06fdda1a941a50e07003a2478945ba83,9978d4ccfcf8f170,JPEG,RGB,800,640,71495,original,AMBIGUOUS
PlantDoc,5467f6012d78d1c446145d5f582da6096f852ae8,training_candidate,Apple leaf,AMBIGUOUS,,train/Apple leaf/Apple-Leaves-Diabetes.jpg,Apple leaf/00087_25d36f499f8e21d5.jpg,25d36f499f8e21d58710e83d534eae8946bd651c85dc05f2913b96c5bc1e058a,65696d4c6e31304e,JPEG,RGB,800,571,70413,original,AMBIGUOUS
PlantDoc,5467f6012d78d1c446145d5f582da6096f852ae8,training_candidate,Apple leaf,AMBIGUOUS,,train/Apple leaf/AppleLeavesInRain.jpg,Apple leaf/00088_5cf8134d8eb0f1f6.jpg,5cf8134d8eb0f1f67e47084ea2ce4d901534cf2131c0cc4e5164eb2af44c7999,c1c90c06c5142464,JPEG,RGB,800,1025,263202,original,AMBIGUOUS
PlantDoc,5467f6012d78d1c446145d5f582da6096f852ae8,training_candidate,Apple leaf,AMBIGUOUS,,train/Apple leaf/Apple_tree_leaf_J1.jpg,Apple leaf/00089_126f2d942d19ea9e.jpg,126f2d942d19ea9ed330dad07edfd04d99f875b5335cd66bc17d1a0c490f31de,2a07c7a123072dbd,JPEG,RGB,3940,2720,8881116,original,AMBIGUOUS
PlantDoc,5467f6012d78d1c446145d5f582da6096f852ae8,training_candidate,Apple leaf,AMBIGUOUS,,train/Apple leaf/CRABAPPLE2_leaves.jpg,Apple leaf/00090_656da038e40c4031.jpg,656da038e40c40317431febc37a8f550854ec27aa9f2a9e9c291ed74a89bfd2c,d9d6ada79b8b4b49,JPEG,RGB,802,602,100089,original,AMBIGUOUS
PlantDoc,5467f6012d78d1c446145d5f582da6096f852ae8,training_candidate,Apple leaf,AMBIGUOUS,,train/Apple leaf/CRABAPPLE3_leaves.jpg,Apple leaf/00091_e6d5b7a4028836ae.jpg,e6d5b7a4028836ae2d19145999485c68c3b10e3e30b645dde1a06ad09105bb44,121209c909581a98,JPEG,RGB,802,602,90705,original,AMBIGUOUS
PlantDoc,5467f6012d78d1c446145d5f582da6096f852ae8,training_candidate,Apple leaf,AMBIGUOUS,,train/Apple leaf/CRABAPPLE_leaves.jpg,Apple leaf/00092_b41352bb861923bd.jpg,b41352bb861923bd3916f1b53f33e786e5f23530c23b9e1ffa2932cbbccfdb45,5ed4e88c2c8c0c6c,JPEG,RGB,802,602,94835,original,AMBIGUOUS
PlantDoc,5467f6012d78d1c446145d5f582da6096f852ae8,training_candidate,Apple leaf,AMBIGUOUS,,train/Apple leaf/Crab-Apple-%28Malus-Sylvestris%29-Leaf.jpg,Apple leaf/00093_4fba8727e6bc8855.jpg,4fba8727e6bc885592cdea47865f6eb4a1371cf52a3a96e5fd5e2b7f0b66830e,cceaba1acef83236,JPEG,RGB,1000,1000,150009,original,AMBIGUOUS
PlantDoc,5467f6012d78d1c446145d5f582da6096f852ae8,training_candidate,Apple leaf,AMBIGUOUS,,train/Apple leaf/Dwarf-Apple-Pink-Lady-2545.jpeg.jpg,Apple leaf/00094_1a683b051f9a76d5.jpg,1a683b051f9a76d5ebac4578af1a853ce7fd4272801f5015d1c1d6a3b6adb794,b2b1f8b0b9302526,JPEG,RGB,448,600,64899,original,AMBIGUOUS
PlantDoc,5467f6012d78d1c446145d5f582da6096f852ae8,training_candidate,Apple leaf,AMBIGUOUS,,train/Apple leaf/June%2B2010%2B022.JPG.jpg,Apple leaf/00095_7fdc317e6da7505d.jpg,7fdc317e6da7505dcb46754b12dfd1063bf02a85e9d96917d1fe37fbf9b41edf,91d27431665212b6,JPEG,RGB,1063,1600,107265,original,AMBIGUOUS
PlantDoc,5467f6012d78d1c446145d5f582da6096f852ae8,training_candidate,Apple leaf,AMBIGUOUS,,train/Apple leaf/Malus+sylvestris+-+Crab+Apple+04.jpg,Apple leaf/00096_768acc5648de8bb1.jpg,768acc5648de8bb113af22bd64e784281363d84d7551c2d463acf22fcc9ec746,2646274561391848,JPEG,RGB,1440,1484,302128,original,AMBIGUOUS
PlantDoc,5467f6012d78d1c446145d5f582da6096f852ae8,training_candidate,Apple leaf,AMBIGUOUS,,train/Apple leaf/apple-tree-branch-blossom-plant-fruit-berry-leaf-flower-food-green-produce-evergreen-flora-sad-shrub-apples-branch-with-apples-flowering-plant-rose-family-acerola-malpighia-woody-plant-land-plant-928225.jpg,Apple leaf/00097_e52a82c951cc29db.jpg,e52a82c951cc29dbc07eeadaa8044a57977acf0f3cfd95df6cda85ecc7dd427e,3227657d3e4c1b3e,JPEG,RGB,2848,4288,4020157,original,AMBIGUOUS
PlantDoc,5467f6012d78d1c446145d5f582da6096f852ae8,training_candidate,Apple leaf,AMBIGUOUS,,train/Apple leaf/apple-tree-branch-green-leaves-fresh-isolated-white-background-33032922.jpg,Apple leaf/00098_8d2406c62b85ce77.jpg,8d2406c62b85ce77c5f8b4365f199394e2dc0b381776c891d88130f158e06c4d,11e3edccc6d99115,JPEG,RGB,966,1300,137045,original,AMBIGUOUS
PlantDoc,5467f6012d78d1c446145d5f582da6096f852ae8,training_candidate,Apple leaf,AMBIGUOUS,,train/Apple leaf/apple-tree-branch-green-leaves-fresh-isolated-white-background-33032924.jpg,Apple leaf/00099_f9904c551eb30a96.jpg,f9904c551eb30a96346267050895d8e46e6ae7be454d63a80c74c0c7de5b32b3,1c99883c30b1c806,JPEG,RGB,1300,957,184124,original,AMBIGUOUS
PlantDoc,5467f6012d78d1c446145d5f582da6096f852ae8,training_candidate,Apple leaf,AMBIGUOUS,,train/Apple leaf/apple-tree-branch-plant-fruit-leaf-flower-food-green-produce-flora-immature-apple-tree-flowering-plant-wild-apple-tree-apple-gear-land-plant-606389.jpg,Apple leaf/00100_af5db389e9724454.jpg,af5db389e972445416fc4c5acb49588b268bc2c57082993dd88ff5b230a59a47,33b3b1306466e787,JPEG,RGB,4272,2848,1979508,original,AMBIGUOUS
PlantDoc,5467f6012d78d1c446145d5f582da6096f852ae8,training_candidate,Apple leaf,AMBIGUOUS,,train/Apple leaf/apple-tree-leaf-curl-apple-tree-leaf-curl-aphids-apple-tree-leaves-curling-too-much-water.jpg,Apple leaf/00101_2716f57a77ebff6e.jpg,2716f57a77ebff6e90c2557a461db80ce096072009f99e03dc3531c6cd56216f,231e3a7d36313c6e,JPEG,RGB,690,920,113845,original,AMBIGUOUS
PlantDoc,5467f6012d78d1c446145d5f582da6096f852ae8,training_candidate,Apple leaf,AMBIGUOUS,,train/Apple leaf/apple-tree-leaves.jpg,Apple leaf/00102_fd78b5465bbef6d3.jpg,fd78b5465bbef6d34b86805a9270c07b4356380ea3cb2c4ba51368eda95b641c,5a761e971c2d254e,JPEG,RGB,618,481,72749,original,AMBIGUOUS
PlantDoc,5467f6012d78d1c446145d5f582da6096f852ae8,training_candidate,Apple leaf,AMBIGUOUS,,train/Apple leaf/appleleaf+trial+007.JPG.jpg,Apple leaf/00103_700d2c5ad408c631.jpg,700d2c5ad408c6315097321b780b21014c78c156f91461e0c6366dfd57ba6ead,cddb69cdcecd4e3b,JPEG,RGB,1200,630,171028,original,AMBIGUOUS
PlantDoc,5467f6012d78d1c446145d5f582da6096f852ae8,training_candidate,Apple leaf,AMBIGUOUS,,train/Apple leaf/apples_silver-leaf_04_zoom.jpg,Apple leaf/00104_baf6b575a7c4bc77.jpg,baf6b575a7c4bc7786353a1d920a3df1198d9017383b18426e60e61e90ce6189,2ddb3733195797c7,JPEG,RGB,900,583,112504,original,AMBIGUOUS
PlantDoc,5467f6012d78d1c446145d5f582da6096f852ae8,training_candidate,Apple leaf,AMBIGUOUS,,train/Apple leaf/autumn-red-apple-leaves.jpg,Apple leaf/00105_a576a0f9529d27c7.jpg,a576a0f9529d27c7226bcf911f5b85377212c1f3828310c9d9b6b71f1300b642,f31d23e371a98e1b,JPEG,RGB,466,700,116720,original,AMBIGUOUS
PlantDoc,5467f6012d78d1c446145d5f582da6096f852ae8,training_candidate,Apple leaf,AMBIGUOUS,,train/Apple leaf/bright-red-crab-apple-fruit-malus-john-downie-on-the-tree-in-late-KH3WRX.jpg,Apple leaf/00106_b4ee959c70cca6cb.jpg,b4ee959c70cca6cb83985f8dc4424a8850bc9874bbdea4851fdd591fa67e3f7e,8d994aa2c9ab94dc,JPEG,RGB,1300,957,166243,original,AMBIGUOUS
PlantDoc,5467f6012d78d1c446145d5f582da6096f852ae8,training_candidate,Apple leaf,AMBIGUOUS,,train/Apple leaf/closeup-red-apple-fruit-leaf-isolated-white-background-57605895.jpg,Apple leaf/00107_9c5f18a31156f524.jpg,9c5f18a31156f524ca2099bb869a0da9ac33a99aeec4b0197d96c9b1af95990f,02f2d636b5b6581c,JPEG,RGB,1300,1390,165250,original,AMBIGUOUS
PlantDoc,5467f6012d78d1c446145d5f582da6096f852ae8,training_candidate,Apple leaf,AMBIGUOUS,,train/Apple leaf/crab_apple_03_leaves.jpg,Apple leaf/00108_37f47dd0d47beb85.jpg,37f47dd0d47beb8505434383e35cdc6bd953cad9526657990239019b0dc6b4e9,8e9e63d399393431,JPEG,RGB,800,752,697761,original,AMBIGUOUS
PlantDoc,5467f6012d78d1c446145d5f582da6096f852ae8,training_candidate,Apple leaf,AMBIGUOUS,,train/Apple leaf/depositphotos_27383223-stock-photo-apple-leaves.jpg,Apple leaf/00109_875ff171f97f298a.jpg,875ff171f97f298aa941aa4b5e723d46c38b0947a1ba5d1af0375d76eea619f3,c6848cc49664f41a,JPEG,RGB,1024,1024,155456,original,AMBIGUOUS
PlantDoc,5467f6012d78d1c446145d5f582da6096f852ae8,training_candidate,Apple leaf,AMBIGUOUS,,train/Apple leaf/depositphotos_30057617-Green-leaf-of-apple-tree.jpg,Apple leaf/00110_8f138f42b89fd37f.jpg,8f138f42b89fd37fdadf24cb1af94d01360bf9748b4d0cf9a467e9d45aee8a54,b968c4e2dcd87194,JPEG,RGB,682,1023,121837,original,AMBIGUOUS
PlantDoc,5467f6012d78d1c446145d5f582da6096f852ae8,training_candidate,Apple leaf,AMBIGUOUS,,train/Apple leaf/depositphotos_4505396-Green-apple-leaf.jpg,Apple leaf/00111_0f66980b44992ab4.jpg,0f66980b44992ab4a7137123ff3f20761572363372d186950ea5400d87b6bc87,387c6c7a66fcb031,JPEG,RGB,1023,682,127804,original,AMBIGUOUS
PlantDoc,5467f6012d78d1c446145d5f582da6096f852ae8,training_candidate,Apple leaf,AMBIGUOUS,,train/Apple leaf/depositphotos_45748597-stock-photo-ripe-apple-with-leaf.jpg,Apple leaf/00112_425ae277558dec7e.jpg,425ae277558dec7e8867853fb0acbcef2656b8e8cf746d3fc2771130bb73382c,44c0e8fcf4f07130,JPEG,RGB,1016,1023,85967,original,AMBIGUOUS
PlantDoc,5467f6012d78d1c446145d5f582da6096f852ae8,training_candidate,Apple leaf,AMBIGUOUS,,train/Apple leaf/depositphotos_55202179-stock-photo-green-apple-with-leaf-and.jpg,Apple leaf/00113_dd588b7bac189565.jpg,dd588b7bac18956540afc6f3936791aea133df73813eead1161b2d584b95c49f,9978dcd8e0e6e0f8,JPEG,RGB,450,450,26256,original,AMBIGUOUS
PlantDoc,5467f6012d78d1c446145d5f582da6096f852ae8,training_candidate,Apple leaf,AMBIGUOUS,,train/Apple leaf/depositphotos_56066889-stock-photo-apple-with-leaf.jpg,Apple leaf/00114_11e99b6916a27656.jpg,11e99b6916a27656ee527644d56e2b595aad26b13a342f4dac6ad36d4fcde480,3270d4f870e4e070,JPEG,RGB,447,450,19709,original,AMBIGUOUS
PlantDoc,5467f6012d78d1c446145d5f582da6096f852ae8,training_candidate,Apple leaf,AMBIGUOUS,,train/Apple leaf/depositphotos_6657863-stock-photo-single-red-apple-with-leaf.jpg,Apple leaf/00115_fb5c1bc0761f6738.jpg,fb5c1bc0761f6738948a88d5de6400677f3a9fa9f1f5ed5384fbb64712b3a444,c4c0e8c4d4cc7912,JPEG,RGB,450,424,20372,original,AMBIGUOUS
PlantDoc,5467f6012d78d1c446145d5f582da6096f852ae8,training_candidate,Apple leaf,AMBIGUOUS,,"train/Apple leaf/flat,1000x1000,075,f.u2.jpg",Apple leaf/00116_3f623bd114fb79e1.jpg,3f623bd114fb79e168a3f3b288d3ee82471de9012addaa83fc74587efa662ac1,096cfabcf0f8f972,JPEG,RGB,1000,878,144160,original,AMBIGUOUS
PlantDoc,5467f6012d78d1c446145d5f582da6096f852ae8,training_candidate,Apple leaf,AMBIGUOUS,,train/Apple leaf/fresh-wet-green-apple-leaf-water-drops-isolated-white-background-31353097.jpg,Apple leaf/00117_b27d33ca3e24e8dd.jpg,b27d33ca3e24e8dd89e9f36ff89b634a0118e2f968f0a501176560a0f05002d9,8581e0c4ccc96181,JPEG,RGB,1225,1300,316658,original,AMBIGUOUS
PlantDoc,5467f6012d78d1c446145d5f582da6096f852ae8,training_candidate,Apple leaf,AMBIGUOUS,,train/Apple leaf/fruit_apple_apple-tree_wallpaper_EA60026.jpg,Apple leaf/00118_638353f0a8a8a555.jpg,638353f0a8a8a555ab1fa6d26430f88f8ee1b23cac80bba612a3dcdb176c79b2,6565a3431f1d9c8c,JPEG,RGB,1024,768,236158,original,AMBIGUOUS
PlantDoc,5467f6012d78d1c446145d5f582da6096f852ae8,training_candidate,Apple leaf,AMBIGUOUS,,train/Apple leaf/green-apple-fruits-leaf-16266077.jpg,Apple leaf/00119_7ab840d017ebdf58.jpg,7ab840d017ebdf580b242733281c56f1486ea91d1553f6408a592702be56adb3,c98171f4f0f17165,JPEG,RGB,1275,1300,100067,original,AMBIGUOUS
PlantDoc,5467f6012d78d1c446145d5f582da6096f852ae8,training_candidate,Apple leaf,AMBIGUOUS,,train/Apple leaf/green-apple-fruits-leaf-25050127.jpg,Apple leaf/00120_9b5d24ef6d7ddbcc.jpg,9b5d24ef6d7ddbcc3dde400e629ce969796987daa656a2b7258183cf692a77ea,02c0c8f0d0e03006,JPEG,RGB,1300,1380,133719,original,AMBIGUOUS
PlantDoc,5467f6012d78d1c446145d5f582da6096f852ae8,training_candidate,Apple leaf,AMBIGUOUS,,train/Apple leaf/green-apple-leaf-26110796.jpg,Apple leaf/00121_dd31b66204cb00d9.jpg,dd31b66204cb00d9cefe1fd2507e75dee0360b8c945cee5bd2076005a058e3b4,b9b133e1d0d8e171,JPEG,RGB,1056,1300,109126,original,AMBIGUOUS
PlantDoc,5467f6012d78d1c446145d5f582da6096f852ae8,training_candidate,Apple leaf,AMBIGUOUS,,train/Apple leaf/green-apple-leaf-cut-white-ripe-background-clipping-path-42422046.jpg,Apple leaf/00122_bd7683a519511221.jpg,bd7683a5195112218f1059bd88e75d2bcb198db454680c1f7a4137ffd4ef358e,d0c082b1f0f0700e,JPEG,RGB,1300,1217,148170,original,AMBIGUOUS
PlantDoc,5467f6012d78d1c446145d5f582da6096f852ae8,training_candidate,Apple leaf,AMBIGUOUS,,train/Apple leaf/green-apple-leaf-slice-isolated-white-ripe-background-clipping-path-42352971.jpg,Apple leaf/00123_0ca57fb7d9c6fce9.jpg,0ca57fb7d9c6fce9e4344baaf9c9069c0335daf3681a4f8be0ef81e9f53b80bd,18bc7efe5c98f906,JPEG,RGB,1300,1083,116329,original,AMBIGUOUS
PlantDoc,5467f6012d78d1c446145d5f582da6096f852ae8,training_candidate,Apple leaf,AMBIGUOUS,,train/Apple leaf/green-apple-leaf-slice-isolated-white-ripe-background-clipping-path-44598638.jpg,Apple leaf/00124_0d06af331beac215.jpg,0d06af331beac2152035652f932e71bddfca632e2b68ec6099ed19d0e1f15116,50c0c090e466700e,JPEG,RGB,1300,1135,127611,original,AMBIGUOUS
PlantDoc,5467f6012d78d1c446145d5f582da6096f852ae8,training_candidate,Apple leaf,AMBIGUOUS,,train/Apple leaf/green-apple-leaf-slice-isolated-white-ripe-background-clipping-path-45471482.jpg,Apple leaf/00125_cb133cc72c32093b.jpg,cb133cc72c32093b7680bc46c92138fdbe91a0b320cfc9dcac09df78d1c80731,1978dcf8e4e6e018,JPEG,RGB,1300,1390,168888,original,AMBIGUOUS
PlantDoc,5467f6012d78d1c446145d5f582da6096f852ae8,training_candidate,Apple leaf,AMBIGUOUS,,train/Apple leaf/green-apple-leaf-white-background-33503979.jpg,Apple leaf/00126_bce97baf47d340c4.jpg,bce97baf47d340c4f2db2739b96573964b91d368e5f62f4cb2c83fd5dbfa9484,04e2d168b818221a,JPEG,RGB,1300,1137,148288,original,AMBIGUOUS
PlantDoc,5467f6012d78d1c446145d5f582da6096f852ae8,training_candidate,Apple leaf,AMBIGUOUS,,train/Apple leaf/green-leaf-apple-tree-14300049.jpg,Apple leaf/00127_60a3928ca7e1856f.jpg,60a3928ca7e1856fe3787f246793db6acad0587a74288937b8dd6feeb40f1698,93b573f1c9e16383,JPEG,RGB,955,1300,152147,original,AMBIGUOUS
PlantDoc,5467f6012d78d1c446145d5f582da6096f852ae8,training_candidate,Apple leaf,AMBIGUOUS,,train/Apple leaf/green-leaf-apple-tree-isolated-white-background-33032695.jpg,Apple leaf/00128_60cad750de450fc0.jpg,60cad750de450fc03132efca9546fa18dc0e94c3440e34fe9bfacacbf4966e42,60e0d9c464b85902,JPEG,RGB,1300,967,174643,original,AMBIGUOUS
PlantDoc,5467f6012d78d1c446145d5f582da6096f852ae8,training_candidate,Apple leaf,AMBIGUOUS,,train/Apple leaf/green-leaf-picture-id177130309?b=1&k=6&m=177130309&s=612x612&w=0&h=VP3U0AM5j0fvQqOwuI5f7cmb2Ji88mVep0eoXQaJRfs=.jpg,Apple leaf/00129_3be0a0af905f5ade.jpg,3be0a0af905f5adee78fa2ecff5ea266280f2ad71e1dac1d1ad44625146028b3,b878fefcdcd47172,JPEG,RGB,612,408,56948,original,AMBIGUOUS
PlantDoc,5467f6012d78d1c446145d5f582da6096f852ae8,training_candidate,Apple leaf,AMBIGUOUS,,train/Apple leaf/grow-an-apple-tree-from-seed-in-singapore-img5.jpg,Apple leaf/00130_027582ee39bc1459.jpg,027582ee39bc1459608593b2f271c7f3154a9b57a205050e09634a6f5d81aee0,39261b632ace86af,JPEG,RGB,3033,2191,1019384,original,AMBIGUOUS
PlantDoc,5467f6012d78d1c446145d5f582da6096f852ae8,training_candidate,Apple leaf,AMBIGUOUS,,train/Apple leaf/leaf-apple-tree-one-green-isolated-41556482.jpg,Apple leaf/00131_b9c52da30d8de924.jpg,b9c52da30d8de9242414f288edd23857532ae9114087c3e59913a5b384bc9370,51b56361e16171b5,JPEG,RGB,1371,1300,117852,original,AMBIGUOUS
PlantDoc,5467f6012d78d1c446145d5f582da6096f852ae8,training_candidate,Apple leaf,AMBIGUOUS,,train/Apple leaf/leaves-isolated-on-white-background-picture-id537925565?k=6&m=537925565&s=612x612&w=0&h=Ogzc4YHTI4i4q9aiTIG6Zq2sAMv6xTKiDlCmYANlzK8=.jpg,Apple leaf/00132_48ec650aef488dee.jpg,48ec650aef488dee064104304d2a4c9f904a90357bbee6870eb3d608b76e6d55,e2e178f8c3f0f979,JPEG,RGB,612,612,62547,original,AMBIGUOUS
PlantDoc,5467f6012d78d1c446145d5f582da6096f852ae8,training_candidate,Apple leaf,AMBIGUOUS,,train/Apple leaf/malus-floribunda-le-amoro2-a.jpg,Apple leaf/00133_5f1bbe8c70d58f4e.jpg,5f1bbe8c70d58f4e1f6940fcc33bfb28f64b961e355544f0cc2444fd9980c0b6,9f3374d9d1c3873b,JPEG,RGB,1000,797,147642,original,AMBIGUOUS
PlantDoc,5467f6012d78d1c446145d5f582da6096f852ae8,training_candidate,Apple leaf,AMBIGUOUS,,train/Apple leaf/red-apple-green-leaf-isolated-white-background-57496220.jpg,Apple leaf/00134_ec1f07da29af4812.jpg,ec1f07da29af4812d0abee7b074614de3eba0c73b302bd6daf56bee9a6746ccc,a179e8e4c4e971b1,JPEG,RGB,1249,1300,175321,original,AMBIGUOUS
PlantDoc,5467f6012d78d1c446145d5f582da6096f852ae8,training_candidate,Apple leaf,AMBIGUOUS,,train/Apple leaf/red-apple-leaf-slice-white-background-29914331.jpg,Apple leaf/00135_898bafa6a392794d.jpg,898bafa6a392794d417d91cef8088fe78e2372db508539eccd259c2b42329a1a,34dc9a8384c2c80c,JPEG,RGB,1300,1012,405621,original,AMBIGUOUS
PlantDoc,5467f6012d78d1c446145d5f582da6096f852ae8,training_candidate,Apple leaf,AMBIGUOUS,,train/Apple leaf/red-apple-leaves-309078.jpg,Apple leaf/00136_2a42229abdcdae25.jpg,2a42229abdcdae25b98342e09ca3f138d75065eac96e9339c9f254ffbc625723,ad61e438f3d2e70b,JPEG,RGB,957,1300,219804,original,AMBIGUOUS
PlantDoc,5467f6012d78d1c446145d5f582da6096f852ae8,training_candidate,Apple leaf,AMBIGUOUS,,train/Apple leaf/red-apple-one-leaf-13226302.jpg,Apple leaf/00137_50d7d6e707285ec9.jpg,50d7d6e707285ec90b916fc7e9afb37491e66d29f89ad59673bb6905f7313f9f,c8926479d86c7019,JPEG,RGB,1300,1194,134640,original,AMBIGUOUS
PlantDoc,5467f6012d78d1c446145d5f582da6096f852ae8,training_candidate,Apple leaf,AMBIGUOUS,,train/Apple leaf/ripe-red-apple-with-green-leaf-isolated-on-white-picture-id184640296?s=612x612.jpg,Apple leaf/00138_aae835b54a26274b.jpg,aae835b54a26274ba919a959335a81e7034a54242740863be0705f192bbe77ce,8c38d1ccd8d16032,JPEG,RGB,612,603,26136,original,AMBIGUOUS
PlantDoc,5467f6012d78d1c446145d5f582da6096f852ae8,training_candidate,Apple leaf,AMBIGUOUS,,train/Apple leaf/ripe-red-apple-with-leaf-picture-id117485645?b=1&k=6&m=117485645&s=612x612&w=0&h=Ii96HYzF-2E5ky-IcXbVhvEFvU28o0rlkwagb7T6LhY=.jpg,Apple leaf/00139_dbabc35b2c20160f.jpg,dbabc35b2c20160f610901a5dfb6823b2e07c0a61dcc338cde1f54528afd0eb3,64d1c03ab8387c7c,JPEG,RGB,612,428,27509,original,AMBIGUOUS
PlantDoc,5467f6012d78d1c446145d5f582da6096f852ae8,training_candidate,Apple leaf,AMBIGUOUS,,train/Apple leaf/shiny-red-apple-green-leaf-isolated-white-background-56202743.jpg,Apple leaf/00140_88cb3ee75ba3f7d4.jpg,88cb3ee75ba3f7d4a66decf6a18295d35e153738b5b00800c868522f6ef211d2,b139f9f4f8f8f971,JPEG,RGB,1383,1300,188829,original,AMBIGUOUS
PlantDoc,5467f6012d78d1c446145d5f582da6096f852ae8,training_candidate,Apple leaf,AMBIGUOUS,,train/Apple leaf/stock-photo-apple-leaf-isolated-on-white-background-287560226.jpg,Apple leaf/00141_500c1359d80ef6d5.jpg,500c1359d80ef6d5c97f5c1413ba14a9e5cadd05a6816634cdb110ebae91e2a6,11f86cf2fc7831cc,JPEG,RGB,450,360,42440,original,AMBIGUOUS
PlantDoc,5467f6012d78d1c446145d5f582da6096f852ae8,training_candidate,Apple leaf,AMBIGUOUS,,train/Apple leaf/stock-photo-apple-leaf-set-isolated-on-white-background-300957002.jpg,Apple leaf/00142_b2fc37c6be612b2a.jpg,b2fc37c6be612b2aaf5eab1be46e45840e7ea058b3dad085bedbf0a8f7559505,59d89cacd888ec64,JPEG,RGB,450,331,40294,original,AMBIGUOUS
PlantDoc,5467f6012d78d1c446145d5f582da6096f852ae8,training_candidate,Apple leaf,AMBIGUOUS,,train/Apple leaf/stock-photo-apple-leaves-collection-isolated-on-white-background-373945045.jpg,Apple leaf/00143_6b47897ffd316e2d.jpg,6b47897ffd316e2df1247ba213b2fd9e8136c38003781152e1e5820c4a297d05,de52929e9379d991,JPEG,RGB,450,435,59163,original,AMBIGUOUS
PlantDoc,5467f6012d78d1c446145d5f582da6096f852ae8,training_candidate,Apple leaf,AMBIGUOUS,,train/Apple leaf/stock-photo-apple-leaves-isolated-on-a-white-background-leaf-from-an-apple-tree-cut-from-background-520909219.jpg,Apple leaf/00144_8d16827fb5981617.jpg,8d16827fb5981617d0995266f5507507e9fe2411a16d975f7114da563ed9a147,0c30a4b4b272f070,JPEG,RGB,450,358,33199,original,AMBIGUOUS
PlantDoc,5467f6012d78d1c446145d5f582da6096f852ae8,training_candidate,Apple leaf,AMBIGUOUS,,train/Apple leaf/stock-photo-apple-leaves-isolated-on-the-white-background-729570907.jpg,Apple leaf/00145_c1df7c3d5fbd0c5d.jpg,c1df7c3d5fbd0c5de1f7b783a77d8819baeb22b37de613d1d15655a3151ec195,84ccccccc8c8cc58,JPEG,RGB,450,378,31222,original,AMBIGUOUS
PlantDoc,5467f6012d78d1c446145d5f582da6096f852ae8,training_candidate,Apple leaf,AMBIGUOUS,,train/Apple leaf/stock-photo-apple-leaves-isolated-on-white-background-232913425.jpg,Apple leaf/00146_fa1fa8eb008b33fe.jpg,fa1fa8eb008b33fe2aa3b6313d18172539d2338d73a7ba7b61503ef366514d33,8c8ceec48cccc640,JPEG,RGB,450,392,52943,original,AMBIGUOUS
PlantDoc,5467f6012d78d1c446145d5f582da6096f852ae8,training_candidate,Apple leaf,AMBIGUOUS,,train/Apple leaf/stock-photo-apple-leaves-isolated-on-white-background-295979933.jpg,Apple leaf/00147_4fc060d1fe9f1c31.jpg,4fc060d1fe9f1c31ef60247346ac400a4fabebb7f73cca7785191f56f450700e,49f8b0e0e0d0e125,JPEG,RGB,450,470,53480,original,AMBIGUOUS
PlantDoc,5467f6012d78d1c446145d5f582da6096f852ae8,training_candidate,Apple leaf,AMBIGUOUS,,train/Apple leaf/stock-photo-apple-leaves-isolated-on-white-background-326520134.jpg,Apple leaf/00148_fedeae85d5ac5e39.jpg,fedeae85d5ac5e39b6f5f0eba63de7de43143a9828f7d08e0e1c27cd1bb8241b,ccec4cccc6ccccc4,JPEG,RGB,450,430,41326,original,AMBIGUOUS
PlantDoc,5467f6012d78d1c446145d5f582da6096f852ae8,training_candidate,Apple leaf,AMBIGUOUS,,train/Apple leaf/stock-photo-apple-leaves-isolated-on-white-collection-197880929.jpg,Apple leaf/00149_c003892e6af6bab0.jpg,c003892e6af6bab0df233336605c46766fa1a7ad99ba3ea7394c345205ab0dd3,cc86a2dae4e4ce5c,JPEG,RGB,450,470,69310,original,AMBIGUOUS
PlantDoc,5467f6012d78d1c446145d5f582da6096f852ae8,training_candidate,Apple leaf,AMBIGUOUS,,train/Apple leaf/stock-photo-apple-leaves-set-isolated-on-white-271652246.jpg,Apple leaf/00150_5603f35d4b9e1687.jpg,5603f35d4b9e1687f7dab3f03cf2497969443d51d8da5075df2b4e849b130d35,cc967266cec59668,JPEG,RGB,450,380,47112,original,AMBIGUOUS
PlantDoc,5467f6012d78d1c446145d5f582da6096f852ae8,training_candidate,Apple leaf,AMBIGUOUS,,train/Apple leaf/stock-photo-apple-tree-leaf-isolated-on-a-white-622503302.jpg,Apple leaf/00151_675c4649d143237c.jpg,675c4649d143237ca8cd7240c333ac85b682cf785873ee5dcc6e60461984c51b,62e1f078fc1e0268,JPEG,RGB,440,470,40885,original,AMBIGUOUS
PlantDoc,5467f6012d78d1c446145d5f582da6096f852ae8,training_candidate,Apple leaf,AMBIGUOUS,,train/Apple leaf/stock-photo-fresh-apple-leaf-isolated-on-white-collection-407823346.jpg,Apple leaf/00152_cfd77bcca9331d52.jpg,cfd77bcca9331d528c2003f4060d9b558b285ae304b3d473ef320d2fa9680ed7,c4ce86b6c6e2e2e4,JPEG,RGB,450,470,59184,original,AMBIGUOUS
PlantDoc,5467f6012d78d1c446145d5f582da6096f852ae8,training_candidate,Apple leaf,AMBIGUOUS,,train/Apple leaf/stock-photo-green-apple-leaf-clipping-path-258728936.jpg,Apple leaf/00153_71dc6666eac52575.jpg,71dc6666eac525752a1d4d8e286a1d278370d98322705f3efb44454e872c21cb,48b860c0c4c0612d,JPEG,RGB,450,365,40737,original,AMBIGUOUS
PlantDoc,5467f6012d78d1c446145d5f582da6096f852ae8,training_candidate,Apple leaf,AMBIGUOUS,,train/Apple leaf/stock-photo-green-apple-leaf-isolated-on-white-with-clipping-path-195130079.jpg,Apple leaf/00154_ff337957dc98f0f7.jpg,ff337957dc98f0f7755c92fce03764d315c148337cb10c589ab94f2cf376e110,72f9d8fcb4b61a69,JPEG,RGB,450,361,37894,original,AMBIGUOUS
PlantDoc,5467f6012d78d1c446145d5f582da6096f852ae8,training_candidate,Apple leaf,AMBIGUOUS,,train/Apple leaf/stock-photo-green-apple-leaves-on-the-white-background-796491496.jpg,Apple leaf/00155_834e487aa269b2e9.jpg,834e487aa269b2e9cf7bda403ba732061b8fdb7ef57e88cac1cdda4bd7d2874f,d88a4cd0dbccb879,JPEG,RGB,450,367,171009,original,AMBIGUOUS
PlantDoc,5467f6012d78d1c446145d5f582da6096f852ae8,training_candidate,Apple leaf,AMBIGUOUS,,train/Apple leaf/stock-photo-isolated-apple-green-granny-smith-apple-with-leaf-isolated-on-white-background-60343762.jpg,Apple leaf/00156_886f933d733e7e6b.jpg,886f933d733e7e6bfd71ea83dd1b64999a5ffdd14c00b77a8e307ca0d216801f,19ecfcb8f9f8f060,JPEG,RGB,450,396,31086,original,AMBIGUOUS
PlantDoc,5467f6012d78d1c446145d5f582da6096f852ae8,training_candidate,Apple leaf,AMBIGUOUS,,train/Apple leaf/stock-photo-one-green-leaf-of-apple-tree-isolated-on-white-background-close-up-studio-photography-102522179.jpg,Apple leaf/00157_b3643edbcaf7a875.jpg,b3643edbcaf7a875a854531bc4bea0fc5c99cd41e9a78f82a089fe270a4e6ca6,32e184c0dce47858,JPEG,RGB,450,387,37711,original,AMBIGUOUS
PlantDoc,5467f6012d78d1c446145d5f582da6096f852ae8,training_candidate,Apple leaf,AMBIGUOUS,,train/Apple leaf/stock-photo-red-apple-with-green-leaf-isolated-on-white-background-with-clipping-path-327512429.jpg,Apple leaf/00158_297857e012243d3f.jpg,297857e012243d3f404962faad16f1c234f023e011d2ebc9cd73cf23ec289b95,5c3e64f0f0f2e269,JPEG,RGB,450,400,28694,original,AMBIGUOUS
PlantDoc,5467f6012d78d1c446145d5f582da6096f852ae8,training_candidate,Apple leaf,AMBIGUOUS,,train/Apple leaf/stock-photo-red-apple-with-leaf-124592107.jpg,Apple leaf/00159_1c738982c5c0f9de.jpg,1c738982c5c0f9de877c766912c692b4d11c8ec68cb0a04f445ee6f112463545,1879e4cce0e17044,JPEG,RGB,1500,1600,543528,original,AMBIGUOUS
PlantDoc,5467f6012d78d1c446145d5f582da6096f852ae8,training_candidate,Apple leaf,AMBIGUOUS,,train/Apple leaf/stock-photo-red-apple-with-leaf-138430751.jpg,Apple leaf/00160_1c442d9bbb74f16f.jpg,1c442d9bbb74f16f1e10a135982b2b0130d28b2c717ac4415e0ba9764fdf7b46,7470f8f0f0f87170,JPEG,RGB,441,470,36620,original,AMBIGUOUS
PlantDoc,5467f6012d78d1c446145d5f582da6096f852ae8,training_candidate,Apple leaf,AMBIGUOUS,,train/Apple leaf/stock-photo-red-apple-with-leaves-isolated-on-white-99003845.jpg,Apple leaf/00161_3f986b9fc4f30d36.jpg,3f986b9fc4f30d36b91cddc84d31fafffa8d1a20b16ac8c2109c2dbcf6b00a24,1c76d9dcf0f97070,JPEG,RGB,1500,1600,605112,original,AMBIGUOUS
PlantDoc,5467f6012d78d1c446145d5f582da6096f852ae8,training_candidate,Apple leaf,AMBIGUOUS,,train/Apple leaf/stock-photo-sweet-apple-with-leaf-111143150.jpg,Apple leaf/00162_79ae28b992e2a005.jpg,79ae28b992e2a0058590d81415cc57de85f47afa9fbfc144f505152b8a2c7ffe,3878d4ccf8e87171,JPEG,RGB,450,380,34605,original,AMBIGUOUS
PlantDoc,5467f6012d78d1c446145d5f582da6096f852ae8,training_candidate,Apple leaf,AMBIGUOUS,,train/Apple leaf/stock-photo-whole-ripe-green-apple-with-apple-leaf-and-green-apple-half-isolated-on-white-background-with-566226067.jpg,Apple leaf/00163_d22f37f91d258f83.jpg,d22f37f91d258f8353461af14d8e7d18684cc367c1982eb8c00a9262d7ba3343,ad5cb6feda98e068,JPEG,RGB,1500,1183,443350,original,AMBIGUOUS
PlantDoc,5467f6012d78d1c446145d5f582da6096f852ae8,training_candidate,Apple leaf,AMBIGUOUS,,train/Apple leaf/yellow-apple-leaves-isolated-10868989.jpg,Apple leaf/00164_cb047c1396614f20.jpg,cb047c1396614f20fd5ce41334538caea2392cddbef0e05458f585fce56b1198,9169e9e8c9c1f125,JPEG,RGB,1385,1300,93356,original,AMBIGUOUS
PlantDoc,5467f6012d78d1c446145d5f582da6096f852ae8,training_candidate,Apple leaf,AMBIGUOUS,,train/Apple leaf/yellow-ripe-apple-leaf-27092797.jpg,Apple leaf/00165_ffe2b953c46be494.jpg,ffe2b953c46be4949e2dc8d706c082e82d4cdc8a28a7f63e19f61b042308a7ce,0955c181cc797131,JPEG,RGB,1180,1300,99570,original,AMBIGUOUS
PlantDoc,5467f6012d78d1c446145d5f582da6096f852ae8,training_candidate,Apple rust leaf,AMBIGUOUS,,train/Apple rust leaf/1-Cedar-apple-rust-infections-and-rust-induced-leafspot-on-Ginger-Gold-4-Jun-08-2d4hi2k.jpg,Apple rust leaf/00166_7e165f6fb80c2801.jpg,7e165f6fb80c2801951a885fcf2e50f8ff730d38ef97173bc255770d8980e43f,6ef46c276ff2d4d6,JPEG,RGB,3407,2296,2277596,original,AMBIGUOUS
PlantDoc,5467f6012d78d1c446145d5f582da6096f852ae8,training_candidate,Apple rust leaf,AMBIGUOUS,,train/Apple rust leaf/1-Severe-cedar-apple-rust-on-Ginger-Gold-1-Jul-09-1n5iktz.jpg,Apple rust leaf/00167_458a73aa45aa65db.jpg,458a73aa45aa65db2c01f79daf04602b618eb1806dc474f80c5eb252020a2c1a,4da5228081282e83,JPEG,RGB,1966,1502,730367,original,AMBIGUOUS
PlantDoc,5467f6012d78d1c446145d5f582da6096f852ae8,training_candidate,Apple rust leaf,AMBIGUOUS,,train/Apple rust leaf/2-Rust-induced-leaf-scorch-1fpa6c3.jpg,Apple rust leaf/00168_8348d1ec4eb9869c.jpg,8348d1ec4eb9869c48240077691a60dbe0fd7614b9bd4866e958e79a9c20ee15,49cfe5369b993261,JPEG,RGB,848,1024,294225,original,AMBIGUOUS
PlantDoc,5467f6012d78d1c446145d5f582da6096f852ae8,training_candidate,Apple rust leaf,AMBIGUOUS,,train/Apple rust leaf/20130610_110525.jpg,Apple rust leaf/00169_b137ff2e36ac62d3.jpg,b137ff2e36ac62d31d78c2f7fe2ba4d699fa6995dd17041337f5762ec4de6c87,dbdedeeffac9d7cb,JPEG,RGB,3264,2448,2515130,original,AMBIGUOUS
PlantDoc,5467f6012d78d1c446145d5f582da6096f852ae8,training_candidate,Apple rust leaf,AMBIGUOUS,,train/Apple rust leaf/20130802_111648.jpg,Apple rust leaf/00170_45d1b1f228033bc8.jpg,45d1b1f228033bc803db94dcb711bb7bb94e8687f5cb49e75a2c506b301a9677,f3d8c6d3f8f17111,JPEG,RGB,3264,2448,1708853,original,AMBIGUOUS
PlantDoc,5467f6012d78d1c446145d5f582da6096f852ae8,training_candidate,Apple rust leaf,AMBIGUOUS,,train/Apple rust leaf/20170524_195105-1k1eu8b.jpg,Apple rust leaf/00171_3a57f41b87233002.jpg,3a57f41b872330029f85b697c89dd9b2b350e5ab7102d6a4fb45d1d6e0ce843c,2f3c9f1f4572d3e6,JPEG,RGB,5312,2988,4373002,original,AMBIGUOUS
PlantDoc,5467f6012d78d1c446145d5f582da6096f852ae8,training_candidate,Apple rust leaf,AMBIGUOUS,,train/Apple rust leaf/3-Rust-induced-leaf-scorch-1emjjbl.jpg,Apple rust leaf/00172_a66860fd0ba66d25.jpg,a66860fd0ba66d2586bb1cb605ca4877f393fd6410f85c1cdd734ab2eadde6f6,8686978d642e7299,JPEG,RGB,706,1024,323516,original,AMBIGUOUS
PlantDoc,5467f6012d78d1c446145d5f582da6096f852ae8,training_candidate,Apple rust leaf,AMBIGUOUS,,train/Apple rust leaf/601fbee78c62e32a76e768a92ee40193.jpg,Apple rust leaf/00173_cae59b90d4b2bffa.jpg,cae59b90d4b2bffa6f908446dd9c61d1e4288a349426fdd6bd4db296f0632868,4642022773b5294b,JPEG,RGB,550,550,73531,original,AMBIGUOUS
PlantDoc,5467f6012d78d1c446145d5f582da6096f852ae8,training_candidate,Apple rust leaf,AMBIGUOUS,,train/Apple rust leaf/Apple_RustSpots2.jpg,Apple rust leaf/00174_3997f9c94a56658e.jpg,3997f9c94a56658e61e23b0411b12210553aad691a5f613412359c568415ddda,940c28e48d2464c0,JPEG,RGB,500,375,22249,original,AMBIGUOUS
PlantDoc,5467f6012d78d1c446145d5f582da6096f852ae8,training_candidate,Apple rust leaf,AMBIGUOUS,,train/Apple rust leaf/Apple_Scab164.jpg,Apple rust leaf/00175_524daa81100ed880.jpg,524daa81100ed880ec366a8bc34edd974cd322db042bf48ea8f2088194bd0fd4,26430f0f0f876d6c,JPEG,RGB,800,600,56958,original,AMBIGUOUS
PlantDoc,5467f6012d78d1c446145d5f582da6096f852ae8,training_candidate,Apple rust leaf,AMBIGUOUS,,train/Apple rust leaf/B2750027-Cedar-apple_rust-SPL.jpg,Apple rust leaf/00176_9c1597012a877085.jpg,9c1597012a8770856993076f035adf6c7b528b57acb7517157402891adecf6e8,494c86132b8fdd59,JPEG,RGB,800,531,98816,original,AMBIGUOUS
PlantDoc,5467f6012d78d1c446145d5f582da6096f852ae8,training_candidate,Apple rust leaf,AMBIGUOUS,,train/Apple rust leaf/C0258424-Cedar_apple_rust_on_a_leaf-SPL.jpg,Apple rust leaf/00177_3943b6684542e222.jpg,3943b6684542e222b43a4569df3d51a080e4c32df86d4057a87d9ad49c38e1e1,3f1f0d96d706a663,JPEG,RGB,800,542,134721,original,AMBIGUOUS
PlantDoc,5467f6012d78d1c446145d5f582da6096f852ae8,training_candidate,Apple rust leaf,AMBIGUOUS,,train/Apple rust leaf/C11.11.jpg,Apple rust leaf/00178_60e2542936a3f280.jpg,60e2542936a3f2802d1ea30f8c830a706c83fecca4690feddbd882da2a9512fe,9d3e7b3e1b094b1f,JPEG,RGB,750,481,430031,original,AMBIGUOUS
PlantDoc,5467f6012d78d1c446145d5f582da6096f852ae8,training_candidate,Apple rust leaf,AMBIGUOUS,,train/Apple rust leaf/CAR%2Bzestar.JPG.jpg,Apple rust leaf/00179_2b72a590dcb49ba7.jpg,2b72a590dcb49ba7d8bfa658253b7a85b55e5e407d211ccc80490f80f5cc1710,6963cb3d9dc7cb5d,JPEG,RGB,1600,1299,383724,original,AMBIGUOUS
PlantDoc,5467f6012d78d1c446145d5f582da6096f852ae8,training_candidate,Apple rust leaf,AMBIGUOUS,,train/Apple rust leaf/CAR1.jpg,Apple rust leaf/00180_ff8e845061e3a305.jpg,ff8e845061e3a305e55ae0b60218008bafa88e392bfb5f36e0e9f58f379526dc,b271c892c2c4f073,JPEG,RGB,498,841,249767,original,AMBIGUOUS
PlantDoc,5467f6012d78d1c446145d5f582da6096f852ae8,training_candidate,Apple rust leaf,AMBIGUOUS,,train/Apple rust leaf/CAR4.jpg,Apple rust leaf/00181_20f1ca04b11a48bf.jpg,20f1ca04b11a48bf71a59f4227fc49819d1a8bf131366ea9d678111844c5f53e,2704d9c3c79de766,JPEG,RGB,640,480,149562,original,AMBIGUOUS
PlantDoc,5467f6012d78d1c446145d5f582da6096f852ae8,training_candidate,Apple rust leaf,AMBIGUOUS,,train/Apple rust leaf/Cedar+Apple+rust+on+Crab+apple+leaf.jpg,Apple rust leaf/00182_652f5d47929b2184.jpg,652f5d47929b2184a2ca70c1d1bcb598d60c8d77de31edf9397c26ad8694a602,1199dadfd9979e98,JPEG,RGB,200,150,11388,original,AMBIGUOUS
PlantDoc,5467f6012d78d1c446145d5f582da6096f852ae8,training_candidate,Apple rust leaf,AMBIGUOUS,,train/Apple rust leaf/Cedar+apple+rust.JPG.jpg,Apple rust leaf/00183_9b48bcfad83e7bea.jpg,9b48bcfad83e7bea0de4b83df64b4e1ec1c0db47ba306aff42c135c1adbf8e4d,7bc6e7ecee64c5cb,JPEG,RGB,320,213,27454,original,AMBIGUOUS
PlantDoc,5467f6012d78d1c446145d5f582da6096f852ae8,training_candidate,Apple rust leaf,AMBIGUOUS,,train/Apple rust leaf/Cedar-Apple-Rust-aecia-on-leaf-pic-by-NC-State.jpg,Apple rust leaf/00184_043b427c39542ed9.jpg,043b427c39542ed90e9f5dded6ee0e072db0690e4e3b146e3c727dde0dc26d94,3c7eb3b11984387e,JPEG,RGB,200,162,10289,original,AMBIGUOUS
PlantDoc,5467f6012d78d1c446145d5f582da6096f852ae8,training_candidate,Apple rust leaf,AMBIGUOUS,,train/Apple rust leaf/CedarApple_Rust168.jpg,Apple rust leaf/00185_c9d59bb29e5a11b9.jpg,c9d59bb29e5a11b9a7868f729f9e1162c498b1f0be80ba50a08929baaa65e948,90886c0d8dcd45a4,JPEG,RGB,800,600,56568,original,AMBIGUOUS
PlantDoc,5467f6012d78d1c446145d5f582da6096f852ae8,training_candidate,Apple rust leaf,AMBIGUOUS,,train/Apple rust leaf/Cedar_apple_rust_on_crab_apple_leaf_showing_underside_cup.jpg,Apple rust leaf/00186_48cab6da14fb5e8d.jpg,48cab6da14fb5e8d77549a483e776fadd05219c18ba64efcd6d30e10b89f1d6c,5645c59693f08e17,JPEG,RGB,300,199,9900,original,AMBIGUOUS
PlantDoc,5467f6012d78d1c446145d5f582da6096f852ae8,training_candidate,Apple rust leaf,AMBIGUOUS,,train/Apple rust leaf/Cedar_apple_rust_on_crab_apple_leaf_upper_surface.JPG.jpg,Apple rust leaf/00187_d5472d820aa8424d.jpg,d5472d820aa8424d7d2753c2a36a3e9899034314985f53cd7e64303112328230,26969b3b291c1656,JPEG,RGB,3008,2000,1198791,original,AMBIGUOUS
PlantDoc,5467f6012d78d1c446145d5f582da6096f852ae8,training_candidate,Apple rust leaf,AMBIGUOUS,,train/Apple rust leaf/DAxpYpoWAAQxi1f.jpg,Apple rust leaf/00188_811307ff8becb7ad.jpg,811307ff8becb7adac951048240fc4e3c14eb0598a46cb905d088693e1f267f5,e9c9c9b5a565e5b1,JPEG,RGB,1200,675,239620,original,AMBIGUOUS
PlantDoc,5467f6012d78d1c446145d5f582da6096f852ae8,training_candidate,Apple rust leaf,AMBIGUOUS,,train/Apple rust leaf/DIsease-Pest-Management.jpg,Apple rust leaf/00189_54bb00175c906456.jpg,54bb00175c906456d789365ef703fa4b802c69dcb8e8f7a7d4d62b5d8ce19c75,8e8c195bc96badb3,JPEG,RGB,1485,1200,374538,original,AMBIGUOUS
PlantDoc,5467f6012d78d1c446145d5f582da6096f852ae8,training_candidate,Apple rust leaf,AMBIGUOUS,,train/Apple rust leaf/Fig-17-Apple-rust-on-lower-surface-on-leaf-at-extreme.jpg,Apple rust leaf/00190_5e44bf539e9bd3d6.jpg,5e44bf539e9bd3d6637a4feed9bebec7eb9ca1db2f590e1297a86f515425d8a4,eaf6dcf5b4f46819,JPEG,L,500,405,29565,original,AMBIGUOUS
PlantDoc,5467f6012d78d1c446145d5f582da6096f852ae8,training_candidate,Apple rust leaf,AMBIGUOUS,,train/Apple rust leaf/Figure-1.-Typical-cedar-apple-rust-lesions-on-upper-surface-of-apple-leaf.jpg,Apple rust leaf/00191_add4af0f1609ddb0.jpg,add4af0f1609ddb00a61775b61d8b734a2b3eb5e412a8a80688ea3e99e2e72ab,870f4f4e15191919,JPEG,RGB,550,399,177838,original,AMBIGUOUS
PlantDoc,5467f6012d78d1c446145d5f582da6096f852ae8,training_candidate,Apple rust leaf,AMBIGUOUS,,train/Apple rust leaf/Figure-3.-Aecial-projections-on-the-underside-of-an-apple-leaf-with-cedar-apple-rust-disease-.jpg,Apple rust leaf/00192_3bd4147ef09d1913.jpg,3bd4147ef09d191343c7d40bad98b8cda165a78fc604b69982cd6989ec1e25bd,1e3f712f6e7e7e2d,JPEG,RGB,550,407,168399,original,AMBIGUOUS
PlantDoc,5467f6012d78d1c446145d5f582da6096f852ae8,training_candidate,Apple rust leaf,AMBIGUOUS,,train/Apple rust leaf/LIFH3.jpg,Apple rust leaf/00193_315bd3f13ecc5cdd.jpg,315bd3f13ecc5cddb28724dc2519026ab4eb2b2f8eb4ff2eb2421d8ffc0b568d,919a2ecd69712326,JPEG,RGB,1280,960,329776,original,AMBIGUOUS
PlantDoc,5467f6012d78d1c446145d5f582da6096f852ae8,training_candidate,Apple rust leaf,AMBIGUOUS,,train/Apple rust leaf/P1020430.jpg,Apple rust leaf/00194_edd5005e6676c767.jpg,edd5005e6676c76729585156517a7aa3f2b14e691f802c7c49555c9c2a72cf9e,070c9c8aaca4340b,JPEG,RGB,400,300,117232,original,AMBIGUOUS
PlantDoc,5467f6012d78d1c446145d5f582da6096f852ae8,training_candidate,Apple rust leaf,AMBIGUOUS,,train/Apple rust leaf/P7290482.JPG.jpg,Apple rust leaf/00195_b0f8cf2d97c94851.jpg,b0f8cf2d97c94851d98b981553885a3ae8e62078ad72082ea1e261071a5295f3,17492c8e8d0d39fa,JPEG,RGB,1600,1200,137322,original,AMBIGUOUS
PlantDoc,5467f6012d78d1c446145d5f582da6096f852ae8,training_candidate,Apple rust leaf,AMBIGUOUS,,train/Apple rust leaf/PLPATH-FRU-02-cedar-apple-rust-figure-1.jpg,Apple rust leaf/00196_bdb29808a30e1f57.jpg,bdb29808a30e1f5799100356aaa9273e3dc0dd69308926737d2a00f65b2a706e,a2b8e1e346cdc5a3,JPEG,RGB,698,1066,1025918,original,AMBIGUOUS
PlantDoc,5467f6012d78d1c446145d5f582da6096f852ae8,training_candidate,Apple rust leaf,AMBIGUOUS,,train/Apple rust leaf/Rust%20on%20Brandywine_ADJ.jpg,Apple rust leaf/00197_0fe5bf99f0109e31.jpg,0fe5bf99f0109e31de66dca0f5bb4eef37709dfa0171684dc6e729fe76984696,6c0c9b9a08088f91,JPEG,RGB,1236,824,207650,original,AMBIGUOUS
PlantDoc,5467f6012d78d1c446145d5f582da6096f852ae8,training_candidate,Apple rust leaf,AMBIGUOUS,,train/Apple rust leaf/Rust--CA.jpg,Apple rust leaf/00198_2eb7d46cbcfceae8.jpg,2eb7d46cbcfceae8577ffac920db5b7af20aa98e58d8644894ddc747cee1ba13,f898996d9bbbedcd,JPEG,CMYK,400,249,203098,original,AMBIGUOUS
PlantDoc,5467f6012d78d1c446145d5f582da6096f852ae8,training_candidate,Apple rust leaf,AMBIGUOUS,,train/Apple rust leaf/a82e389f8b5da4758a747c32ef8af6f9--rust-apples.jpg,Apple rust leaf/00199_ba3a8855ec253f62.jpg,ba3a8855ec253f62881d36b1320f75b3fee88bc173434c975f677174ba652c94,2f2f3f27735a2626,JPEG,RGB,736,488,29339,original,AMBIGUOUS
PlantDoc,5467f6012d78d1c446145d5f582da6096f852ae8,training_candidate,Apple rust leaf,AMBIGUOUS,,train/Apple rust leaf/aecia-on-apple-e1368285975597.jpeg.jpg,Apple rust leaf/00200_58f19f4ca140c6f7.jpg,58f19f4ca140c6f73d670221b5989458f290849fa2d13eb12eb886dfba33acd8,3fffaf8b6f561226,JPEG,RGB,850,637,203903,original,AMBIGUOUS
PlantDoc,5467f6012d78d1c446145d5f582da6096f852ae8,training_candidate,Apple rust leaf,AMBIGUOUS,,train/Apple rust leaf/apple+rust+001.jpg,Apple rust leaf/00201_de27a0c6224d7f50.jpg,de27a0c6224d7f5079a8f5b971595072cec014237aa2db87a23838ae170fa510,258f47a33161494b,JPEG,RGB,1200,630,174812,original,AMBIGUOUS
PlantDoc,5467f6012d78d1c446145d5f582da6096f852ae8,training_candidate,Apple rust leaf,AMBIGUOUS,,train/Apple rust leaf/apple-leaf-rust-and-cedar-apple-roestella-pirata-report-of-the-of-picture-id629456105?s=612x612.jpg,Apple rust leaf/00202_0b5d7f1f5df1e4dd.jpg,0b5d7f1f5df1e4dd236e3fd5c9b5e253ff4bd9115b084843cf98f53e9ca2f2f7,38e8b08eb878d0d0,JPEG,RGB,382,612,48108,original,AMBIGUOUS
PlantDoc,5467f6012d78d1c446145d5f582da6096f852ae8,training_candidate,Apple rust leaf,AMBIGUOUS,,train/Apple rust leaf/apple-rust-disease_10_845384767.jpg,Apple rust leaf/00203_e9f5b751af491ee1.jpg,e9f5b751af491ee1c3b42b325e98b1ba187973746fd6b309ee22dae7907e5cf8,e6c79f1f1616fe5e,JPEG,RGB,999,666,110381,original,AMBIGUOUS
PlantDoc,5467f6012d78d1c446145d5f582da6096f852ae8,training_candidate,Apple rust leaf,AMBIGUOUS,,train/Apple rust leaf/apple-rust.jpg,Apple rust leaf/00204_c6b9c9daefca5d32.jpg,c6b9c9daefca5d324a93300f796d4044fd7e1ce5e6283fb2cae6681841c41489,0d1d62e9cdd7a6b2,JPEG,RGB,4000,4016,1978139,original,AMBIGUOUS
PlantDoc,5467f6012d78d1c446145d5f582da6096f852ae8,training_candidate,Apple rust leaf,AMBIGUOUS,,train/Apple rust leaf/apple_F14b.jpg,Apple rust leaf/00205_fceff585ef723012.jpg,fceff585ef723012d786327355d536406c92cb1d329f123f07d56df7291ae311,1b59d8e0e0c2d757,JPEG,RGB,350,237,9120,original,AMBIGUOUS
PlantDoc,5467f6012d78d1c446145d5f582da6096f852ae8,training_candidate,Apple rust leaf,AMBIGUOUS,,train/Apple rust leaf/apple_leaf.JPG.jpg,Apple rust leaf/00206_5fc1918cc6497afa.jpg,5fc1918cc6497afa0297fbb5c5762e66a406f707204569495c650c2da63d1f01,0060606262303616,JPEG,RGB,640,480,113134,original,AMBIGUOUS
PlantDoc,5467f6012d78d1c446145d5f582da6096f852ae8,training_candidate,Apple rust leaf,AMBIGUOUS,,train/Apple rust leaf/applerust-500x383.jpg,Apple rust leaf/00207_e8ab606b2c5790cb.jpg,e8ab606b2c5790cb01e4fba348342caadeb38a63b3db972826493f650f79879c,c4d2e43492321bd6,JPEG,RGB,500,383,99005,original,AMBIGUOUS
PlantDoc,5467f6012d78d1c446145d5f582da6096f852ae8,training_candidate,Apple rust leaf,AMBIGUOUS,,train/Apple rust leaf/apples_black-rot_01_zoom.jpg,Apple rust leaf/00208_b320f72e52fcc2be.jpg,b320f72e52fcc2be3dde6bd511b7dca73130a4e22bae10de03bb31f8f69f7520,cbc90bc7d161c9cb,JPEG,RGB,900,692,120388,original,AMBIGUOUS
PlantDoc,5467f6012d78d1c446145d5f582da6096f852ae8,training_candidate,Apple rust leaf,AMBIGUOUS,,train/Apple rust leaf/apples_rusts+apple-scab.jpg,Apple rust leaf/00209_515a0330474dcefb.jpg,515a0330474dcefb427b1d6a269dd277448ba84505d5d99202e291a26973fcca,d952d3a39353931c,JPEG,RGB,900,537,115940,original,AMBIGUOUS
PlantDoc,5467f6012d78d1c446145d5f582da6096f852ae8,training_candidate,Apple rust leaf,AMBIGUOUS,,train/Apple rust leaf/apples_rusts+frogs-eye.jpg,Apple rust leaf/00210_38a4760ecc285c33.jpg,38a4760ecc285c339575d090dea7eda5d52ed020d23efbf2e6e555592e72e513,a5e566e6a614c4cc,JPEG,RGB,900,630,257137,original,AMBIGUOUS
PlantDoc,5467f6012d78d1c446145d5f582da6096f852ae8,training_candidate,Apple rust leaf,AMBIGUOUS,,train/Apple rust leaf/apples_rusts-cedar-apple_01_zoom.jpg,Apple rust leaf/00211_c2700097f36d8575.jpg,c2700097f36d85754d90ba5407fbf9f01c791b511ee196f87ca3ee15d412e9c4,0c0c5488b924e6da,JPEG,RGB,900,692,121802,original,AMBIGUOUS
PlantDoc,5467f6012d78d1c446145d5f582da6096f852ae8,training_candidate,Apple rust leaf,AMBIGUOUS,,train/Apple rust leaf/buckinghamshire-speen-garden-cedar-apple-rust-on-apple-underside-of-F5D3RD.jpg,Apple rust leaf/00212_68cd5705f8d3a760.jpg,68cd5705f8d3a7602e76c0bbc5206ad1dc822f57d073f64f1d31eb612f1e3139,860b0b0f1b9306cc,JPEG,RGB,1300,956,185515,original,AMBIGUOUS
PlantDoc,5467f6012d78d1c446145d5f582da6096f852ae8,training_candidate,Apple rust leaf,AMBIGUOUS,,train/Apple rust leaf/buckinghamshire-speen-garden-detail-cedar-apple-rust-on-apple-underside-f5d3r7.jpg,Apple rust leaf/00213_34f91eb0a1485d75.jpg,34f91eb0a1485d75fa8a6aeb9edc745114f32ab3f08b3d3fa77c67337295167f,cdcd9959d486a6a2,JPEG,RGB,640,447,107216,original,AMBIGUOUS
PlantDoc,5467f6012d78d1c446145d5f582da6096f852ae8,training_candidate,Apple rust leaf,AMBIGUOUS,,train/Apple rust leaf/car-apple1.jpg,Apple rust leaf/00214_55cca48fda64d54e.jpg,55cca48fda64d54ecfc49ed649c173bf79e9bea29b652d4e81bf3ffd75616912,8d0f3727139bc703,JPEG,RGB,1292,1104,335995,original,AMBIGUOUS
PlantDoc,5467f6012d78d1c446145d5f582da6096f852ae8,training_candidate,Apple rust leaf,AMBIGUOUS,,train/Apple rust leaf/car-apple9.jpg,Apple rust leaf/00215_363121c669016765.jpg,363121c669016765221a1160636d3f9c0078157a5fccb1397aa8c855251a9a3e,b168d4d4d482d870,JPEG,RGB,1503,1782,478765,original,AMBIGUOUS
PlantDoc,5467f6012d78d1c446145d5f582da6096f852ae8,training_candidate,Apple rust leaf,AMBIGUOUS,,train/Apple rust leaf/car.jpg,Apple rust leaf/00216_69c1800310576281.jpg,69c18003105762817dd130ede3642566b522a1cc07944951177faa97c10951d5,92d3c39c3c9fd8e8,JPEG,RGB,700,933,65987,original,AMBIGUOUS
PlantDoc,5467f6012d78d1c446145d5f582da6096f852ae8,training_candidate,Apple rust leaf,AMBIGUOUS,,train/Apple rust leaf/car1.jpg,Apple rust leaf/00217_da3a9af451c8222b.jpg,da3a9af451c8222bb3f2e69cadd3891473d13cbcdae01f53bdfb26d5e534acc8,64482c9fcfeb4e5e,JPEG,RGB,320,320,43509,original,AMBIGUOUS
PlantDoc,5467f6012d78d1c446145d5f582da6096f852ae8,training_candidate,Apple rust leaf,AMBIGUOUS,,train/Apple rust leaf/car2.jpg,Apple rust leaf/00218_023ae6d32eab19b4.jpg,023ae6d32eab19b4cc5b961525102248cab5a910f5c1eb8ac2c282795d980c5d,11e7692937139860,JPEG,RGB,400,599,30356,original,AMBIGUOUS
PlantDoc,5467f6012d78d1c446145d5f582da6096f852ae8,training_candidate,Apple rust leaf,AMBIGUOUS,,train/Apple rust leaf/cd6bfd6bfbcac781bd496bf13845fb0f.jpg,Apple rust leaf/00219_7b53aa89bd2a7499.jpg,7b53aa89bd2a7499f048a5afd2ed6337f2e3528b04cc7f722cbedca844e33950,0934b4863aa6d6b2,JPEG,RGB,360,360,30083,original,AMBIGUOUS
PlantDoc,5467f6012d78d1c446145d5f582da6096f852ae8,training_candidate,Apple rust leaf,AMBIGUOUS,,train/Apple rust leaf/cedapp04_lg.jpg,Apple rust leaf/00220_3f30ae4f1860006a.jpg,3f30ae4f1860006a2d6031b9e63c7c8556035ebfd57bcde60ba50bba4d11e8f0,cbbc71c2842c6caf,JPEG,RGB,755,516,49610,original,AMBIGUOUS
PlantDoc,5467f6012d78d1c446145d5f582da6096f852ae8,training_candidate,Apple rust leaf,AMBIGUOUS,,train/Apple rust leaf/cedar%20apple%20rust%20lower%20leaf%20haw%20S%202%20ne%20OH%20RA%209-2-16.jpg,Apple rust leaf/00221_1c78dc97edadb1ca.jpg,1c78dc97edadb1ca8091534091108f22344d46c9ce00e409c5f1f6054517b476,63e369493d69b527,JPEG,RGB,2440,1830,1755653,original,AMBIGUOUS
PlantDoc,5467f6012d78d1c446145d5f582da6096f852ae8,training_candidate,Apple rust leaf,AMBIGUOUS,,train/Apple rust leaf/cedar%20apple%20rust%20upper%20leaf%20surface%20S%20ne%20OH%20RA%209-2-16.jpg,Apple rust leaf/00222_bedee8f438f7ad80.jpg,bedee8f438f7ad80ecd59006ed87f0ceda35ee873c8dd26f9e96fe95a591ea79,5c6d458aebebe160,JPEG,RGB,2480,1860,1874331,original,AMBIGUOUS
PlantDoc,5467f6012d78d1c446145d5f582da6096f852ae8,training_candidate,Apple rust leaf,AMBIGUOUS,,train/Apple rust leaf/cedar-apple-rest-225x300.jpg,Apple rust leaf/00223_0201fbdf70fedb73.jpg,0201fbdf70fedb731faa24fddfe9bf87989122aa5173ca13deb996a14f382e71,91e431e0e0c0c0e5,JPEG,RGB,225,300,15288,original,AMBIGUOUS
PlantDoc,5467f6012d78d1c446145d5f582da6096f852ae8,training_candidate,Apple rust leaf,AMBIGUOUS,,train/Apple rust leaf/cedar-apple-rust-gymnosporangium-juniperi-pustules-on-apple-leaf-lower-c99tfp.jpg,Apple rust leaf/00224_72b1989e3cc58d4b.jpg,72b1989e3cc58d4b1b4666411fd9f94927d842b5bebf4387f5beed86af183ae0,588e1733138306b4,JPEG,RGB,435,540,54752,original,AMBIGUOUS
PlantDoc,5467f6012d78d1c446145d5f582da6096f852ae8,training_candidate,Apple rust leaf,AMBIGUOUS,,train/Apple rust leaf/cedar-apple-rust-gymnosporangium-juniperi-pustules-on-apple-leaf-lower-surface-X12A9H.jpg,Apple rust leaf/00225_2b7cdaaad48f431b.jpg,2b7cdaaad48f431b89a976bf6b1497a2ef2bf715f0f24e6c3025f9425fb06ae9,458e1733373e1cd9,JPEG,RGB,1087,1390,185014,original,AMBIGUOUS
PlantDoc,5467f6012d78d1c446145d5f582da6096f852ae8,training_candidate,Apple rust leaf,AMBIGUOUS,,train/Apple rust leaf/cedar-apple-rust.jpg,Apple rust leaf/00226_b3c54bd2bb932e25.jpg,b3c54bd2bb932e25a41372b918f6054adf6d018afa0f239b3ffd5db641d27d33,3d7cb4e65352965c,JPEG,RGB,270,270,26661,original,AMBIGUOUS
PlantDoc,5467f6012d78d1c446145d5f582da6096f852ae8,training_candidate,Apple rust leaf,AMBIGUOUS,,train/Apple rust leaf/cedar-apple-rust_fig-1.jpg,Apple rust leaf/00227_7570c4bc6c12ae9d.jpg,7570c4bc6c12ae9d57e45c94f6d9126a699b79a9fc693b97d481deaeb1648813,1cdc64dca83b567c,JPEG,RGB,3456,2592,3189223,original,AMBIGUOUS
PlantDoc,5467f6012d78d1c446145d5f582da6096f852ae8,training_candidate,Apple rust leaf,AMBIGUOUS,,train/Apple rust leaf/cedar-apple-rust_fig-2.jpg,Apple rust leaf/00228_65fe7a27bcad4e64.jpg,65fe7a27bcad4e64a0d370df7e7db3dfa2bd4c7c7e69f4b0606c34ac3a721a13,83913432160c60cd,JPEG,RGB,1635,1245,527433,original,AMBIGUOUS
PlantDoc,5467f6012d78d1c446145d5f582da6096f852ae8,training_candidate,Apple rust leaf,AMBIGUOUS,,train/Apple rust leaf/cedar-apple-rust_fig-3.jpg,Apple rust leaf/00229_d404d2e04634d97e.jpg,d404d2e04634d97e69edf13d933d48975c03bbb1c8044974a0ee730f39a74653,9ff3ab5ddc5bf4e6,JPEG,RGB,5184,3456,4620609,original,AMBIGUOUS
PlantDoc,5467f6012d78d1c446145d5f582da6096f852ae8,training_candidate,Apple rust leaf,AMBIGUOUS,,train/Apple rust leaf/cedar_apple_rust_3.JPG?1362772840.jpg,Apple rust leaf/00230_93d5e66314ea4585.jpg,93d5e66314ea458586e9021ba2f6f6d712f3b9c53185db431ee98098abfba387,da10cdce46432725,JPEG,RGB,220,300,25927,original,AMBIGUOUS
PlantDoc,5467f6012d78d1c446145d5f582da6096f852ae8,training_candidate,Apple rust leaf,AMBIGUOUS,,train/Apple rust leaf/cedar_apple_rust_leaf.jpg,Apple rust leaf/00231_aceb7f18c37695d0.jpg,aceb7f18c37695d0a61416b613034dc2cefbd017c2b5515f0643c999fac52dce,9cc9e1ccc6c6c3c2,JPEG,RGB,550,412,96286,original,AMBIGUOUS
PlantDoc,5467f6012d78d1c446145d5f582da6096f852ae8,training_candidate,Apple rust leaf,AMBIGUOUS,,train/Apple rust leaf/cedar_apple_rust_on_jonagold_2.jpg,Apple rust leaf/00232_3eb077a227a5539e.jpg,3eb077a227a5539e159129e7acbe391c8e9c84dbcff482527e8f0908cc037daf,1d3dee8eed6b67d3,JPEG,RGB,640,480,29734,original,AMBIGUOUS
PlantDoc,5467f6012d78d1c446145d5f582da6096f852ae8,training_candidate,Apple rust leaf,AMBIGUOUS,,train/Apple rust leaf/cedar_apple_rust_on_jonagold_3.jpg,Apple rust leaf/00233_1368c5edf962de6d.jpg,1368c5edf962de6d2e7d29a5e741e42c6a24f73456b3c39857512afc56237668,33373c78f9b9838f,JPEG,RGB,640,480,32103,original,AMBIGUOUS
PlantDoc,5467f6012d78d1c446145d5f582da6096f852ae8,training_candidate,Apple rust leaf,AMBIGUOUS,,train/Apple rust leaf/crab-apple-tree-leaves.jpg,Apple rust leaf/00234_86012f53f7a1a9b0.jpg,86012f53f7a1a9b0b6816bbcefcd6289af6f99b8fcdb68f9bfd67dca37efe419,ccb0ebe531389ac3,JPEG,RGB,1200,900,282187,original,AMBIGUOUS
PlantDoc,5467f6012d78d1c446145d5f582da6096f852ae8,training_candidate,Apple rust leaf,AMBIGUOUS,,train/Apple rust leaf/frog-eye-leaf-spot-on-crabapple-grabowski.jpg,Apple rust leaf/00235_0a8a997b6c0b9b6e.jpg,0a8a997b6c0b9b6ee961cae7846e2f92fdfeed2d607ae7a67586c484bf708aec,933b6b67e5491706,JPEG,RGB,600,450,74706,original,AMBIGUOUS
PlantDoc,5467f6012d78d1c446145d5f582da6096f852ae8,training_candidate,Apple rust leaf,AMBIGUOUS,,train/Apple rust leaf/image1_14.jpeg.jpg,Apple rust leaf/00236_b8a28d58a7208da0.jpg,b8a28d58a7208da069ad08f37b0c1b0bf69098016f8c678118604bb09d2f1dd2,0169293233a8d1e3,JPEG,RGB,640,430,389997,original,AMBIGUOUS
PlantDoc,5467f6012d78d1c446145d5f582da6096f852ae8,training_candidate,Apple rust leaf,AMBIGUOUS,,train/Apple rust leaf/nPP7P.jpg,Apple rust leaf/00237_0cd79cbe738a246d.jpg,0cd79cbe738a246d2c19c57684fdbed8a85f3f110f2d1b3a6b7c9c052ef577b2,c40e7bcb7ad2923b,JPEG,RGB,1280,960,264173,original,AMBIGUOUS
PlantDoc,5467f6012d78d1c446145d5f582da6096f852ae8,training_candidate,Apple rust leaf,AMBIGUOUS,,train/Apple rust leaf/pix053.jpg,Apple rust leaf/00238_a1cfda1e977c0f87.jpg,a1cfda1e977c0f87bcb5a43eec3b0a3683e33d3db789cc376af721f73ff2d899,ec600736266f5c9e,JPEG,RGB,227,270,57716,original,AMBIGUOUS
PlantDoc,5467f6012d78d1c446145d5f582da6096f852ae8,training_candidate,Apple rust leaf,AMBIGUOUS,,train/Apple rust leaf/quince5_600px.jpg,Apple rust leaf/00239_5b8855836c0a5e59.jpg,5b8855836c0a5e59f35f5273e68e381b53a12acda9afdedb454b1d34ce0745c5,f1b3606529b95800,JPEG,RGB,600,450,35499,original,AMBIGUOUS
PlantDoc,5467f6012d78d1c446145d5f582da6096f852ae8,training_candidate,Apple rust leaf,AMBIGUOUS,,train/Apple rust leaf/rust-0450.jpg,Apple rust leaf/00240_04778924e9867605.jpg,04778924e9867605ca2a14e3856c6ca3681bda808b16bd03bde251bc579a5c08,1f075a4201212106,JPEG,RGB,1000,788,716036,original,AMBIGUOUS
PlantDoc,5467f6012d78d1c446145d5f582da6096f852ae8,training_candidate,Apple rust leaf,AMBIGUOUS,,train/Apple rust leaf/stock-photo-apple-leaf-damaged-by-apple-rust-mite-a-common-arthropod-in-european-apple-orchards-galls-698959369.jpg,Apple rust leaf/00241_2497f0c5143d6bf6.jpg,2497f0c5143d6bf68b16de83c22dcac119bd9b102089fea8069606e0a56978ae,6769a3a761615c69,JPEG,RGB,450,320,29578,original,AMBIGUOUS
PlantDoc,5467f6012d78d1c446145d5f582da6096f852ae8,training_candidate,Apple rust leaf,AMBIGUOUS,,train/Apple rust leaf/thumb-20130802_111648.jpg,Apple rust leaf/00242_25cd61bc03518ad0.jpg,25cd61bc03518ad06ed81432fbb9a676dbf8db431de1593c77b18bee8f0acd6a,383c4dc1e2e6ed09,JPEG,RGB,700,933,110002,original,AMBIGUOUS
PlantDoc,5467f6012d78d1c446145d5f582da6096f852ae8,training_candidate,Apple rust leaf,AMBIGUOUS,,train/Apple rust leaf/thumb-20130802_112143.jpg,Apple rust leaf/00243_62d82f1fc5433dfc.jpg,62d82f1fc5433dfc5f214ba7aa660dca5c3377d32acbd42d36fd1cfe6255bbf5,0f4fc761f83903ff,JPEG,RGB,700,933,74059,original,AMBIGUOUS
PlantDoc,5467f6012d78d1c446145d5f582da6096f852ae8,training_candidate,Apple rust leaf,AMBIGUOUS,,train/Apple rust leaf/tree-problems-cedar-apple-rust-apple-leaf-475x350.jpg,Apple rust leaf/00244_98a229ab2c0303f4.jpg,98a229ab2c0303f46a184389e8bef902ddc34a8aa07854b732240ef9b229521a,273f3f1311898927,JPEG,RGB,475,350,36843,original,AMBIGUOUS
PlantDoc,5467f6012d78d1c446145d5f582da6096f852ae8,training_candidate,Bell_pepper leaf spot,AMBIGUOUS,,train/Bell_pepper leaf spot/0.jpg,Bell_pepper leaf spot/00245_a9336d6dd7351b26.jpg,a9336d6dd7351b26d591c57901c78c51c6477bad7b154df463c1121b04ab433c,4811333c66b3b249,JPEG,RGB,220,376,41350,original,AMBIGUOUS
PlantDoc,5467f6012d78d1c446145d5f582da6096f852ae8,training_candidate,Bell_pepper leaf spot,AMBIGUOUS,,train/Bell_pepper leaf spot/0000.jpg,Bell_pepper leaf spot/00246_b4a18182103f812e.jpg,b4a18182103f812ecdafcfe1874cb71ea2813b87780cac68839478cd1f6744df,edef76f5a52410b0,JPEG,RGB,2592,1944,766652,original,AMBIGUOUS
PlantDoc,5467f6012d78d1c446145d5f582da6096f852ae8,training_candidate,Bell_pepper leaf spot,AMBIGUOUS,,train/Bell_pepper leaf spot/02.jpg,Bell_pepper leaf spot/00247_85498678373dc383.jpg,85498678373dc383a50ab91f5ee010d6464596928c98134187a181be8bfc3b84,61288acaa2e26aec,JPEG,RGB,638,479,76336,original,AMBIGUOUS
PlantDoc,5467f6012d78d1c446145d5f582da6096f852ae8,training_candidate,Bell_pepper leaf spot,AMBIGUOUS,,train/Bell_pepper leaf spot/03.jpg,Bell_pepper leaf spot/00248_77a0d25c78a3acdb.jpg,77a0d25c78a3acdb2bdb1b4412b816bb9ab2f9f7ffeb89b5f4fe1c07b9018840,61e888faaada9a9a,JPEG,RGB,638,479,77195,original,AMBIGUOUS
PlantDoc,5467f6012d78d1c446145d5f582da6096f852ae8,training_candidate,Bell_pepper leaf spot,AMBIGUOUS,,train/Bell_pepper leaf spot/04.jpg,Bell_pepper leaf spot/00249_e2bb038905a49116.jpg,e2bb038905a4911669c93cee297fc412f841bb3777df853d28edb86ed7c8021b,075e098d09706f41,JPEG,RGB,844,1500,486241,original,AMBIGUOUS
PlantDoc,5467f6012d78d1c446145d5f582da6096f852ae8,training_candidate,Bell_pepper leaf spot,AMBIGUOUS,,train/Bell_pepper leaf spot/05.jpg,Bell_pepper leaf spot/00250_267058d886dd7bfd.jpg,267058d886dd7bfd99a291d924089e18438a5fd6407c3b58ec517e3a23dab40c,3bc9958d89725064,JPEG,RGB,300,300,76798,original,AMBIGUOUS
PlantDoc,5467f6012d78d1c446145d5f582da6096f852ae8,training_candidate,Bell_pepper leaf spot,AMBIGUOUS,,train/Bell_pepper leaf spot/06.jpg,Bell_pepper leaf spot/00251_281e9a364cad3801.jpg,281e9a364cad3801aee1f34218f5b8f41dbb01d92999efeecedd27580d9c7a6e,8f63d08b3e3c8c66,JPEG,RGB,844,1500,554375,original,AMBIGUOUS
PlantDoc,5467f6012d78d1c446145d5f582da6096f852ae8,training_candidate,Bell_pepper leaf spot,AMBIGUOUS,,train/Bell_pepper leaf spot/100_1657.jpg,Bell_pepper leaf spot/00252_090cdda97a505f7e.jpg,090cdda97a505f7e18c8753c8e545456efb7818b213018cdbb765eba4d4ffb00,9e3f15d46ae24a47,JPEG,RGB,2736,3648,1548796,original,AMBIGUOUS
PlantDoc,5467f6012d78d1c446145d5f582da6096f852ae8,training_candidate,Bell_pepper leaf spot,AMBIGUOUS,,train/Bell_pepper leaf spot/4-dogwood_pm.jpg,Bell_pepper leaf spot/00253_f5061a84dcfa787c.jpg,f5061a84dcfa787c48f2502d4bc0231a0bf4e0b6db0b9a8452bd2c0d85775722,6bad8c2f1dddac92,JPEG,RGB,600,400,43538,original,AMBIGUOUS
PlantDoc,5467f6012d78d1c446145d5f582da6096f852ae8,training_candidate,Bell_pepper leaf spot,AMBIGUOUS,,train/Bell_pepper leaf spot/534a.jpg,Bell_pepper leaf spot/00254_327edfd0c9db59c5.jpg,327edfd0c9db59c5fd709bfe2ad4ae328c2069a9768a8cee95adfbbfa93fe1d2,a0c68a2b0b436062,JPEG,RGB,300,200,17166,original,AMBIGUOUS
PlantDoc,5467f6012d78d1c446145d5f582da6096f852ae8,training_candidate,Bell_pepper leaf spot,AMBIGUOUS,,train/Bell_pepper leaf spot/Bacterial-spot-symptoms-on-pepper-leaves-for-web.jpg,Bell_pepper leaf spot/00255_6d18c55c9e763cf7.jpg,6d18c55c9e763cf7bc5e61cd1b445bebd4d38ac735eb86c00e3ac4cc03644a62,4c521a2edededd98,JPEG,RGB,896,504,51236,original,AMBIGUOUS
PlantDoc,5467f6012d78d1c446145d5f582da6096f852ae8,training_candidate,Bell_pepper leaf spot,AMBIGUOUS,,train/Bell_pepper leaf spot/BacterialSpot08.jpg,Bell_pepper leaf spot/00256_d0edbd7e73ccc55d.jpg,d0edbd7e73ccc55dd9cb4a43f36d2282ee06c7714cadf18932daf628f306e38b,f0f9eab41b5b3a32,JPEG,RGB,480,320,32469,original,AMBIGUOUS
PlantDoc,5467f6012d78d1c446145d5f582da6096f852ae8,training_candidate,Bell_pepper leaf spot,AMBIGUOUS,,train/Bell_pepper leaf spot/BacterialSpot09.jpg,Bell_pepper leaf spot/00257_33fc783941efae1c.jpg,33fc783941efae1c5a2eff8319aa0a8ed1dbe37f3b176868811232da983e154f,c78786366727274d,JPEG,RGB,480,320,34607,original,AMBIGUOUS
PlantDoc,5467f6012d78d1c446145d5f582da6096f852ae8,training_candidate,Bell_pepper leaf spot,AMBIGUOUS,,train/Bell_pepper leaf spot/BacterialSpot10.jpg,Bell_pepper leaf spot/00258_bde6ab558cc247c7.jpg,bde6ab558cc247c7dd832bfbb471e3ead53245deada0a61d9ea2920c5503a45d,5a58c4d0d15072a6,JPEG,RGB,300,450,28231,original,AMBIGUOUS
PlantDoc,5467f6012d78d1c446145d5f582da6096f852ae8,training_candidate,Bell_pepper leaf spot,AMBIGUOUS,,train/Bell_pepper leaf spot/BacterialSpot17.jpg,Bell_pepper leaf spot/00259_042e5bfd00f48482.jpg,042e5bfd00f4848257167e43c2d5d794087bfe2b2b4bc73d75275935837ab9fe,4c4cf4cab2f676f2,JPEG,RGB,300,450,53096,original,AMBIGUOUS
PlantDoc,5467f6012d78d1c446145d5f582da6096f852ae8,training_candidate,Bell_pepper leaf spot,AMBIGUOUS,,train/Bell_pepper leaf spot/Bacterial_leaf_spot_symptoms.jpg,Bell_pepper leaf spot/00260_e13baa15b73d9e6b.jpg,e13baa15b73d9e6b9b14e5917f16cc48c3857029388ddb1dd2fde87628c04f19,351949e8f351342d,JPEG,RGB,1024,768,173155,original,AMBIGUOUS
PlantDoc,5467f6012d78d1c446145d5f582da6096f852ae8,training_candidate,Bell_pepper leaf spot,AMBIGUOUS,,train/Bell_pepper leaf spot/FO3zR.jpg,Bell_pepper leaf spot/00261_63347b2fec3cbf90.jpg,63347b2fec3cbf90cb53a1fca99a5d4da6576aab28739c58daebf417845344a1,cc9e178eeeebafb6,JPEG,RGB,3366,2496,764612,original,AMBIGUOUS
PlantDoc,5467f6012d78d1c446145d5f582da6096f852ae8,training_candidate,Bell_pepper leaf spot,AMBIGUOUS,,train/Bell_pepper leaf spot/G3O1I.jpg,Bell_pepper leaf spot/00262_ee564eb12420d335.jpg,ee564eb12420d335d468a9c5157c06256a0d436d706c786bc8882614dd4e2e6d,d91939582af8763e,JPEG,RGB,2448,3264,531269,original,AMBIGUOUS
PlantDoc,5467f6012d78d1c446145d5f582da6096f852ae8,training_candidate,Bell_pepper leaf spot,AMBIGUOUS,,train/Bell_pepper leaf spot/GX3DYbwOynSj6HftBUajAw_m.jpg,Bell_pepper leaf spot/00263_74604b476732ac20.jpg,74604b476732ac206b4a7731ff5e19f05954173ff2942b8992088d789c139e55,c2901c76359f8998,JPEG,RGB,240,180,18429,original,AMBIGUOUS
PlantDoc,5467f6012d78d1c446145d5f582da6096f852ae8,training_candidate,Bell_pepper leaf spot,AMBIGUOUS,,train/Bell_pepper leaf spot/Habanero1.jpg,Bell_pepper leaf spot/00264_cb8a9484f1af1dae.jpg,cb8a9484f1af1daee4444ad083bc84c35ccd9ed91c05ca373906752899294a00,ec4e4b973736712b,JPEG,RGB,640,480,227979,original,AMBIGUOUS
PlantDoc,5467f6012d78d1c446145d5f582da6096f852ae8,training_candidate,Bell_pepper leaf spot,AMBIGUOUS,,train/Bell_pepper leaf spot/IMG_0945.jpg,Bell_pepper leaf spot/00265_4cfb3ebd58cccf1b.jpg,4cfb3ebd58cccf1b1b247fed0d20e0136097cdcfdd8566f5e5db8e8e206767ca,65246265452464e6,JPEG,RGB,640,480,65225,original,AMBIGUOUS
PlantDoc,5467f6012d78d1c446145d5f582da6096f852ae8,training_candidate,Bell_pepper leaf spot,AMBIGUOUS,,train/Bell_pepper leaf spot/IMG_6029-001_1500x1500%253E.JPG?1403119544.jpg,Bell_pepper leaf spot/00266_13c23e54538a1db8.jpg,13c23e54538a1db86a9effa07d11a59d80e855a6801a1029a5051ffce75e7193,b7b3b2b1f9a81e7a,JPEG,RGB,800,600,182197,original,AMBIGUOUS
PlantDoc,5467f6012d78d1c446145d5f582da6096f852ae8,training_candidate,Bell_pepper leaf spot,AMBIGUOUS,,train/Bell_pepper leaf spot/P5270397.JPG.jpg,Bell_pepper leaf spot/00267_35f29587ecd2274b.jpg,35f29587ecd2274b74588e14059f6a75d9339fce8b97c8b772c9aa4f04f59187,533b2cc81b9f9bb9,JPEG,RGB,1600,1200,261797,original,AMBIGUOUS
PlantDoc,5467f6012d78d1c446145d5f582da6096f852ae8,training_candidate,Bell_pepper leaf spot,AMBIGUOUS,,train/Bell_pepper leaf spot/Pepper-BLS-Leaf_93303-e1370119902259.jpg,Bell_pepper leaf spot/00268_cf3f5302e71086de.jpg,cf3f5302e71086de1fc350519196c7a36433b55de5ac4d43b72495f146e2099c,4cdc79f0e1b4cfcb,JPEG,RGB,3000,4000,1956389,original,AMBIGUOUS
PlantDoc,5467f6012d78d1c446145d5f582da6096f852ae8,training_candidate,Bell_pepper leaf spot,AMBIGUOUS,,train/Bell_pepper leaf spot/Pepper-problem.jpg,Bell_pepper leaf spot/00269_15a63e3baa8998e0.jpg,15a63e3baa8998e0b44194a44d4194b7069012e5be53c17cb58d7302458ef2fe,b65badb3b35b99cc,JPEG,RGB,900,675,167138,original,AMBIGUOUS
PlantDoc,5467f6012d78d1c446145d5f582da6096f852ae8,training_candidate,Bell_pepper leaf spot,AMBIGUOUS,,train/Bell_pepper leaf spot/PepperPhytophLeaf3-2f94629.jpg,Bell_pepper leaf spot/00270_5c4134438e2d1c50.jpg,5c4134438e2d1c50dc6d9f4c45a02fa39813596f093cc8be861a59346ef38ad8,f3ddbc70332baa18,JPEG,RGB,2816,2112,2671956,original,AMBIGUOUS
PlantDoc,5467f6012d78d1c446145d5f582da6096f852ae8,training_candidate,Bell_pepper leaf spot,AMBIGUOUS,,train/Bell_pepper leaf spot/Septoria-leaf-spot.jpg,Bell_pepper leaf spot/00271_8359148b53be0c6f.jpg,8359148b53be0c6f35e0315cbfafc0a60621e699d33e0f12b847ce412ea38562,0a2c4874328a8689,JPEG,RGB,800,600,100639,original,AMBIGUOUS
PlantDoc,5467f6012d78d1c446145d5f582da6096f852ae8,training_candidate,Bell_pepper leaf spot,AMBIGUOUS,,train/Bell_pepper leaf spot/TCSV_Pepper%20%284%29.jpg,Bell_pepper leaf spot/00272_f2ccdde186355386.jpg,f2ccdde186355386ca4ee3361bb27613faf7bdb0b164093e53204211f67dc94a,1b7708293276f4b4,JPEG,RGB,540,720,318183,original,AMBIGUOUS
PlantDoc,5467f6012d78d1c446145d5f582da6096f852ae8,training_candidate,Bell_pepper leaf spot,AMBIGUOUS,,train/Bell_pepper leaf spot/TCSV_Pepper%20%285%29.jpg,Bell_pepper leaf spot/00273_e0b3b6beb516893d.jpg,e0b3b6beb516893dee04020addd430d147ffdcb1aa40a398be4cb5116179b482,7dccc8783e2ec4cf,JPEG,RGB,540,720,324762,original,AMBIGUOUS
PlantDoc,5467f6012d78d1c446145d5f582da6096f852ae8,training_candidate,Bell_pepper leaf spot,AMBIGUOUS,,train/Bell_pepper leaf spot/TCSV_Pepper%20%286%29.jpg,Bell_pepper leaf spot/00274_bf31f95b598bc4cb.jpg,bf31f95b598bc4cbb46225d13837c3ec26967c20d762c5b7d126f7d24ae6f085,e4985444d0189cf0,JPEG,RGB,720,540,341960,original,AMBIGUOUS
PlantDoc,5467f6012d78d1c446145d5f582da6096f852ae8,training_candidate,Bell_pepper leaf spot,AMBIGUOUS,,train/Bell_pepper leaf spot/bJrFf.jpg,Bell_pepper leaf spot/00275_67b03973223ef8de.jpg,67b03973223ef8de9eb7372225af4487598aacec38a6a3222eb150f17c32457e,999f36ec5db77325,JPEG,RGB,3264,2448,537581,original,AMBIGUOUS
PlantDoc,5467f6012d78d1c446145d5f582da6096f852ae8,training_candidate,Bell_pepper leaf spot,AMBIGUOUS,,train/Bell_pepper leaf spot/bacspot_confused_w_pseudomonas.jpg,Bell_pepper leaf spot/00276_e7cf9aaf629c0b05.jpg,e7cf9aaf629c0b05e434bbe1c3aaff889bf94cf9f38233e5ca3f5e9fdd214051,38222767430b2ac8,JPEG,RGB,900,482,117819,original,AMBIGUOUS
PlantDoc,5467f6012d78d1c446145d5f582da6096f852ae8,training_candidate,Bell_pepper leaf spot,AMBIGUOUS,,train/Bell_pepper leaf spot/bacterial-leaf-spot-on-peppers.jpg,Bell_pepper leaf spot/00277_7727464cb354aaef.jpg,7727464cb354aaefa0a63628f018612719f5f386c9cff8405ab4508bb1f1e44f,ca9c8c8e9fcd4d6d,JPEG,RGB,1536,1040,161981,original,AMBIGUOUS
PlantDoc,5467f6012d78d1c446145d5f582da6096f852ae8,training_candidate,Bell_pepper leaf spot,AMBIGUOUS,,train/Bell_pepper leaf spot/bacterialCanker08-129kre6-on-pepper-50-QUALITY-1tzxf2r.jpg,Bell_pepper leaf spot/00278_92bc2f724482a296.jpg,92bc2f724482a29611bf8255e6e02751a7891fe03dfc1f2455e10fd135f38b79,981c0e0e1e9f3c3c,JPEG,RGB,667,500,55281,original,AMBIGUOUS
PlantDoc,5467f6012d78d1c446145d5f582da6096f852ae8,training_candidate,Bell_pepper leaf spot,AMBIGUOUS,,train/Bell_pepper leaf spot/bacterial_leaf_spot_pepper_plant_l.jpg,Bell_pepper leaf spot/00279_b1106d0ef35b564f.jpg,b1106d0ef35b564f9eedba3c1b0be5e9001f3d8d247bb653c303d9e8281e3b69,1336269f2e6f6f3f,JPEG,RGB,400,300,30297,original,AMBIGUOUS
PlantDoc,5467f6012d78d1c446145d5f582da6096f852ae8,training_candidate,Bell_pepper leaf spot,AMBIGUOUS,,train/Bell_pepper leaf spot/bacterialspot3_600px.jpg,Bell_pepper leaf spot/00280_c8fec9ceec054a2b.jpg,c8fec9ceec054a2b9ef48ce7efe756ec11a981052efc4ed862492f7ff5a0c837,17a7e7496ba92d46,JPEG,RGB,600,800,83541,original,AMBIGUOUS
PlantDoc,5467f6012d78d1c446145d5f582da6096f852ae8,training_candidate,Bell_pepper leaf spot,AMBIGUOUS,,train/Bell_pepper leaf spot/e2Vlc.jpg,Bell_pepper leaf spot/00281_7b7915b93b38eb52.jpg,7b7915b93b38eb52ea71f74d0d6b95ca69adc1e34077cdec5897e37faa4777df,4fc3d1d9e8f4d99b,JPEG,RGB,2448,3264,442156,original,AMBIGUOUS
PlantDoc,5467f6012d78d1c446145d5f582da6096f852ae8,training_candidate,Bell_pepper leaf spot,AMBIGUOUS,,train/Bell_pepper leaf spot/e4d0e5.jpg,Bell_pepper leaf spot/00282_46fc56a2ecb6feba.jpg,46fc56a2ecb6feba4d27fd4caeebeb7d5d998c5dbd732f622c17d43443fac129,2f4c9a1a181c190b,JPEG,RGB,800,600,186125,original,AMBIGUOUS
PlantDoc,5467f6012d78d1c446145d5f582da6096f852ae8,training_candidate,Bell_pepper leaf spot,AMBIGUOUS,,train/Bell_pepper leaf spot/ed8e20.jpg,Bell_pepper leaf spot/00283_507eae3c5bad729b.jpg,507eae3c5bad729b1b0d0114526c6eb1659d08157d7c2c3b9694ec183406d3a7,63c7c2262416b01c,JPEG,RGB,800,600,193618,original,AMBIGUOUS
PlantDoc,5467f6012d78d1c446145d5f582da6096f852ae8,training_candidate,Bell_pepper leaf spot,AMBIGUOUS,,train/Bell_pepper leaf spot/figure1.jpg,Bell_pepper leaf spot/00284_a2a7ae9c58c674e7.jpg,a2a7ae9c58c674e798965f3f65d1dbbc4797f239c67e6ff38c1b6653179dbd44,cccce86ccccccccc,JPEG,RGB,400,329,146085,original,AMBIGUOUS
PlantDoc,5467f6012d78d1c446145d5f582da6096f852ae8,training_candidate,Bell_pepper leaf spot,AMBIGUOUS,,train/Bell_pepper leaf spot/file.php?id=5336&t=1.jpg,Bell_pepper leaf spot/00285_283797d5ea8f2cec.jpg,283797d5ea8f2cece37b2d0d2f8deafda851e93a194c9c4e32d375536fbba128,0f3777e1d5697313,JPEG,RGB,300,400,25206,original,AMBIGUOUS
PlantDoc,5467f6012d78d1c446145d5f582da6096f852ae8,training_candidate,Bell_pepper leaf spot,AMBIGUOUS,,train/Bell_pepper leaf spot/gray-leaf-spot-disease-on-260nw-559799659.jpg,Bell_pepper leaf spot/00286_529c457e50f00147.jpg,529c457e50f00147fb999496da701d921d996fd21a351cd1d6ea8d54bf1b2329,6afbea24b389a5ac,JPEG,RGB,347,280,33536,original,AMBIGUOUS
PlantDoc,5467f6012d78d1c446145d5f582da6096f852ae8,training_candidate,Bell_pepper leaf spot,AMBIGUOUS,,train/Bell_pepper leaf spot/green-pepper-plant-diseases-bacterial-spot-on-pepper-plant-green-pepper-plant-diseases-photos.jpg,Bell_pepper leaf spot/00287_9c3bc93d2381f7b2.jpg,9c3bc93d2381f7b26b7ef9556439686e157304068c6cf1fe62338340a158af22,054f87373524074b,JPEG,RGB,700,525,66914,original,AMBIGUOUS
PlantDoc,5467f6012d78d1c446145d5f582da6096f852ae8,training_candidate,Bell_pepper leaf spot,AMBIGUOUS,,train/Bell_pepper leaf spot/image_1500x1500%253E.jpeg?1467983528.jpg,Bell_pepper leaf spot/00288_cc201610a8a8288d.jpg,cc201610a8a8288d6d55d02fc26490deb79ac1e1ae720a12244c0e3e2cacece2,66c642716b8e9419,JPEG,RGB,1500,1120,703398,original,AMBIGUOUS
PlantDoc,5467f6012d78d1c446145d5f582da6096f852ae8,training_candidate,Bell_pepper leaf spot,AMBIGUOUS,,train/Bell_pepper leaf spot/image_1500x1500%253E.jpeg?1472603885.jpg,Bell_pepper leaf spot/00289_25b0571b5676d2c1.jpg,25b0571b5676d2c1859fca721650569e603e0c1e2335f293377e940b62a37b1f,3062f0b089a0e3dd,JPEG,RGB,1500,1120,461989,original,AMBIGUOUS
PlantDoc,5467f6012d78d1c446145d5f582da6096f852ae8,training_candidate,Bell_pepper leaf spot,AMBIGUOUS,,train/Bell_pepper leaf spot/image_300x300%2523.jpeg?1472603885.jpg,Bell_pepper leaf spot/00290_0a4d910ca2943dc4.jpg,0a4d910ca2943dc49831d41d7e6e908f3123c0120141797d359425e8fa655b5c,71e1d070cc60639c,JPEG,RGB,300,300,38042,original,AMBIGUOUS
PlantDoc,5467f6012d78d1c446145d5f582da6096f852ae8,training_candidate,Bell_pepper leaf spot,AMBIGUOUS,,train/Bell_pepper leaf spot/image_300x300%2523.jpeg?1472603886.jpg,Bell_pepper leaf spot/00291_26fa91e7d8573fc2.jpg,26fa91e7d8573fc27d5fd5c270110dbe75aace96dda2d6865d12ed39d18aed78,e383c1e2ca0b965c,JPEG,RGB,300,300,68484,original,AMBIGUOUS
PlantDoc,5467f6012d78d1c446145d5f582da6096f852ae8,training_candidate,Bell_pepper leaf spot,AMBIGUOUS,,train/Bell_pepper leaf spot/image_original.jpeg?1472603885.jpg,Bell_pepper leaf spot/00292_40899946df44642b.jpg,40899946df44642bf0baf19c78b6ed03d76b44c7384bd5b1b2de4cae29cf5486,3062f0b089a0e3dd,JPEG,RGB,2592,1936,1111584,original,AMBIGUOUS
PlantDoc,5467f6012d78d1c446145d5f582da6096f852ae8,training_candidate,Bell_pepper leaf spot,AMBIGUOUS,,train/Bell_pepper leaf spot/image_original.jpeg?1472603886.jpg,Bell_pepper leaf spot/00293_cd43c5a1b508cbd6.jpg,cd43c5a1b508cbd6254912337b3c9dc771a60d0a0b3d4fdb914b82709b825e06,66c642716b8e9419,JPEG,RGB,2592,1936,1680754,original,AMBIGUOUS
PlantDoc,5467f6012d78d1c446145d5f582da6096f852ae8,training_candidate,Bell_pepper leaf spot,AMBIGUOUS,,train/Bell_pepper leaf spot/may27pepleaes001.jpg,Bell_pepper leaf spot/00294_cf3cb6bbf7b41534.jpg,cf3cb6bbf7b41534059aa54e01764a54ae77756d315bd75b67c912dd8ad540db,1b3333731339391f,JPEG,RGB,1024,768,135514,original,AMBIGUOUS
PlantDoc,5467f6012d78d1c446145d5f582da6096f852ae8,training_candidate,Bell_pepper leaf spot,AMBIGUOUS,,train/Bell_pepper leaf spot/may27pepleaes002.jpg,Bell_pepper leaf spot/00295_a63dd04f2d3db230.jpg,a63dd04f2d3db230277c2bf5d87f9b933a0bc206d38ba112d065d55b6c1d8cb3,1f1d78647873e99c,JPEG,RGB,1024,768,119480,original,AMBIGUOUS
PlantDoc,5467f6012d78d1c446145d5f582da6096f852ae8,training_candidate,Bell_pepper leaf spot,AMBIGUOUS,,train/Bell_pepper leaf spot/pepper-plant-leaves-holes-in-pepper-plant-leaves-holes-in-pepper-plant-leaves-small-holes-in-pepper-plant-leaves-pepper-plant-leaves-eaten.jpg,Bell_pepper leaf spot/00296_18ea6a2e07e741e0.jpg,18ea6a2e07e741e00e8a47938b0f53bbb325b49c018eb28d15bac58fb5a4eb33,4f2798499190d249,JPEG,RGB,1024,683,98613,original,AMBIGUOUS
PlantDoc,5467f6012d78d1c446145d5f582da6096f852ae8,training_candidate,Bell_pepper leaf spot,AMBIGUOUS,,train/Bell_pepper leaf spot/pepper-plant-leaves-turning-yellow-plants-turning-yellow-pepper-plant-leaves-turning-yellow-with-brown-spots.jpg,Bell_pepper leaf spot/00297_f1cce3a8c0f02583.jpg,f1cce3a8c0f02583df31116d26c46476ce32a6fd29048714d3b94868f3a53c17,74f4d49cd898d8c9,JPEG,RGB,1024,683,124450,original,AMBIGUOUS
PlantDoc,5467f6012d78d1c446145d5f582da6096f852ae8,training_candidate,Bell_pepper leaf spot,AMBIGUOUS,,train/Bell_pepper leaf spot/pepper_V5a.jpg,Bell_pepper leaf spot/00298_d4aa17bda340f5c2.jpg,d4aa17bda340f5c28f6f487c1b04df7cdecc407dcbb36780d83ae80ff9febd2a,70f8f038b8e8e8b8,JPEG,RGB,350,270,11190,original,AMBIGUOUS
PlantDoc,5467f6012d78d1c446145d5f582da6096f852ae8,training_candidate,Bell_pepper leaf spot,AMBIGUOUS,,train/Bell_pepper leaf spot/pepper_bacterial-spot_02_zoom.jpg,Bell_pepper leaf spot/00299_256c151c66f14353.jpg,256c151c66f14353971a8d1721a8fa07059c0e4ddeb11a7fdc0db2dc8a7033c8,5733292416c695bc,JPEG,RGB,900,675,139101,original,AMBIGUOUS
PlantDoc,5467f6012d78d1c446145d5f582da6096f852ae8,training_candidate,Bell_pepper leaf spot,AMBIGUOUS,,train/Bell_pepper leaf spot/pepper_bacterial-spot_04_zoom.jpg,Bell_pepper leaf spot/00300_8fe03267a0033b07.jpg,8fe03267a0033b076b54e18b4c19f576d01335e004b6cc3e4bf5dc6855eb8e63,d88c8898d488a898,JPEG,RGB,900,675,118038,original,AMBIGUOUS
PlantDoc,5467f6012d78d1c446145d5f582da6096f852ae8,training_candidate,Bell_pepper leaf spot,AMBIGUOUS,,train/Bell_pepper leaf spot/pepper_phytophtera10x1200.jpg,Bell_pepper leaf spot/00301_0ab842267961b8dd.jpg,0ab842267961b8dd63bd6488f260a5c1737eaf7f702023baf9e754011c40940d,1c1911269b2b3ce9,JPEG,RGB,1200,742,198509,original,AMBIGUOUS
PlantDoc,5467f6012d78d1c446145d5f582da6096f852ae8,training_candidate,Bell_pepper leaf spot,AMBIGUOUS,,train/Bell_pepper leaf spot/pepper_phytophtera12x500.jpg,Bell_pepper leaf spot/00302_5a77e6e3f5f70c49.jpg,5a77e6e3f5f70c496a3e63705b7cd1e7bebccf2468679597627e71aaf00f50c3,6c6428ce7a3adae9,JPEG,RGB,500,667,83336,original,AMBIGUOUS
PlantDoc,5467f6012d78d1c446145d5f582da6096f852ae8,training_candidate,Bell_pepper leaf spot,AMBIGUOUS,,train/Bell_pepper leaf spot/pepperplantwithbacterialspotimg3206.jpg,Bell_pepper leaf spot/00303_33c2578f06cb3c70.jpg,33c2578f06cb3c702f645c6a2c264207a11991f247eff2224dc7c99cc7ea395e,8c51d4a267334dcc,JPEG,RGB,2592,1936,1362165,original,AMBIGUOUS
PlantDoc,5467f6012d78d1c446145d5f582da6096f852ae8,training_candidate,Bell_pepper leaf spot,AMBIGUOUS,,train/Bell_pepper leaf spot/peppers_bacterial_spot_onpeppertransplant_zoom.jpg,Bell_pepper leaf spot/00304_d68c32e07062a96b.jpg,d68c32e07062a96b9ed46f31dc2f6136b0e72c9a670115a9503c3849cbcc771e,b61c191b8e2f2949,JPEG,RGB,700,659,145379,original,AMBIGUOUS
PlantDoc,5467f6012d78d1c446145d5f582da6096f852ae8,training_candidate,Bell_pepper leaf spot,AMBIGUOUS,,train/Bell_pepper leaf spot/peppers_bacterial_spot_zoom.jpg,Bell_pepper leaf spot/00305_6e6576bfdf851d28.jpg,6e6576bfdf851d2879633424d4aedfa5d98925d166c0af466424febb2aee395d,054f87373524074b,JPEG,RGB,700,525,209550,original,AMBIGUOUS
PlantDoc,5467f6012d78d1c446145d5f582da6096f852ae8,training_candidate,Bell_pepper leaf spot,AMBIGUOUS,,train/Bell_pepper leaf spot/thrips001.jpg,Bell_pepper leaf spot/00306_39e443062cadd08f.jpg,39e443062cadd08fe23e94b0ddc87034ef85827698b45b077a5c7c0cd7596e44,fdee082c7884d8ee,JPEG,RGB,202,202,11690,original,AMBIGUOUS
PlantDoc,5467f6012d78d1c446145d5f582da6096f852ae8,training_candidate,Bell_pepper leaf,AMBIGUOUS,,train/Bell_pepper leaf/004-10.jpg,Bell_pepper leaf/00307_13d18cc07dee0acb.jpg,13d18cc07dee0acbf1ef414d0d09a7d442d47b49d726b99df207e4deead7fe97,65613f9bb5955bd8,JPEG,RGB,640,480,197363,original,AMBIGUOUS
PlantDoc,5467f6012d78d1c446145d5f582da6096f852ae8,training_candidate,Bell_pepper leaf,AMBIGUOUS,,train/Bell_pepper leaf/007.JPG.jpg,Bell_pepper leaf/00308_330c8a29544d916d.jpg,330c8a29544d916d6de245ccf7fe3aa755d7c9999e4ce4684683c58f858dd752,25153877b3736db9,JPEG,RGB,2448,3264,3787525,original,AMBIGUOUS
PlantDoc,5467f6012d78d1c446145d5f582da6096f852ae8,training_candidate,Bell_pepper leaf,AMBIGUOUS,,train/Bell_pepper leaf/0f3sA.jpg,Bell_pepper leaf/00309_08932ae22795ccf9.jpg,08932ae22795ccf9702a013d13eef6a93fc1049c33e3bff31f459a9c142cde64,5347569e9db19bba,JPEG,RGB,1032,581,207993,original,AMBIGUOUS
PlantDoc,5467f6012d78d1c446145d5f582da6096f852ae8,training_candidate,Bell_pepper leaf,AMBIGUOUS,,train/Bell_pepper leaf/14ec45.jpg,Bell_pepper leaf/00310_9b117190dfe1fc89.jpg,9b117190dfe1fc891dcb97fc95be4e7dc9d608503a7718cf05c2b11e29ffec51,7cf061e191911690,JPEG,RGB,440,330,33985,original,AMBIGUOUS
PlantDoc,5467f6012d78d1c446145d5f582da6096f852ae8,training_candidate,Bell_pepper leaf,AMBIGUOUS,,train/Bell_pepper leaf/2477703364_0c94646b48.jpg,Bell_pepper leaf/00311_0960dc5cb5f9a771.jpg,0960dc5cb5f9a7711d037d59af37f3a70dbac7385f8e2c82e0feb5bb9effccc7,c8c6e34e94b7a566,JPEG,RGB,500,336,122664,original,AMBIGUOUS
PlantDoc,5467f6012d78d1c446145d5f582da6096f852ae8,training_candidate,Bell_pepper leaf,AMBIGUOUS,,train/Bell_pepper leaf/28a593.jpg,Bell_pepper leaf/00312_6035715c63c45d3e.jpg,6035715c63c45d3ee4696bbfdaecc50460332a2b24bfe0f3e828a1b9ddb26b6c,743420286450c040,JPEG,RGB,440,330,38369,original,AMBIGUOUS
PlantDoc,5467f6012d78d1c446145d5f582da6096f852ae8,training_candidate,Bell_pepper leaf,AMBIGUOUS,,train/Bell_pepper leaf/387502.jpg,Bell_pepper leaf/00313_299f7a5411a52351.jpg,299f7a5411a52351c1049a845fe606dfb378c36bd22ee3ce55ed4e1f89788c25,4282cc5ebc9665b0,JPEG,RGB,800,600,82349,original,AMBIGUOUS
PlantDoc,5467f6012d78d1c446145d5f582da6096f852ae8,training_candidate,Bell_pepper leaf,AMBIGUOUS,,train/Bell_pepper leaf/5493139683d035a18fd0dfa12893f38b--outdoor-decor-worms.jpg,Bell_pepper leaf/00314_d273423d0ee7304f.jpg,d273423d0ee7304f39a66d3f8d9ef66b0c6319c8f81b729e9ce2c459f0dc3cc6,67cfea72f9c9e56f,JPEG,RGB,236,314,16977,original,AMBIGUOUS
PlantDoc,5467f6012d78d1c446145d5f582da6096f852ae8,training_candidate,Bell_pepper leaf,AMBIGUOUS,,train/Bell_pepper leaf/951d30.jpg,Bell_pepper leaf/00315_f9edd68186d8a15c.jpg,f9edd68186d8a15cbe5d750464e362a7106d18aabfa99db50cf8634ae28302bb,ffefefc58692b298,JPEG,RGB,600,450,131298,original,AMBIGUOUS
PlantDoc,5467f6012d78d1c446145d5f582da6096f852ae8,training_candidate,Bell_pepper leaf,AMBIGUOUS,,train/Bell_pepper leaf/Bell-pepper-leaves.jpg,Bell_pepper leaf/00316_3852ec4ad76226fc.jpg,3852ec4ad76226fcb4be713949b581036e5e39cce3b1979f0ebc1352e9fc87c0,1f33c1e13c1e160e,JPEG,RGB,498,374,112366,original,AMBIGUOUS
PlantDoc,5467f6012d78d1c446145d5f582da6096f852ae8,training_candidate,Bell_pepper leaf,AMBIGUOUS,,train/Bell_pepper leaf/Bell-pepper-plant.JPG.jpg,Bell_pepper leaf/00317_f26da5e5df30af8c.jpg,f26da5e5df30af8ca2e65914a37acde6711c561edf543ede54da7b5176118139,b7b6f1fdf866e343,JPEG,RGB,768,1024,296862,original,AMBIGUOUS
PlantDoc,5467f6012d78d1c446145d5f582da6096f852ae8,training_candidate,Bell_pepper leaf,AMBIGUOUS,,train/Bell_pepper leaf/CMZEb.jpg,Bell_pepper leaf/00318_fccbfa9e133c2a01.jpg,fccbfa9e133c2a0129561464adc43fc13d2d8eb0105b922c1e81024c506d7885,49308eb131333031,JPEG,RGB,2371,3162,779943,original,AMBIGUOUS
PlantDoc,5467f6012d78d1c446145d5f582da6096f852ae8,training_candidate,Bell_pepper leaf,AMBIGUOUS,,train/Bell_pepper leaf/DSC04477.JPG.jpg,Bell_pepper leaf/00319_f09d8015b62f7b73.jpg,f09d8015b62f7b73a928b3e20362905df520e78ce56d517e9f1d090805fcea3f,64849b131b7be666,JPEG,RGB,1600,1067,339652,original,AMBIGUOUS
PlantDoc,5467f6012d78d1c446145d5f582da6096f852ae8,training_candidate,Bell_pepper leaf,AMBIGUOUS,,train/Bell_pepper leaf/DSCN0652.jpg,Bell_pepper leaf/00320_12b6c4b6f74e2548.jpg,12b6c4b6f74e2548e4f015d7226315173d9bcf56022a14eab80647b1d13445b4,424bcecd8d0d2d2f,JPEG,RGB,640,480,208230,original,AMBIGUOUS
PlantDoc,5467f6012d78d1c446145d5f582da6096f852ae8,training_candidate,Bell_pepper leaf,AMBIGUOUS,,train/Bell_pepper leaf/DSCN3768.JPG.jpg,Bell_pepper leaf/00321_147bb389f2c8cc83.jpg,147bb389f2c8cc83948e466fb052f35b7c31e2b9ae1a2fd0731b5d41268c8031,30682996969b5550,JPEG,RGB,1600,1200,351063,original,AMBIGUOUS
PlantDoc,5467f6012d78d1c446145d5f582da6096f852ae8,training_candidate,Bell_pepper leaf,AMBIGUOUS,,train/Bell_pepper leaf/DSCN5835_original.JPG?1472909566.jpg,Bell_pepper leaf/00322_febdb5abdd0efe3e.jpg,febdb5abdd0efe3e8d6e6da62d3c186c215cb2ec6cd51ca099eef4f6d7ea6a0e,4d294a628c48ed69,JPEG,RGB,2592,1944,1153002,original,AMBIGUOUS
PlantDoc,5467f6012d78d1c446145d5f582da6096f852ae8,training_candidate,Bell_pepper leaf,AMBIGUOUS,,train/Bell_pepper leaf/IMG_1495.JPG.jpg,Bell_pepper leaf/00323_6ac96c5164ed51db.jpg,6ac96c5164ed51dbc82cee5db436ade9c46bd0a823c9e8030ce897043c44ee09,2763031f3144646f,JPEG,RGB,1600,1200,330748,original,AMBIGUOUS
PlantDoc,5467f6012d78d1c446145d5f582da6096f852ae8,training_candidate,Bell_pepper leaf,AMBIGUOUS,,train/Bell_pepper leaf/IMG_2855-1.jpg,Bell_pepper leaf/00324_8816883e85cc36d2.jpg,8816883e85cc36d24a8210dbee94460ef0cf09824d4747429529a5f865ec7c39,9aac476c6d4b0aa2,JPEG,RGB,598,799,370107,original,AMBIGUOUS
PlantDoc,5467f6012d78d1c446145d5f582da6096f852ae8,training_candidate,Bell_pepper leaf,AMBIGUOUS,,train/Bell_pepper leaf/IMG_3891.JPG?1492073147.jpg,Bell_pepper leaf/00325_6205543728ff7f71.jpg,6205543728ff7f71d6f3ca892664124bcce32355e8bc37b54996f4d43416505f,c295596363c3b93e,JPEG,RGB,480,640,162186,original,AMBIGUOUS
PlantDoc,5467f6012d78d1c446145d5f582da6096f852ae8,training_candidate,Bell_pepper leaf,AMBIGUOUS,,train/Bell_pepper leaf/M7JV1.jpg,Bell_pepper leaf/00326_7a812c37cf5f3cf3.jpg,7a812c37cf5f3cf32fa89ba855bf5a2a524e5423a3f83ae2c0f4f4cc6c3777d0,e3c0a3e78594b4d8,JPEG,RGB,1260,1596,339171,original,AMBIGUOUS
PlantDoc,5467f6012d78d1c446145d5f582da6096f852ae8,training_candidate,Bell_pepper leaf,AMBIGUOUS,,train/Bell_pepper leaf/P4190299aS.jpg,Bell_pepper leaf/00327_d5f75072c6771624.jpg,d5f75072c6771624d7a658a9313ff0b273935241be54dd8905d5d6842ee53eb9,33263732cd38b4ac,JPEG,RGB,648,690,115329,original,AMBIGUOUS
PlantDoc,5467f6012d78d1c446145d5f582da6096f852ae8,training_candidate,Bell_pepper leaf,AMBIGUOUS,,train/Bell_pepper leaf/Seminis-Turnpike-Bell-Pepper-1024x756.jpg,Bell_pepper leaf/00328_74623ff554212b2a.jpg,74623ff554212b2ab9defaf420d038d590784b995de1f74a3284afafcb54b6ca,d3df7cfd99253568,JPEG,RGB,1024,756,241106,original,AMBIGUOUS
PlantDoc,5467f6012d78d1c446145d5f582da6096f852ae8,training_candidate,Bell_pepper leaf,AMBIGUOUS,,train/Bell_pepper leaf/ac9201ad84e0987e6fdd2589258d72fd.jpg,Bell_pepper leaf/00329_e478441ee6357b96.jpg,e478441ee6357b9685c768ebb7bcd4c1e21dcc5b5f26b6b0463e0a27f3afecae,23273683d0b52564,JPEG,RGB,230,286,16214,original,AMBIGUOUS
PlantDoc,5467f6012d78d1c446145d5f582da6096f852ae8,training_candidate,Bell_pepper leaf,AMBIGUOUS,,train/Bell_pepper leaf/b085c28357a5f7839c2dcf582acc9e52.jpg,Bell_pepper leaf/00330_8196cc2b0be5c270.jpg,8196cc2b0be5c270acbf89b583351471864d21d36fe8076771c741aff2a0e1cf,6e4c9d97df3cf8f2,JPEG,RGB,736,981,71664,original,AMBIGUOUS
PlantDoc,5467f6012d78d1c446145d5f582da6096f852ae8,training_candidate,Bell_pepper leaf,AMBIGUOUS,,train/Bell_pepper leaf/bb2581.jpg,Bell_pepper leaf/00331_8e4f7e233d73674a.jpg,8e4f7e233d73674acab33731e7358a303ec8fa27f73ad12b4e7a535be03b660c,c46e2e3b33631911,JPEG,RGB,800,600,179263,original,AMBIGUOUS
PlantDoc,5467f6012d78d1c446145d5f582da6096f852ae8,training_candidate,Bell_pepper leaf,AMBIGUOUS,,train/Bell_pepper leaf/bell%20pepper%20rain%20590x330.jpg,Bell_pepper leaf/00332_a11fedbd3f78e4e5.jpg,a11fedbd3f78e4e5fd8991ddd7caaaa445c4216656d1ba88c0e41c3c9a628c50,1c1ecbd3b3b33913,JPEG,RGB,590,332,203012,original,AMBIGUOUS
PlantDoc,5467f6012d78d1c446145d5f582da6096f852ae8,training_candidate,Bell_pepper leaf,AMBIGUOUS,,train/Bell_pepper leaf/dscf1776.jpg,Bell_pepper leaf/00333_d697dc7c15ca8d1f.jpg,d697dc7c15ca8d1fc093ce525170f5666e200c1103880c6078c989686b55b277,f4fcfebdb5ece8f8,JPEG,RGB,3264,2448,1955192,original,AMBIGUOUS
PlantDoc,5467f6012d78d1c446145d5f582da6096f852ae8,training_candidate,Bell_pepper leaf,AMBIGUOUS,,train/Bell_pepper leaf/e8199bb0e4a7edf94351ca07a5aadc06.jpg,Bell_pepper leaf/00334_50e457302f0c704c.jpg,50e457302f0c704c684bc957abf8cda3f81f76e4b9184e21e638e6b83787151d,2f2795374786676a,JPEG,RGB,736,981,116368,original,AMBIGUOUS
PlantDoc,5467f6012d78d1c446145d5f582da6096f852ae8,training_candidate,Bell_pepper leaf,AMBIGUOUS,,train/Bell_pepper leaf/ee4ab32985e0f26d556ab9d6ac7d0a35.jpg,Bell_pepper leaf/00335_563f791503dc4743.jpg,563f791503dc474334e2a3babcef801362d40b406f32cc9f6c38ebb8f1b4bb43,91549c3f5a5a9a1d,JPEG,RGB,620,413,41590,original,AMBIGUOUS
PlantDoc,5467f6012d78d1c446145d5f582da6096f852ae8,training_candidate,Bell_pepper leaf,AMBIGUOUS,,train/Bell_pepper leaf/file.php?id=18598&t=1.jpg,Bell_pepper leaf/00336_f78199678e98dc8d.jpg,f78199678e98dc8d543f3a39793fa2ff40551527152d8f51b399b0dfde8d0ac4,b7c7cf9b9b99b4b4,JPEG,RGB,500,281,42593,original,AMBIGUOUS
PlantDoc,5467f6012d78d1c446145d5f582da6096f852ae8,training_candidate,Bell_pepper leaf,AMBIGUOUS,,train/Bell_pepper leaf/fotolia_4311376_XS.jpg,Bell_pepper leaf/00337_33adeef0f5b8b615.jpg,33adeef0f5b8b6159a19b3dbe2041d564e7172356fe229e349c3cef4133a970a,1f6f61797d79f0b3,JPEG,RGB,640,478,51938,original,AMBIGUOUS
PlantDoc,5467f6012d78d1c446145d5f582da6096f852ae8,training_candidate,Bell_pepper leaf,AMBIGUOUS,,train/Bell_pepper leaf/green-pepper-leaf-parks-3302644.jpg,Bell_pepper leaf/00338_9971e3b6cbf99f26.jpg,9971e3b6cbf99f269d4c5db5a7122b4a8d1c749a527b126c4c3cc4208bd982d8,515d0c862475b134,JPEG,RGB,1300,960,169553,original,AMBIGUOUS
PlantDoc,5467f6012d78d1c446145d5f582da6096f852ae8,training_candidate,Bell_pepper leaf,AMBIGUOUS,,train/Bell_pepper leaf/green-pepper-leaves-11364990.jpg,Bell_pepper leaf/00339_288e49ac7465e0ce.jpg,288e49ac7465e0ce5b7e2abada3f4cd7f8e1b89f1372f36b405e07ce64f3b14a,339f69334e16624b,JPEG,RGB,800,572,127100,original,AMBIGUOUS
PlantDoc,5467f6012d78d1c446145d5f582da6096f852ae8,training_candidate,Bell_pepper leaf,AMBIGUOUS,,train/Bell_pepper leaf/image_1500x1500%253E.jpeg?1472959493.jpg,Bell_pepper leaf/00340_8b6538ac5692ec9c.jpg,8b6538ac5692ec9cc407a6155f49ac5fd06ae1b5efc72838072cea78c130ecd9,6190932b63c26e26,JPEG,RGB,1125,1500,470461,original,AMBIGUOUS
PlantDoc,5467f6012d78d1c446145d5f582da6096f852ae8,training_candidate,Bell_pepper leaf,AMBIGUOUS,,train/Bell_pepper leaf/img_2509_b.jpg,Bell_pepper leaf/00341_5b92b3d2046e973f.jpg,5b92b3d2046e973f743f4c4897a0c1c5cd2cb960d7f0c75ab1c13303f620bf3a,d29e9dc3e3f9b8f8,JPEG,RGB,2592,3888,524215,original,AMBIGUOUS
PlantDoc,5467f6012d78d1c446145d5f582da6096f852ae8,training_candidate,Bell_pepper leaf,AMBIGUOUS,,train/Bell_pepper leaf/leaves.jpg,Bell_pepper leaf/00342_9b58db199f555b09.jpg,9b58db199f555b09170eec9f52c2544790b02144ceeb333e9d02b2dd56226ac6,d3c917278746da19,JPEG,RGB,1024,768,90378,original,AMBIGUOUS
PlantDoc,5467f6012d78d1c446145d5f582da6096f852ae8,training_candidate,Bell_pepper leaf,AMBIGUOUS,,train/Bell_pepper leaf/leaves11.jpg,Bell_pepper leaf/00343_5c65bc3e5f609cd9.jpg,5c65bc3e5f609cd948841081ecabee88b50b67234ed5980ebe09dfc87a34f632,4dc1e139198cc9ec,JPEG,RGB,800,1067,221056,original,AMBIGUOUS
PlantDoc,5467f6012d78d1c446145d5f582da6096f852ae8,training_candidate,Bell_pepper leaf,AMBIGUOUS,,train/Bell_pepper leaf/october-bell-peppers.jpg,Bell_pepper leaf/00344_892044636c23c085.jpg,892044636c23c085b039e1289005e24dd964d966c8ac3ff1cee00296341fe6a3,c4cc488ccccc8880,JPEG,RGB,800,571,156271,original,AMBIGUOUS
PlantDoc,5467f6012d78d1c446145d5f582da6096f852ae8,training_candidate,Bell_pepper leaf,AMBIGUOUS,,train/Bell_pepper leaf/pepper+leaves.JPG.jpg,Bell_pepper leaf/00345_8ce9062f1b14d641.jpg,8ce9062f1b14d6411d67a808fc65848a2354e3615d1ba81563ccd48866745fcb,5c341d17a72f2335,JPEG,RGB,1057,888,125523,original,AMBIGUOUS
PlantDoc,5467f6012d78d1c446145d5f582da6096f852ae8,training_candidate,Bell_pepper leaf,AMBIGUOUS,,train/Bell_pepper leaf/pepper-plant-leaves-green-bell-pepper-seedlings-growing-in-dark-brown-soil-in-the-sunshine-with-a-white-my-pepper-plant-leaves-are-being-eaten.jpg,Bell_pepper leaf/00346_099022e024fab62a.jpg,099022e024fab62a4d4cc9f4f2d0d8f642d6a7202e7df3be7a1ec7a463a533da,1d7993f52d2525b9,JPEG,RGB,680,454,55296,original,AMBIGUOUS
PlantDoc,5467f6012d78d1c446145d5f582da6096f852ae8,training_candidate,Bell_pepper leaf,AMBIGUOUS,,train/Bell_pepper leaf/pepper.jpg,Bell_pepper leaf/00347_8adfe8436c037beb.jpg,8adfe8436c037beba3d78ce1c866a1df4fdfc9ad903e1efe9d2d0bc58f6eea7b,1f0df39ab6253717,JPEG,RGB,1195,1607,284249,original,AMBIGUOUS
PlantDoc,5467f6012d78d1c446145d5f582da6096f852ae8,training_candidate,Bell_pepper leaf,AMBIGUOUS,,train/Bell_pepper leaf/seeding-peppers-a-1024x768.jpg,Bell_pepper leaf/00348_83e9185936921360.jpg,83e91859369213600472cdde79fb653382ea98056ac186651105f8c57b207f7d,a868585c18a9dc90,JPEG,RGB,1024,768,267333,original,AMBIGUOUS
PlantDoc,5467f6012d78d1c446145d5f582da6096f852ae8,training_candidate,Bell_pepper leaf,AMBIGUOUS,,train/Bell_pepper leaf/shutterstock_443115826.jpg,Bell_pepper leaf/00349_4b1352747caf58b1.jpg,4b1352747caf58b1ed782ab0aad42b2164e26b2a98ff271d2e5c03fb5516fa59,5274bb7f55d7872f,JPEG,RGB,1000,667,78549,original,AMBIGUOUS
PlantDoc,5467f6012d78d1c446145d5f582da6096f852ae8,training_candidate,Bell_pepper leaf,AMBIGUOUS,,train/Bell_pepper leaf/stock-photo-black-pepper-plant-with-green-berries-and-leaves-555241408.jpg,Bell_pepper leaf/00350_6d16108c17f3ff3a.jpg,6d16108c17f3ff3a6c7c5e59a5fd347d36a7567b342fb4ddc04a324a16832465,990ccccdcd882861,JPEG,RGB,450,318,37953,original,AMBIGUOUS
PlantDoc,5467f6012d78d1c446145d5f582da6096f852ae8,training_candidate,Bell_pepper leaf,AMBIGUOUS,,train/Bell_pepper leaf/stock-photo-closeup-of-underside-of-bell-pepper-leaf-isolated-on-white-background-114184570.jpg,Bell_pepper leaf/00351_072d4101aa8f449c.jpg,072d4101aa8f449c9d4bd3653ffdde88dd810c35186d16821ac013eb0d589f2f,da79e8dcd0632065,JPEG,RGB,996,1600,286494,original,AMBIGUOUS
PlantDoc,5467f6012d78d1c446145d5f582da6096f852ae8,training_candidate,Bell_pepper leaf,AMBIGUOUS,,train/Bell_pepper leaf/tomato_bell_pepper_garden_pt3-03.jpg,Bell_pepper leaf/00352_ccd9ef1450080223.jpg,ccd9ef145008022331552a25a1fbddd215c3705082ec75efd9cffcd3672ae8c5,d0c0920e5e3490d3,JPEG,RGB,1600,1071,479714,original,AMBIGUOUS
PlantDoc,5467f6012d78d1c446145d5f582da6096f852ae8,training_candidate,Bell_pepper leaf,AMBIGUOUS,,train/Bell_pepper leaf/uGz0O.jpg,Bell_pepper leaf/00353_3418977a67fafb25.jpg,3418977a67fafb25e35f3aa70bdf5525931ec69dd712ff5249d7022e72233ba4,d8e1a399b68b8981,JPEG,RGB,1778,2371,673321,original,AMBIGUOUS
PlantDoc,5467f6012d78d1c446145d5f582da6096f852ae8,training_candidate,Bell_pepper leaf,AMBIGUOUS,,train/Bell_pepper leaf/v9hX3.jpg,Bell_pepper leaf/00354_70ecba994b1e88e7.jpg,70ecba994b1e88e76f9e344c79af61cdf34552255520c33173eb570441f510de,8107672727a396cd,JPEG,RGB,768,1024,255270,original,AMBIGUOUS
PlantDoc,5467f6012d78d1c446145d5f582da6096f852ae8,training_candidate,Bell_pepper leaf,AMBIGUOUS,,train/Bell_pepper leaf/virus1_600px.jpg,Bell_pepper leaf/00355_6e61596cfc111598.jpg,6e61596cfc1115983666735067f24c1ff66566fe93a01b004778108c4fecb22c,2b8d5f276f22337a,JPEG,RGB,600,450,57668,original,AMBIGUOUS
PlantDoc,5467f6012d78d1c446145d5f582da6096f852ae8,training_candidate,Bell_pepper leaf,AMBIGUOUS,,train/Bell_pepper leaf/white-pepper-plant-white-pepper-plant-piper-black-pepper-white-bell-pepper-plants-for-sale-pepper-plant-has-white-leaves.jpg,Bell_pepper leaf/00356_034312e88349feac.jpg,034312e88349feac96b331ae73efff31ff179c16c81bb99a95fc5ab537c4f350,e9ce93b1a0383838,JPEG,RGB,700,525,56959,original,AMBIGUOUS
PlantDoc,5467f6012d78d1c446145d5f582da6096f852ae8,training_candidate,Bell_pepper leaf,AMBIGUOUS,,train/Bell_pepper leaf/xKh6iInh.jpg,Bell_pepper leaf/00357_2190c67097323248.jpg,2190c670973232484012aaf53f8b7b2e9a90ba8a13a673dc100aaa3a200683a8,8d0b67655a0c6f6b,JPEG,RGB,1024,768,186163,original,AMBIGUOUS
PlantDoc,5467f6012d78d1c446145d5f582da6096f852ae8,training_candidate,Bell_pepper leaf,AMBIGUOUS,,train/Bell_pepper leaf/yellow-leaves-on-pepper-plant-green-bell-plant-yellow-leaf-yellow-curling-leaves-on-pepper-plants.jpg,Bell_pepper leaf/00358_b142a811956af736.jpg,b142a811956af736e798c0be502306b49d4e48fe5dd456bac1e84e63bc18236b,4b2a4715779a9925,JPEG,RGB,800,600,100815,original,AMBIGUOUS
PlantDoc,5467f6012d78d1c446145d5f582da6096f852ae8,training_candidate,Bell_pepper leaf,AMBIGUOUS,,train/Bell_pepper leaf/zT5la.jpg,Bell_pepper leaf/00359_560c9b2a61401668.jpg,560c9b2a6140166873714bffb3bc7a8eea00660fe3891143402cc3a00cb747ae,cccce6328e9e6c2d,JPEG,RGB,581,1032,231272,original,AMBIGUOUS
PlantDoc,5467f6012d78d1c446145d5f582da6096f852ae8,training_candidate,Blueberry leaf,AMBIGUOUS,,train/Blueberry leaf/10-Pcs-font-b-Blueberry-b-font-Leaves-Natural-font-b-Dried-b-font-Leaf-shaped.jpg,Blueberry leaf/00360_262ba9c2f1203c24.jpg,262ba9c2f1203c24d7ae0f6072dbad594026059bae1455420563e7a2c0ce37cd,c81889e3e7e3ec70,JPEG,RGB,800,800,296477,original,AMBIGUOUS
PlantDoc,5467f6012d78d1c446145d5f582da6096f852ae8,training_candidate,Blueberry leaf,AMBIGUOUS,,train/Blueberry leaf/15rnn8k.jpg,Blueberry leaf/00361_fb523424e6ffd092.jpg,fb523424e6ffd092e1230381d139770d8d068123c0d42346caf6d169c15b121a,934c561b494814b1,JPEG,RGB,1600,1200,697450,original,AMBIGUOUS
PlantDoc,5467f6012d78d1c446145d5f582da6096f852ae8,training_candidate,Blueberry leaf,AMBIGUOUS,,train/Blueberry leaf/179288748.jpg,Blueberry leaf/00362_54c50069814760f2.jpg,54c50069814760f2a9d3587f16c6bd0f61b15e434aea25608adf877a42dff671,814373a716448c0d,JPEG,RGB,2118,1418,190807,original,AMBIGUOUS
PlantDoc,5467f6012d78d1c446145d5f582da6096f852ae8,training_candidate,Blueberry leaf,AMBIGUOUS,,train/Blueberry leaf/20171005_Lowbush_blueberry_leaves.jpg,Blueberry leaf/00363_612a13a96fd9acd9.jpg,612a13a96fd9acd9118cdbed840bf8a2acd39fa2d9f8f1a9d0f024f0d228c842,892224ce7a64ec8c,JPEG,RGB,708,768,143368,original,AMBIGUOUS
PlantDoc,5467f6012d78d1c446145d5f582da6096f852ae8,training_candidate,Blueberry leaf,AMBIGUOUS,,train/Blueberry leaf/2198823523_4b8fdb3f03_b_d.jpg,Blueberry leaf/00364_292543152c3b221c.jpg,292543152c3b221cae11bef83343f93da40b17ddb5afd9b172a853fff383a1ac,2c293a7c7872fa6d,JPEG,RGB,1024,768,226820,original,AMBIGUOUS
PlantDoc,5467f6012d78d1c446145d5f582da6096f852ae8,training_candidate,Blueberry leaf,AMBIGUOUS,,train/Blueberry leaf/4715f288527ab7feae1683179ae3073b--red-leaves-autumn-leaves.jpg,Blueberry leaf/00365_efd5f81f8990af73.jpg,efd5f81f8990af73868e37cd1ec98d1a8d75232955712ed14eeedbe632e4de83,4d9bd649ab3b3d51,JPEG,RGB,375,500,43046,original,AMBIGUOUS
PlantDoc,5467f6012d78d1c446145d5f582da6096f852ae8,training_candidate,Blueberry leaf,AMBIGUOUS,,train/Blueberry leaf/4851522550_02e3b9f3b4.jpg,Blueberry leaf/00366_abe7c56af3397f53.jpg,abe7c56af3397f5374c266c4c3c44dfb1ef32413c4024589d029897c682df56b,90911f1e1b0e4042,JPEG,RGB,500,375,119660,original,AMBIGUOUS
PlantDoc,5467f6012d78d1c446145d5f582da6096f852ae8,training_candidate,Blueberry leaf,AMBIGUOUS,,train/Blueberry leaf/5920105029_2c657564ba_b.jpg,Blueberry leaf/00367_1db1674a1f2e6354.jpg,1db1674a1f2e63547049c9301dd44522e49105bf63caf6991f4c32b34ee92c3b,5e732632b5de5924,JPEG,RGB,1024,768,384933,original,AMBIGUOUS
PlantDoc,5467f6012d78d1c446145d5f582da6096f852ae8,training_candidate,Blueberry leaf,AMBIGUOUS,,train/Blueberry leaf/6348380125_ae2d097496_z.jpg,Blueberry leaf/00368_46946fa183e4c0ec.jpg,46946fa183e4c0ecf73e79a5d492263096c2d4fb455c6505b2cf9fc487faef73,634e3e9d67624e4d,JPEG,RGB,640,640,208641,original,AMBIGUOUS
PlantDoc,5467f6012d78d1c446145d5f582da6096f852ae8,training_candidate,Blueberry leaf,AMBIGUOUS,,train/Blueberry leaf/7-blueberry-leaves.jpg,Blueberry leaf/00369_54c3798d948d2364.jpg,54c3798d948d2364868b982e9f7c4a2f5a0f8f4e351c899acaa5479380ccb66b,93092426273d3d2c,JPEG,RGB,1200,1197,376859,original,AMBIGUOUS
PlantDoc,5467f6012d78d1c446145d5f582da6096f852ae8,training_candidate,Blueberry leaf,AMBIGUOUS,,train/Blueberry leaf/9-Folia-Myrtilli-Blueberry-Leaves-Gjethe-Boronice-1.jpg,Blueberry leaf/00370_697cb8a3260c98df.jpg,697cb8a3260c98df3cdd5ba3660b72fa2fac6e20ea4f210d60b6187fb83e8e30,544844d4b8fa6080,JPEG,RGB,1915,1040,547951,original,AMBIGUOUS
PlantDoc,5467f6012d78d1c446145d5f582da6096f852ae8,training_candidate,Blueberry leaf,AMBIGUOUS,,train/Blueberry leaf/9167d851305baf06649c57aea130c8fb.jpg,Blueberry leaf/00371_b76283e6009ab4a7.jpg,b76283e6009ab4a7eee1fdfe92dc7c9e2af930848583888160e1271f39335431,3c1b736343131342,JPEG,RGB,966,1449,159127,original,AMBIGUOUS
PlantDoc,5467f6012d78d1c446145d5f582da6096f852ae8,training_candidate,Blueberry leaf,AMBIGUOUS,,train/Blueberry leaf/A+A+Blueberry+Leaf+Disease+002.jpg,Blueberry leaf/00372_554bce36cca84102.jpg,554bce36cca8410265fc504b245e6d5eca5fa45f6016d6c3b5d3809075f04314,3d3d999f9d3c69eb,JPEG,RGB,1024,768,346533,original,AMBIGUOUS
PlantDoc,5467f6012d78d1c446145d5f582da6096f852ae8,training_candidate,Blueberry leaf,AMBIGUOUS,,train/Blueberry leaf/A+A+Blueberry+Leaf+Disease+003.jpg,Blueberry leaf/00373_d158a27857c68a66.jpg,d158a27857c68a66874b91e82949f17b3b440895ac8d8c8c070425a54f19d7d5,59109c0f1f1f6db7,JPEG,RGB,1024,630,82889,original,AMBIGUOUS
PlantDoc,5467f6012d78d1c446145d5f582da6096f852ae8,training_candidate,Blueberry leaf,AMBIGUOUS,,train/Blueberry leaf/BLUEBERRY-BLUE-CROP-LEAF-500x500.jpg,Blueberry leaf/00374_0d8d7d0f9ce2dd62.jpg,0d8d7d0f9ce2dd62e9ab8212e6a164d416e3a25ecd112b981b06c97064a96b3a,97a3a4cc549894b5,JPEG,RGB,500,500,67824,original,AMBIGUOUS
PlantDoc,5467f6012d78d1c446145d5f582da6096f852ae8,training_candidate,Blueberry leaf,AMBIGUOUS,,train/Blueberry leaf/BLUEBERRY-SPARTAN-LEAF-500x500.jpg,Blueberry leaf/00375_02653621380d73f3.jpg,02653621380d73f386d343d20b9907c0384126735040bfcadca4c49d518b20a6,6494d96c644cc853,JPEG,RGB,500,500,100487,original,AMBIGUOUS
PlantDoc,5467f6012d78d1c446145d5f582da6096f852ae8,training_candidate,Blueberry leaf,AMBIGUOUS,,train/Blueberry leaf/Blueberries+autumn+leaves7.jpg,Blueberry leaf/00376_151cc90c8b665d85.jpg,151cc90c8b665d85d898cf711e6e965fe3d911998c64ac55fdb2332f593a33b1,66e38b492c1c64f2,JPEG,RGB,1600,1200,235518,original,AMBIGUOUS
PlantDoc,5467f6012d78d1c446145d5f582da6096f852ae8,training_candidate,Blueberry leaf,AMBIGUOUS,,train/Blueberry leaf/Blueberry-Leaf.jpg,Blueberry leaf/00377_eb505ea1d76ea2e2.jpg,eb505ea1d76ea2e29c6c8f07fec7f089c95bcef83a0cbc97f1d894e773f8bbf6,6a0899375b292727,JPEG,RGB,400,380,43901,original,AMBIGUOUS
PlantDoc,5467f6012d78d1c446145d5f582da6096f852ae8,training_candidate,Blueberry leaf,AMBIGUOUS,,train/Blueberry leaf/Blueberry-leaves.jpg,Blueberry leaf/00378_5ceeed324d9f583f.jpg,5ceeed324d9f583f264174f97230da5fee57d10a82ded23ee6916b77beefbb46,33350e2e6367a58e,JPEG,RGB,650,400,176516,original,AMBIGUOUS
PlantDoc,5467f6012d78d1c446145d5f582da6096f852ae8,training_candidate,Blueberry leaf,AMBIGUOUS,,train/Blueberry leaf/Blueberry07.jpg,Blueberry leaf/00379_1e1ecdb4cefa7c6d.jpg,1e1ecdb4cefa7c6d064899207523a8b055faa2b596b7ccf1d76cbe7d033ae2cd,89999a4ececb9bdb,JPEG,RGB,1600,1062,684180,original,AMBIGUOUS
PlantDoc,5467f6012d78d1c446145d5f582da6096f852ae8,training_candidate,Blueberry leaf,AMBIGUOUS,,train/Blueberry leaf/Blueberry165.JPG.jpg,Blueberry leaf/00380_27e215e36100a9b5.jpg,27e215e36100a9b5d71e51a0bec367750f8ea030334b3f71daa8780d90188f1d,4e58382e35a54517,JPEG,RGB,1600,1256,323172,original,AMBIGUOUS
PlantDoc,5467f6012d78d1c446145d5f582da6096f852ae8,training_candidate,Blueberry leaf,AMBIGUOUS,,train/Blueberry leaf/Blueberry169.JPG.jpg,Blueberry leaf/00381_3634ff2689e0c929.jpg,3634ff2689e0c9297a5aa68d31b93a0f154bdc39dcd05e1f20cafe25225e6eec,2b1d05673599c8cc,JPEG,RGB,1600,1142,279655,original,AMBIGUOUS
PlantDoc,5467f6012d78d1c446145d5f582da6096f852ae8,training_candidate,Blueberry leaf,AMBIGUOUS,,train/Blueberry leaf/Blueberry_Damage_1_original.JPG?1472642168.jpg,Blueberry leaf/00382_1da9241a4e702263.jpg,1da9241a4e7022631ca1701aa85bc0b62bbe9e6301d999f07bb16d3565eeb102,9e4a33a6647898ba,JPEG,RGB,3264,2448,2013783,original,AMBIGUOUS
PlantDoc,5467f6012d78d1c446145d5f582da6096f852ae8,training_candidate,Blueberry leaf,AMBIGUOUS,,train/Blueberry leaf/Blueberry_Damage_2_original.JPG?1431126657.jpg,Blueberry leaf/00383_2974d7a865139ff7.jpg,2974d7a865139ff7fbd619b8294fb688adb8039e279c966305011e96e946e9a7,e587ee196ceec9c9,JPEG,RGB,3264,2448,2162323,original,AMBIGUOUS
PlantDoc,5467f6012d78d1c446145d5f582da6096f852ae8,training_candidate,Blueberry leaf,AMBIGUOUS,,train/Blueberry leaf/Chlorotic-Blueberry-Leaf.jpg,Blueberry leaf/00384_ec3c64976888717f.jpg,ec3c64976888717f62cc9cf1be76d5f9c56b21026cd88495e9388ea3df96faa5,0d1c1d0d87971e45,JPEG,RGB,1280,960,192624,original,AMBIGUOUS
PlantDoc,5467f6012d78d1c446145d5f582da6096f852ae8,training_candidate,Blueberry leaf,AMBIGUOUS,,train/Blueberry leaf/Copy+of+Vaccinium---.JPG.jpg,Blueberry leaf/00385_21d8ff67f8eb3c63.jpg,21d8ff67f8eb3c631334617356e35d4b259a3543201f56db8788d2df2b75b259,2136bc9f5766524b,JPEG,RGB,1600,1007,282892,original,AMBIGUOUS
PlantDoc,5467f6012d78d1c446145d5f582da6096f852ae8,training_candidate,Blueberry leaf,AMBIGUOUS,,train/Blueberry leaf/Fruit-Blueberry-Northblue.jpg,Blueberry leaf/00386_b39290d49572ed95.jpg,b39290d49572ed95be75d48bba5602638e11ecde8bcbc9a6d5ed262e4f413dff,64b6b34ba948ccc8,JPEG,RGB,1143,857,395486,original,AMBIGUOUS
PlantDoc,5467f6012d78d1c446145d5f582da6096f852ae8,training_candidate,Blueberry leaf,AMBIGUOUS,,train/Blueberry leaf/Highbush_Blueberry_Vaccinium_corymbosum_Leaves_3008px.jpg,Blueberry leaf/00387_8452ca8c80f8f2f1.jpg,8452ca8c80f8f2f1c5fdf1aba541660075c4ecec336374f06493cc76810e0cb3,160cb92e4c0d441b,JPEG,RGB,3008,2000,2912066,original,AMBIGUOUS
PlantDoc,5467f6012d78d1c446145d5f582da6096f852ae8,training_candidate,Blueberry leaf,AMBIGUOUS,,train/Blueberry leaf/IMG_0002_original.JPG?1500100269.jpg,Blueberry leaf/00388_f03118e22e885f91.jpg,f03118e22e885f91b9e6affe9d7965b6638d2a42579f1b3f50dc38ec7cadda8d,1d57432745651d17,JPEG,RGB,2206,1664,1147363,original,AMBIGUOUS
PlantDoc,5467f6012d78d1c446145d5f582da6096f852ae8,training_candidate,Blueberry leaf,AMBIGUOUS,,train/Blueberry leaf/IMG_0017_original.JPG?1500100270.jpg,Blueberry leaf/00389_6874cff2485b64ac.jpg,6874cff2485b64acfdbb463e6c3f8b39a60693845d119ce2fb34b767cd00a464,a2acb992d3d5dcd1,JPEG,RGB,1370,1094,436317,original,AMBIGUOUS
PlantDoc,5467f6012d78d1c446145d5f582da6096f852ae8,training_candidate,Blueberry leaf,AMBIGUOUS,,train/Blueberry leaf/IMG_2003.JPG.jpg,Blueberry leaf/00390_fd894dfd9ef727d5.jpg,fd894dfd9ef727d542db16e716e60af445efae2787e58d2fe036bdb1a5ecef2c,999cbe7b2b230636,JPEG,RGB,1600,1200,183059,original,AMBIGUOUS
PlantDoc,5467f6012d78d1c446145d5f582da6096f852ae8,training_candidate,Blueberry leaf,AMBIGUOUS,,train/Blueberry leaf/IMG_5310.JPG.jpg,Blueberry leaf/00391_4533e4b48bb7c68c.jpg,4533e4b48bb7c68ca24b724566b7bcfc23d5abcb21de58a910a0399883ef14df,333507ae6767e5c7,JPEG,RGB,1600,1200,139818,original,AMBIGUOUS
PlantDoc,5467f6012d78d1c446145d5f582da6096f852ae8,training_candidate,Blueberry leaf,AMBIGUOUS,,train/Blueberry leaf/IMG_7119.jpg,Blueberry leaf/00392_6666ffd459384ca0.jpg,6666ffd459384ca0329900e4ae81d2006b7949710bc7734851dff57a3bc0f376,6cc993216bca1331,JPEG,RGB,1600,1066,233945,original,AMBIGUOUS
PlantDoc,5467f6012d78d1c446145d5f582da6096f852ae8,training_candidate,Blueberry leaf,AMBIGUOUS,,train/Blueberry leaf/IMG_8502.JPG.jpg,Blueberry leaf/00393_08ad492fc7ddb282.jpg,08ad492fc7ddb2821a987c397194d185825bfd8bcdfdf7960c7c45b2463482b1,6d6c6b37276f9b9a,JPEG,RGB,1600,1200,160123,original,AMBIGUOUS
PlantDoc,5467f6012d78d1c446145d5f582da6096f852ae8,training_candidate,Blueberry leaf,AMBIGUOUS,,train/Blueberry leaf/IMG_8680.JPG.jpg,Blueberry leaf/00394_96b3b222db61ba03.jpg,96b3b222db61ba03ce1ce28c96cec305555cde8a626d2782e990277c1f1c11b9,32b4e54531100da5,JPEG,RGB,1600,1200,237859,original,AMBIGUOUS
PlantDoc,5467f6012d78d1c446145d5f582da6096f852ae8,training_candidate,Blueberry leaf,AMBIGUOUS,,train/Blueberry leaf/IMG_8695.JPG.jpg,Blueberry leaf/00395_82d2a617f20c3764.jpg,82d2a617f20c3764cd69b5c7c1593d5da68944dc30733683ec19658d9eeb3770,797c7c7cf3f33d39,JPEG,RGB,1600,1200,188055,original,AMBIGUOUS
PlantDoc,5467f6012d78d1c446145d5f582da6096f852ae8,training_candidate,Blueberry leaf,AMBIGUOUS,,train/Blueberry leaf/IMG_8698.JPG.jpg,Blueberry leaf/00396_0a3f0fea7f5d3d88.jpg,0a3f0fea7f5d3d880b16e7d6adade28a0fa4d51e5bad652c27f56dbb93023977,67c789ad9733cbce,JPEG,RGB,1600,1200,223763,original,AMBIGUOUS
PlantDoc,5467f6012d78d1c446145d5f582da6096f852ae8,training_candidate,Blueberry leaf,AMBIGUOUS,,train/Blueberry leaf/IMG_9275.JPG.jpg,Blueberry leaf/00397_123167f4d74f5387.jpg,123167f4d74f53875184d16f6d5969461cfa35d897818ef8d1498a58fa40498f,3fd7e7ddfdd878ea,JPEG,RGB,1600,1200,496666,original,AMBIGUOUS
PlantDoc,5467f6012d78d1c446145d5f582da6096f852ae8,training_candidate,Blueberry leaf,AMBIGUOUS,,train/Blueberry leaf/P1200644+Vaccinium+alaskaense+Alaska+Blueberry+cr.jpg,Blueberry leaf/00398_74277c77fbc18a11.jpg,74277c77fbc18a11aaaf72a33a61a260d74898fd84a6cfb42507e6897fc47caa,2230b4a2c9e92d19,JPEG,RGB,1600,1270,234264,original,AMBIGUOUS
PlantDoc,5467f6012d78d1c446145d5f582da6096f852ae8,training_candidate,Blueberry leaf,AMBIGUOUS,,train/Blueberry leaf/P1200652+Vaccinium+ovalifolium+Ovalleaf+Blueberry+leaf+top+cr.jpg,Blueberry leaf/00399_f376c514ebe3a03c.jpg,f376c514ebe3a03c2d2f661f5260ca7693de2df329f78f94c37246c4a61e3b72,7999d9d8dcdcd96b,JPEG,RGB,1600,1217,232339,original,AMBIGUOUS
PlantDoc,5467f6012d78d1c446145d5f582da6096f852ae8,training_candidate,Blueberry leaf,AMBIGUOUS,,train/Blueberry leaf/P1200699+Vaccinium+alaskaense+Alaska+Blueberry+hairy+leaf+margin+Heather+Meadows.JPG.jpg,Blueberry leaf/00400_713e4bd82bad9528.jpg,713e4bd82bad9528e52d08ef0b9781215da0126c3745b7c1ffae23c45617818f,cccd0b373eacdcdd,JPEG,RGB,400,300,38039,original,AMBIGUOUS
PlantDoc,5467f6012d78d1c446145d5f582da6096f852ae8,training_candidate,Blueberry leaf,AMBIGUOUS,,train/Blueberry leaf/P1200701+Vaccinium+ovalifolium+Oval-leaf+Blueberry+fruit++Heather+Meadows+cr.jpg,Blueberry leaf/00401_a27b9f99e6b2ed05.jpg,a27b9f99e6b2ed052c570e3187f81463b58c95bb26c14f2e384248ceb42f0318,993fb626cc193aa4,JPEG,RGB,1600,1151,256414,original,AMBIGUOUS
PlantDoc,5467f6012d78d1c446145d5f582da6096f852ae8,training_candidate,Blueberry leaf,AMBIGUOUS,,train/Blueberry leaf/Red-Blueberry-Leaves.jpg,Blueberry leaf/00402_0bf429dd9d2355db.jpg,0bf429dd9d2355dbfe9c01d02350b268f96e7ebd5f4f6874beec3815db7af44c,0f653b7ef96b72d9,JPEG,RGB,3648,2736,4185988,original,AMBIGUOUS
PlantDoc,5467f6012d78d1c446145d5f582da6096f852ae8,training_candidate,Blueberry leaf,AMBIGUOUS,,train/Blueberry leaf/SmzpflTl.jpg,Blueberry leaf/00403_d2494a221d38989b.jpg,d2494a221d38989b2b49eb76611e6d1c7f98e82c931113142d299f68b5b397b0,b3d3ada5774d5f52,JPEG,RGB,640,478,98257,original,AMBIGUOUS
PlantDoc,5467f6012d78d1c446145d5f582da6096f852ae8,training_candidate,Blueberry leaf,AMBIGUOUS,,train/Blueberry leaf/acid_0033.jpg,Blueberry leaf/00404_cacbd227147afedd.jpg,cacbd227147afedd549cbc7f9bc34cecf4d86e06da48bd406daca02ec4aa761c,b9794d2bb3e366c4,JPEG,RGB,1280,720,188712,original,AMBIGUOUS
PlantDoc,5467f6012d78d1c446145d5f582da6096f852ae8,training_candidate,Blueberry leaf,AMBIGUOUS,,"train/Blueberry leaf/autumn,+blueberry+leaves.jpg",Blueberry leaf/00405_f153a609815333f9.jpg,f153a609815333f909e945a49e04c28510456a760c0453e5d51805befde1e17e,b3b3357f63131559,JPEG,RGB,700,620,66103,original,AMBIGUOUS
PlantDoc,5467f6012d78d1c446145d5f582da6096f852ae8,training_candidate,Blueberry leaf,AMBIGUOUS,,train/Blueberry leaf/bilberry-blueberry-vaccinium-myrtillus-leaf-herboristerie.jpg,Blueberry leaf/00406_a2e7ed9ab17445af.jpg,a2e7ed9ab17445afdbfa2ce42c1e0ca81d8b8d0aca7f7109afd53693784c5f63,e4f4c4ccf0f8bc94,JPEG,RGB,800,800,95329,original,AMBIGUOUS
PlantDoc,5467f6012d78d1c446145d5f582da6096f852ae8,training_candidate,Blueberry leaf,AMBIGUOUS,,train/Blueberry leaf/blueberries-and-leaves.jpg,Blueberry leaf/00407_87af6c808662af77.jpg,87af6c808662af77ae4e7cc0f29ff54cd1813cec0ffd21504c2b4529468bddd6,c4ccc9e1f0ec74b4,JPEG,RGB,480,388,131272,original,AMBIGUOUS
PlantDoc,5467f6012d78d1c446145d5f582da6096f852ae8,training_candidate,Blueberry leaf,AMBIGUOUS,,train/Blueberry leaf/blueberry+leaf.jpg,Blueberry leaf/00408_3b6e4425aa86b6e4.jpg,3b6e4425aa86b6e48bc9d3a9070cb9eca075a2c90c21823bd9881cfc24f8aff8,cbc7dbb3e6ccc284,JPEG,RGB,968,648,54224,original,AMBIGUOUS
PlantDoc,5467f6012d78d1c446145d5f582da6096f852ae8,training_candidate,Blueberry leaf,AMBIGUOUS,,train/Blueberry leaf/blueberry+leaves+in+fall.jpg,Blueberry leaf/00409_58f623dc0125f053.jpg,58f623dc0125f05337da648140f16e404017221dd68207cb6cc700bf36cab4b0,2ea943261f4f8303,JPEG,RGB,828,1080,170035,original,AMBIGUOUS
PlantDoc,5467f6012d78d1c446145d5f582da6096f852ae8,training_candidate,Blueberry leaf,AMBIGUOUS,,train/Blueberry leaf/blueberry-bushes-clipart-16.jpg,Blueberry leaf/00410_652175c38bfe5cca.jpg,652175c38bfe5cca4c458f960c72c8e34eafe0b848a6b36d82cbdcd933eef830,11218389a8ac91b9,JPEG,RGB,1287,1300,247757,original,AMBIGUOUS
PlantDoc,5467f6012d78d1c446145d5f582da6096f852ae8,training_candidate,Blueberry leaf,AMBIGUOUS,,train/Blueberry leaf/blueberry-chlorotic-leaves_2.jpg,Blueberry leaf/00411_55ff8da9814c2c6e.jpg,55ff8da9814c2c6ed14ce08eaf7b31e083af2523f75f248bf52b9698608680d5,d9978f9b490b0c2e,JPEG,RGB,600,411,50550,original,AMBIGUOUS
PlantDoc,5467f6012d78d1c446145d5f582da6096f852ae8,training_candidate,Blueberry leaf,AMBIGUOUS,,train/Blueberry leaf/blueberry-fruit-blooming-flower-with-leaf-g3wa0t.jpg,Blueberry leaf/00412_59ff7ac4894e540c.jpg,59ff7ac4894e540ce23796ab3438384dfd9b6a3efebd8ea5631f08fa445c748a,33c3ac6549c161fb,JPEG,RGB,640,447,46329,original,AMBIGUOUS
PlantDoc,5467f6012d78d1c446145d5f582da6096f852ae8,training_candidate,Blueberry leaf,AMBIGUOUS,,train/Blueberry leaf/blueberry-fruit-leaf-closeup-isolated-white-58260795.jpg,Blueberry leaf/00413_e302e10d1b2a6521.jpg,e302e10d1b2a652135a397d8ccff565bc6cfddef2f46b636c0e6f1a84f7ab6e3,58b86970b0c0c01a,JPEG,RGB,1300,985,121703,original,AMBIGUOUS
PlantDoc,5467f6012d78d1c446145d5f582da6096f852ae8,training_candidate,Blueberry leaf,AMBIGUOUS,,train/Blueberry leaf/blueberry-goanp-nps.jpg,Blueberry leaf/00414_f06659bd91e8f401.jpg,f06659bd91e8f401cb31b2b58de08ec84002069da6b70020a175dc076d9b283c,1b3215dadbd31e35,JPEG,RGB,1200,800,182758,original,AMBIGUOUS
PlantDoc,5467f6012d78d1c446145d5f582da6096f852ae8,training_candidate,Blueberry leaf,AMBIGUOUS,,train/Blueberry leaf/blueberry-group-leaves-on-white-background-db8p44.jpg,Blueberry leaf/00415_752c01b3ebc4181f.jpg,752c01b3ebc4181f02d3d3fc0fcc11bec4c4afa9d58ee57b6d867b9c53c9c2b2,c034f4ccc4e46490,JPEG,RGB,640,509,55863,original,AMBIGUOUS
PlantDoc,5467f6012d78d1c446145d5f582da6096f852ae8,training_candidate,Blueberry leaf,AMBIGUOUS,,train/Blueberry leaf/blueberry-leaf-isolated-white-background-blueberry-leaf-isolated-99227523.jpg,Blueberry leaf/00416_69995226b6ac4e73.jpg,69995226b6ac4e73ab9627e07792d457e80923db0c9bc27464ac4232a43186ef,2864e0c860e1e20e,JPEG,RGB,1300,1305,181667,original,AMBIGUOUS
PlantDoc,5467f6012d78d1c446145d5f582da6096f852ae8,training_candidate,Blueberry leaf,AMBIGUOUS,,train/Blueberry leaf/blueberry-leaf-isolated-white-background-clipping-path-82775455.jpg,Blueberry leaf/00417_882ab72e85a604e5.jpg,882ab72e85a604e5a93dd6d5a20aa3c2342a1f4f1e0d51c202a724d514ca565d,b5736361e96173b5,JPEG,RGB,981,1300,113433,original,AMBIGUOUS
PlantDoc,5467f6012d78d1c446145d5f582da6096f852ae8,training_candidate,Blueberry leaf,AMBIGUOUS,,train/Blueberry leaf/blueberry-leaf-isolated-white-background-clipping-path-84283705.jpg,Blueberry leaf/00418_96fa2a9c30b006f6.jpg,96fa2a9c30b006f654aa4c19caf8e360733316afe6352ba39febc1d157fe79c0,48b872e4d8a0c41a,JPEG,RGB,1300,843,110917,original,AMBIGUOUS
PlantDoc,5467f6012d78d1c446145d5f582da6096f852ae8,training_candidate,Blueberry leaf,AMBIGUOUS,,train/Blueberry leaf/blueberry-leaf-isolated-white-background-clipping-path-87355538.jpg,Blueberry leaf/00419_cf091ab259191573.jpg,cf091ab259191573ad8af825c7d1cb80adfb965fd647be2490d53727103c0213,409e74dcf8e1e00c,JPEG,RGB,1300,1362,143017,original,AMBIGUOUS
PlantDoc,5467f6012d78d1c446145d5f582da6096f852ae8,training_candidate,Blueberry leaf,AMBIGUOUS,,train/Blueberry leaf/blueberry-leaf-set-collection-isolated-white-58283965.jpg,Blueberry leaf/00420_524d6b023ec6a0bd.jpg,524d6b023ec6a0bd6502e2eb2d3d9c5fd149027a6c92330ca8e7e78f91cacb13,32b28af270c68e3a,JPEG,RGB,1300,1002,152308,original,AMBIGUOUS
PlantDoc,5467f6012d78d1c446145d5f582da6096f852ae8,training_candidate,Blueberry leaf,AMBIGUOUS,,train/Blueberry leaf/blueberry-leaf.jpg,Blueberry leaf/00421_a488765c32aa6a0b.jpg,a488765c32aa6a0b5e971e4086f1985e11451c30f9cd95f5edc28918f5cbf753,17654e9b9b970f2c,JPEG,RGB,1422,2000,1234441,original,AMBIGUOUS
PlantDoc,5467f6012d78d1c446145d5f582da6096f852ae8,training_candidate,Blueberry leaf,AMBIGUOUS,,train/Blueberry leaf/blueberry-leaves-16311688.jpg,Blueberry leaf/00422_7a2593d2df92bdd1.jpg,7a2593d2df92bdd1f1f4d571c04f151feda0443b1d343733050873c4fdee93eb,4144e682d0dc021a,JPEG,RGB,1300,957,124831,original,AMBIGUOUS
PlantDoc,5467f6012d78d1c446145d5f582da6096f852ae8,training_candidate,Blueberry leaf,AMBIGUOUS,,train/Blueberry leaf/blueberry-leaves-5931369.jpg,Blueberry leaf/00423_a171d7a50d5af403.jpg,a171d7a50d5af403033fd7a9c4a0250cfcfae0416a3b11d9500236ba93d09839,08948ccccccc692a,JPEG,RGB,800,664,81916,original,AMBIGUOUS
PlantDoc,5467f6012d78d1c446145d5f582da6096f852ae8,training_candidate,Blueberry leaf,AMBIGUOUS,,train/Blueberry leaf/blueberry-leaves-in-October.jpg,Blueberry leaf/00424_1900665d26544cdd.jpg,1900665d26544cddc2e73364745224a0df9c28796097d718b8981501a5e40099,4c07194b4b25245c,JPEG,RGB,1024,683,107900,original,AMBIGUOUS
PlantDoc,5467f6012d78d1c446145d5f582da6096f852ae8,training_candidate,Blueberry leaf,AMBIGUOUS,,train/Blueberry leaf/blueberry-leaves-isolated-shadow-95294017.jpg,Blueberry leaf/00425_b7aaa0ce150fe3fa.jpg,b7aaa0ce150fe3fa6af93ea48bad8cbdef132a543191c7a23397aa21c42c5d05,c4c8d8c4f4344c13,JPEG,RGB,1300,1139,133106,original,AMBIGUOUS
PlantDoc,5467f6012d78d1c446145d5f582da6096f852ae8,training_candidate,Blueberry leaf,AMBIGUOUS,,train/Blueberry leaf/blueberry-leaves-normal-above-and-iron-deficient-below-bgahf8.jpg,Blueberry leaf/00426_07b9b0a3395d6643.jpg,07b9b0a3395d6643e0033f5327c188305479c20a67b9e0081efec85139d63306,0c38408e4ccf8ef9,JPEG,RGB,390,540,59840,original,AMBIGUOUS
PlantDoc,5467f6012d78d1c446145d5f582da6096f852ae8,training_candidate,Blueberry leaf,AMBIGUOUS,,train/Blueberry leaf/blueberry-leaves-safe.jpeg.jpg,Blueberry leaf/00427_2c0ffdea468cb621.jpg,2c0ffdea468cb621c5c75e3c415229bef00471a580b45ce969dac3b96ee49d53,59b9d8d0d4f879f0,JPEG,RGB,2397,2977,1238822,original,AMBIGUOUS
PlantDoc,5467f6012d78d1c446145d5f582da6096f852ae8,training_candidate,Blueberry leaf,AMBIGUOUS,,train/Blueberry leaf/blueberry-leaves-white-collection-isolated-35579573.jpg,Blueberry leaf/00428_31684e81fb0691b6.jpg,31684e81fb0691b66f74d6aebce0c347121c987430a809b919536523b1bfceed,cccceac4cecaec13,JPEG,RGB,1300,1390,181936,original,AMBIGUOUS
PlantDoc,5467f6012d78d1c446145d5f582da6096f852ae8,training_candidate,Blueberry leaf,AMBIGUOUS,,train/Blueberry leaf/blueberry-leaves.jpg,Blueberry leaf/00429_2e99aae9cb260228.jpg,2e99aae9cb2602280f7ef9c52bb13913620e6a1e2381d9f7385db7fe4d31b0ba,8dcd6a2e26b4b4ad,JPEG,RGB,450,338,24227,original,AMBIGUOUS
PlantDoc,5467f6012d78d1c446145d5f582da6096f852ae8,training_candidate,Blueberry leaf,AMBIGUOUS,,train/Blueberry leaf/blueberry-plant-berries-and-leaves-blueberries-vaccinium-corybosum-BNDMY8.jpg,Blueberry leaf/00430_503d61b42d296c84.jpg,503d61b42d296c849138a73333e78499428f0dd9a7605124a6c669545aa9a3d0,af0f0e130a5419bd,JPEG,RGB,1300,956,126349,original,AMBIGUOUS
PlantDoc,5467f6012d78d1c446145d5f582da6096f852ae8,training_candidate,Blueberry leaf,AMBIGUOUS,,train/Blueberry leaf/blueberry-plant-unripe-berries-and-leaves-blueberries-vaccinium-corybosum-BNDN04.jpg,Blueberry leaf/00431_e2d6eea973225ae6.jpg,e2d6eea973225ae67c9958ce7ab6040cf2ed52f457541f1d51a11b312ff86e1e,df6b4b0dc9b9b8b4,JPEG,RGB,1300,956,121737,original,AMBIGUOUS
PlantDoc,5467f6012d78d1c446145d5f582da6096f852ae8,training_candidate,Blueberry leaf,AMBIGUOUS,,train/Blueberry leaf/blueberry_leaves_berries_fresh_wood_1280x960_hd-wallpaper-1763513.jpg,Blueberry leaf/00432_a1c3bb08e958e7ce.jpg,a1c3bb08e958e7cef6947f14baabe481a5fa98c5f5aa85773bfcf922a3ec0d77,371b133169a9b31a,JPEG,RGB,5616,3744,12575033,original,AMBIGUOUS
PlantDoc,5467f6012d78d1c446145d5f582da6096f852ae8,training_candidate,Blueberry leaf,AMBIGUOUS,,train/Blueberry leaf/blueberryleaves.jpg,Blueberry leaf/00433_060799aa7c6ad0bc.jpg,060799aa7c6ad0bc6ecd12ef58b7b3a3248aa802a38f6a38a05bb34e47867ccb,8a1345c98b014dc9,JPEG,RGB,1600,1326,140450,original,AMBIGUOUS
PlantDoc,5467f6012d78d1c446145d5f582da6096f852ae8,training_candidate,Blueberry leaf,AMBIGUOUS,,train/Blueberry leaf/close-up-of-a-blueberry-leaf-beginning-to-change-color-for-autumn-f6b5yd.jpg,Blueberry leaf/00434_f5e0fc9c62f4f021.jpg,f5e0fc9c62f4f021f01628a406250962e2a9811df52360a6ea9bdc8a63290e41,f1de838980c06034,JPEG,RGB,347,540,36750,original,AMBIGUOUS
PlantDoc,5467f6012d78d1c446145d5f582da6096f852ae8,training_candidate,Blueberry leaf,AMBIGUOUS,,train/Blueberry leaf/dscf9033.jpg,Blueberry leaf/00435_df0de9cc6a514335.jpg,df0de9cc6a514335aeaff6ec5cb717bbf3548dd47cfe8bbf1618013a4f85e7c1,c69317b6266e665a,JPEG,RGB,1000,750,171904,original,AMBIGUOUS
PlantDoc,5467f6012d78d1c446145d5f582da6096f852ae8,training_candidate,Blueberry leaf,AMBIGUOUS,,train/Blueberry leaf/dscf9038.jpg,Blueberry leaf/00436_15167c9f31fbf772.jpg,15167c9f31fbf7729526585038532f38ffbb9209e64553191824b66fc868ce08,3f563373e6aa4ccc,JPEG,RGB,1000,750,169485,original,AMBIGUOUS
PlantDoc,5467f6012d78d1c446145d5f582da6096f852ae8,training_candidate,Blueberry leaf,AMBIGUOUS,,train/Blueberry leaf/highbush_blueberry1337725765530.jpg,Blueberry leaf/00437_bd1082933ad85b1c.jpg,bd1082933ad85b1ce481e33e54c85fc2c90fa185b1a5377c8a9f59d9036ec150,34d74b4e1d1d1a9a,JPEG,RGB,674,479,70408,original,AMBIGUOUS
PlantDoc,5467f6012d78d1c446145d5f582da6096f852ae8,training_candidate,Blueberry leaf,AMBIGUOUS,,train/Blueberry leaf/image_1500x1500%253E.jpeg?1472756546.jpg,Blueberry leaf/00438_704506d09f9f15be.jpg,704506d09f9f15be27bee0482798201f3f8ac9bfd596b8300406c358ee8c259e,73791c7eedc78d99,JPEG,RGB,1125,1500,661895,original,AMBIGUOUS
PlantDoc,5467f6012d78d1c446145d5f582da6096f852ae8,training_candidate,Blueberry leaf,AMBIGUOUS,,train/Blueberry leaf/image_1500x1500%253E.jpeg?1472756548.jpg,Blueberry leaf/00439_d6d6b3fe5e2f2b74.jpg,d6d6b3fe5e2f2b74efde5612a3e051c53e8f9b50ff32a6d5a900a9ac171fcdfd,982a6094cca6321e,JPEG,RGB,1125,1500,736872,original,AMBIGUOUS
PlantDoc,5467f6012d78d1c446145d5f582da6096f852ae8,training_candidate,Blueberry leaf,AMBIGUOUS,,train/Blueberry leaf/img_8042.jpg,Blueberry leaf/00440_ef847e32890152bd.jpg,ef847e32890152bdfa883e41113cdd418d6878dac35b7200599a642e91d0dbf2,3c7959ddd6e5a786,JPEG,RGB,2592,1944,1661519,original,AMBIGUOUS
PlantDoc,5467f6012d78d1c446145d5f582da6096f852ae8,training_candidate,Blueberry leaf,AMBIGUOUS,,train/Blueberry leaf/immatureleaffootbug.jpg,Blueberry leaf/00441_cc79575fab42c762.jpg,cc79575fab42c762bdfb1b99a40086057faf712274faafae10574cbd32ed489e,6c745b7b9eb36be4,JPEG,RGB,2592,1936,2122196,original,AMBIGUOUS
PlantDoc,5467f6012d78d1c446145d5f582da6096f852ae8,training_candidate,Blueberry leaf,AMBIGUOUS,,train/Blueberry leaf/lb_blueberry1.jpg,Blueberry leaf/00442_a22d30e4aa0db214.jpg,a22d30e4aa0db2141108c2c7b44c59831a8d83c667d40b9214e4a5135fdbe63d,2f4f17cd672fc9d9,JPEG,RGB,480,360,62210,original,AMBIGUOUS
PlantDoc,5467f6012d78d1c446145d5f582da6096f852ae8,training_candidate,Blueberry leaf,AMBIGUOUS,,train/Blueberry leaf/leaf-blueberry-plant-vaccinium-corymbosum-north-america-usa-bush-103375785.jpg,Blueberry leaf/00443_c3121d96d3d26fff.jpg,c3121d96d3d26fffdf7c7c880ba2920a9f90a19cbd73a20d26245c3c58adf18f,968b838f52963436,JPEG,RGB,1300,957,120639,original,AMBIGUOUS
PlantDoc,5467f6012d78d1c446145d5f582da6096f852ae8,training_candidate,Blueberry leaf,AMBIGUOUS,,train/Blueberry leaf/leaf_arangement.jpg,Blueberry leaf/00444_5ae8613aac2aa773.jpg,5ae8613aac2aa773501ce2ce2e1927e5407d9d789644d52f2c0fff568f981a4c,ff6d6c162d1237e7,JPEG,RGB,1600,1200,518005,original,AMBIGUOUS
PlantDoc,5467f6012d78d1c446145d5f582da6096f852ae8,training_candidate,Blueberry leaf,AMBIGUOUS,,train/Blueberry leaf/ovalifolium1.jpg,Blueberry leaf/00445_7f457362c40536ea.jpg,7f457362c40536eaac2f043bc7c26a21501ac8b43833efd85290928640ae32c3,20a735354ada9691,JPEG,RGB,634,386,82469,original,AMBIGUOUS
PlantDoc,5467f6012d78d1c446145d5f582da6096f852ae8,training_candidate,Blueberry leaf,AMBIGUOUS,,train/Blueberry leaf/plant-fruit-berry-leaf-flower-food-herb-produce-blueberry-botany-flora-plants-wildflower-shrub-macro-photography-wipes-flowering-plant-bilberry-huckleberry-dayflower-land-plant-dayflower-family-1090218.jpg,Blueberry leaf/00446_9dd68771e97d9b3b.jpg,9dd68771e97d9b3b89673e7d0a2b34702e8acd6b94c6da485cf0f553a2fec273,f8319666658d6dcf,JPEG,RGB,3872,2592,1937445,original,AMBIGUOUS
PlantDoc,5467f6012d78d1c446145d5f582da6096f852ae8,training_candidate,Blueberry leaf,AMBIGUOUS,,train/Blueberry leaf/red+blueberry+leaves.jpg,Blueberry leaf/00447_9681feb1730d17b3.jpg,9681feb1730d17b328005dfb6ac8aabf1e5c06cb30bef33e3d96699964158a64,d28ca48d99243038,JPEG,RGB,560,600,110032,original,AMBIGUOUS
PlantDoc,5467f6012d78d1c446145d5f582da6096f852ae8,training_candidate,Blueberry leaf,AMBIGUOUS,,train/Blueberry leaf/stock-photo-blueberry-heap-with-green-leaves-close-up-macro-isolated-on-white-background-83867578.jpg,Blueberry leaf/00448_7449e69a1bb94098.jpg,7449e69a1bb94098477da6575dbfd80d131b3c83c74f245ff279b095ebf3bc42,494b8cb2f1e02054,JPEG,RGB,1500,1434,606239,original,AMBIGUOUS
PlantDoc,5467f6012d78d1c446145d5f582da6096f852ae8,training_candidate,Blueberry leaf,AMBIGUOUS,,train/Blueberry leaf/stock-photo-blueberry-leaves-branch-isolated-on-white-background-490111684.jpg,Blueberry leaf/00449_78e703ede39227e4.jpg,78e703ede39227e44709f123783a251de8a4557d8edffbaae3716298cc77ddfd,86b0d464f4f00068,JPEG,RGB,1500,1083,416818,original,AMBIGUOUS
PlantDoc,5467f6012d78d1c446145d5f582da6096f852ae8,training_candidate,Blueberry leaf,AMBIGUOUS,,train/Blueberry leaf/stock-photo-blueberry-leaves-isolated-on-white-background-collection-569223157.jpg,Blueberry leaf/00450_2c60c15e7e1c6b5f.jpg,2c60c15e7e1c6b5fffa678dd04d2c11ed74d16151c2fe60f2d1c29a6de4d2f02,28eada999aca8ad2,JPEG,RGB,450,461,47720,original,AMBIGUOUS
PlantDoc,5467f6012d78d1c446145d5f582da6096f852ae8,training_candidate,Blueberry leaf,AMBIGUOUS,,train/Blueberry leaf/stock-photo-blueberry-with-leaves-of-mint-70797082.jpg,Blueberry leaf/00451_928e5b509e281ee4.jpg,928e5b509e281ee46af9acc33e343d8f33ed046a22a81c006595b22db9762bc6,53535326229e8468,JPEG,RGB,1500,904,337337,original,AMBIGUOUS
PlantDoc,5467f6012d78d1c446145d5f582da6096f852ae8,training_candidate,Blueberry leaf,AMBIGUOUS,,train/Blueberry leaf/stock-photo-fresh-ripe-blueberries-with-leaves-on-white-background-125173964.jpg,Blueberry leaf/00452_b2d15ff5115d80a3.jpg,b2d15ff5115d80a3248c4f34810e6f1a5eb60922ebc9f1675b0353c42e3fcdfb,d032b0b0c4e0d04c,JPEG,RGB,450,448,43790,original,AMBIGUOUS
PlantDoc,5467f6012d78d1c446145d5f582da6096f852ae8,training_candidate,Blueberry leaf,AMBIGUOUS,,train/Blueberry leaf/stock-photo-leaf-blueberry-57690040.jpg,Blueberry leaf/00453_0c3d83342aa6ec9a.jpg,0c3d83342aa6ec9ab3398261cb2f42781c4c94c13d4dd7afbbd0ebf08ebfbf4a,023c5a7c66cad964,JPEG,RGB,450,366,27253,original,AMBIGUOUS
PlantDoc,5467f6012d78d1c446145d5f582da6096f852ae8,training_candidate,Blueberry leaf,AMBIGUOUS,,train/Blueberry leaf/three-blueberries-with-leaves-picture-id83566780.jpg,Blueberry leaf/00454_a937f8da8ad59cc3.jpg,a937f8da8ad59cc3db565374793e141c8b7951f3da60c648196f5cd8efabf2fa,26d1dcccc4d0190d,JPEG,RGB,1024,682,192299,original,AMBIGUOUS
PlantDoc,5467f6012d78d1c446145d5f582da6096f852ae8,training_candidate,Blueberry leaf,AMBIGUOUS,,train/Blueberry leaf/vaccinium-angustifolium-634789-1.jpg,Blueberry leaf/00455_c8d7c8693c19f55f.jpg,c8d7c8693c19f55f55a8138151367c666362899fcba216d8094404f5095e0284,4a2375671a27df9f,JPEG,RGB,720,540,115700,original,AMBIGUOUS
PlantDoc,5467f6012d78d1c446145d5f582da6096f852ae8,training_candidate,Blueberry leaf,AMBIGUOUS,,train/Blueberry leaf/vaccinium-angustifolium-le-ahaines.jpg,Blueberry leaf/00456_4a402f222a45dd80.jpg,4a402f222a45dd801f92fc1dcd761705db2ed0086bb3e7709f01c893545a57da,9331241b7a16e6ab,JPEG,RGB,1000,750,221665,original,AMBIGUOUS
PlantDoc,5467f6012d78d1c446145d5f582da6096f852ae8,training_candidate,Blueberry leaf,AMBIGUOUS,,train/Blueberry leaf/vaccinium-corymbosum-le-mlovit.jpg,Blueberry leaf/00457_7b1288cf4d8de376.jpg,7b1288cf4d8de376472cd4f250a4dffdb4775694f8223e619affa1c3945cf83b,4f26322220a2a796,JPEG,RGB,1000,750,277658,original,AMBIGUOUS
PlantDoc,5467f6012d78d1c446145d5f582da6096f852ae8,training_candidate,Blueberry leaf,AMBIGUOUS,,train/Blueberry leaf/vaccinium-myrtilloides-13-1.jpg,Blueberry leaf/00458_44e71d79be69f5c7.jpg,44e71d79be69f5c7c937f72afa8e2fd1aedba6ed1a6f0e4f73b9ba9d6e29219e,3d6c6e74311f2d49,JPEG,RGB,720,540,95317,original,AMBIGUOUS
PlantDoc,5467f6012d78d1c446145d5f582da6096f852ae8,training_candidate,Blueberry leaf,AMBIGUOUS,,train/Blueberry leaf/vaccinium-myrtilloides-437.jpg,Blueberry leaf/00459_1a1608ff5589d86d.jpg,1a1608ff5589d86daf72fbfcef51b67d2387a81279a7cb70d2b3e77c0e76db67,381ecf0b682d2734,JPEG,RGB,720,540,76300,original,AMBIGUOUS
PlantDoc,5467f6012d78d1c446145d5f582da6096f852ae8,training_candidate,Blueberry leaf,AMBIGUOUS,,train/Blueberry leaf/vaccinium-myrtilloides-le-dcameron-b.jpg,Blueberry leaf/00460_9a16cd672207f3f7.jpg,9a16cd672207f3f753774a3961d47dd18028dd10476c49e0218a2cdc1c2c1d6c,e1479f9d9dcfdbc7,JPEG,RGB,1000,750,242869,original,AMBIGUOUS
PlantDoc,5467f6012d78d1c446145d5f582da6096f852ae8,training_candidate,Blueberry leaf,AMBIGUOUS,,train/Blueberry leaf/vaccinium-myrtilloides-le-mlovit.jpg,Blueberry leaf/00461_cc92345af7657666.jpg,cc92345af7657666aff4ae9d02356c2c1070f371a535a9d02ac5faa0837e52b0,6c375353331e1959,JPEG,RGB,1000,750,300295,original,AMBIGUOUS
PlantDoc,5467f6012d78d1c446145d5f582da6096f852ae8,training_candidate,Blueberry leaf,AMBIGUOUS,,train/Blueberry leaf/vaccspp_leaf1.jpg,Blueberry leaf/00462_c89d33836c5e2d5e.jpg,c89d33836c5e2d5e1667f28a3a01585dae7f4f722f63b29ca98b9e27fabf327f,b33e3cbdcc13b472,JPEG,RGB,2000,3008,4452736,original,AMBIGUOUS
PlantDoc,5467f6012d78d1c446145d5f582da6096f852ae8,training_candidate,Blueberry leaf,AMBIGUOUS,,train/Blueberry leaf/vaov_006_lhp.jpg,Blueberry leaf/00463_0882a4ed2b4df081.jpg,0882a4ed2b4df081348e372a0bee1337c571637f82fef1a853b6e6611e96d67f,aababcaeeaeef6b2,JPEG,RGB,900,600,141251,original,AMBIGUOUS
PlantDoc,5467f6012d78d1c446145d5f582da6096f852ae8,training_candidate,Blueberry leaf,AMBIGUOUS,,train/Blueberry leaf/wild-blueberries-576x1024.jpg,Blueberry leaf/00464_f054aab803c8b8b3.jpg,f054aab803c8b8b36130ad3ec4f50d8953f0d5511e6dfabd27475305f9400c49,6d1c9e9b4fccce2d,JPEG,RGB,576,1024,105254,original,AMBIGUOUS
PlantDoc,5467f6012d78d1c446145d5f582da6096f852ae8,training_candidate,Blueberry leaf,AMBIGUOUS,,train/Blueberry leaf/wild-blueberries.jpg,Blueberry leaf/00465_08e5639550880320.jpg,08e56395508803201731c3af200dfd253ff84ac9522aa4319d10da1588a8eb58,323233d150727301,JPEG,RGB,5184,3456,1712273,original,AMBIGUOUS
PlantDoc,5467f6012d78d1c446145d5f582da6096f852ae8,training_candidate,Cherry leaf,AMBIGUOUS,,train/Cherry leaf/02b13cea19417b15cf3d6ff534aa7ea653ad783094a60_1260x1260.jpg,Cherry leaf/00466_b1b33283c4fdfdf7.jpg,b1b33283c4fdfdf7b7a67c964652da6cc2f10b80bf972eb7ad43eab7b68ce016,6864607262301818,JPEG,RGB,1056,1260,131836,original,AMBIGUOUS
PlantDoc,5467f6012d78d1c446145d5f582da6096f852ae8,training_candidate,Cherry leaf,AMBIGUOUS,,train/Cherry leaf/100_0123_2.jpg,Cherry leaf/00467_e9c5b96f46a662fb.jpg,e9c5b96f46a662fb0eee756d752f4304a3dbb28305bc53a9f5c725e71ed9409b,9c1c3b71d39b9939,JPEG,RGB,1023,682,344348,original,AMBIGUOUS
PlantDoc,5467f6012d78d1c446145d5f582da6096f852ae8,training_candidate,Cherry leaf,AMBIGUOUS,,train/Cherry leaf/100_4608.jpg,Cherry leaf/00468_fce22a6d2a7fa353.jpg,fce22a6d2a7fa353d8c11d41975a0792c464dfccaf1e2ef683b760f69b49e269,18313a1912b07567,JPEG,RGB,2142,2856,2955023,original,AMBIGUOUS
PlantDoc,5467f6012d78d1c446145d5f582da6096f852ae8,training_candidate,Cherry leaf,AMBIGUOUS,,train/Cherry leaf/1348156007-85504600.jpg,Cherry leaf/00469_52ed576bbdb48a91.jpg,52ed576bbdb48a911a87da487613e2d282099d345eae75b99d78d90615770fa0,382d094f0c0c0d04,JPEG,RGB,1000,1000,156157,original,AMBIGUOUS
PlantDoc,5467f6012d78d1c446145d5f582da6096f852ae8,training_candidate,Cherry leaf,AMBIGUOUS,,train/Cherry leaf/15%20CHOKE%20CHERRY.jpg,Cherry leaf/00470_5f7b415c053f5be6.jpg,5f7b415c053f5be61b45d9e5ae4baaa46211f6c90a36b4b70fe7edcf450dd857,d39b0d0b93d3c3b2,JPEG,RGB,2048,1536,613606,original,AMBIGUOUS
PlantDoc,5467f6012d78d1c446145d5f582da6096f852ae8,training_candidate,Cherry leaf,AMBIGUOUS,,train/Cherry leaf/1b9155649757248759cdbe7d83cc94c0.jpg,Cherry leaf/00471_cb25d9037ea62d09.jpg,cb25d9037ea62d091cf84be8c05d64bb8cdfd34d5836aecae8d28a2beec912ad,d7b3f363f3676f4f,JPEG,RGB,736,981,45950,original,AMBIGUOUS
PlantDoc,5467f6012d78d1c446145d5f582da6096f852ae8,training_candidate,Cherry leaf,AMBIGUOUS,,train/Cherry leaf/2febe52cfac784c3191c804390d51ab756a3a7c8b9314_1260x1260.jpg,Cherry leaf/00472_4dd62647b73c6ef0.jpg,4dd62647b73c6ef0d5017329d56a13494b0f8cfcf178c2068e911400254ee276,6860627270b01828,JPEG,RGB,1056,1260,138492,original,AMBIGUOUS
PlantDoc,5467f6012d78d1c446145d5f582da6096f852ae8,training_candidate,Cherry leaf,AMBIGUOUS,,train/Cherry leaf/3b296e7197cc7e3d138892539e2e9ba453ad782db3398_1260x1260.jpg,Cherry leaf/00473_d2a21cdc285916bc.jpg,d2a21cdc285916bcc03d64fa627be5812b6321c612477ccce7f51762bc8ea8c1,b244c8cc78b16268,JPEG,RGB,1056,1260,155421,original,AMBIGUOUS
PlantDoc,5467f6012d78d1c446145d5f582da6096f852ae8,training_candidate,Cherry leaf,AMBIGUOUS,,train/Cherry leaf/5dab054e26cde431baf6a8e0e3f0f258.jpg,Cherry leaf/00474_ee3f27be98c80a74.jpg,ee3f27be98c80a74d7c2676aa630aa2e007ff2d16954aa25bcf6b9a973adb5ba,394f8f65deba6f16,JPEG,RGB,736,1040,141689,original,AMBIGUOUS
PlantDoc,5467f6012d78d1c446145d5f582da6096f852ae8,training_candidate,Cherry leaf,AMBIGUOUS,,train/Cherry leaf/6.-Choke-cherry-fall-leaf-colour.jpg,Cherry leaf/00475_25439121f7fb0235.jpg,25439121f7fb023542399abfc1c6fed59d90d39e3b8cb4b6a24e083cb8e0c935,0606838383c65e37,JPEG,RGB,2100,1575,114286,original,AMBIGUOUS
PlantDoc,5467f6012d78d1c446145d5f582da6096f852ae8,training_candidate,Cherry leaf,AMBIGUOUS,,train/Cherry leaf/670px-User-Completed-Image-Identify-Cherry-Trees-2015.12.05-23.48.57.0.jpeg.jpg,Cherry leaf/00476_cba6ae46c449b155.jpg,cba6ae46c449b1552aa3d50483806295539d170cb15fcf4c228107a29c98d98c,c7c4cb59ac47c138,JPEG,RGB,670,670,75176,original,AMBIGUOUS
PlantDoc,5467f6012d78d1c446145d5f582da6096f852ae8,training_candidate,Cherry leaf,AMBIGUOUS,,train/Cherry leaf/7%20CHOKE%20CHERRY.jpg,Cherry leaf/00477_f8cf1ef1d56ea793.jpg,f8cf1ef1d56ea79378437a5a4ac572be4f40e997496b905913ef42ca684f6d02,2e160d4c3d59782c,JPEG,RGB,2048,1536,590795,original,AMBIGUOUS
PlantDoc,5467f6012d78d1c446145d5f582da6096f852ae8,training_candidate,Cherry leaf,AMBIGUOUS,,train/Cherry leaf/Bird-Cherry-%28Prunus-Padus%29-Leaf-and-Flowers.jpg,Cherry leaf/00478_940789f710336d24.jpg,940789f710336d2455a1b41d7e672a666ccac3364f31352ecffd1b4914b1ef42,83c6612162664a98,JPEG,RGB,1000,1000,152792,original,AMBIGUOUS
PlantDoc,5467f6012d78d1c446145d5f582da6096f852ae8,training_candidate,Cherry leaf,AMBIGUOUS,,train/Cherry leaf/BlackCherry04.jpg,Cherry leaf/00479_6ec4f37f52436313.jpg,6ec4f37f524363136fd1341fd1ade7e40b0ef541ac2878daee46aff55e4df995,a62e67c6db8dac5a,JPEG,RGB,750,570,98063,original,AMBIGUOUS
PlantDoc,5467f6012d78d1c446145d5f582da6096f852ae8,training_candidate,Cherry leaf,AMBIGUOUS,,train/Cherry leaf/CHERRY_CHOKE2_leaves.jpg,Cherry leaf/00480_0ff707628e595d50.jpg,0ff707628e595d509ae7d5ebe926d3ae3d700f68867c5597e342385abe2c7f67,dbacaf4323be9f77,JPEG,RGB,802,602,103785,original,AMBIGUOUS
PlantDoc,5467f6012d78d1c446145d5f582da6096f852ae8,training_candidate,Cherry leaf,AMBIGUOUS,,train/Cherry leaf/CHERRY_CHOKE_leaves.jpg,Cherry leaf/00481_9c0e37cbd9d2fc64.jpg,9c0e37cbd9d2fc64428afb3ac8cf0900b0f69f2379cacca931d5f95e696ce90d,d3f48e9f338fe7d2,JPEG,RGB,802,602,91106,original,AMBIGUOUS
PlantDoc,5467f6012d78d1c446145d5f582da6096f852ae8,training_candidate,Cherry leaf,AMBIGUOUS,,train/Cherry leaf/Carolina%2BCherry%2BLaurel%2Bproblem1.jpg,Cherry leaf/00482_c63cb8230eb014e8.jpg,c63cb8230eb014e882ecb6a29821336b30010456ef545415758b9cfd5975411d,2ca2e293d9597028,JPEG,RGB,1600,1200,322241,original,AMBIGUOUS
PlantDoc,5467f6012d78d1c446145d5f582da6096f852ae8,training_candidate,Cherry leaf,AMBIGUOUS,,train/Cherry leaf/Carolina%2BCherry%2BLaurel%2Bproblem3.jpg,Cherry leaf/00483_f0f2ba32483884f5.jpg,f0f2ba32483884f5bf8dbf590ade0bc6b5fe498045401446816f182c55614d7d,389c8cdddd76e7d6,JPEG,RGB,1600,1200,363357,original,AMBIGUOUS
PlantDoc,5467f6012d78d1c446145d5f582da6096f852ae8,training_candidate,Cherry leaf,AMBIGUOUS,,train/Cherry leaf/Catalina%20Island%20Cherry.JPG.jpg,Cherry leaf/00484_b572c78311c1b239.jpg,b572c78311c1b239d4577ee2d3e24836f52cc6a82cd0d51bba0258e6d4b1030a,e6b3031711058de6,JPEG,RGB,2448,3264,3006232,original,AMBIGUOUS
PlantDoc,5467f6012d78d1c446145d5f582da6096f852ae8,training_candidate,Cherry leaf,AMBIGUOUS,,train/Cherry leaf/Cherry%20Sweet%20N%20deficiency%20closeup%20Brubaker%202004.JPG.jpg,Cherry leaf/00485_c3ac3b42568bd134.jpg,c3ac3b42568bd1340466d0f3bb69396dd5ba909015882fb844b4cd5560aa1c20,2d833772a9e86b0a,JPEG,RGB,1536,1024,872244,original,AMBIGUOUS
PlantDoc,5467f6012d78d1c446145d5f582da6096f852ae8,training_candidate,Cherry leaf,AMBIGUOUS,,train/Cherry leaf/Cherry-Fruit-and-Leaves-tp1263.jpg,Cherry leaf/00486_a6726ea0f7b78e58.jpg,a6726ea0f7b78e58923758b4dd315083b1623e68f293d6815531fc2950cd81f7,6d6252d86141551a,JPEG,RGB,1800,1350,384902,original,AMBIGUOUS
PlantDoc,5467f6012d78d1c446145d5f582da6096f852ae8,training_candidate,Cherry leaf,AMBIGUOUS,,train/Cherry leaf/ECE47.jpg,Cherry leaf/00487_7b2f6db5548e63ef.jpg,7b2f6db5548e63efcdd0888c90472433739b575c98c4594ff062720bcfc1c173,b8bee6dc5ed79b39,JPEG,RGB,1000,1500,128228,original,AMBIGUOUS
PlantDoc,5467f6012d78d1c446145d5f582da6096f852ae8,training_candidate,Cherry leaf,AMBIGUOUS,,train/Cherry leaf/IMG_4280.JPG.jpg,Cherry leaf/00488_2138a154a106e3bf.jpg,2138a154a106e3bf304a3c0c765036a48ed64ae98295619f1f16394a12c0485c,52c3a4e0b3b3733b,JPEG,RGB,1600,1200,236452,original,AMBIGUOUS
PlantDoc,5467f6012d78d1c446145d5f582da6096f852ae8,training_candidate,Cherry leaf,AMBIGUOUS,,train/Cherry leaf/IMG_5892_original.JPG?1500348823.jpg,Cherry leaf/00489_ccb15fae349108ac.jpg,ccb15fae349108ac3db020eb269b51962e23b4ce5f57bd95ba030d099f1fc314,59b12271e1c6b3b9,JPEG,RGB,2448,3264,2062929,original,AMBIGUOUS
PlantDoc,5467f6012d78d1c446145d5f582da6096f852ae8,training_candidate,Cherry leaf,AMBIGUOUS,,train/Cherry leaf/Leaf%20cherry1.JPG.jpg,Cherry leaf/00490_533737dfe87f3b0d.jpg,533737dfe87f3b0dae3e9bfd013f021cc7b2cdce2c4c9332acbb05e266d46244,e2d1c98898e9c062,JPEG,RGB,633,342,14009,original,AMBIGUOUS
PlantDoc,5467f6012d78d1c446145d5f582da6096f852ae8,training_candidate,Cherry leaf,AMBIGUOUS,,train/Cherry leaf/RAx1iE.jpg,Cherry leaf/00491_2c3436c5cf536dc6.jpg,2c3436c5cf536dc687bb5ca45fef337f69728b5417b06b7512ad1139e063f4e0,815059c1a8892d1c,JPEG,RGB,1366,768,322856,original,AMBIGUOUS
PlantDoc,5467f6012d78d1c446145d5f582da6096f852ae8,training_candidate,Cherry leaf,AMBIGUOUS,,train/Cherry leaf/black-brazilian-cherry-4988.jpeg.jpg,Cherry leaf/00492_907182bb3ab70651.jpg,907182bb3ab70651a5f0ff7fbd3fb92e2ef603830339e3fe1512a5c843855d6e,adbce9cdc6e7d3b1,JPEG,RGB,1280,960,126994,original,AMBIGUOUS
PlantDoc,5467f6012d78d1c446145d5f582da6096f852ae8,training_candidate,Cherry leaf,AMBIGUOUS,,train/Cherry leaf/canada-red-cherry-leaves.jpg,Cherry leaf/00493_4a8cf1d0bf1975ae.jpg,4a8cf1d0bf1975ae91a964cd8602aa6e5d4fc647b7768864766e3bae66386627,c8dcdcf4dbcfe78f,JPEG,RGB,800,516,86763,original,AMBIGUOUS
PlantDoc,5467f6012d78d1c446145d5f582da6096f852ae8,training_candidate,Cherry leaf,AMBIGUOUS,,train/Cherry leaf/canada_red_chokecherry_11_medium_.jpg,Cherry leaf/00494_6614e9eaef8c025f.jpg,6614e9eaef8c025f6bfd0b16cf881b1c6f558f8561971d3b92ecf1994e84eade,b29ad3f3da5271fb,JPEG,RGB,1037,768,126444,original,AMBIGUOUS
PlantDoc,5467f6012d78d1c446145d5f582da6096f852ae8,training_candidate,Cherry leaf,AMBIGUOUS,,train/Cherry leaf/cherry+tree.jpg,Cherry leaf/00495_3d244b8693daa84a.jpg,3d244b8693daa84a50e4e0e2f91306c31aed0571b992baa22e507702251247c4,0363744438695bd3,JPEG,RGB,800,600,113524,original,AMBIGUOUS
PlantDoc,5467f6012d78d1c446145d5f582da6096f852ae8,training_candidate,Cherry leaf,AMBIGUOUS,,train/Cherry leaf/cherry-fertilizer.jpg,Cherry leaf/00496_7855d8c4c3a7c82c.jpg,7855d8c4c3a7c82cd62c9481612691342bd919f77cd420fc7bf79e506f36ff39,7d4bd3f1ccdc9731,JPEG,RGB,1696,1131,274894,original,AMBIGUOUS
PlantDoc,5467f6012d78d1c446145d5f582da6096f852ae8,training_candidate,Cherry leaf,AMBIGUOUS,,train/Cherry leaf/cherry-leaves-e1335624103663.jpg,Cherry leaf/00497_01503d9cd49f06e8.jpg,01503d9cd49f06e8f15a87fe30cb7d17a2ac69310ba703ae41328469979a340f,1d2d8dc9e1dad8b0,JPEG,RGB,2000,2666,905343,original,AMBIGUOUS
PlantDoc,5467f6012d78d1c446145d5f582da6096f852ae8,training_candidate,Cherry leaf,AMBIGUOUS,,train/Cherry leaf/cherry-tree-leaves-and-fruits.jpg,Cherry leaf/00498_8c839737256dc2c3.jpg,8c839737256dc2c371c7ad86eb1d355fd5952a3d0849f09b39ff4a01e6952db0,81eaae2b63d29bb1,JPEG,RGB,350,300,19136,original,AMBIGUOUS
PlantDoc,5467f6012d78d1c446145d5f582da6096f852ae8,training_candidate,Cherry leaf,AMBIGUOUS,,train/Cherry leaf/cherry-tree-leaves.jpg,Cherry leaf/00499_2d7ce98c2530bb92.jpg,2d7ce98c2530bb92a8360dd9703a4013f74aa5e9d88b8d14d613ab131af85675,06868c71212c2603,JPEG,RGB,5184,2740,658255,original,AMBIGUOUS
PlantDoc,5467f6012d78d1c446145d5f582da6096f852ae8,training_candidate,Cherry leaf,AMBIGUOUS,,train/Cherry leaf/cherrytree-leaf.jpg,Cherry leaf/00500_d16b62e12ec79dbe.jpg,d16b62e12ec79dbeb0dafa984def26e0366d0eb24579f0505011aafe4c36370d,ad527958f0f5bfbf,JPEG,RGB,900,700,35263,original,AMBIGUOUS
PlantDoc,5467f6012d78d1c446145d5f582da6096f852ae8,training_candidate,Cherry leaf,AMBIGUOUS,,train/Cherry leaf/i-have-a-cherry-tree-5252.jpg,Cherry leaf/00501_7790209ebd6f5026.jpg,7790209ebd6f50268838417aa3dea86c4e927ca22ac189e5acec88991daeb0a4,6d6256d86141551a,JPEG,RGB,2048,1536,975825,original,AMBIGUOUS
PlantDoc,5467f6012d78d1c446145d5f582da6096f852ae8,training_candidate,Cherry leaf,AMBIGUOUS,,train/Cherry leaf/img_3088.jpg,Cherry leaf/00502_0c39d475f5f43578.jpg,0c39d475f5f4357816fe80904ebf7ce3da10a28202ed4e04ac5a49aaf7e7cfac,3191049864263613,JPEG,RGB,1600,1200,708355,original,AMBIGUOUS
PlantDoc,5467f6012d78d1c446145d5f582da6096f852ae8,training_candidate,Cherry leaf,AMBIGUOUS,,train/Cherry leaf/prunsero_twig3.jpg,Cherry leaf/00503_16e5a90633a725f4.jpg,16e5a90633a725f431bf5a97bb6bb51d51fd0a55afa8cdf78cf0e579b1ca296e,c7e7e7486cc9cb9a,JPEG,RGB,2000,3008,3618661,original,AMBIGUOUS
PlantDoc,5467f6012d78d1c446145d5f582da6096f852ae8,training_candidate,Cherry leaf,AMBIGUOUS,,train/Cherry leaf/prunus-avium-le-rvid-c.jpg,Cherry leaf/00504_ad01819e5e3a42eb.jpg,ad01819e5e3a42eb2e5f1428e316d2e4304d66cb9da41e82917a5f6715c09a40,1c9cd1e94e13a3ef,JPEG,RGB,667,1000,164773,original,AMBIGUOUS
PlantDoc,5467f6012d78d1c446145d5f582da6096f852ae8,training_candidate,Cherry leaf,AMBIGUOUS,,train/Cherry leaf/prunus-pensylvanica-007.jpg,Cherry leaf/00505_f58e63ac6b9ed0e2.jpg,f58e63ac6b9ed0e21dd6bec6045646660f26d5aaa30f97a360a26b68d5ff2b6f,f1d9353514342594,JPEG,RGB,800,600,81698,original,AMBIGUOUS
PlantDoc,5467f6012d78d1c446145d5f582da6096f852ae8,training_candidate,Cherry leaf,AMBIGUOUS,,train/Cherry leaf/prunus-pensylvanica-le-ahaines-a.jpg,Cherry leaf/00506_5a3bc16d15f93650.jpg,5a3bc16d15f9365064b191d7afa85855bd070ba846e283a245e7f8157d9500c4,232f0c1426062b42,JPEG,RGB,1000,908,237907,original,AMBIGUOUS
PlantDoc,5467f6012d78d1c446145d5f582da6096f852ae8,training_candidate,Cherry leaf,AMBIGUOUS,,train/Cherry leaf/radish-black-cherry-fruits-leaves.jpg,Cherry leaf/00507_f23287ae6afc9754.jpg,f23287ae6afc97544328249d0dd8b0002e17976eb0668e56269a7271e74a2e37,e5eac69bf8d99b13,JPEG,RGB,4000,3000,3797233,original,AMBIGUOUS
PlantDoc,5467f6012d78d1c446145d5f582da6096f852ae8,training_candidate,Cherry leaf,AMBIGUOUS,,train/Cherry leaf/sunburst_cherry.jpg,Cherry leaf/00508_0bb5aaf01ec82858.jpg,0bb5aaf01ec82858c855cd7faff24f0bf0e1236c4964c1bd8619998e524d6ab9,156370fc9464b0b0,JPEG,RGB,1000,820,172492,original,AMBIGUOUS
PlantDoc,5467f6012d78d1c446145d5f582da6096f852ae8,training_candidate,Cherry leaf,AMBIGUOUS,,train/Cherry leaf/tree-branch-blossom-plant-fruit-berry-leaf-flower-ripe-food-red-produce-botany-flora-leaves-shrub-fruits-bing-cherry-cherries-flowering-plant-rose-family-fruity-cherry-harvest-sweet-cherry-land-plant-913933.jpg,Cherry leaf/00509_3e78bf4a22415cda.jpg,3e78bf4a22415cdab2e93ea091be3936d3b4984a34cd75f35b5e83d6f1d0fbf8,d7316524b1415054,JPEG,RGB,4608,3456,2854401,original,AMBIGUOUS
PlantDoc,5467f6012d78d1c446145d5f582da6096f852ae8,training_candidate,Cherry leaf,AMBIGUOUS,,train/Cherry leaf/wild-and-choke-cherry-leaves_edited-1.jpg,Cherry leaf/00510_cd23833a53659605.jpg,cd23833a5365960562bd5133a8f6f23b642b3247c95cb079d456f1d9ef2325cd,0f16165a528e8e8f,JPEG,RGB,720,511,94211,original,AMBIGUOUS
PlantDoc,5467f6012d78d1c446145d5f582da6096f852ae8,training_candidate,Cherry leaf,AMBIGUOUS,,train/Cherry leaf/yoshino-weeping-cherry-tree2.jpg,Cherry leaf/00511_02231cc38d2ea50b.jpg,02231cc38d2ea50b394fbc14af78a1d571181de8fec1892aed91e78a038fbf8b,0bd71826cd4e2624,JPEG,RGB,800,600,361269,original,AMBIGUOUS
PlantDoc,5467f6012d78d1c446145d5f582da6096f852ae8,training_candidate,Cherry leaf,AMBIGUOUS,,train/Cherry leaf/yoshino-weeping-cherry-tree9.jpg,Cherry leaf/00512_87c1eac211a9b40a.jpg,87c1eac211a9b40a7fe9fd12faab942c8d401d1cc06c7b13cded827b799f2ec5,757ccee7d6daeca6,JPEG,RGB,700,838,299466,original,AMBIGUOUS
PlantDoc,5467f6012d78d1c446145d5f582da6096f852ae8,training_candidate,Corn Gray leaf spot,MATCHED,Corn Cercospora leaf spot,train/Corn Gray leaf spot/0796.16graylspot.jpg,Corn Gray leaf spot/00513_fc4bb5f4f31e8ea6.jpg,fc4bb5f4f31e8ea6ca956b364499c6065bc67eb0b31c16f7733100033e9e3610,7979591919130303,JPEG,RGB,432,329,27039,original,APPROVED_CANDIDATE
PlantDoc,5467f6012d78d1c446145d5f582da6096f852ae8,training_candidate,Corn Gray leaf spot,MATCHED,Corn Cercospora leaf spot,train/Corn Gray leaf spot/1192.jpg,Corn Gray leaf spot/00514_60f6e1daf63def62.jpg,60f6e1daf63def6208a274da7d178df3c2cd8db16c3b8c4938c3c8754eb4eecc,260602b2b02d0723,JPEG,RGB,640,480,132409,original,APPROVED_CANDIDATE
PlantDoc,5467f6012d78d1c446145d5f582da6096f852ae8,training_candidate,Corn Gray leaf spot,MATCHED,Corn Cercospora leaf spot,train/Corn Gray leaf spot/1193.jpg,Corn Gray leaf spot/00515_736a1734ac7fa212.jpg,736a1734ac7fa212945fd55314a22c7e9a3ac5611d94631878b550ea5c523156,9b9b1684c2c8da92,JPEG,RGB,527,433,82216,original,APPROVED_CANDIDATE
PlantDoc,5467f6012d78d1c446145d5f582da6096f852ae8,training_candidate,Corn Gray leaf spot,MATCHED,Corn Cercospora leaf spot,train/Corn Gray leaf spot/1355.51grayleafspot.jpg,Corn Gray leaf spot/00516_d5cddd1a94873699.jpg,d5cddd1a948736993ecda96b0dfb1decf31f9bad9c033c09e0df7fafa0125553,9b9021030617333d,JPEG,RGB,432,271,28374,original,APPROVED_CANDIDATE
PlantDoc,5467f6012d78d1c446145d5f582da6096f852ae8,training_candidate,Corn Gray leaf spot,MATCHED,Corn Cercospora leaf spot,train/Corn Gray leaf spot/18largegls0732_copy-143B1EC97E96BA58322.jpg,Corn Gray leaf spot/00517_debefed35e0b0814.jpg,debefed35e0b08140332557b44777ddeaca7512ce3066b53b83aa08eb711522b,6b0b4b2b21212109,JPEG,RGB,300,397,27993,original,APPROVED_CANDIDATE
PlantDoc,5467f6012d78d1c446145d5f582da6096f852ae8,training_candidate,Corn Gray leaf spot,MATCHED,Corn Cercospora leaf spot,train/Corn Gray leaf spot/2013Corn_GrayLeafSpot_0815_0003.JPG.jpg,Corn Gray leaf spot/00518_99ad81a07cbf1e2b.jpg,99ad81a07cbf1e2b1afa1da2fbb60355e2a794766888016ceef0737c72ba6cc9,330b838b07a59596,JPEG,RGB,1200,630,177599,original,APPROVED_CANDIDATE
PlantDoc,5467f6012d78d1c446145d5f582da6096f852ae8,training_candidate,Corn Gray leaf spot,MATCHED,Corn Cercospora leaf spot,train/Corn Gray leaf spot/2013Corn_GrayLeaf_0820_0003.JPG.jpg,Corn Gray leaf spot/00519_56a65794b3375625.jpg,56a65794b3375625ccdb802cd7f821b1965eb8add70fe0a04b5a888a169bb5a6,6c2c0d0d8d4c4d4d,JPEG,RGB,1600,1200,347147,original,APPROVED_CANDIDATE
PlantDoc,5467f6012d78d1c446145d5f582da6096f852ae8,training_candidate,Corn Gray leaf spot,MATCHED,Corn Cercospora leaf spot,train/Corn Gray leaf spot/2015070295153021.jpg,Corn Gray leaf spot/00520_6e777d1b6829140e.jpg,6e777d1b6829140e66573f918c0f1681ca4cd2979859c37435c84977153ec223,567e76675f9b1213,JPEG,RGB,1224,1632,225240,original,EXCLUDE_FROM_TRAINING
PlantDoc,5467f6012d78d1c446145d5f582da6096f852ae8,training_candidate,Corn Gray leaf spot,MATCHED,Corn Cercospora leaf spot,train/Corn Gray leaf spot/2015Corn_Hail_Taylor_PH%2B%25282%2529.JPG.jpg,Corn Gray leaf spot/00521_697cae5045e75ae2.jpg,697cae5045e75ae29c1b478c66051ddbcb237ba3f5365f94bdde7ad93eb2b558,9ee266662630f0b0,JPEG,RGB,1200,1600,281633,original,APPROVED_CANDIDATE
PlantDoc,5467f6012d78d1c446145d5f582da6096f852ae8,training_candidate,Corn Gray leaf spot,MATCHED,Corn Cercospora leaf spot,train/Corn Gray leaf spot/22-broders-CR-Gray-leaf-spot-corn.jpg,Corn Gray leaf spot/00522_95f54aea8215c2b5.jpg,95f54aea8215c2b5d7443ab123257fc08ba05bf503052e655562917cc6986dc0,2527266a6e6c0c8d,JPEG,RGB,300,400,69748,original,APPROVED_CANDIDATE
PlantDoc,5467f6012d78d1c446145d5f582da6096f852ae8,training_candidate,Corn Gray leaf spot,MATCHED,Corn Cercospora leaf spot,train/Corn Gray leaf spot/2f73110f80014a25a53f9551c94bf164.png.jpg,Corn Gray leaf spot/00523_db524b07878d7c86.png,db524b07878d7c86faa81a9ee38222ee6507c1a34ed7a4794f8969c7c9313b3f,0f0f38480c000701,PNG,RGBA,525,395,382562,original,APPROVED_CANDIDATE
PlantDoc,5467f6012d78d1c446145d5f582da6096f852ae8,training_candidate,Corn Gray leaf spot,MATCHED,Corn Cercospora leaf spot,train/Corn Gray leaf spot/7176752.jpeg?351.jpg,Corn Gray leaf spot/00524_92b43d93a4ce77e7.jpg,92b43d93a4ce77e72be76cb9f6c526679d6b8b105f37e98f241a5dc2dd417cf9,c1f34d49b3131f15,JPEG,RGB,350,299,20441,original,APPROVED_CANDIDATE
PlantDoc,5467f6012d78d1c446145d5f582da6096f852ae8,training_candidate,Corn Gray leaf spot,MATCHED,Corn Cercospora leaf spot,train/Corn Gray leaf spot/CGrayLeafSpot.jpg,Corn Gray leaf spot/00525_234e55db253165e2.jpg,234e55db253165e2509beae80e00103630258b3b43fb13e1dafe6262e4eac9a4,6266e76366733b6e,JPEG,RGB,900,675,134442,original,APPROVED_CANDIDATE
PlantDoc,5467f6012d78d1c446145d5f582da6096f852ae8,training_candidate,Corn Gray leaf spot,MATCHED,Corn Cercospora leaf spot,train/Corn Gray leaf spot/Close-up-of-GLS.jpg,Corn Gray leaf spot/00526_8546324a1f059cce.jpg,8546324a1f059cce2f8e1dad4a547c8de5db7a0fa0e6f61281aa1c5223bc5cad,65694b0301949899,JPEG,RGB,1275,960,320765,original,APPROVED_CANDIDATE
PlantDoc,5467f6012d78d1c446145d5f582da6096f852ae8,training_candidate,Corn Gray leaf spot,MATCHED,Corn Cercospora leaf spot,train/Corn Gray leaf spot/Corn-Gray-leafspot-lesions-300x225.jpg,Corn Gray leaf spot/00527_187dba9a9b5fb5b1.jpg,187dba9a9b5fb5b19302741895fe71f28fcbc2eb20eee6da09cba216f4275b38,1c18193131214961,JPEG,RGB,300,225,16038,original,APPROVED_CANDIDATE
PlantDoc,5467f6012d78d1c446145d5f582da6096f852ae8,training_candidate,Corn Gray leaf spot,MATCHED,Corn Cercospora leaf spot,train/Corn Gray leaf spot/Corn-gray-leaf-spot-8-15-F1-660.jpg,Corn Gray leaf spot/00528_47b303a09c3a3aa9.jpg,47b303a09c3a3aa923ccfecc2f5ee4fa28e705f1292dc5a67d21b7990e6d8d75,36b5860301081204,JPEG,RGB,660,276,228137,original,APPROVED_CANDIDATE
PlantDoc,5467f6012d78d1c446145d5f582da6096f852ae8,training_candidate,Corn Gray leaf spot,MATCHED,Corn Cercospora leaf spot,train/Corn Gray leaf spot/FJ_010_F17220_B00010.jpg,Corn Gray leaf spot/00529_3c806f331b7f3eb6.jpg,3c806f331b7f3eb6d3bab9bc6aeb567d537b1a9bbe04d03d8671678e4aacb9dd,2b64ab0a2e2b2a28,JPEG,RGB,600,516,81567,original,APPROVED_CANDIDATE
PlantDoc,5467f6012d78d1c446145d5f582da6096f852ae8,training_candidate,Corn Gray leaf spot,MATCHED,Corn Cercospora leaf spot,train/Corn Gray leaf spot/FJ_018_F16271-3.jpg,Corn Gray leaf spot/00530_356078861d1c1697.jpg,356078861d1c16972e0a0fa68ef3be7eebd48e179d5b7db6d5c4717852bce943,9153ca4e656464f5,JPEG,RGB,300,191,17042,original,APPROVED_CANDIDATE
PlantDoc,5467f6012d78d1c446145d5f582da6096f852ae8,training_candidate,Corn Gray leaf spot,MATCHED,Corn Cercospora leaf spot,train/Corn Gray leaf spot/Fig%202b.%20GLS%20backlit%20copy.jpg,Corn Gray leaf spot/00531_5ae54041cc055dbf.jpg,5ae54041cc055dbffb081543a29734e34e10695c9581791bd23babb8c9af599a,44470547371c8dae,JPEG,RGB,852,639,71415,original,APPROVED_CANDIDATE
PlantDoc,5467f6012d78d1c446145d5f582da6096f852ae8,training_candidate,Corn Gray leaf spot,MATCHED,Corn Cercospora leaf spot,train/Corn Gray leaf spot/Figure%201%20Gray%20leaf%20spot%20and%20Northern%20corn%20leaf%20blight.jpg,Corn Gray leaf spot/00532_d71cf2aa615270aa.jpg,d71cf2aa615270aaefb87f09f4cc2ef4d5423d7ae826927b2e434c506fc539f3,0c8c4ccd4d2c2c52,JPEG,RGB,523,233,24868,original,APPROVED_CANDIDATE
PlantDoc,5467f6012d78d1c446145d5f582da6096f852ae8,training_candidate,Corn Gray leaf spot,MATCHED,Corn Cercospora leaf spot,train/Corn Gray leaf spot/Figure%201.jpg,Corn Gray leaf spot/00533_c31d1f6e4d597c66.jpg,c31d1f6e4d597c66ba18b7cbb5ca01b86595ad18a2d05f0043c556f094cdbc27,f343432703930d9e,JPEG,RGB,1080,614,358384,original,APPROVED_CANDIDATE
PlantDoc,5467f6012d78d1c446145d5f582da6096f852ae8,training_candidate,Corn Gray leaf spot,MATCHED,Corn Cercospora leaf spot,train/Corn Gray leaf spot/Figure%204%20Grey%20leaf%20spot.jpg,Corn Gray leaf spot/00534_bd227eeba19f68a4.jpg,bd227eeba19f68a4b574600bc7286aec995d42aa1ae60cad82435494f1d596aa,4a48486b6a0a12a0,JPEG,RGB,253,241,10060,original,APPROVED_CANDIDATE
PlantDoc,5467f6012d78d1c446145d5f582da6096f852ae8,training_candidate,Corn Gray leaf spot,MATCHED,Corn Cercospora leaf spot,train/Corn Gray leaf spot/GLS-pic-1-1-225x300.jpg,Corn Gray leaf spot/00535_3090a7cd58c7acbf.jpg,3090a7cd58c7acbf1a172b85565f784f6034b354272ca17a25e39482ddc72f26,9d49b5b19c980100,JPEG,RGB,225,300,18580,original,APPROVED_CANDIDATE
PlantDoc,5467f6012d78d1c446145d5f582da6096f852ae8,training_candidate,Corn Gray leaf spot,MATCHED,Corn Cercospora leaf spot,train/Corn Gray leaf spot/GRAY_LE2.jpg,Corn Gray leaf spot/00536_b2bfecbc28bd813b.jpg,b2bfecbc28bd813bbd79266fca5861f2c36ed5fc16254f4cba8b0abcdcd404da,6f4f0bb72b5f5e5d,JPEG,RGB,1500,1048,173931,original,APPROVED_CANDIDATE
PlantDoc,5467f6012d78d1c446145d5f582da6096f852ae8,training_candidate,Corn Gray leaf spot,MATCHED,Corn Cercospora leaf spot,train/Corn Gray leaf spot/GetFile.aspx?guid=fb78e057-33b3-4901-b836-e08e45889f6f.jpg,Corn Gray leaf spot/00537_46d09886cab536db.jpg,46d09886cab536db4f0c605f37e003050e1079606263d616188b3b34278ba986,4404c5c5670d4570,JPEG,RGB,829,218,53561,original,APPROVED_CANDIDATE
PlantDoc,5467f6012d78d1c446145d5f582da6096f852ae8,training_candidate,Corn Gray leaf spot,MATCHED,Corn Cercospora leaf spot,train/Corn Gray leaf spot/Gray%20Leaf%20SpotCORN039.JPG.jpg,Corn Gray leaf spot/00538_c47a3877968e56b9.jpg,c47a3877968e56b974dc5292a0c3b40d4c14fbb4dbe3e9c62b0fa3bb21bf4c12,cc1c9d3a1fc7c137,JPEG,CMYK,349,540,1047501,original,APPROVED_CANDIDATE
PlantDoc,5467f6012d78d1c446145d5f582da6096f852ae8,training_candidate,Corn Gray leaf spot,MATCHED,Corn Cercospora leaf spot,train/Corn Gray leaf spot/Gray%20leaf%20spot-Adam%20Sisson%20%2856%29%20copy-400x267.jpg,Corn Gray leaf spot/00539_e2b8351685fe0ceb.jpg,e2b8351685fe0ceb9fc877491cc3d235d570d402b368bdbd55a6bef6363e6957,74471227cf581fd3,JPEG,RGB,400,267,18236,original,APPROVED_CANDIDATE
PlantDoc,5467f6012d78d1c446145d5f582da6096f852ae8,training_candidate,Corn Gray leaf spot,MATCHED,Corn Cercospora leaf spot,train/Corn Gray leaf spot/Gray-Leaf-Spot-on-Corn-um9znc.jpg,Corn Gray leaf spot/00540_444385445405ef6f.jpg,444385445405ef6ffcdb400fddf42944b201d860f38afb1a55119dd0dd2c807c,b999c9a9939272aa,JPEG,RGB,1368,840,221893,original,APPROVED_CANDIDATE
PlantDoc,5467f6012d78d1c446145d5f582da6096f852ae8,training_candidate,Corn Gray leaf spot,MATCHED,Corn Cercospora leaf spot,train/Corn Gray leaf spot/Gray-leaf-spot-Adam-Sisson-20.jpg,Corn Gray leaf spot/00541_a520040b39aafd86.jpg,a520040b39aafd86177d0eb56cbe72432bb77e0d24c8c9f8f08f7b2c8473d5fb,03260c3963c78b17,JPEG,RGB,5184,3456,5693806,original,APPROVED_CANDIDATE
PlantDoc,5467f6012d78d1c446145d5f582da6096f852ae8,training_candidate,Corn Gray leaf spot,MATCHED,Corn Cercospora leaf spot,train/Corn Gray leaf spot/Gray-leaf-spot.jpg,Corn Gray leaf spot/00542_3d65c96d20daa9b6.jpg,3d65c96d20daa9b604d0f4c0cb5678d31587a3be94f700f132d52801aafaed7a,1f0d4d8b894f0507,JPEG,RGB,508,337,50717,original,APPROVED_CANDIDATE
PlantDoc,5467f6012d78d1c446145d5f582da6096f852ae8,training_candidate,Corn Gray leaf spot,MATCHED,Corn Cercospora leaf spot,train/Corn Gray leaf spot/GrayLeafSpot_Chilvers.jpg,Corn Gray leaf spot/00543_0d56d3946159d0d2.jpg,0d56d3946159d0d2062744242e41f4f390e23369be12c0480567802e89397ff8,8e869b2a0a8e8d83,JPEG,RGB,400,487,228364,original,APPROVED_CANDIDATE
PlantDoc,5467f6012d78d1c446145d5f582da6096f852ae8,training_candidate,Corn Gray leaf spot,MATCHED,Corn Cercospora leaf spot,train/Corn Gray leaf spot/Greyleafspot.jpg,Corn Gray leaf spot/00544_903cd21184ead4bf.jpg,903cd21184ead4bf493bed31727d6a237ad1a13e653352fd7fc0b6b2967c185a,a32312132343842c,JPEG,RGB,651,488,174015,original,APPROVED_CANDIDATE
PlantDoc,5467f6012d78d1c446145d5f582da6096f852ae8,training_candidate,Corn Gray leaf spot,MATCHED,Corn Cercospora leaf spot,train/Corn Gray leaf spot/IMG_0004.JPG?itok=tv_vWPMi.jpg,Corn Gray leaf spot/00545_32f596d8304c10a4.jpg,32f596d8304c10a4e6fdb268b1d55887a874b284ca926b0fac789483abc0917c,d18003324d0b73bd,JPEG,RGB,567,393,46623,original,APPROVED_CANDIDATE
PlantDoc,5467f6012d78d1c446145d5f582da6096f852ae8,training_candidate,Corn Gray leaf spot,MATCHED,Corn Cercospora leaf spot,train/Corn Gray leaf spot/IMG_1359.JPG.jpg,Corn Gray leaf spot/00546_3c79b44db9881b73.jpg,3c79b44db9881b73c2b205961a96ac1ab914d0a65719513117c2ae20bbd5f0fe,18381c5c4ececddd,JPEG,RGB,1200,630,163393,original,APPROVED_CANDIDATE
PlantDoc,5467f6012d78d1c446145d5f582da6096f852ae8,training_candidate,Corn Gray leaf spot,MATCHED,Corn Cercospora leaf spot,train/Corn Gray leaf spot/IMG_5251.jpg,Corn Gray leaf spot/00547_60caabfee12a4f35.jpg,60caabfee12a4f359c41bfe00014c89862b3d6ac8a8af5545bebdf5e90f4c7da,a56ededd9d6a7bbb,JPEG,RGB,3264,2448,1123958,original,APPROVED_CANDIDATE
PlantDoc,5467f6012d78d1c446145d5f582da6096f852ae8,training_candidate,Corn Gray leaf spot,MATCHED,Corn Cercospora leaf spot,train/Corn Gray leaf spot/IMG_6802%2B%25282%2529.JPG.jpg,Corn Gray leaf spot/00548_90a0d9bc9947adce.jpg,90a0d9bc9947adce918990b80198492bbc8c5e2fbc9e094b4d7ddb7c1df742a7,f0f1e363c6fcbe06,JPEG,RGB,710,1263,115621,original,APPROVED_CANDIDATE
PlantDoc,5467f6012d78d1c446145d5f582da6096f852ae8,training_candidate,Corn Gray leaf spot,MATCHED,Corn Cercospora leaf spot,train/Corn Gray leaf spot/Kelley%20Gray%20leaf%20spot.jpg,Corn Gray leaf spot/00549_b58c175566d29da7.jpg,b58c175566d29da72957f8bad2c33c48dfbe28edf132c15625459572b172e2b8,36e47ebe372f1f33,JPEG,RGB,350,260,17221,original,APPROVED_CANDIDATE
PlantDoc,5467f6012d78d1c446145d5f582da6096f852ae8,training_candidate,Corn Gray leaf spot,MATCHED,Corn Cercospora leaf spot,train/Corn Gray leaf spot/Ontario-Field-Crop-Report_July_27_2017_f3-1024x681.jpg,Corn Gray leaf spot/00550_35e526f2ef832f52.jpg,35e526f2ef832f52ff928db9e8a897cb73ffec44de803395e23b84905ec499c8,1b9b191d36324a93,JPEG,RGB,1024,681,116910,original,APPROVED_CANDIDATE
PlantDoc,5467f6012d78d1c446145d5f582da6096f852ae8,training_candidate,Corn Gray leaf spot,MATCHED,Corn Cercospora leaf spot,train/Corn Gray leaf spot/corn-gls-bls-lesion-comparison.jpg,Corn Gray leaf spot/00551_ab254bbc5d428d33.jpg,ab254bbc5d428d33453475b9454dd71fb5ff7780e34c89f3e34ecf6b16893e37,4747edcccccce4c4,JPEG,RGB,336,256,111564,original,APPROVED_CANDIDATE
PlantDoc,5467f6012d78d1c446145d5f582da6096f852ae8,training_candidate,Corn Gray leaf spot,MATCHED,Corn Cercospora leaf spot,train/Corn Gray leaf spot/corn-gray-leaf-spot-backlit-2.jpg,Corn Gray leaf spot/00552_e93c6fc5ff349012.jpg,e93c6fc5ff3490125e3643f7b1a26e0bbc8013700a9557cf91fd48444cd184bb,0100040004898800,JPEG,RGB,700,394,58838,original,APPROVED_CANDIDATE
PlantDoc,5467f6012d78d1c446145d5f582da6096f852ae8,training_candidate,Corn Gray leaf spot,MATCHED,Corn Cercospora leaf spot,train/Corn Gray leaf spot/corn-gray-leaf-spot-f4.jpg,Corn Gray leaf spot/00553_9120578a76fd8539.jpg,9120578a76fd8539da220def6e0609ebb2435decc7a9c34b949e46e86e794c8d,0701092323230393,JPEG,RGB,672,832,652989,original,EXCLUDE_FROM_TRAINING
PlantDoc,5467f6012d78d1c446145d5f582da6096f852ae8,training_candidate,Corn Gray leaf spot,MATCHED,Corn Cercospora leaf spot,train/Corn Gray leaf spot/corn-gray-leaf-spot.jpg,Corn Gray leaf spot/00554_cd2b8adebbc5f941.jpg,cd2b8adebbc5f941da5668f87dd31c81781ea5d203204596aa5f052f23c29e89,963141808544060f,JPEG,RGB,700,394,76096,original,APPROVED_CANDIDATE
PlantDoc,5467f6012d78d1c446145d5f582da6096f852ae8,training_candidate,Corn Gray leaf spot,MATCHED,Corn Cercospora leaf spot,train/Corn Gray leaf spot/cornGLS2.jpg,Corn Gray leaf spot/00555_325f55033e14ee62.jpg,325f55033e14ee62fb24d43be20791f1f117061ddcac545eb2e4d261436d655e,5f5c1c1e0eefc33a,JPEG,RGB,328,247,62992,original,APPROVED_CANDIDATE
PlantDoc,5467f6012d78d1c446145d5f582da6096f852ae8,training_candidate,Corn Gray leaf spot,MATCHED,Corn Cercospora leaf spot,train/Corn Gray leaf spot/cp_A-325_gray_leaf_spot_article.jpg,Corn Gray leaf spot/00556_ab0f950724a9ce44.jpg,ab0f950724a9ce440c8b80e8d5e500e24ca7b1981f78a483ab9354c41e15e243,c929050f13376347,JPEG,RGB,690,345,46505,original,APPROVED_CANDIDATE
PlantDoc,5467f6012d78d1c446145d5f582da6096f852ae8,training_candidate,Corn Gray leaf spot,MATCHED,Corn Cercospora leaf spot,train/Corn Gray leaf spot/g1902-1.jpg,Corn Gray leaf spot/00557_8f22a1471132f061.jpg,8f22a1471132f061c984e6cdb3722ef1dee08e68374dac0d92aefa873151dc62,430d3c0bcbcb4b4c,JPEG,RGB,200,590,139046,original,APPROVED_CANDIDATE
PlantDoc,5467f6012d78d1c446145d5f582da6096f852ae8,training_candidate,Corn Gray leaf spot,MATCHED,Corn Cercospora leaf spot,train/Corn Gray leaf spot/g1902-3b.jpg,Corn Gray leaf spot/00558_f1cf2d9db0575a65.jpg,f1cf2d9db0575a65fdc08c2e72f7f0e7a06c9eaf90e28bf626b3a9c7acc27b4d,9360516862b387d8,JPEG,RGB,300,236,74500,original,APPROVED_CANDIDATE
PlantDoc,5467f6012d78d1c446145d5f582da6096f852ae8,training_candidate,Corn Gray leaf spot,MATCHED,Corn Cercospora leaf spot,train/Corn Gray leaf spot/glfspot.jpg,Corn Gray leaf spot/00559_1816338ef66a7c08.jpg,1816338ef66a7c08c1d385bce179f6a846ceedef5bb91eb31effabd155412aed,2d29696d0d0f2f6f,JPEG,RGB,267,350,27360,original,APPROVED_CANDIDATE
PlantDoc,5467f6012d78d1c446145d5f582da6096f852ae8,training_candidate,Corn Gray leaf spot,MATCHED,Corn Cercospora leaf spot,train/Corn Gray leaf spot/gls99-anamosa.jpg,Corn Gray leaf spot/00560_1c420ab7b30b2dbf.jpg,1c420ab7b30b2dbf7436879f85faabae5550c15b2f04eed6eb20037f0479c9bf,2337323234949c0c,JPEG,RGB,430,359,45292,original,NEEDS_MANUAL_REVIEW
PlantDoc,5467f6012d78d1c446145d5f582da6096f852ae8,training_candidate,Corn Gray leaf spot,MATCHED,Corn Cercospora leaf spot,train/Corn Gray leaf spot/gray%20leaf%20spot.jpg,Corn Gray leaf spot/00561_d7a31ca4a9455b3d.jpg,d7a31ca4a9455b3d9574e4b513600d87a13f4041e9ee431111f9ad55cf4a02f9,0b8b1b1a12cc5403,JPEG,RGB,482,378,37266,original,APPROVED_CANDIDATE
PlantDoc,5467f6012d78d1c446145d5f582da6096f852ae8,training_candidate,Corn Gray leaf spot,MATCHED,Corn Cercospora leaf spot,train/Corn Gray leaf spot/gray-leafspt-09-227x300.jpg,Corn Gray leaf spot/00562_daa16cffbd2bf28b.jpg,daa16cffbd2bf28b40e4059cf6490f5a543fcc8b7d96b75528616b2aaad72541,5898e492969686c2,JPEG,RGB,227,300,22386,original,APPROVED_CANDIDATE
PlantDoc,5467f6012d78d1c446145d5f582da6096f852ae8,training_candidate,Corn Gray leaf spot,MATCHED,Corn Cercospora leaf spot,train/Corn Gray leaf spot/gray_leaf_spot.jpg,Corn Gray leaf spot/00563_ff1c976d0c0804c4.jpg,ff1c976d0c0804c4477cfdcb0cf5597fe27c3b66b4c2c18d5b021e3d23c56e19,ac234713270c39b5,JPEG,RGB,550,413,108095,original,APPROVED_CANDIDATE
PlantDoc,5467f6012d78d1c446145d5f582da6096f852ae8,training_candidate,Corn Gray leaf spot,MATCHED,Corn Cercospora leaf spot,train/Corn Gray leaf spot/gray_leaf_spot__1-14B8612C8B60CDBC8E2.jpg,Corn Gray leaf spot/00564_d548549a8a32295e.jpg,d548549a8a32295e5330ea352f93f7fd1163a8145e38719463a86e811f9f0b5b,2d47471818964551,JPEG,RGB,630,433,62729,original,APPROVED_CANDIDATE
PlantDoc,5467f6012d78d1c446145d5f582da6096f852ae8,training_candidate,Corn Gray leaf spot,MATCHED,Corn Cercospora leaf spot,train/Corn Gray leaf spot/gray_leaf_spot_developing.jpg,Corn Gray leaf spot/00565_68f4cb344d649fbb.jpg,68f4cb344d649fbb61bf91beb0a463bbf21eb093dd9bb5fc4e8634fcfa3b39ae,e753bcb74f3fb81d,JPEG,RGB,550,362,74654,original,APPROVED_CANDIDATE
PlantDoc,5467f6012d78d1c446145d5f582da6096f852ae8,training_candidate,Corn Gray leaf spot,MATCHED,Corn Cercospora leaf spot,train/Corn Gray leaf spot/grayleafspot99a.jpg,Corn Gray leaf spot/00566_50c9aa04a1600e02.jpg,50c9aa04a1600e02ba52e205769933f8e23794d71f9d254b3a41acde4e8e77bf,1c6bc3d32c7a7366,JPEG,RGB,432,324,31704,original,APPROVED_CANDIDATE
PlantDoc,5467f6012d78d1c446145d5f582da6096f852ae8,training_candidate,Corn Gray leaf spot,MATCHED,Corn Cercospora leaf spot,train/Corn Gray leaf spot/grayleafspot_earleaf.jpg,Corn Gray leaf spot/00567_a03d5be8ba52ddb4.jpg,a03d5be8ba52ddb438d41b5787246bf4f5e74ea2e120094739d9e8b6f57ba035,73624565644c0c8d,JPEG,RGB,432,679,66568,original,APPROVED_CANDIDATE
PlantDoc,5467f6012d78d1c446145d5f582da6096f852ae8,training_candidate,Corn Gray leaf spot,MATCHED,Corn Cercospora leaf spot,train/Corn Gray leaf spot/grayleafspothybrid.jpg,Corn Gray leaf spot/00568_159eac3531a8c47c.jpg,159eac3531a8c47cca1be3a5ddc88cc2d5f3382b86c1f36e4702fc24e9399948,d4516103030f37b3,JPEG,RGB,432,273,21426,original,APPROVED_CANDIDATE
PlantDoc,5467f6012d78d1c446145d5f582da6096f852ae8,training_candidate,Corn Gray leaf spot,MATCHED,Corn Cercospora leaf spot,train/Corn Gray leaf spot/grayleafspotinbred.jpg,Corn Gray leaf spot/00569_7695c8fe59ae4973.jpg,7695c8fe59ae49731649152ffbca9af647e5119348ced96a345e73eaddb237c9,a164e1ed092e39e6,JPEG,RGB,432,324,26097,original,APPROVED_CANDIDATE
PlantDoc,5467f6012d78d1c446145d5f582da6096f852ae8,training_candidate,Corn Gray leaf spot,MATCHED,Corn Cercospora leaf spot,train/Corn Gray leaf spot/grayspot.jpg,Corn Gray leaf spot/00570_e149bc2dd717fd47.jpg,e149bc2dd717fd47677f43b63ab35865cebbd6b91bbb19a680bc342155f391a6,a2631b236c1efc98,JPEG,RGB,550,413,85715,original,APPROVED_CANDIDATE
PlantDoc,5467f6012d78d1c446145d5f582da6096f852ae8,training_candidate,Corn Gray leaf spot,MATCHED,Corn Cercospora leaf spot,train/Corn Gray leaf spot/grey_leaf_spot.jpg,Corn Gray leaf spot/00571_94f10ca8d52bfc1c.jpg,94f10ca8d52bfc1c3893ab94e2ec8ece67c292a7be572c7b6f5c01ab6b78f6ba,80061773d3030301,JPEG,RGB,778,437,107410,original,APPROVED_CANDIDATE
PlantDoc,5467f6012d78d1c446145d5f582da6096f852ae8,training_candidate,Corn Gray leaf spot,MATCHED,Corn Cercospora leaf spot,train/Corn Gray leaf spot/lipps-d.jpg,Corn Gray leaf spot/00572_4ee7de1f98f5ecbf.jpg,4ee7de1f98f5ecbffbc327139bf43e5a0f49cb64ed73e446c6082cae614917d6,3998b807271c0e46,JPEG,RGB,480,320,75855,original,APPROVED_CANDIDATE
PlantDoc,5467f6012d78d1c446145d5f582da6096f852ae8,training_candidate,Corn Gray leaf spot,MATCHED,Corn Cercospora leaf spot,train/Corn Gray leaf spot/lipps-e.jpg,Corn Gray leaf spot/00573_0a7b7262c4b4bc08.jpg,0a7b7262c4b4bc086913125e36696b5b89e377f662a7bf7aca95a43d8eb811a1,db333251db97a686,JPEG,RGB,480,320,89239,original,APPROVED_CANDIDATE
PlantDoc,5467f6012d78d1c446145d5f582da6096f852ae8,training_candidate,Corn Gray leaf spot,MATCHED,Corn Cercospora leaf spot,train/Corn Gray leaf spot/rsz0715grayleafspot.jpg,Corn Gray leaf spot/00574_6b01689e89509afd.jpg,6b01689e89509afd36c6cb4fa60666e0a9daeff00255807b7fc054335b6cbce6,3e112d0d1f5f3bbf,JPEG,RGB,390,259,95502,original,APPROVED_CANDIDATE
PlantDoc,5467f6012d78d1c446145d5f582da6096f852ae8,training_candidate,Corn Gray leaf spot,MATCHED,Corn Cercospora leaf spot,train/Corn Gray leaf spot/rsz0803Figure5.jpg,Corn Gray leaf spot/00575_c94d957b20467558.jpg,c94d957b20467558fbaa1e393e9676e29dbfaa2b85c8563cd5b920a7d16fd77f,0010008070188e62,JPEG,RGB,360,242,46362,original,APPROVED_CANDIDATE
PlantDoc,5467f6012d78d1c446145d5f582da6096f852ae8,training_candidate,Corn Gray leaf spot,MATCHED,Corn Cercospora leaf spot,train/Corn Gray leaf spot/uuid%3D23d9bc54-c4a7-4958-890c-0505ac310594%26groupId%3D1841%26t%3D1278717199836.jpg,Corn Gray leaf spot/00576_9bc4bab7012340fc.jpg,9bc4bab7012340fc205c6c5737e79f31676ab766052a6ad064e5277f578350dc,81a14b4f0fc3e418,JPEG,RGB,320,228,103831,original,APPROVED_CANDIDATE
PlantDoc,5467f6012d78d1c446145d5f582da6096f852ae8,training_candidate,Corn leaf blight,AMBIGUOUS,,train/Corn leaf blight/00c.jpg,Corn leaf blight/00577_a8953ce392e5abac.jpg,a8953ce392e5abac59118335b72f78f16da1bef8a53cf771dee7ec8fcd99cd8b,7bf18430317fff4a,JPEG,RGB,800,605,372970,original,AMBIGUOUS
PlantDoc,5467f6012d78d1c446145d5f582da6096f852ae8,training_candidate,Corn leaf blight,AMBIGUOUS,,train/Corn leaf blight/011.jpg,Corn leaf blight/00578_bd60bdb08e206e38.jpg,bd60bdb08e206e38c319eb87ca74d240be3796a57e68c55246c558847ea49250,1b9a983636b4a636,JPEG,RGB,510,347,58466,original,AMBIGUOUS
PlantDoc,5467f6012d78d1c446145d5f582da6096f852ae8,training_candidate,Corn leaf blight,AMBIGUOUS,,train/Corn leaf blight/01c.jpg,Corn leaf blight/00579_351febb01a29a3b9.jpg,351febb01a29a3b953b0f59d56b9878f292245f5f4249bf7f242871526b4a0f3,c6c5c595a5a5e5e5,JPEG,RGB,960,477,67103,original,AMBIGUOUS
PlantDoc,5467f6012d78d1c446145d5f582da6096f852ae8,training_candidate,Corn leaf blight,AMBIGUOUS,,train/Corn leaf blight/02.JPG.jpg,Corn leaf blight/00580_2f6e70b736435edc.jpg,2f6e70b736435edc598a16b0bef6cbb8972527f48595406a2c3739910a0e8b57,320ccd0703098fe3,JPEG,RGB,482,296,26371,original,AMBIGUOUS
PlantDoc,5467f6012d78d1c446145d5f582da6096f852ae8,training_candidate,Corn leaf blight,AMBIGUOUS,,train/Corn leaf blight/022.jpg,Corn leaf blight/00581_4a94729561c4072c.jpg,4a94729561c4072cc20bd5eefb523d094297cfede4662ef6cc4b4d0a0c0f6902,1f7e6dfb2fad1c65,JPEG,RGB,505,283,38069,original,AMBIGUOUS
PlantDoc,5467f6012d78d1c446145d5f582da6096f852ae8,training_candidate,Corn leaf blight,AMBIGUOUS,,train/Corn leaf blight/03c.jpg,Corn leaf blight/00582_5fead7eb53228ab4.jpg,5fead7eb53228ab43831ca399a6db220e440291f6d3da5df709b8bf2c6011ebb,6862c4e1b1b32d9c,JPEG,RGB,400,300,22292,original,AMBIGUOUS
PlantDoc,5467f6012d78d1c446145d5f582da6096f852ae8,training_candidate,Corn leaf blight,AMBIGUOUS,,train/Corn leaf blight/04c.jpg,Corn leaf blight/00583_0824326d71a47713.jpg,0824326d71a477130d5412664807b3ade1552c12332790eeb7517742845eb97e,e3e7c6c696929190,JPEG,RGB,800,776,348672,original,AMBIGUOUS
PlantDoc,5467f6012d78d1c446145d5f582da6096f852ae8,training_candidate,Corn leaf blight,AMBIGUOUS,,train/Corn leaf blight/05c.jpg,Corn leaf blight/00584_ac577169323167bc.jpg,ac577169323167bcdaa47ab3d33b42b4ab642651010deba18d1a1d117ae7f205,0c0613176363e96a,JPEG,RGB,900,675,151614,original,AMBIGUOUS
PlantDoc,5467f6012d78d1c446145d5f582da6096f852ae8,training_candidate,Corn leaf blight,AMBIGUOUS,,train/Corn leaf blight/06c.jpg,Corn leaf blight/00585_0d24d3485ba1ebd0.jpg,0d24d3485ba1ebd0549ea5fd0310fcc65f8816555176e7d4117fe465c8142944,cb4d67b633b793ea,JPEG,RGB,641,482,58086,original,AMBIGUOUS
PlantDoc,5467f6012d78d1c446145d5f582da6096f852ae8,training_candidate,Corn leaf blight,AMBIGUOUS,,train/Corn leaf blight/071409%20Vincelli%20nlb%20on%20corn%20leaf.JPG.jpg,Corn leaf blight/00586_62391621aba8bfaf.jpg,62391621aba8bfaf3d65a34024adf1cbbce2dd6bd4e5fde7a05f80ef984c9a99,01188462238a8280,JPEG,RGB,628,472,50143,original,AMBIGUOUS
PlantDoc,5467f6012d78d1c446145d5f582da6096f852ae8,training_candidate,Corn leaf blight,AMBIGUOUS,,train/Corn leaf blight/0796.33anthracn.jpg,Corn leaf blight/00587_9e07695e7c428d02.jpg,9e07695e7c428d02fb2c8d0efb700a073bd491163c55c8993ef91f94bd4dbca0,00381a16c8241fcb,JPEG,RGB,432,313,32794,original,AMBIGUOUS
PlantDoc,5467f6012d78d1c446145d5f582da6096f852ae8,training_candidate,Corn leaf blight,AMBIGUOUS,,train/Corn leaf blight/0805Fig3400.jpg,Corn leaf blight/00588_a7ea9078e7d9603d.jpg,a7ea9078e7d9603d21d0e68ee212edcc224aa02cb50e4e74de786850a4099b2e,0e1e1f3f3f1d58f1,JPEG,RGB,400,261,24040,original,AMBIGUOUS
PlantDoc,5467f6012d78d1c446145d5f582da6096f852ae8,training_candidate,Corn leaf blight,AMBIGUOUS,,train/Corn leaf blight/09c.jpg,Corn leaf blight/00589_bd0535cdb71c769f.jpg,bd0535cdb71c769f700a14a822e8081febce14c3e3478b60219740e457fa9f61,08286c69eb82c436,JPEG,RGB,384,287,101222,original,AMBIGUOUS
PlantDoc,5467f6012d78d1c446145d5f582da6096f852ae8,training_candidate,Corn leaf blight,AMBIGUOUS,,train/Corn leaf blight/1-495x400.jpg,Corn leaf blight/00590_781844def7393bce.jpg,781844def7393bce84e4697419a90ad3d35f395d96175927b9544d4b6dec2295,474b16244ed89999,JPEG,RGB,495,400,71571,original,AMBIGUOUS
PlantDoc,5467f6012d78d1c446145d5f582da6096f852ae8,training_candidate,Corn leaf blight,AMBIGUOUS,,train/Corn leaf blight/1200px-Northern_corn_leaf_blight.JPG.jpg,Corn leaf blight/00591_6b06c8aa1cb6e922.jpg,6b06c8aa1cb6e92291d0d8bd2bd3a92195717e870e6d1366c0d57fcc4c234469,5c6e24fa6f321d49,JPEG,RGB,1200,900,306753,original,AMBIGUOUS
PlantDoc,5467f6012d78d1c446145d5f582da6096f852ae8,training_candidate,Corn leaf blight,AMBIGUOUS,,train/Corn leaf blight/186116-325x209-Northern-Corn-Leaf-Blight-Chilvers.jpg,Corn leaf blight/00592_9d4b4c895bc3d273.jpg,9d4b4c895bc3d2739487ce288a269ec1a706d5c6d6d5e3252333ad793fba92f0,93981e38cfe7c387,JPEG,RGB,325,209,12708,original,AMBIGUOUS
PlantDoc,5467f6012d78d1c446145d5f582da6096f852ae8,training_candidate,Corn leaf blight,AMBIGUOUS,,train/Corn leaf blight/2-3%20Gray%20leaf%20spot%20BRUCE.jpg,Corn leaf blight/00593_497337684fd02b87.jpg,497337684fd02b87627e7363eccdd58ab40e8288f93f5245d65c40931a0f7f16,e6f2325ad83439bb,JPEG,RGB,500,357,275395,original,AMBIGUOUS
PlantDoc,5467f6012d78d1c446145d5f582da6096f852ae8,training_candidate,Corn leaf blight,AMBIGUOUS,,train/Corn leaf blight/2014-07-23-corngosswilt.jpg,Corn leaf blight/00594_3d7aaadf47f17cc7.jpg,3d7aaadf47f17cc75213e79d78a355cca62d1c9f6590e66d3a88613c51afc085,acaaaaaaaaa9aaaa,JPEG,RGB,640,427,44595,original,AMBIGUOUS
PlantDoc,5467f6012d78d1c446145d5f582da6096f852ae8,training_candidate,Corn leaf blight,AMBIGUOUS,,train/Corn leaf blight/20140826_131630.jpg,Corn leaf blight/00595_88f9880868edee47.jpg,88f9880868edee472fa2f3ab373d732a1bbe96feb828306b8ebee7edc9ccfbaa,27263eaa2c346e53,JPEG,RGB,1600,900,451293,original,AMBIGUOUS
PlantDoc,5467f6012d78d1c446145d5f582da6096f852ae8,training_candidate,Corn leaf blight,AMBIGUOUS,,train/Corn leaf blight/20160812__13ST_xanthomonas~1.jpg,Corn leaf blight/00596_39c41822ca4ce7d4.jpg,39c41822ca4ce7d4fc555657bd987c691fd480283ad7c54af095489e0ca661c0,1962908888cdec2d,JPEG,RGB,490,654,69455,original,AMBIGUOUS
PlantDoc,5467f6012d78d1c446145d5f582da6096f852ae8,training_candidate,Corn leaf blight,AMBIGUOUS,,train/Corn leaf blight/20160826-corndisease-unlt.jpg,Corn leaf blight/00597_f84c1f453240161e.jpg,f84c1f453240161e6ceb827fcf04107c6f5559aae72de4909a1a97ecf769212c,2a290b2a2e2a8b8b,JPEG,RGB,960,540,183035,original,AMBIGUOUS
PlantDoc,5467f6012d78d1c446145d5f582da6096f852ae8,training_candidate,Corn leaf blight,AMBIGUOUS,,train/Corn leaf blight/203725159.jpg,Corn leaf blight/00598_1dd43c1ea91c3459.jpg,1dd43c1ea91c34592b27801efdf9e09eabef65580f64e233a7ac81a36ff52aec,23232127a713b725,JPEG,RGB,337,470,69860,original,AMBIGUOUS
PlantDoc,5467f6012d78d1c446145d5f582da6096f852ae8,training_candidate,Corn leaf blight,AMBIGUOUS,,train/Corn leaf blight/2159_0.jpeg?itok=eBFRbolm.jpg,Corn leaf blight/00599_c36030f289e9d34e.jpg,c36030f289e9d34e3a11b4e9e1efb3f1bc3b4b536e2ecd8fc5346d73c4ec0280,29292a0e060b0e1f,JPEG,RGB,256,385,23813,original,AMBIGUOUS
PlantDoc,5467f6012d78d1c446145d5f582da6096f852ae8,training_candidate,Corn leaf blight,AMBIGUOUS,,train/Corn leaf blight/220px-Sporulation_on_leaf.JPG.jpg,Corn leaf blight/00600_5903981420c863ed.jpg,5903981420c863ed6bbfe7b8cee8ec3d23337cacddc41a1e6794b03c558ef231,3f2e6e6e4e4a4b4e,JPEG,RGB,220,293,18145,original,AMBIGUOUS
PlantDoc,5467f6012d78d1c446145d5f582da6096f852ae8,training_candidate,Corn leaf blight,AMBIGUOUS,,train/Corn leaf blight/24154194959_fd4b42edde_b.jpg,Corn leaf blight/00601_5ab7c7870945cfa2.jpg,5ab7c7870945cfa2e6128d30573517d5a4b3086c8410bf566036cdc62f886b90,9dc3465252337110,JPEG,RGB,1024,768,107335,original,AMBIGUOUS
PlantDoc,5467f6012d78d1c446145d5f582da6096f852ae8,training_candidate,Corn leaf blight,AMBIGUOUS,,train/Corn leaf blight/28380-1024x768.jpg,Corn leaf blight/00602_afab56234f2926ea.jpg,afab56234f2926ea2ce6ae6223d7a2111c9f6a16fd3c051a6aa3c9edacd7d694,3aeb2a1b8b8181c0,JPEG,RGB,1024,768,204182,original,AMBIGUOUS
PlantDoc,5467f6012d78d1c446145d5f582da6096f852ae8,training_candidate,Corn leaf blight,AMBIGUOUS,,train/Corn leaf blight/28430_rel.jpg,Corn leaf blight/00603_a0fae715f72f9137.jpg,a0fae715f72f9137a708266a9118620f2d39fc6becfc072297f7a548559e0856,4e2e0e8c6c67092d,JPEG,RGB,200,383,12069,original,AMBIGUOUS
PlantDoc,5467f6012d78d1c446145d5f582da6096f852ae8,training_candidate,Corn leaf blight,AMBIGUOUS,,train/Corn leaf blight/28430_web.jpg,Corn leaf blight/00604_a446f8111ca8bdb2.jpg,a446f8111ca8bdb2a6e3b17970d71302a2f253ffc5a5dbf1613228e782242e67,4e2e0e8c6c67092d,JPEG,RGB,400,766,33803,original,AMBIGUOUS
PlantDoc,5467f6012d78d1c446145d5f582da6096f852ae8,training_candidate,Corn leaf blight,AMBIGUOUS,,train/Corn leaf blight/4885423651_3c983eaa16_b.jpg,Corn leaf blight/00605_3c3837a956fa30f1.jpg,3c3837a956fa30f17a0715b712e911ce26dad58a83951db94694452a32b62d0a,4707670e8e8c8f0b,JPEG,RGB,650,1024,262582,original,AMBIGUOUS
PlantDoc,5467f6012d78d1c446145d5f582da6096f852ae8,training_candidate,Corn leaf blight,AMBIGUOUS,,train/Corn leaf blight/80102321.jpg,Corn leaf blight/00606_5dd78266ced497aa.jpg,5dd78266ced497aa0eb685ff8517efef063f16fdafb763aa7fa379392a0653d8,b6a3478a3173c3cc,JPEG,RGB,464,700,191906,original,AMBIGUOUS
PlantDoc,5467f6012d78d1c446145d5f582da6096f852ae8,training_candidate,Corn leaf blight,AMBIGUOUS,,train/Corn leaf blight/BacterialLeafStreakinCornImage1.png.jpg,Corn leaf blight/00607_d1782a3956997671.jpg,d1782a395699767157c658dfff89a35a0083b948c44647c40d752eff832409ff,93885a72b6d4d033,JPEG,RGB,334,534,38289,original,AMBIGUOUS
PlantDoc,5467f6012d78d1c446145d5f582da6096f852ae8,training_candidate,Corn leaf blight,AMBIGUOUS,,train/Corn leaf blight/Bsglqj_IYAATS3C.jpg%2Blarge.jpg,Corn leaf blight/00608_9ad69fc78206a4f8.jpg,9ad69fc78206a4f826b8fb70d9f2b6f06af23348cc0470d43a402d1350264764,4535e620649d3ca6,JPEG,RGB,640,478,52024,original,AMBIGUOUS
PlantDoc,5467f6012d78d1c446145d5f582da6096f852ae8,training_candidate,Corn leaf blight,AMBIGUOUS,,train/Corn leaf blight/CORN-DISEASE.jpg,Corn leaf blight/00609_5bd9b350d0529938.jpg,5bd9b350d0529938995a53e0dfdb159f7da64181d0c34dcac927999c8f735cee,6ce4fc2d6f534f6d,JPEG,RGB,640,480,75245,original,AMBIGUOUS
PlantDoc,5467f6012d78d1c446145d5f582da6096f852ae8,training_candidate,Corn leaf blight,AMBIGUOUS,,train/Corn leaf blight/CmyiAkUUIAAqSEa.jpg,Corn leaf blight/00610_f2ac48b550c9ee22.jpg,f2ac48b550c9ee22715eb941e99cf9b97f3f4f76c29ce1c529248fa4abf3062d,430f0e3f3f8f9f9e,JPEG,RGB,1024,577,98759,original,AMBIGUOUS
PlantDoc,5467f6012d78d1c446145d5f582da6096f852ae8,training_candidate,Corn leaf blight,AMBIGUOUS,,train/Corn leaf blight/Cochliobolus_heterostrophus.jpg,Corn leaf blight/00611_89505151f1435309.jpg,89505151f1435309f15791895f91ab36fb49499eed823842ac7452ee70b6594c,832b2bb5be593fef,JPEG,RGB,1536,827,665651,original,AMBIGUOUS
PlantDoc,5467f6012d78d1c446145d5f582da6096f852ae8,training_candidate,Corn leaf blight,AMBIGUOUS,,train/Corn leaf blight/Corn+Blight+1970+Fungus%3A+Southern+Corn+Leaf+Blight.jpg,Corn leaf blight/00612_e2eaecf5f27a0423.jpg,e2eaecf5f27a0423d0a523b14d57fbc837d10d0859d9d1ebc181fe14c495a663,0d46725151757303,JPEG,RGB,960,720,87055,original,AMBIGUOUS
PlantDoc,5467f6012d78d1c446145d5f582da6096f852ae8,training_candidate,Corn leaf blight,AMBIGUOUS,,train/Corn leaf blight/Corn-Disease-NCLB-A-Nelson-6-18-2015-F1.jpg,Corn leaf blight/00613_2b80c1f17bbd07ca.jpg,2b80c1f17bbd07ca2ff3bbc114860c92f098f9d70d6d8b2395640b2cc7bd36d1,0b0d863041862e93,JPEG,RGB,374,350,23370,original,AMBIGUOUS
PlantDoc,5467f6012d78d1c446145d5f582da6096f852ae8,training_candidate,Corn leaf blight,AMBIGUOUS,,train/Corn leaf blight/Corn-GLS-Picture2-e1403817927977-1024x416.jpg,Corn leaf blight/00614_6a03dc8e9739343b.jpg,6a03dc8e9739343b3cd809f86886883f708e52d550b1fdc3048c046308c88d4c,9b131b17e7c959ab,JPEG,RGB,1024,416,102830,original,AMBIGUOUS
PlantDoc,5467f6012d78d1c446145d5f582da6096f852ae8,training_candidate,Corn leaf blight,AMBIGUOUS,,train/Corn leaf blight/Corn-Gray-Leaf-Spot-7-31-F2.jpg,Corn leaf blight/00615_02b6624a339f6af8.jpg,02b6624a339f6af8a79ff0ba0c129e29e6d7be9327945a6ed4cebf56c1262c84,1797878b891387d5,JPEG,RGB,900,1200,364626,original,AMBIGUOUS
PlantDoc,5467f6012d78d1c446145d5f582da6096f852ae8,training_candidate,Corn leaf blight,AMBIGUOUS,,train/Corn leaf blight/Corn-NCLB.jpg,Corn leaf blight/00616_e248693f71d4c821.jpg,e248693f71d4c8218a5201e967b7901a28dd5070ce7b0a262cd3cc5f7913eff9,0b8f1e32874371f8,JPEG,RGB,1024,758,171309,original,AMBIGUOUS
PlantDoc,5467f6012d78d1c446145d5f582da6096f852ae8,training_candidate,Corn leaf blight,AMBIGUOUS,,train/Corn leaf blight/Corn-disease-small-NCLB-lesions-A-Nelson-6-16-2015-F2.jpg,Corn leaf blight/00617_215683f34a4c2d16.jpg,215683f34a4c2d1667571cce3851aceaf5e3791c75d6d62ae2a6914f21ecfaf7,4fc3831818d88c8e,JPEG,RGB,194,350,15003,original,AMBIGUOUS
PlantDoc,5467f6012d78d1c446145d5f582da6096f852ae8,training_candidate,Corn leaf blight,AMBIGUOUS,,train/Corn leaf blight/Corn-gray-leaf-spot-8-14-15-F1.jpg,Corn leaf blight/00618_c0420699cb1efca6.jpg,c0420699cb1efca68d19b1301f53e29089353e3bf46409c0a44e9eed12391494,6932b6830912256d,JPEG,RGB,1200,900,902633,original,AMBIGUOUS
PlantDoc,5467f6012d78d1c446145d5f582da6096f852ae8,training_candidate,Corn leaf blight,AMBIGUOUS,,train/Corn leaf blight/Corn-gray-leaf-spot-8-21.jpg,Corn leaf blight/00619_d840d7ec52e5a6c1.jpg,d840d7ec52e5a6c19b8af81ce72252cc4803c09096579850c6ae0dd1bb968fb4,e4cc0860212183e3,JPEG,RGB,1000,442,507714,original,AMBIGUOUS
PlantDoc,5467f6012d78d1c446145d5f582da6096f852ae8,training_candidate,Corn leaf blight,AMBIGUOUS,,train/Corn leaf blight/Corn-gray-leaf-spot-F2-8-7-15.jpg,Corn leaf blight/00620_fb16a8da1962e074.jpg,fb16a8da1962e074677fda79b37d1496e8637d741785c842395b0c3e026032f3,8e4f6b4dc46b4b69,JPEG,RGB,500,889,381820,original,AMBIGUOUS
PlantDoc,5467f6012d78d1c446145d5f582da6096f852ae8,training_candidate,Corn leaf blight,AMBIGUOUS,,train/Corn leaf blight/Corn-northern%20corn%20leaf%20blight-8-21.jpg,Corn leaf blight/00621_64ca7181ed679be5.jpg,64ca7181ed679be5c7b921ebdf4b5dc466ff427a533033ac0701ca12949c1092,c6a38a2b6b533839,JPEG,RGB,1500,657,814569,original,AMBIGUOUS
PlantDoc,5467f6012d78d1c446145d5f582da6096f852ae8,training_candidate,Corn leaf blight,AMBIGUOUS,,train/Corn leaf blight/Corn020Fig2.jpg,Corn leaf blight/00622_1df0365613c0ca65.jpg,1df0365613c0ca65318cd8df4304b6e60a8f695a500a6f5560769f3ac7e21285,276f7f9ece377b69,JPEG,RGB,400,300,115502,original,AMBIGUOUS
PlantDoc,5467f6012d78d1c446145d5f582da6096f852ae8,training_candidate,Corn leaf blight,AMBIGUOUS,,train/Corn leaf blight/Corn_Fig10.jpg,Corn leaf blight/00623_4332c581f47fea2d.jpg,4332c581f47fea2d6a97f017cb1481f5f52c13f6eb1026b42acef4fe7dfa3ae8,ac2c2e0e8e2e4e4f,JPEG,RGB,282,460,137946,original,AMBIGUOUS
PlantDoc,5467f6012d78d1c446145d5f582da6096f852ae8,training_candidate,Corn leaf blight,AMBIGUOUS,,train/Corn leaf blight/DSCN0119.jpg,Corn leaf blight/00624_f6400fa51b4288f1.jpg,f6400fa51b4288f14c8eed99991c7824b0605e1823a6069d389d51e2848f7ad1,64a6c7ebfbff7f3e,JPEG,RGB,4608,3456,2408575,original,AMBIGUOUS
PlantDoc,5467f6012d78d1c446145d5f582da6096f852ae8,training_candidate,Corn leaf blight,AMBIGUOUS,,train/Corn leaf blight/DSCN0128.jpg,Corn leaf blight/00625_7466bfb37ba55370.jpg,7466bfb37ba553705c8b0e47fe142b2fbd0844066a69ed7e053b2fea6879e9e6,8e3bafbf1ac96e0e,JPEG,RGB,4608,3456,2470559,original,AMBIGUOUS
PlantDoc,5467f6012d78d1c446145d5f582da6096f852ae8,training_candidate,Corn leaf blight,AMBIGUOUS,,train/Corn leaf blight/Erv-sprayed-4.jpg,Corn leaf blight/00626_494772b686b0549c.jpg,494772b686b0549cb9e96b470d7c77ea0f4b11a61bfe3f0eb6645d6d4774c61d,9c9d9f8f8f8e1d5d,JPEG,RGB,1600,1200,960372,original,AMBIGUOUS
PlantDoc,5467f6012d78d1c446145d5f582da6096f852ae8,training_candidate,Corn leaf blight,AMBIGUOUS,,train/Corn leaf blight/FJ_018_F16271-2.jpg,Corn leaf blight/00627_08a60e38caee8772.jpg,08a60e38caee87720b49d3dac16ada70414efa7a673edda6538f2db643a899fa,0a1a1c1c1f1f1417,JPEG,RGB,300,339,22912,original,AMBIGUOUS
PlantDoc,5467f6012d78d1c446145d5f582da6096f852ae8,training_candidate,Corn leaf blight,AMBIGUOUS,,train/Corn leaf blight/Fig%201b%20BLS%20backlit%20new%20copy.jpg,Corn leaf blight/00628_3b2f6d026c415d4a.jpg,3b2f6d026c415d4a2d9c809d95296a06c09255ceb4f289d243e0154ea73417f1,d6929233b3b37573,JPEG,RGB,500,500,36700,original,AMBIGUOUS
PlantDoc,5467f6012d78d1c446145d5f582da6096f852ae8,training_candidate,Corn leaf blight,AMBIGUOUS,,train/Corn leaf blight/Fig1_Northern_corn_leaf_blight.JPG.jpg,Corn leaf blight/00629_c3513a420a7c7df8.jpg,c3513a420a7c7df89a7e0f77bdd17283fa5b17d81fe30c2887794d051adf905e,458b9627ad4c48cb,JPEG,RGB,300,200,55013,original,AMBIGUOUS
PlantDoc,5467f6012d78d1c446145d5f582da6096f852ae8,training_candidate,Corn leaf blight,AMBIGUOUS,,train/Corn leaf blight/Figure%202%20Foliar%20symptoms%20of%20similar%20diseases%20to%20Goss.jpg,Corn leaf blight/00630_aa31d6e4eee80c5e.jpg,aa31d6e4eee80c5e7660682ecaf2496a2c942c181abedbff07db5c4347d9baf6,8eae2fafbe3e3f26,JPEG,RGB,539,445,44936,original,AMBIGUOUS
PlantDoc,5467f6012d78d1c446145d5f582da6096f852ae8,training_candidate,Corn leaf blight,AMBIGUOUS,,train/Corn leaf blight/Figure%202.JPG.jpg,Corn leaf blight/00631_f85b47cbfe4875c7.jpg,f85b47cbfe4875c72d9b40a7928ecaacd100d83125fc36169face7b340372cfe,1b3f64b159155f6a,JPEG,RGB,1080,421,290779,original,AMBIGUOUS
PlantDoc,5467f6012d78d1c446145d5f582da6096f852ae8,training_candidate,Corn leaf blight,AMBIGUOUS,,train/Corn leaf blight/Figure-2-.jpg,Corn leaf blight/00632_678d2081bfc2715f.jpg,678d2081bfc2715f98ef12faa3cf24f296011093a86c9b269daf1961df77f2e3,0e2d3c59f9decc0c,JPEG,RGB,2448,3264,1553443,original,AMBIGUOUS
PlantDoc,5467f6012d78d1c446145d5f582da6096f852ae8,training_candidate,Corn leaf blight,AMBIGUOUS,,train/Corn leaf blight/Freckles-in-older-lesion1.jpg,Corn leaf blight/00633_56bd7e600d8e09d7.jpg,56bd7e600d8e09d7c991f2fbed8810e7beb0f21f3ca18f13af49d9e2ae8c2f10,0d2d8d0d0f4f4f0f,JPEG,RGB,400,267,21653,original,AMBIGUOUS
PlantDoc,5467f6012d78d1c446145d5f582da6096f852ae8,training_candidate,Corn leaf blight,AMBIGUOUS,,train/Corn leaf blight/GLSvsNCLB.jpg,Corn leaf blight/00634_3b00a48a87d27bf1.jpg,3b00a48a87d27bf17f95e318e040b2503c1f85d45b9d22dd48e436f82bd9c7ef,ee27665673535333,JPEG,RGB,347,264,95076,original,AMBIGUOUS
PlantDoc,5467f6012d78d1c446145d5f582da6096f852ae8,training_candidate,Corn leaf blight,AMBIGUOUS,,train/Corn leaf blight/Henrycorn1.jpg,Corn leaf blight/00635_015da00f83c40462.jpg,015da00f83c40462d0d37f272be2882c0f9117e7c8a15da837c292a4e0f52999,332663c65c5cd996,JPEG,RGB,606,404,306535,original,AMBIGUOUS
PlantDoc,5467f6012d78d1c446145d5f582da6096f852ae8,training_candidate,Corn leaf blight,AMBIGUOUS,,train/Corn leaf blight/IMG_1153.JPG.jpg,Corn leaf blight/00636_3b1a9350245cde78.jpg,3b1a9350245cde781bbe4d9d918c1623cfe49f253019e650de495cabcf2e051e,4b29263632300c70,JPEG,RGB,1600,1200,345492,original,AMBIGUOUS
PlantDoc,5467f6012d78d1c446145d5f582da6096f852ae8,training_candidate,Corn leaf blight,AMBIGUOUS,,train/Corn leaf blight/IMG_1347.JPG.jpg,Corn leaf blight/00637_413826ff40592d3c.jpg,413826ff40592d3c82e0b9bbfeaeeb588b6eb231ac9e0b7a85c7a01326947818,2c2e2f2f0fcdd953,JPEG,RGB,1200,1600,399001,original,AMBIGUOUS
PlantDoc,5467f6012d78d1c446145d5f582da6096f852ae8,training_candidate,Corn leaf blight,AMBIGUOUS,,train/Corn leaf blight/IMG_1385.jpg,Corn leaf blight/00638_6f455ca19195f2f8.jpg,6f455ca19195f2f82ec09528c086585430913a67c1f2ed4e7c3f2e95ef15c3ae,361c3f719af49f3b,JPEG,RGB,2448,2448,1759488,original,AMBIGUOUS
PlantDoc,5467f6012d78d1c446145d5f582da6096f852ae8,training_candidate,Corn leaf blight,AMBIGUOUS,,train/Corn leaf blight/IMG_1468-431x323.JPG.jpg,Corn leaf blight/00639_409cb9ce2a240d92.jpg,409cb9ce2a240d92dce8bdc97d389de9c51069ea9e303e277af7a1cc47f927ec,f2f93c5d29ece4e6,JPEG,RGB,431,323,21680,original,AMBIGUOUS
PlantDoc,5467f6012d78d1c446145d5f582da6096f852ae8,training_candidate,Corn leaf blight,AMBIGUOUS,,train/Corn leaf blight/IMG_20140601_143916_7931.jpg,Corn leaf blight/00640_501163927be48ffb.jpg,501163927be48ffbd021d7572670e021e9733b0903d18392ad4807784172aead,c7cf9c1f1f8f9112,JPEG,RGB,1836,3264,1810760,original,AMBIGUOUS
PlantDoc,5467f6012d78d1c446145d5f582da6096f852ae8,training_candidate,Corn leaf blight,AMBIGUOUS,,train/Corn leaf blight/IMG_20140601_143928_0711.jpg,Corn leaf blight/00641_5f7cad5e8caa856e.jpg,5f7cad5e8caa856ea9fc24eb553f1ac0bf1691a6855e16cccf340cd9c0a67e96,2d864c492ebcd9c8,JPEG,RGB,1836,3264,1252606,original,AMBIGUOUS
PlantDoc,5467f6012d78d1c446145d5f582da6096f852ae8,training_candidate,Corn leaf blight,AMBIGUOUS,,train/Corn leaf blight/IMG_42231.jpg,Corn leaf blight/00642_ee3838e2249e671b.jpg,ee3838e2249e671b7b4510b0d3831f30882e2bcbf20c9c8c42ee8f4e1b95fcce,ca72b30907075118,JPEG,RGB,3264,2448,1577792,original,AMBIGUOUS
PlantDoc,5467f6012d78d1c446145d5f582da6096f852ae8,training_candidate,Corn leaf blight,AMBIGUOUS,,train/Corn leaf blight/Kelley%20NCLB.jpg,Corn leaf blight/00643_b7a2d9f902c12641.jpg,b7a2d9f902c12641f5c1b3611a543f8b3bec3f58cde99a336b255fc835eca377,6e34b4bacaa6a41e,JPEG,RGB,350,254,17488,original,AMBIGUOUS
PlantDoc,5467f6012d78d1c446145d5f582da6096f852ae8,training_candidate,Corn leaf blight,AMBIGUOUS,,train/Corn leaf blight/N.-Corn-Leaf-Blight-20lx3t9.jpg,Corn leaf blight/00644_c4e6f3b3822d96fb.jpg,c4e6f3b3822d96fbd0a0618e6616feccda8422c4e7c57b4d73d3f878ee55afad,83426f2f1f0e6c78,JPEG,RGB,662,335,31826,original,AMBIGUOUS
PlantDoc,5467f6012d78d1c446145d5f582da6096f852ae8,training_candidate,Corn leaf blight,AMBIGUOUS,,train/Corn leaf blight/NCLB-2.jpg,Corn leaf blight/00645_1fc9780e05bf794b.jpg,1fc9780e05bf794b917feb4bf14eb5bb26a3dc5d0b77e2aba444c1e714a0774a,3852c4091b366edb,JPEG,RGB,600,400,235560,original,AMBIGUOUS
PlantDoc,5467f6012d78d1c446145d5f582da6096f852ae8,training_candidate,Corn leaf blight,AMBIGUOUS,,train/Corn leaf blight/NCLB6.jpg,Corn leaf blight/00646_ca54bd1e3dc60f7b.jpg,ca54bd1e3dc60f7b6b0ee6a6727c1b5db0496a4ebfd83297c6fdd4daee430efc,19c4eb29347a3b4c,JPEG,RGB,500,400,96465,original,AMBIGUOUS
PlantDoc,5467f6012d78d1c446145d5f582da6096f852ae8,training_candidate,Corn leaf blight,AMBIGUOUS,,train/Corn leaf blight/NoCornLeafBlight13b.jpg,Corn leaf blight/00647_3a086a8a31c9d003.jpg,3a086a8a31c9d003c33481e5cac2d12b573ec3e99a6cc18283fb2f469d747bcb,0d862a8a2fa79199,JPEG,RGB,2592,1944,2271286,original,AMBIGUOUS
PlantDoc,5467f6012d78d1c446145d5f582da6096f852ae8,training_candidate,Corn leaf blight,AMBIGUOUS,,train/Corn leaf blight/Northern-Corn-Blight.jpg,Corn leaf blight/00648_c7c7be808ec11573.jpg,c7c7be808ec11573674f3ac8aa2d79565109cc5cf69fed3a5e6e42d99468be93,383e3db9aa2bc74f,JPEG,RGB,1024,512,117916,original,AMBIGUOUS
PlantDoc,5467f6012d78d1c446145d5f582da6096f852ae8,training_candidate,Corn leaf blight,AMBIGUOUS,,train/Corn leaf blight/Northern-Corn-Leaf-Blight-Lesions.jpg,Corn leaf blight/00649_630f387fee148049.jpg,630f387fee148049cc166f0e908060c1c4415c0010a816ece27d42857c4e9649,d1250d8b7f0c431f,JPEG,RGB,400,302,35427,original,AMBIGUOUS
PlantDoc,5467f6012d78d1c446145d5f582da6096f852ae8,training_candidate,Corn leaf blight,AMBIGUOUS,,train/Corn leaf blight/Northern-Corn-Leaf-Blight-NCLB-med.jpg,Corn leaf blight/00650_50732ab483daf478.jpg,50732ab483daf4786eb55784dbb5598f5e926d0e50a67a35d84326c55144aaa4,dcdcd86b6ffdfcfe,JPEG,RGB,1920,1080,594155,original,AMBIGUOUS
PlantDoc,5467f6012d78d1c446145d5f582da6096f852ae8,training_candidate,Corn leaf blight,AMBIGUOUS,,train/Corn leaf blight/Northern-Corn-Leaf-Blight-in-Sweet-Corn.jpg,Corn leaf blight/00651_ae476dce7aaba275.jpg,ae476dce7aaba2752af5da5c0a9189d1ce404cb2c673efbda739592d50ab3365,2c2cc9c3776edeb4,JPEG,RGB,640,640,180424,original,AMBIGUOUS
PlantDoc,5467f6012d78d1c446145d5f582da6096f852ae8,training_candidate,Corn leaf blight,AMBIGUOUS,,train/Corn leaf blight/Northern-Corn-Leaf-Blight.ashx.jpg,Corn leaf blight/00652_1e27d9f667a0e6ae.jpg,1e27d9f667a0e6ae794c1d8a6e267d2cb57f12a7afc1df618241d8823926a11e,7050998f9ef0d8ce,JPEG,RGB,500,734,343185,original,AMBIGUOUS
PlantDoc,5467f6012d78d1c446145d5f582da6096f852ae8,training_candidate,Corn leaf blight,AMBIGUOUS,,train/Corn leaf blight/Northern-Corn-Leaf-Blight.jpg,Corn leaf blight/00653_4fbcb5158227d2e9.jpg,4fbcb5158227d2e9d4a126dda2aaab736805c545a45f0be7617ca88709394907,5c7c763c9fe1fbcf,JPEG,RGB,332,250,14226,original,AMBIGUOUS
PlantDoc,5467f6012d78d1c446145d5f582da6096f852ae8,training_candidate,Corn leaf blight,AMBIGUOUS,,train/Corn leaf blight/Northern-Corn-Leaf-Blight4.jpg,Corn leaf blight/00654_36591e50d2d7f6bb.jpg,36591e50d2d7f6bb43165433d62f0bdfc75468c60222d80947f8b51373b42029,32868e8bcf3f0ebe,JPEG,RGB,490,325,24380,original,AMBIGUOUS
PlantDoc,5467f6012d78d1c446145d5f582da6096f852ae8,training_candidate,Corn leaf blight,AMBIGUOUS,,train/Corn leaf blight/Northern-corn-leaf-blight-NM-F1a.jpg,Corn leaf blight/00655_e932c52e4760d839.jpg,e932c52e4760d839f21fc7be7708dd36c7b19d9c2c41745485dc16c7d1717243,868787c6c2030303,JPEG,RGB,1200,1494,1045590,original,AMBIGUOUS
PlantDoc,5467f6012d78d1c446145d5f582da6096f852ae8,training_candidate,Corn leaf blight,AMBIGUOUS,,train/Corn leaf blight/Northern-corn-leaf-blight-NM-F2.jpg,Corn leaf blight/00656_18900f842c15d79a.jpg,18900f842c15d79ac5f961e5d12bcfd191a5ca3b0215b92789562a1f898a7a35,0e2d3c59f9decc0c,JPEG,RGB,1200,1600,390546,original,AMBIGUOUS
PlantDoc,5467f6012d78d1c446145d5f582da6096f852ae8,training_candidate,Corn leaf blight,AMBIGUOUS,,train/Corn leaf blight/Northern-corn-leaf-blight-V12-leaf-NM-F3.jpg,Corn leaf blight/00657_cb6b7b3eebe2e417.jpg,cb6b7b3eebe2e417f438e1184d7fa8bafe86a419cabde4d1b21fb3fa4ca74d3e,41c5c5c78663c9d9,JPEG,RGB,1200,1600,201357,original,AMBIGUOUS
PlantDoc,5467f6012d78d1c446145d5f582da6096f852ae8,training_candidate,Corn leaf blight,AMBIGUOUS,,train/Corn leaf blight/Northern-corn-leaf-blight2_twitter.jpg,Corn leaf blight/00658_707aa1e423ccb2ca.jpg,707aa1e423ccb2ca26de6805c722e28a0cd34d57044baf6f19eb87ab030635f1,b51d0d1d5f4d2c4a,JPEG,RGB,1024,512,212214,original,AMBIGUOUS
PlantDoc,5467f6012d78d1c446145d5f582da6096f852ae8,training_candidate,Corn leaf blight,AMBIGUOUS,,train/Corn leaf blight/Northern-corn-leafblight.jpg,Corn leaf blight/00659_f8cf5ad5c89a41be.jpg,f8cf5ad5c89a41bebb77279cbe32a037fe2bb6e10340903b9cb463559b36f89c,8d0df0e703c3c000,JPEG,RGB,900,459,287783,original,AMBIGUOUS
PlantDoc,5467f6012d78d1c446145d5f582da6096f852ae8,training_candidate,Corn leaf blight,AMBIGUOUS,,train/Corn leaf blight/Northern-leaf-blight-in-corn.jpg,Corn leaf blight/00660_4ce6f3493212f59c.jpg,4ce6f3493212f59ce90ee35814f2705790c02829135ec0aa955673b60b6969d6,ea6a626caca9b9bb,JPEG,RGB,1024,400,138552,original,AMBIGUOUS
PlantDoc,5467f6012d78d1c446145d5f582da6096f852ae8,training_candidate,Corn leaf blight,AMBIGUOUS,,train/Corn leaf blight/NorthernCornLeafBlight.jpg,Corn leaf blight/00661_5ee08a7a560c6749.jpg,5ee08a7a560c6749805d8932883685f737fdfd8171b345bfac02f1a8d26c8d11,d4243089a9199090,JPEG,RGB,400,226,156706,original,AMBIGUOUS
PlantDoc,5467f6012d78d1c446145d5f582da6096f852ae8,training_candidate,Corn leaf blight,AMBIGUOUS,,train/Corn leaf blight/Ontario-Field-Crop-Report_July_27_2017_f1-1024x768.jpg,Corn leaf blight/00662_5298b1744fbedf85.jpg,5298b1744fbedf856156e83a491d94ac2321fee3d2776ce92b5f5e9fd6b88a04,e5a54541008b5266,JPEG,RGB,1024,768,123255,original,AMBIGUOUS
PlantDoc,5467f6012d78d1c446145d5f582da6096f852ae8,training_candidate,Corn leaf blight,AMBIGUOUS,,train/Corn leaf blight/P1000367.jpg,Corn leaf blight/00663_1c895d703b4441d9.jpg,1c895d703b4441d9aafdf79f1880ff2a2e67e71c62d45ff6799e481556490bcc,31f0d02094d420cd,JPEG,RGB,2048,1536,189488,original,AMBIGUOUS
PlantDoc,5467f6012d78d1c446145d5f582da6096f852ae8,training_candidate,Corn leaf blight,AMBIGUOUS,,train/Corn leaf blight/P6120019.jpg,Corn leaf blight/00664_0760cf9833744915.jpg,0760cf98337449151782f864df37059ac09741c7bde4fea001b8e162a789ccfc,44883965cdcc931a,JPEG,RGB,441,383,33877,original,AMBIGUOUS
PlantDoc,5467f6012d78d1c446145d5f582da6096f852ae8,training_candidate,Corn leaf blight,AMBIGUOUS,,train/Corn leaf blight/Risk+factors+for+Goss%E2%80%99s+wilt+and+leaf+blight+Percent+surface+residue.jpg,Corn leaf blight/00665_2c142a4eb834135d.jpg,2c142a4eb834135d4b4b03d3f3f8450dcd25f96cfcd2bed7928834f05dc2fec3,a28ccccdceca1c7e,JPEG,RGB,960,720,100146,original,AMBIGUOUS
PlantDoc,5467f6012d78d1c446145d5f582da6096f852ae8,training_candidate,Corn leaf blight,AMBIGUOUS,,train/Corn leaf blight/SAM_0376.JPG.jpg,Corn leaf blight/00666_f18bca8d2bb6629b.jpg,f18bca8d2bb6629b8b27bc0e50cb0c5eb500a954a88f3741830e47ee822be6a5,d23224cf8f21c059,JPEG,RGB,360,640,70950,original,AMBIGUOUS
PlantDoc,5467f6012d78d1c446145d5f582da6096f852ae8,training_candidate,Corn leaf blight,AMBIGUOUS,,train/Corn leaf blight/Slide1.preview.jpg,Corn leaf blight/00667_4013b7e47bf94acd.jpg,4013b7e47bf94acd7e4bd49a8b4143b6d2937b928f73e89698d673ccc2420689,f39f87599f47e3cc,JPEG,RGB,640,480,40212,original,AMBIGUOUS
PlantDoc,5467f6012d78d1c446145d5f582da6096f852ae8,training_candidate,Corn leaf blight,AMBIGUOUS,,train/Corn leaf blight/Southern-Corn-Leaf-Blight-USDA.ashx?w=770.jpg,Corn leaf blight/00668_617b92c017ea893f.jpg,617b92c017ea893f62daa5c6bfcdcc28c21dc92aa5809c72184be2208599d8ab,d8f0d8d8d8f8d9d9,JPEG,RGB,770,534,103563,original,AMBIGUOUS
PlantDoc,5467f6012d78d1c446145d5f582da6096f852ae8,training_candidate,Corn leaf blight,AMBIGUOUS,,train/Corn leaf blight/Stewarts-Leaf-Blight-Phase-24.jpg,Corn leaf blight/00669_d52e665b3275aaf4.jpg,d52e665b3275aaf435ecdee1ed5ac8d54a81c6e2c5eafdd7d7d4eaa161321410,8b0b0b890908888c,JPEG,RGB,444,185,106141,original,AMBIGUOUS
PlantDoc,5467f6012d78d1c446145d5f582da6096f852ae8,training_candidate,Corn leaf blight,AMBIGUOUS,,train/Corn leaf blight/agriculture-crop-disease-northern-corn-leaf-blight-fungus-exserohilum-FRA00E.jpg,Corn leaf blight/00670_e3b301d9e52ace96.jpg,e3b301d9e52ace966a7f52f727e0eb09dcd1eb6a02a2a30eafd2b031978484f1,7050998f9cf0d8ce,JPEG,RGB,886,1390,169344,original,AMBIGUOUS
PlantDoc,5467f6012d78d1c446145d5f582da6096f852ae8,training_candidate,Corn leaf blight,AMBIGUOUS,,train/Corn leaf blight/agriculture-crop-disease-northern-corn-leaf-blight-fungus-exserohilum-turcicum-closeup-of-lesions-on-corn-leaves-texas-usa-x74mbx.jpg,Corn leaf blight/00671_2c3652f788beb54e.jpg,2c3652f788beb54eb95f37920130acf2a68e613f79f1f33982fd6b918ed9846c,f1f5660ec6f0e6cc,JPEG,RGB,300,460,36585,original,AMBIGUOUS
PlantDoc,5467f6012d78d1c446145d5f582da6096f852ae8,training_candidate,Corn leaf blight,AMBIGUOUS,,train/Corn leaf blight/anthracnoseblight.jpg,Corn leaf blight/00672_b61f468f82ef99c9.jpg,b61f468f82ef99c9ef35ad2039956e83c1ea75fd9febb61d05d66579a6feb0b1,181c0c070305456c,JPEG,RGB,432,324,27638,original,AMBIGUOUS
PlantDoc,5467f6012d78d1c446145d5f582da6096f852ae8,training_candidate,Corn leaf blight,AMBIGUOUS,,train/Corn leaf blight/article-fungicides-northern-corn-leaf-blight.jpg,Corn leaf blight/00673_db157d735651b3e8.jpg,db157d735651b3e808f040cc2b9d22cc9220940bc634dbcf3e1f9da53961b20a,5f4eebcfedc5c7d7,JPEG,RGB,400,350,71532,original,AMBIGUOUS
PlantDoc,5467f6012d78d1c446145d5f582da6096f852ae8,training_candidate,Corn leaf blight,AMBIGUOUS,,train/Corn leaf blight/bacterial-corn-1.jpg,Corn leaf blight/00674_c83713992d548ac7.jpg,c83713992d548ac734c7405311dfd71afc6f9f9ac2e9781ba09ccd28178c28e5,0e3c2d1d1e1e3c3d,JPEG,RGB,400,400,83261,original,AMBIGUOUS
PlantDoc,5467f6012d78d1c446145d5f582da6096f852ae8,training_candidate,Corn leaf blight,AMBIGUOUS,,train/Corn leaf blight/bacterial-corn-300x300.jpg,Corn leaf blight/00675_87a09564fbd01084.jpg,87a09564fbd01084ac532766d625dd4e4a7dc0af91f803e831d7271aedd2ad8e,0e3c3d1d1e1e3c3d,JPEG,RGB,300,300,28185,original,AMBIGUOUS
PlantDoc,5467f6012d78d1c446145d5f582da6096f852ae8,training_candidate,Corn leaf blight,AMBIGUOUS,,train/Corn leaf blight/bacterial-leaf-streak-corn.jpg,Corn leaf blight/00676_204cc4ab4cd2cf18.jpg,204cc4ab4cd2cf1841be683817d4d55b5f9c6bbcb41289722676cb1c5a34800d,d94d2d07470ccc8c,JPEG,RGB,1024,473,112998,original,AMBIGUOUS
PlantDoc,5467f6012d78d1c446145d5f582da6096f852ae8,training_candidate,Corn leaf blight,AMBIGUOUS,,train/Corn leaf blight/bacterial-leaf-streak-of-corn-450-F1.jpg,Corn leaf blight/00677_a94d73859cd54bef.jpg,a94d73859cd54befb5cb7b54690fc3c5fc6cbf230555285cf331debd47335701,cbeb3c0f0f1f171f,JPEG,RGB,450,300,29931,original,AMBIGUOUS
PlantDoc,5467f6012d78d1c446145d5f582da6096f852ae8,training_candidate,Corn leaf blight,AMBIGUOUS,,train/Corn leaf blight/bacterial-leaf-streak-of-corn.jpg,Corn leaf blight/00678_91f52f661649090e.jpg,91f52f661649090eefbcc86d1f6c74db0b3ade5250e4108c613d48513ee7f728,a6a6b4b6b7939999,JPEG,RGB,800,480,64585,original,AMBIGUOUS
PlantDoc,5467f6012d78d1c446145d5f582da6096f852ae8,training_candidate,Corn leaf blight,AMBIGUOUS,,train/Corn leaf blight/bls-lesions-tjz-hr.jpg,Corn leaf blight/00679_9dbf56c8345ebff5.jpg,9dbf56c8345ebff56685d32f748c0d65e9fe637b5fab737372eb7127091c14c1,d78c0d0c0d0d1d5b,JPEG,RGB,780,511,220488,original,AMBIGUOUS
PlantDoc,5467f6012d78d1c446145d5f582da6096f852ae8,training_candidate,Corn leaf blight,AMBIGUOUS,,train/Corn leaf blight/clip_image010.jpg,Corn leaf blight/00680_8eb56ae47c30cb4a.jpg,8eb56ae47c30cb4a117e4ce49ce7b6180ea1c340bff4d3f09fc71875fc495ce3,eb736b7bcacbce46,JPEG,RGB,300,300,20908,original,AMBIGUOUS
PlantDoc,5467f6012d78d1c446145d5f582da6096f852ae8,training_candidate,Corn leaf blight,AMBIGUOUS,,train/Corn leaf blight/corn-BLS-irregular-lesions.jpg,Corn leaf blight/00681_cdc37c2ddeb38dbc.jpg,cdc37c2ddeb38dbc64a78148f64223230a486404ce9ee94527751f0fab41e6d6,69e8fa6babb2e579,JPEG,RGB,525,699,84561,original,AMBIGUOUS
PlantDoc,5467f6012d78d1c446145d5f582da6096f852ae8,training_candidate,Corn leaf blight,AMBIGUOUS,,train/Corn leaf blight/corn-bacterial-leaf-streak-V4-AdamsCnty-THartman-F1a.jpg,Corn leaf blight/00682_72431ace9b7165d3.jpg,72431ace9b7165d375820015635637a47adf9e135a0e02afff06fb55c666af55,040098e4381e8393,JPEG,RGB,1200,900,120374,original,AMBIGUOUS
PlantDoc,5467f6012d78d1c446145d5f582da6096f852ae8,training_candidate,Corn leaf blight,AMBIGUOUS,,train/Corn leaf blight/corn-bacterial-leaf-streak-backlit-severe-lesions.jpg,Corn leaf blight/00683_ec72f8a0261686ac.jpg,ec72f8a0261686acbd681db89f2627336309c59f346e31ba0bd73834fe5022c7,186a33a4264ad3c3,JPEG,RGB,675,1200,135838,original,AMBIGUOUS
PlantDoc,5467f6012d78d1c446145d5f582da6096f852ae8,training_candidate,Corn leaf blight,AMBIGUOUS,,train/Corn leaf blight/corn-bacterial-leaf-streak-f1.JPG.jpg,Corn leaf blight/00684_b6baeb77b10174af.jpg,b6baeb77b10174afadd0bc964c17579062fb5ff208cc01e960ee14973bc7876a,8ecc6c2e0e8f0f2f,JPEG,RGB,900,1200,141804,original,AMBIGUOUS
PlantDoc,5467f6012d78d1c446145d5f582da6096f852ae8,training_candidate,Corn leaf blight,AMBIGUOUS,,train/Corn leaf blight/corn-bacterial-leaf-streak-f4.jpg,Corn leaf blight/00685_0119e09b243f6d6d.jpg,0119e09b243f6d6daa0dbf0e03629a086c6553318da3a3cd5051819b5259aefd,b4b6a3ab4913022a,JPEG,RGB,460,340,165626,original,AMBIGUOUS
PlantDoc,5467f6012d78d1c446145d5f582da6096f852ae8,training_candidate,Corn leaf blight,AMBIGUOUS,,train/Corn leaf blight/corn-bacterial-leaf-streak-f7a-b.jpg,Corn leaf blight/00686_52a097f6364f9345.jpg,52a097f6364f9345b7612c72bb0ca179b9da9af6adf075ecbc3623e29e58ad4c,d0d1d0f0d4b42cc4,JPEG,RGB,341,454,209719,original,AMBIGUOUS
PlantDoc,5467f6012d78d1c446145d5f582da6096f852ae8,training_candidate,Corn leaf blight,AMBIGUOUS,,train/Corn leaf blight/corn-bacterial-leaf-streak-narrow-stripes.jpg,Corn leaf blight/00687_fdd5b4ff8cf23f94.jpg,fdd5b4ff8cf23f946c8f45d98e4257d4b50ab7183a5282202e0b3836f86ea3e8,78e08cb5a585d169,JPEG,RGB,675,1200,100429,original,AMBIGUOUS
PlantDoc,5467f6012d78d1c446145d5f582da6096f852ae8,training_candidate,Corn leaf blight,AMBIGUOUS,,train/Corn leaf blight/corn-bacterial-leaf-streak-zoomed.jpg,Corn leaf blight/00688_32061fd1a7ae0da8.jpg,32061fd1a7ae0da8e727d5de28c803bbc0cfe5b2527ecd1c651dc3bc8adab884,8fa79281e078bcee,JPEG,RGB,676,1200,76766,original,AMBIGUOUS
PlantDoc,5467f6012d78d1c446145d5f582da6096f852ae8,training_candidate,Corn leaf blight,AMBIGUOUS,,train/Corn leaf blight/corn-baterial-leaf-stripe-f1b.JPG.jpg,Corn leaf blight/00689_b8252b7a55a32004.jpg,b8252b7a55a3200452876de2e9a74069eab802dfb1768b6cb1a0b173beff9129,005e8c0870a18090,JPEG,RGB,569,426,256708,original,AMBIGUOUS
PlantDoc,5467f6012d78d1c446145d5f582da6096f852ae8,training_candidate,Corn leaf blight,AMBIGUOUS,,train/Corn leaf blight/corn-disease-update-fig-1-northern-leaf-blight.jpg,Corn leaf blight/00690_b30d11f1635a39e0.jpg,b30d11f1635a39e08b477c28fc040a06bcf27c47e4d8b32b5ae2f923b01d0c08,0e5c7e743cb878f8,JPEG,RGB,1500,2000,743160,original,AMBIGUOUS
PlantDoc,5467f6012d78d1c446145d5f582da6096f852ae8,training_candidate,Corn leaf blight,AMBIGUOUS,,train/Corn leaf blight/corn-disease-update-fig-2-diplodia-leaf-streak1.jpg,Corn leaf blight/00691_eec2402f9fc2eb67.jpg,eec2402f9fc2eb67c3a8297b27be3fb8f5bbd861323636688054a86e8df6ec89,0739030717ffc826,JPEG,RGB,2128,1500,574294,original,AMBIGUOUS
PlantDoc,5467f6012d78d1c446145d5f582da6096f852ae8,training_candidate,Corn leaf blight,AMBIGUOUS,,train/Corn leaf blight/corn-fig-1.jpg,Corn leaf blight/00692_536bd7c04f471ed5.jpg,536bd7c04f471ed5c4dfb5591027d3732a0326f229875a1772917d613daff437,3f7f3d3b70073eff,JPEG,RGB,400,300,92345,original,AMBIGUOUS
PlantDoc,5467f6012d78d1c446145d5f582da6096f852ae8,training_candidate,Corn leaf blight,AMBIGUOUS,,train/Corn leaf blight/corn-fig-2.jpg,Corn leaf blight/00693_e73fa16be58fd936.jpg,e73fa16be58fd9361134106dc95d40c45b5063b47f6eaea8a3a08cb610875582,9bc0e6e4e0b4b6b2,JPEG,RGB,485,358,157729,original,AMBIGUOUS
PlantDoc,5467f6012d78d1c446145d5f582da6096f852ae8,training_candidate,Corn leaf blight,AMBIGUOUS,,train/Corn leaf blight/corn-gray-leaf-spot-f5.jpg,Corn leaf blight/00694_8fea1634544927b9.jpg,8fea1634544927b907cb825bc66673558d25ec1f7a6fcf3bc7b8987d7dc360fa,e78b0b33374edb94,JPEG,RGB,751,1001,228940,original,AMBIGUOUS
PlantDoc,5467f6012d78d1c446145d5f582da6096f852ae8,training_candidate,Corn leaf blight,AMBIGUOUS,,train/Corn leaf blight/corn-large-wavy-Xanth-lesions-f3.jpg,Corn leaf blight/00695_1929318032a7aff2.jpg,1929318032a7aff24e3a631eb5b878e7936ed23a90cdc03f404eeea4c6606bc6,9b16569b175b3b3e,JPEG,RGB,600,1067,325809,original,AMBIGUOUS
PlantDoc,5467f6012d78d1c446145d5f582da6096f852ae8,training_candidate,Corn leaf blight,AMBIGUOUS,,train/Corn leaf blight/corn-leaf-scald-9a.jpg,Corn leaf blight/00696_c403125826f6ddc4.jpg,c403125826f6ddc4c31ab92b373f5bf6ccd3d4924bc9cc4d702312619969d9d1,1999d9dbe3694978,JPEG,RGB,675,1200,90531,original,AMBIGUOUS
PlantDoc,5467f6012d78d1c446145d5f582da6096f852ae8,training_candidate,Corn leaf blight,AMBIGUOUS,,train/Corn leaf blight/corn-leaf-scald-9c.jpg,Corn leaf blight/00697_e8cbc0c4c1ed6677.jpg,e8cbc0c4c1ed6677ba3a216fff749de09e5d394bb03cc3ced2866945a0fe64b4,87cd451dbf2777d7,JPEG,RGB,675,1200,104324,original,AMBIGUOUS
PlantDoc,5467f6012d78d1c446145d5f582da6096f852ae8,training_candidate,Corn leaf blight,AMBIGUOUS,,train/Corn leaf blight/corn-leaf-scald-9d.jpg,Corn leaf blight/00698_83bad3cd054a231c.jpg,83bad3cd054a231c9276efc15b12560c1f97cfd1721f80f6fde88cc22da85546,16361b4d6e66e7c7,JPEG,RGB,675,1200,89681,original,AMBIGUOUS
PlantDoc,5467f6012d78d1c446145d5f582da6096f852ae8,training_candidate,Corn leaf blight,AMBIGUOUS,,train/Corn leaf blight/corn-mature-bacterial-leaf-streak.jpg,Corn leaf blight/00699_5c4ee4a4b0f44c5c.jpg,5c4ee4a4b0f44c5caca653795d2370e09e77e93b312f8b1b3ffbe625516de0aa,182c2c2b0a0bcbd9,JPEG,RGB,675,1200,156902,original,AMBIGUOUS
PlantDoc,5467f6012d78d1c446145d5f582da6096f852ae8,training_candidate,Corn leaf blight,AMBIGUOUS,,train/Corn leaf blight/corn-northern-corn-leaf-blight-f6.jpg,Corn leaf blight/00700_a8ccd0f5cf1e1a2e.jpg,a8ccd0f5cf1e1a2e319997e856409c55d686f1446a4c8eb613f45368d81e1dec,ac199999dcccc84b,JPEG,RGB,675,1200,96365,original,AMBIGUOUS
PlantDoc,5467f6012d78d1c446145d5f582da6096f852ae8,training_candidate,Corn leaf blight,AMBIGUOUS,,train/Corn leaf blight/corn-northern-corn-leaf-blight.jpg,Corn leaf blight/00701_61684cd8f16dafeb.jpg,61684cd8f16dafeb5cbb6f7f97ca47bbcc48ebe73b298e47493d84603b4b75a6,737078363f5e5793,JPEG,RGB,1000,563,115666,original,AMBIGUOUS
PlantDoc,5467f6012d78d1c446145d5f582da6096f852ae8,training_candidate,Corn leaf blight,AMBIGUOUS,,train/Corn leaf blight/corn-several-Holcus%20spot%20lesions-f4.jpg,Corn leaf blight/00702_4d60a717344a60b5.jpg,4d60a717344a60b54a2aa88e7f4d4ceba71db90410f548c41ac37806270551a8,69cce491b1c39e99,JPEG,RGB,675,1200,94330,original,AMBIGUOUS
PlantDoc,5467f6012d78d1c446145d5f582da6096f852ae8,training_candidate,Corn leaf blight,AMBIGUOUS,,train/Corn leaf blight/corn-short-backlit-Xanth-lesions-halos-f2-.jpg,Corn leaf blight/00703_1a424a2836520a3f.jpg,1a424a2836520a3faf8647ba9349a2b7b85b3a8c312ba27ca9a8b971fb68e955,80c0c0707139180c,JPEG,RGB,588,887,170206,original,AMBIGUOUS
PlantDoc,5467f6012d78d1c446145d5f582da6096f852ae8,training_candidate,Corn leaf blight,AMBIGUOUS,,train/Corn leaf blight/corn-short-backlit-Xanth-lesions-halos-f2.jpg,Corn leaf blight/00704_0a7a00f52021270f.jpg,0a7a00f52021270f39f8d8daaa63507fad43b2c24cbf5b744486a198f06ed98a,80c0e0707939180c,JPEG,RGB,600,887,169432,original,AMBIGUOUS
PlantDoc,5467f6012d78d1c446145d5f582da6096f852ae8,training_candidate,Corn leaf blight,AMBIGUOUS,,train/Corn leaf blight/corn-stalk-rot-leaf-symptoms-F1.jpg.jpeg,Corn leaf blight/00705_bb91e0a3c455df67.jpg,bb91e0a3c455df67d2f7ebd9837cbd1d947a9f86211258b279e4d41a61292bc8,77db33b7878f8303,JPEG,RGB,1000,585,493607,original,AMBIGUOUS
PlantDoc,5467f6012d78d1c446145d5f582da6096f852ae8,training_candidate,Corn leaf blight,AMBIGUOUS,,train/Corn leaf blight/corn1.jpg,Corn leaf blight/00706_d70bfc6d530123a2.jpg,d70bfc6d530123a29346fe353197fc885c0cd9e3ef71e4a1937a4928291eb555,96923b7f7fb63706,JPEG,RGB,480,320,89753,original,AMBIGUOUS
PlantDoc,5467f6012d78d1c446145d5f582da6096f852ae8,training_candidate,Corn leaf blight,AMBIGUOUS,,train/Corn leaf blight/corn_disease_clip_image001_0003.jpg,Corn leaf blight/00707_1b86c2a854695955.jpg,1b86c2a8546959550f237e650f73ff850a95273b2df236a30b59bccd43f03783,f8888c9e9a9a8a9e,JPEG,RGB,259,308,11079,original,AMBIGUOUS
PlantDoc,5467f6012d78d1c446145d5f582da6096f852ae8,training_candidate,Corn leaf blight,AMBIGUOUS,,train/Corn leaf blight/corn_gray_leaf_spot.jpg,Corn leaf blight/00708_f8ce8a1f5fc8d374.jpg,f8ce8a1f5fc8d3740c2c222a34f3ee9b913c826430908b8297718c53f7299b6c,6932b68309122565,JPEG,RGB,600,400,91994,original,AMBIGUOUS
PlantDoc,5467f6012d78d1c446145d5f582da6096f852ae8,training_candidate,Corn leaf blight,AMBIGUOUS,,train/Corn leaf blight/cp_VA-123_northern_corn_leaf_blight_article.jpg,Corn leaf blight/00709_7335de47f1404ba3.jpg,7335de47f1404ba3f9bb7a4c05125f7624a5da08099352c68c3d2d8c6f93b956,4d2a34dc3e9b1d37,JPEG,RGB,690,345,35213,original,AMBIGUOUS
PlantDoc,5467f6012d78d1c446145d5f582da6096f852ae8,training_candidate,Corn leaf blight,AMBIGUOUS,,train/Corn leaf blight/disease.jpg,Corn leaf blight/00710_b3723c9ec2c8579b.jpg,b3723c9ec2c8579b2eb6939b9f260535133a4ce6ee6dbf19034c45ba0b73f8d9,949e621b0b871e32,JPEG,RGB,398,299,220312,original,AMBIGUOUS
PlantDoc,5467f6012d78d1c446145d5f582da6096f852ae8,training_candidate,Corn leaf blight,AMBIGUOUS,,train/Corn leaf blight/disease3.jpg,Corn leaf blight/00711_1d3803f8f70fb5d6.jpg,1d3803f8f70fb5d6b07474304cd3d4b35e1ba48070f07b6dca0872c52a1a0e29,3e4f73479737c32b,JPEG,RGB,4000,3000,2774730,original,AMBIGUOUS
PlantDoc,5467f6012d78d1c446145d5f582da6096f852ae8,training_candidate,Corn leaf blight,AMBIGUOUS,,train/Corn leaf blight/disease4.jpg,Corn leaf blight/00712_80b5cf8ce73c1c80.jpg,80b5cf8ce73c1c80e8cc3342891c983220f8bff4801bcfa249be4fb41e6440d8,03667c1e04a4929e,JPEG,RGB,4608,3456,6574069,original,AMBIGUOUS
PlantDoc,5467f6012d78d1c446145d5f582da6096f852ae8,training_candidate,Corn leaf blight,AMBIGUOUS,,train/Corn leaf blight/dsc5270.jpg,Corn leaf blight/00713_074ee0c75f14b05d.jpg,074ee0c75f14b05dc1d45b2e4a1f52d357f9833e4d5a36bf7c504d862fd663d0,d8d2aa094ece0a3e,JPEG,RGB,800,532,369708,original,AMBIGUOUS
PlantDoc,5467f6012d78d1c446145d5f582da6096f852ae8,training_candidate,Corn leaf blight,AMBIGUOUS,,train/Corn leaf blight/dsc5582.jpg,Corn leaf blight/00714_71b01dc12f98c6fd.jpg,71b01dc12f98c6fd47822ee109a0dd79715399fb15bea932a76d61579eeb3264,4ce2a96d9f9c9435,JPEG,RGB,800,532,363777,original,AMBIGUOUS
PlantDoc,5467f6012d78d1c446145d5f582da6096f852ae8,training_candidate,Corn leaf blight,AMBIGUOUS,,train/Corn leaf blight/f7bd710e84db49829a918d85a2ff809c1.jpg,Corn leaf blight/00715_17575b008ad64489.jpg,17575b008ad644896ec5fccefb358195b76834eb10fb12446d2523b3a2251292,4a4b73d3d3b78da5,JPEG,RGB,472,480,74824,original,AMBIGUOUS
PlantDoc,5467f6012d78d1c446145d5f582da6096f852ae8,training_candidate,Corn leaf blight,AMBIGUOUS,,train/Corn leaf blight/fi00245.JPG.jpg,Corn leaf blight/00716_466c2ece7d0a8fb3.jpg,466c2ece7d0a8fb378b54065dc95360fd0d0875bfeb9942078141c736c758c94,2f97772d486d4f47,JPEG,RGB,575,431,307018,original,AMBIGUOUS
PlantDoc,5467f6012d78d1c446145d5f582da6096f852ae8,training_candidate,Corn leaf blight,AMBIGUOUS,,train/Corn leaf blight/ga-2015-05-20-nclb.jpg,Corn leaf blight/00717_2f96506bdbf2edc4.jpg,2f96506bdbf2edc41f6590f0269e376954d9bebecc1313f5b6b9cc7c96e13d31,ba3bb6fcb4f44b53,JPEG,RGB,450,612,123584,original,AMBIGUOUS
PlantDoc,5467f6012d78d1c446145d5f582da6096f852ae8,training_candidate,Corn leaf blight,AMBIGUOUS,,train/Corn leaf blight/gls99-anamosa-400x334.jpg,Corn leaf blight/00718_2bdc6dae1b05e274.jpg,2bdc6dae1b05e27405e0fbb6e35f2137e2547acaffb9b1b519dcbe1dc038ef57,3337323234949c0c,JPEG,RGB,400,334,36274,original,AMBIGUOUS
PlantDoc,5467f6012d78d1c446145d5f582da6096f852ae8,training_candidate,Corn leaf blight,AMBIGUOUS,,train/Corn leaf blight/gosswilt_TMB.jpg,Corn leaf blight/00719_942be09796cb79ee.jpg,942be09796cb79eec33ba54cae0c8290b06b6c21dec1a864d25a082d7aa09252,c49ebaaefcfcf878,JPEG,RGB,340,255,50683,original,AMBIGUOUS
PlantDoc,5467f6012d78d1c446145d5f582da6096f852ae8,training_candidate,Corn leaf blight,AMBIGUOUS,,train/Corn leaf blight/gray-leaf-spot-lesions-F4.jpg,Corn leaf blight/00720_fd00790441ba4d97.jpg,fd00790441ba4d97505a14b117f69a2dea10e5626d02eeb58d1213fe895b7a90,377e3c1b17830100,JPEG,RGB,618,463,95892,original,AMBIGUOUS
PlantDoc,5467f6012d78d1c446145d5f582da6096f852ae8,training_candidate,Corn leaf blight,AMBIGUOUS,,train/Corn leaf blight/gray-leaf-spot-severe--.jpg,Corn leaf blight/00721_c02e12e991b8f9be.jpg,c02e12e991b8f9be3d2b4b8d6bb581ee10948f0e03b194bd5049a32f0ce5648d,736358dc930f3bdb,JPEG,RGB,1158,1200,207071,original,AMBIGUOUS
PlantDoc,5467f6012d78d1c446145d5f582da6096f852ae8,training_candidate,Corn leaf blight,AMBIGUOUS,,train/Corn leaf blight/helminthosporium-or-turcicum-leaf-stains-on-corn-leaf-disease-of-corn-plant-R5GR3C.jpg,Corn leaf blight/00722_d8d349528d4567c3.jpg,d8d349528d4567c3dfe72f32397e38a46f7bfd2f9e4cc37f95473c07508c3f0a,d0a786a746c303f0,JPEG,RGB,1300,1065,275311,original,AMBIGUOUS
PlantDoc,5467f6012d78d1c446145d5f582da6096f852ae8,training_candidate,Corn leaf blight,AMBIGUOUS,,train/Corn leaf blight/image.jpg,Corn leaf blight/00723_4b8e95347f2f2dc2.jpg,4b8e95347f2f2dc23966bec1bfc9663ee5e6220e766a51956179a6b1fbe9a672,56660e2cc6a1b577,JPEG,RGB,362,240,26596,original,AMBIGUOUS
PlantDoc,5467f6012d78d1c446145d5f582da6096f852ae8,training_candidate,Corn leaf blight,AMBIGUOUS,,train/Corn leaf blight/image393.jpg,Corn leaf blight/00724_adbc26bf56eb6256.jpg,adbc26bf56eb62563deb5055212f33056686a4dcd9e5263a4dd90dafd879220f,934fefcf9f3e6662,JPEG,RGB,250,200,16822,original,AMBIGUOUS
PlantDoc,5467f6012d78d1c446145d5f582da6096f852ae8,training_candidate,Corn leaf blight,AMBIGUOUS,,train/Corn leaf blight/image_1500x1500%253E.jpeg?1473988930.jpg,Corn leaf blight/00725_526a71428d575142.jpg,526a71428d57514240e895849a9e2404a7934da6738165e5793e2632eec5e5a8,b471f2731b571d29,JPEG,RGB,1500,1125,824513,original,AMBIGUOUS
PlantDoc,5467f6012d78d1c446145d5f582da6096f852ae8,training_candidate,Corn leaf blight,AMBIGUOUS,,train/Corn leaf blight/image_1500x1500%253E.jpeg?1473988931.jpg,Corn leaf blight/00726_0a5a2e26d5d6258e.jpg,0a5a2e26d5d6258e4737307cda92a1f40f4a0771f4201b4084c47c8b3aab7e90,dde16bab93929b93,JPEG,RGB,1500,1125,1030422,original,AMBIGUOUS
PlantDoc,5467f6012d78d1c446145d5f582da6096f852ae8,training_candidate,Corn leaf blight,AMBIGUOUS,,train/Corn leaf blight/img_0099-2.jpg,Corn leaf blight/00727_ad7ccf6373f234ce.jpg,ad7ccf6373f234ceb7bbb992e0ee1d575aa9c4e88855b9487be50d991f044c99,c78dab9539a9ec2c,JPEG,RGB,2592,1936,2190482,original,AMBIGUOUS
PlantDoc,5467f6012d78d1c446145d5f582da6096f852ae8,training_candidate,Corn leaf blight,AMBIGUOUS,,train/Corn leaf blight/img_5593211e4bf88_49361.jpg,Corn leaf blight/00728_fda2f5386cf230df.jpg,fda2f5386cf230df9e219bccf952da427996cc61ac521dcfe7a4786f5609fdac,bf66cdd39c8e63b0,JPEG,RGB,550,365,24858,original,AMBIGUOUS
PlantDoc,5467f6012d78d1c446145d5f582da6096f852ae8,training_candidate,Corn leaf blight,AMBIGUOUS,,train/Corn leaf blight/leafblightcorn.jpg,Corn leaf blight/00729_3c7fa04783877157.jpg,3c7fa047838771576a8ce2e5630cda0d0503fc9bffcdb6ca2f382cb886b6e91a,0a3024a384884842,JPEG,RGB,400,300,35944,original,AMBIGUOUS
PlantDoc,5467f6012d78d1c446145d5f582da6096f852ae8,training_candidate,Corn leaf blight,AMBIGUOUS,,train/Corn leaf blight/nclb-2015-n-mcghee.jpg,Corn leaf blight/00730_b526aeb632c46dcc.jpg,b526aeb632c46dcc81ee11b5e39745cf41098145365fd3620eb2662e6e5a7e96,181859b1b7346cc8,JPEG,RGB,576,1024,106062,original,AMBIGUOUS
PlantDoc,5467f6012d78d1c446145d5f582da6096f852ae8,training_candidate,Corn leaf blight,AMBIGUOUS,,train/Corn leaf blight/nclb3_rob_factsheetimage.jpg,Corn leaf blight/00731_8fd4f4ae157bf15c.jpg,8fd4f4ae157bf15cd6a033a0a04e601817496c255f88f5161756ed8b6ca7883c,949993eb5dd5da22,JPEG,RGB,1000,666,310039,original,AMBIGUOUS
PlantDoc,5467f6012d78d1c446145d5f582da6096f852ae8,training_candidate,Corn leaf blight,AMBIGUOUS,,train/Corn leaf blight/nclb3x1200.jpg,Corn leaf blight/00732_8e4f654f5b4cda42.jpg,8e4f654f5b4cda42e4da6f15deda796016769425ac67b1ae36ce824caa5847c0,c9ce161391d8995c,JPEG,RGB,1200,1600,836128,original,AMBIGUOUS
PlantDoc,5467f6012d78d1c446145d5f582da6096f852ae8,training_candidate,Corn leaf blight,AMBIGUOUS,,train/Corn leaf blight/nclb4x1200.jpg,Corn leaf blight/00733_07248983e7a3d087.jpg,07248983e7a3d08716745c6e31aa38335d075213ce7fae71f5652e64be910e58,2d0715333303269e,JPEG,RGB,1200,1600,753590,original,AMBIGUOUS
PlantDoc,5467f6012d78d1c446145d5f582da6096f852ae8,training_candidate,Corn leaf blight,AMBIGUOUS,,train/Corn leaf blight/nclb7x1200.jpg,Corn leaf blight/00734_0274ac23d9a60c39.jpg,0274ac23d9a60c39a14ff9d95b0bb8be17387e8fe329dfc2c799061135a49bb0,0e8d8dcd89040f87,JPEG,RGB,1200,1600,1080386,original,AMBIGUOUS
PlantDoc,5467f6012d78d1c446145d5f582da6096f852ae8,training_candidate,Corn leaf blight,AMBIGUOUS,,train/Corn leaf blight/ncls-2016-a-shirley.jpg,Corn leaf blight/00735_294a5893e41b2e24.jpg,294a5893e41b2e24fb9ed224ee2f1fed66bdb8ffbc69dd9841a3c3d0f1b09621,d9d9c9e9f9616964,JPEG,RGB,960,1280,185838,original,AMBIGUOUS
PlantDoc,5467f6012d78d1c446145d5f582da6096f852ae8,training_candidate,Corn leaf blight,AMBIGUOUS,,train/Corn leaf blight/ncorn_leaf_blight_0796_02.jpg,Corn leaf blight/00736_08c1b124e1862273.jpg,08c1b124e186227337d5c9495b4cc0a7a4cde7cda2b483c736ccc4bb25514b66,f31b19010c6e8f6c,JPEG,RGB,432,290,19138,original,AMBIGUOUS
PlantDoc,5467f6012d78d1c446145d5f582da6096f852ae8,training_candidate,Corn leaf blight,AMBIGUOUS,,train/Corn leaf blight/northern-corn-leaf-blight-exserohilum-turcicum-lesions-on-a-maize-BBFWRB.jpg,Corn leaf blight/00737_6897867233e4f970.jpg,6897867233e4f97075b069b41ab1bd18ac0f22c8b690844327ff177324268fb9,aeae2d0d89c983c3,JPEG,RGB,1076,1390,144088,original,AMBIGUOUS
PlantDoc,5467f6012d78d1c446145d5f582da6096f852ae8,training_candidate,Corn leaf blight,AMBIGUOUS,,train/Corn leaf blight/northern-corn-leaf-blight-exserohilum-turcicum-lesions-on-a-maize-BX3K2K.jpg,Corn leaf blight/00738_9680ebcd66b6d73c.jpg,9680ebcd66b6d73cf8e2bbd234769180c43540b6084ee4468a36d38da10d0a14,2615299c8b25444c,JPEG,RGB,861,1390,209713,original,AMBIGUOUS
PlantDoc,5467f6012d78d1c446145d5f582da6096f852ae8,training_candidate,Corn leaf blight,AMBIGUOUS,,train/Corn leaf blight/northern-corn-leaf-blight-exserohilum-turcicum-lesions-on-a-maize-leaf-south-africa-XDYJWY.jpg,Corn leaf blight/00739_53928b88f17f0b42.jpg,53928b88f17f0b42d0f5ac9cf1f181e5306fcdd087bc5db9b9737a34478d5bf4,9b576b862e5bd9cd,JPEG,RGB,860,1390,210313,original,AMBIGUOUS
PlantDoc,5467f6012d78d1c446145d5f582da6096f852ae8,training_candidate,Corn leaf blight,AMBIGUOUS,,train/Corn leaf blight/northern-corn-leaf-blight-exserohilum-turcicum-lesions-on-a-maize-leaf-south-africa-xe3a7j.jpg,Corn leaf blight/00740_12620520f7d8ed8f.jpg,12620520f7d8ed8f39cdbfd73bc265a766ad52fb9a8f3b095b9e647da65b80f0,8a8acb4f4c6c3e3c,JPEG,RGB,300,382,37688,original,AMBIGUOUS
PlantDoc,5467f6012d78d1c446145d5f582da6096f852ae8,training_candidate,Corn leaf blight,AMBIGUOUS,,train/Corn leaf blight/northern-corn-leaf-blight.jpg,Corn leaf blight/00741_2c2cc7cec2c4cc95.jpg,2c2cc7cec2c4cc95a28f7bdd46b7e3adb9a194b528aa95af28f979da6b732dac,0e6ee66764e4aea6,JPEG,RGB,750,350,59950,original,AMBIGUOUS
PlantDoc,5467f6012d78d1c446145d5f582da6096f852ae8,training_candidate,Corn leaf blight,AMBIGUOUS,,train/Corn leaf blight/northern_corn_leaf_blight_university_of_delaware-600x400.jpg,Corn leaf blight/00742_ebba0adbb3c8f945.jpg,ebba0adbb3c8f9457c5b94caeeecbf3106289179f62ad17fe50b2ed8e16d5012,641f3a73d48a34cc,JPEG,RGB,600,400,47779,original,AMBIGUOUS
PlantDoc,5467f6012d78d1c446145d5f582da6096f852ae8,training_candidate,Corn leaf blight,AMBIGUOUS,,train/Corn leaf blight/northern_leaf_blight.jpg,Corn leaf blight/00743_41282ec0509957e7.jpg,41282ec0509957e7bce24eef5dcf02a31896d4ed7e7789e76eed8881cbb06b37,a547c52363e30701,JPEG,RGB,563,554,88236,original,AMBIGUOUS
PlantDoc,5467f6012d78d1c446145d5f582da6096f852ae8,training_candidate,Corn leaf blight,AMBIGUOUS,,train/Corn leaf blight/photo-7-004.jpg,Corn leaf blight/00744_b89c20086d94066f.jpg,b89c20086d94066f8d535d63ce04d1813fd7fd7c27e467e5d3253445e38c7359,acc4e63213868e26,JPEG,RGB,723,451,163907,original,AMBIGUOUS
PlantDoc,5467f6012d78d1c446145d5f582da6096f852ae8,training_candidate,Corn leaf blight,AMBIGUOUS,,train/Corn leaf blight/possible-northerncornleafspot.jpg,Corn leaf blight/00745_1ff7270d72dd53af.jpg,1ff7270d72dd53af1f46ba40c57802a4d8c44e45adde6d31dd4dd849a6891687,06130b27242e0bae,JPEG,RGB,2448,3264,3872282,original,AMBIGUOUS
PlantDoc,5467f6012d78d1c446145d5f582da6096f852ae8,training_candidate,Corn leaf blight,AMBIGUOUS,,train/Corn leaf blight/rsz0731northernleafblightcigarshapedlesionsfig5.jpg,Corn leaf blight/00746_fffc3d27cb58ddec.jpg,fffc3d27cb58ddec577d10e15626651329263b42a527ed19040092bd52939c91,2b2b053193270709,JPEG,RGB,290,358,51945,original,AMBIGUOUS
PlantDoc,5467f6012d78d1c446145d5f582da6096f852ae8,training_candidate,Corn leaf blight,AMBIGUOUS,,train/Corn leaf blight/show_picture.asp?id=aaaaaaaaaanoroz&w=524.jpg,Corn leaf blight/00747_821078c915771fce.jpg,821078c915771fce9e3e56e28abcf89bbefe83e268acc0636106ede5abe036f3,52a3018814679b3b,JPEG,RGB,524,393,745394,original,AMBIGUOUS
PlantDoc,5467f6012d78d1c446145d5f582da6096f852ae8,training_candidate,Corn leaf blight,AMBIGUOUS,,train/Corn leaf blight/smaller-Septoria2.jpg,Corn leaf blight/00748_878e3928c0a5c0d5.jpg,878e3928c0a5c0d50b66fb5fbf5358bbed751ea0de733ea92c0200ea10dd9b45,793233ad451d3533,JPEG,RGB,1936,1296,110974,original,AMBIGUOUS
PlantDoc,5467f6012d78d1c446145d5f582da6096f852ae8,training_candidate,Corn leaf blight,AMBIGUOUS,,train/Corn leaf blight/stewartswilt.jpg,Corn leaf blight/00749_0b2e074625183ab6.jpg,0b2e074625183ab61005cb9a8fcf6979f4bdfce21de2cc29b2500c9d487d9295,70f29960292087d1,JPEG,RGB,500,236,26226,original,AMBIGUOUS
PlantDoc,5467f6012d78d1c446145d5f582da6096f852ae8,training_candidate,Corn leaf blight,AMBIGUOUS,,train/Corn leaf blight/stock-photo-northern-corn-leaf-blight-nclb-is-a-foliar-disease-of-corn-maize-caused-by-exserohilum-turcicum-592778840.jpg,Corn leaf blight/00750_7d8165558c441580.jpg,7d8165558c441580514b96d9eb3cb996844204bbd8b6048a5263d1b12eb5102c,b57be54d95b4bd7d,JPEG,RGB,1125,1600,602244,original,AMBIGUOUS
PlantDoc,5467f6012d78d1c446145d5f582da6096f852ae8,training_candidate,Corn leaf blight,AMBIGUOUS,,train/Corn leaf blight/stock-photo-northern-corn-leaf-blight-nclb-is-a-foliar-disease-of-corn-maize-caused-by-exserohilum-turcicum-592778861.jpg,Corn leaf blight/00751_f74663a6842c4fd5.jpg,f74663a6842c4fd521da19fce430f52277e3fc93d73b61d6ad40a0becb71afd1,6267cf8fa9cbc7cc,JPEG,RGB,338,470,41536,original,AMBIGUOUS
PlantDoc,5467f6012d78d1c446145d5f582da6096f852ae8,training_candidate,Corn leaf blight,AMBIGUOUS,,train/Corn leaf blight/stock-photo-northern-corn-leaf-blight-nclb-is-a-foliar-disease-of-corn-maize-caused-by-exserohilum-turcicum-592778870.jpg,Corn leaf blight/00752_7bea0d72bb297199.jpg,7bea0d72bb297199dc8d1a6a3c7d16323a0cc47b6de48c7a1f88ce11d3a711e3,3563e567cece5a78,JPEG,RGB,338,470,51025,original,AMBIGUOUS
PlantDoc,5467f6012d78d1c446145d5f582da6096f852ae8,training_candidate,Corn leaf blight,AMBIGUOUS,,train/Corn leaf blight/stock-photo-northern-corn-leaf-blight-nclb-is-a-foliar-disease-of-corn-maize-caused-by-exserohilum-turcicum-592778882.jpg,Corn leaf blight/00753_5bb44f8887f6b845.jpg,5bb44f8887f6b84514b0eb501c9fb26d3638eb70d775961c91a086c49eab9c11,c8c8d4d0335230b8,JPEG,RGB,338,470,40114,original,AMBIGUOUS
PlantDoc,5467f6012d78d1c446145d5f582da6096f852ae8,training_candidate,Corn leaf blight,AMBIGUOUS,,train/Corn leaf blight/swcdg1-e1482969712678-300x188.jpg,Corn leaf blight/00754_6d04614f71ed2571.jpg,6d04614f71ed2571f4e921adfeaac718594d30580d582aff01e7a5bec8052e3c,05111a3f5d479c1d,JPEG,RGB,300,188,15397,original,AMBIGUOUS
PlantDoc,5467f6012d78d1c446145d5f582da6096f852ae8,training_candidate,Corn leaf blight,AMBIGUOUS,,train/Corn leaf blight/swcdg1.jpg,Corn leaf blight/00755_e3a87c6a6935d318.jpg,e3a87c6a6935d31845d76857dfade2d6f7127c5e5cbbb0293d09280688e01b50,330747078426a544,JPEG,RGB,521,833,136924,original,AMBIGUOUS
PlantDoc,5467f6012d78d1c446145d5f582da6096f852ae8,training_candidate,Corn leaf blight,AMBIGUOUS,,train/Corn leaf blight/sweetcorn_Northern-corn-leaf-blight_zoom.jpg,Corn leaf blight/00756_5257395e12de1824.jpg,5257395e12de18240d077db0862ffb469b1107f148bb53e3911c8055bd68ee3b,9a10250f3c3131cb,JPEG,RGB,504,335,29943,original,AMBIGUOUS
PlantDoc,5467f6012d78d1c446145d5f582da6096f852ae8,training_candidate,Corn rust leaf,AMBIGUOUS,,train/Corn rust leaf/36687400253_a227c2ca28_b.jpg,Corn rust leaf/00757_6e130df02a30e394.jpg,6e130df02a30e39483c87b9cfc7dff024068ef831185bc0cf1afdfbc3a2bba5e,1f2f7d3f3f1f0307,JPEG,RGB,1022,1024,377749,original,AMBIGUOUS
PlantDoc,5467f6012d78d1c446145d5f582da6096f852ae8,training_candidate,Corn rust leaf,AMBIGUOUS,,train/Corn rust leaf/37310253326_7f32b316d1_b.jpg,Corn rust leaf/00758_0de97196782cbd37.jpg,0de97196782cbd3741bce6fcdf9571f81cc8a3f61326e648110ba518d8334b9c,e7e3e1cc0429d91f,JPEG,RGB,1024,768,234755,original,AMBIGUOUS
PlantDoc,5467f6012d78d1c446145d5f582da6096f852ae8,training_candidate,Corn rust leaf,AMBIGUOUS,,train/Corn rust leaf/37310253806_04fee91918_b.jpg,Corn rust leaf/00759_16977964fb1e3a13.jpg,16977964fb1e3a13a8e8b366b73dacb7be286aa7702d6ab30400f3d35c04e806,4a4ec71b1b4b2db4,JPEG,RGB,768,1024,165186,original,AMBIGUOUS
PlantDoc,5467f6012d78d1c446145d5f582da6096f852ae8,training_candidate,Corn rust leaf,AMBIGUOUS,,train/Corn rust leaf/37356969601_4208f8bb7f_b.jpg,Corn rust leaf/00760_5d4722f78643aec0.jpg,5d4722f78643aec07d928b2408fed382039f6047840500140107023eec722321,c2c126138bc76bbd,JPEG,RGB,1024,768,300365,original,AMBIGUOUS
PlantDoc,5467f6012d78d1c446145d5f582da6096f852ae8,training_candidate,Corn rust leaf,AMBIGUOUS,,train/Corn rust leaf/5833328024_724f1df3f2_b.jpg,Corn rust leaf/00761_bb6513c8d45b2247.jpg,bb6513c8d45b22472dd5e8ee2c28bd5eac6ab2655f53a7ec7a9bcd9c1b7e77ca,647e1e271c8c04e0,JPEG,RGB,1024,608,491349,original,AMBIGUOUS
PlantDoc,5467f6012d78d1c446145d5f582da6096f852ae8,training_candidate,Corn rust leaf,AMBIGUOUS,,train/Corn rust leaf/COURTESY_southernrust-greyleaf.jpg,Corn rust leaf/00762_b95ab0e40d8981fb.jpg,b95ab0e40d8981fb94a0512c99b94e555e82d5a360cdfea880b48b72abe98264,d9d9c9e9785b49c9,JPEG,RGB,800,310,106296,original,AMBIGUOUS
PlantDoc,5467f6012d78d1c446145d5f582da6096f852ae8,training_candidate,Corn rust leaf,AMBIGUOUS,,train/Corn rust leaf/Common-rust-east-central-Indiana.jpg,Corn rust leaf/00763_ad01f79cc01e70d8.jpg,ad01f79cc01e70d8facaa924f0e20b6acf9227807cda84eaaa0d7d73e725d7dd,44004c2502cc2626,JPEG,RGB,1229,880,192643,original,AMBIGUOUS
PlantDoc,5467f6012d78d1c446145d5f582da6096f852ae8,training_candidate,Corn rust leaf,AMBIGUOUS,,train/Corn rust leaf/Common-rust-of-corn-Tedford.jpg,Corn rust leaf/00764_5397ce27f4454820.jpg,5397ce27f445482018c65dae2ec851849b8f175a9ab485452500b14b340f2597,63cdd9d1051ab8f8,JPEG,RGB,2048,1536,764506,original,AMBIGUOUS
PlantDoc,5467f6012d78d1c446145d5f582da6096f852ae8,training_candidate,Corn rust leaf,AMBIGUOUS,,train/Corn rust leaf/Corn%20Common%20Rust.png.jpg,Corn rust leaf/00765_4b9dbb1d8e0d7777.jpg,4b9dbb1d8e0d7777b41e140216433ad1825f837b3391b8ad381dd88c82a24709,c260301e9f1d6607,JPEG,RGB,1000,573,121318,original,AMBIGUOUS
PlantDoc,5467f6012d78d1c446145d5f582da6096f852ae8,training_candidate,Corn rust leaf,AMBIGUOUS,,train/Corn rust leaf/Corn-Common-Rust-300x225.jpg,Corn rust leaf/00766_b7dd69037b542538.jpg,b7dd69037b5425387b1e87dd0a172c6870554e429d6632a441ff47697f9a43b2,7cecc88888888888,JPEG,RGB,300,225,16669,original,AMBIGUOUS
PlantDoc,5467f6012d78d1c446145d5f582da6096f852ae8,training_candidate,Corn rust leaf,AMBIGUOUS,,train/Corn rust leaf/Corn-Common-Rust.jpg,Corn rust leaf/00767_8d0748672aff25d9.jpg,8d0748672aff25d99eaa3b714a3ee1a3773ec8e0b46fde756d9f565b70c74e36,7cecc88888888888,JPEG,RGB,1278,958,520434,original,AMBIGUOUS
PlantDoc,5467f6012d78d1c446145d5f582da6096f852ae8,training_candidate,Corn rust leaf,AMBIGUOUS,,train/Corn rust leaf/Corn-Rusts-wKBishop-story-622x467.jpg,Corn rust leaf/00768_a2a78968f4ec72d4.jpg,a2a78968f4ec72d4b16ec82899bde6a3286a75e8a5eeb24c99bb8b18366daad1,511303b3a3637373,JPEG,RGB,622,467,76712,original,AMBIGUOUS
PlantDoc,5467f6012d78d1c446145d5f582da6096f852ae8,training_candidate,Corn rust leaf,AMBIGUOUS,,train/Corn rust leaf/Corn-Southern-Rust-7-17-F1.jpg,Corn rust leaf/00769_06cc7a508103b94a.jpg,06cc7a508103b94a381f99e06a895dcbf380de39e2afe77c3d58341d0488d3f6,01830303854e6673,JPEG,RGB,1200,900,1114595,original,AMBIGUOUS
PlantDoc,5467f6012d78d1c446145d5f582da6096f852ae8,training_candidate,Corn rust leaf,AMBIGUOUS,,train/Corn rust leaf/Corn-southern-rust-C-Schleicher-7-31-F1.jpg,Corn rust leaf/00770_908fd04d2c48653b.jpg,908fd04d2c48653b44ef973d61ced18d5f20a12d2d3b7cc9e8cd360f4f8fe3eb,23b1f07a6d31b8d8,JPEG,RGB,1200,900,281372,original,AMBIGUOUS
PlantDoc,5467f6012d78d1c446145d5f582da6096f852ae8,training_candidate,Corn rust leaf,AMBIGUOUS,,train/Corn rust leaf/Corn-southern-rust-F1%20%281%29.jpg,Corn rust leaf/00771_ba9387abc45e7906.jpg,ba9387abc45e7906047f7b5c0c41634a0062753d9dcaa7c72c84acd234d00d21,8703040705589c3c,JPEG,RGB,450,338,52293,original,AMBIGUOUS
PlantDoc,5467f6012d78d1c446145d5f582da6096f852ae8,training_candidate,Corn rust leaf,AMBIGUOUS,,train/Corn rust leaf/Corn-southern-rust-advanced-F1b-8-7-15.jpg,Corn rust leaf/00772_262eaceaf8719405.jpg,262eaceaf8719405124afdc3bc235a36040b7d1c1556cbf234217b66e3726324,94945703090f82e6,JPEG,RGB,1333,1000,1115723,original,AMBIGUOUS
PlantDoc,5467f6012d78d1c446145d5f582da6096f852ae8,training_candidate,Corn rust leaf,AMBIGUOUS,,train/Corn rust leaf/Corn-southern-rust-early-F1a-8-7-15.jpg,Corn rust leaf/00773_5309a8422ffda596.jpg,5309a8422ffda596a73323deb92a2388854f50da33347166a64bb44ca4b12903,1e1f7c1919071030,JPEG,RGB,1333,1000,1411249,original,AMBIGUOUS
PlantDoc,5467f6012d78d1c446145d5f582da6096f852ae8,training_candidate,Corn rust leaf,AMBIGUOUS,,train/Corn rust leaf/CornRust1.jpg,Corn rust leaf/00774_655371ecd3c752bb.jpg,655371ecd3c752bb6489472c9f4113d10775d4c065f2af1106b07b3edb7a395c,911213111757132a,JPEG,RGB,400,268,30954,original,AMBIGUOUS
PlantDoc,5467f6012d78d1c446145d5f582da6096f852ae8,training_candidate,Corn rust leaf,AMBIGUOUS,,train/Corn rust leaf/CornRustFS1.jpg,Corn rust leaf/00775_4747f0ac44e95197.jpg,4747f0ac44e95197d33595aa667c2aaf753d192f90c22212b58756aad956adaa,94c3c3673181d890,JPEG,RGB,400,272,33529,original,AMBIGUOUS
PlantDoc,5467f6012d78d1c446145d5f582da6096f852ae8,training_candidate,Corn rust leaf,AMBIGUOUS,,train/Corn rust leaf/CornRustFS3.jpg,Corn rust leaf/00776_b234c7d11d83a62d.jpg,b234c7d11d83a62df5f6d6ad3751f982bc61ca7bfea353a84ee104dd3c60933e,4040404840414161,JPEG,RGB,400,263,44273,original,AMBIGUOUS
PlantDoc,5467f6012d78d1c446145d5f582da6096f852ae8,training_candidate,Corn rust leaf,AMBIGUOUS,,train/Corn rust leaf/Faske%20Southern%20rust%20of%20corn.jpg,Corn rust leaf/00777_de379d4358356de2.jpg,de379d4358356de272c96d14e2940fa348871389caa3efec148963059d22c5e4,f3b33c7c7c787832,JPEG,RGB,350,466,31827,original,AMBIGUOUS
PlantDoc,5467f6012d78d1c446145d5f582da6096f852ae8,training_candidate,Corn rust leaf,AMBIGUOUS,,train/Corn rust leaf/Fig3_Common_rust.JPG.jpg,Corn rust leaf/00778_e44bca07fd5a88cb.jpg,e44bca07fd5a88cb20e319b779de670482c9af46db337924d10d2ca6fb493ef2,fde6b3313990c8e0,JPEG,RGB,300,200,71015,original,AMBIGUOUS
PlantDoc,5467f6012d78d1c446145d5f582da6096f852ae8,training_candidate,Corn rust leaf,AMBIGUOUS,,train/Corn rust leaf/Figure%201%20Common%20rust%20on%20a%20corn.jpg,Corn rust leaf/00779_c99aeae44934e054.jpg,c99aeae44934e054aa528a2855f35e3ea817b33755d64317b0a3a3d0176f0dad,c1c1e31d0f1f1970,JPEG,RGB,516,366,35186,original,AMBIGUOUS
PlantDoc,5467f6012d78d1c446145d5f582da6096f852ae8,training_candidate,Corn rust leaf,AMBIGUOUS,,train/Corn rust leaf/Figure%201%20common%20rust%20on%20corn.jpg,Corn rust leaf/00780_96da82806781abb7.jpg,96da82806781abb772ce57fa4df279c4a4b8657c3aa2ece794efc4684b298b91,381f0787e333f1c3,JPEG,RGB,417,275,41869,original,AMBIGUOUS
PlantDoc,5467f6012d78d1c446145d5f582da6096f852ae8,training_candidate,Corn rust leaf,AMBIGUOUS,,train/Corn rust leaf/Figure%201%20early%20southern%20rust.JPG.jpg,Corn rust leaf/00781_574bbd082bf34ff3.jpg,574bbd082bf34ff3902a2e7f76fe989dacdf37b0f94952dd04610f33d3217fc8,7a7ebf9f1f3f63c2,JPEG,RGB,2761,2027,1264042,original,AMBIGUOUS
PlantDoc,5467f6012d78d1c446145d5f582da6096f852ae8,training_candidate,Corn rust leaf,AMBIGUOUS,,train/Corn rust leaf/Figure%201a%20%20early%20symptoms%20S%20rust.jpg,Corn rust leaf/00782_50cfd3469e014aac.jpg,50cfd3469e014aac799f9259f95d9bd3f6e0369d486bffbb0453717c62e2e89f,9ab83c7e399cda51,JPEG,RGB,1200,902,157998,original,AMBIGUOUS
PlantDoc,5467f6012d78d1c446145d5f582da6096f852ae8,training_candidate,Corn rust leaf,AMBIGUOUS,,train/Corn rust leaf/Figure%202a%20older%20S%20rust%20pustules.jpg,Corn rust leaf/00783_1bcc55422934346c.jpg,1bcc55422934346cc293bc3749299fa546a9fdf96d4137100c33c901d6c7b92a,f2eaebfa7b3bb9b8,JPEG,RGB,1200,906,202908,original,AMBIGUOUS
PlantDoc,5467f6012d78d1c446145d5f582da6096f852ae8,training_candidate,Corn rust leaf,AMBIGUOUS,,train/Corn rust leaf/Figure-12.jpg,Corn rust leaf/00784_577afc59342f7d00.jpg,577afc59342f7d001ba28e98ebc2744c84b313f7d2741ef6d7993e8a41a65569,fecc999c3a7ef8f4,JPEG,RGB,1132,849,229472,original,AMBIGUOUS
PlantDoc,5467f6012d78d1c446145d5f582da6096f852ae8,training_candidate,Corn rust leaf,AMBIGUOUS,,train/Corn rust leaf/Figure-4-stripe-rust.jpg,Corn rust leaf/00785_140fe3b69954e735.jpg,140fe3b69954e735b8fa8ba687bdff6b85d66a7a2a2679493b82efef17a40f85,6eeff83efffaf637,JPEG,RGB,1712,1368,483686,original,AMBIGUOUS
PlantDoc,5467f6012d78d1c446145d5f582da6096f852ae8,training_candidate,Corn rust leaf,AMBIGUOUS,,train/Corn rust leaf/GetStoredImage?symbolicName=originalX19261YsiteXDTNYcatalogXcatalog%20&category=CMS.jpg,Corn rust leaf/00786_69be38bd51be49cd.jpg,69be38bd51be49cdcbaee7c322457deb256d0c54aef570625860f89f2c2aa7d3,9386c5c56d9ddaf8,JPEG,RGB,640,480,124800,original,AMBIGUOUS
PlantDoc,5467f6012d78d1c446145d5f582da6096f852ae8,training_candidate,Corn rust leaf,AMBIGUOUS,,train/Corn rust leaf/IMG_1360-1.jpg,Corn rust leaf/00787_c1033c6d337ac90e.jpg,c1033c6d337ac90ebc8563b98f170f18a3c5aac779924f4efbd3d14dce4df812,8bafcdca527139f1,JPEG,RGB,1280,1280,153672,original,AMBIGUOUS
PlantDoc,5467f6012d78d1c446145d5f582da6096f852ae8,training_candidate,Corn rust leaf,AMBIGUOUS,,train/Corn rust leaf/IMG_1376-300x300.jpg,Corn rust leaf/00788_7269a9752e3a27f2.jpg,7269a9752e3a27f2d7b89ffe3e657e82b0df8ead0d116af8eef0574d6d922220,cbcb935696b524ad,JPEG,RGB,300,300,24633,original,AMBIGUOUS
PlantDoc,5467f6012d78d1c446145d5f582da6096f852ae8,training_candidate,Corn rust leaf,AMBIGUOUS,,train/Corn rust leaf/IMG_1762.jpg,Corn rust leaf/00789_2bf742a5b9c877c0.jpg,2bf742a5b9c877c018f324ed6149f484e0cb793da0a6212e212519659c004997,01608000e0381426,JPEG,RGB,3264,2448,1077756,original,AMBIGUOUS
PlantDoc,5467f6012d78d1c446145d5f582da6096f852ae8,training_candidate,Corn rust leaf,AMBIGUOUS,,train/Corn rust leaf/IMG_1841.jpg,Corn rust leaf/00790_d34bd176982a7543.jpg,d34bd176982a7543c47af7f1c2d1f2fa640db74a7eba6ac264665a7dc8e281d7,6dccc70707860e1e,JPEG,RGB,3264,2448,1549625,original,AMBIGUOUS
PlantDoc,5467f6012d78d1c446145d5f582da6096f852ae8,training_candidate,Corn rust leaf,AMBIGUOUS,,train/Corn rust leaf/IMG_20130620_190316.jpg,Corn rust leaf/00791_0f5296c13e9b8297.jpg,0f5296c13e9b8297eb8847968fc1dde2ddc3866b5373cbf250cb0883fb3ee5bb,123266c999933331,JPEG,RGB,1280,960,163113,original,AMBIGUOUS
PlantDoc,5467f6012d78d1c446145d5f582da6096f852ae8,training_candidate,Corn rust leaf,AMBIGUOUS,,train/Corn rust leaf/IMG_5011-15vruqb.jpg,Corn rust leaf/00792_679092f8e7a53935.jpg,679092f8e7a539356a906a8c85fbeeea6612b70033ef3003a57c3413c9664f6f,030f3d1f9f7f6343,JPEG,RGB,800,600,211130,original,AMBIGUOUS
PlantDoc,5467f6012d78d1c446145d5f582da6096f852ae8,training_candidate,Corn rust leaf,AMBIGUOUS,,train/Corn rust leaf/Ontario-Field-Crop-Report_July_27_2017_f2-1024x768.jpg,Corn rust leaf/00793_15df14a0c1400eaa.jpg,15df14a0c1400eaa34c4faf17471c9e2113bef28afd7d31a11f96d0997d37f46,4e1fef7f77694f86,JPEG,RGB,1024,768,172237,original,AMBIGUOUS
PlantDoc,5467f6012d78d1c446145d5f582da6096f852ae8,training_candidate,Corn rust leaf,AMBIGUOUS,,train/Corn rust leaf/Resized_DSC_0191_Rust-Closeup.jpg,Corn rust leaf/00794_ccbb42a29855fd45.jpg,ccbb42a29855fd454cbfe61804c596793d95348ea4d9d4fce0c5351be8f48975,dfa36e5edc9e16b2,MPO,RGB,1054,702,275029,original,AMBIGUOUS
PlantDoc,5467f6012d78d1c446145d5f582da6096f852ae8,training_candidate,Corn rust leaf,AMBIGUOUS,,train/Corn rust leaf/SCR-2015.jpg,Corn rust leaf/00795_2f718e759f961a74.jpg,2f718e759f961a747c2626408b9a2ee6d3dd71f0e070c9b2d8b237a64470a9d0,2c6c6c2c2d2a8ece,JPEG,RGB,576,1024,119473,original,AMBIGUOUS
PlantDoc,5467f6012d78d1c446145d5f582da6096f852ae8,training_candidate,Corn rust leaf,AMBIGUOUS,,train/Corn rust leaf/SCR.jpg,Corn rust leaf/00796_b3b023558a56759e.jpg,b3b023558a56759e98aa052362e76a5faecb82a0797c532f2a4fe3a7e3737418,0b2f6f53800109da,JPEG,RGB,1430,1073,316758,original,AMBIGUOUS
PlantDoc,5467f6012d78d1c446145d5f582da6096f852ae8,training_candidate,Corn rust leaf,AMBIGUOUS,,train/Corn rust leaf/STANDALONE_Southern-corn-rust_01-WEB.jpg,Corn rust leaf/00797_92c6741a2b662d8e.jpg,92c6741a2b662d8e14c429ac3e5c7eb293d94975aadd1fcc78f5e102a383aadf,1b998d0595941592,JPEG,RGB,600,340,181249,original,AMBIGUOUS
PlantDoc,5467f6012d78d1c446145d5f582da6096f852ae8,training_candidate,Corn rust leaf,AMBIGUOUS,,train/Corn rust leaf/So-Corn-Rust.jpg,Corn rust leaf/00798_548b61bf64e3199d.jpg,548b61bf64e3199d8c407e1048dcf6c5185f2bc672b226062aa72340e7af51d1,76f21f17174b0597,JPEG,RGB,462,353,196108,original,AMBIGUOUS
PlantDoc,5467f6012d78d1c446145d5f582da6096f852ae8,training_candidate,Corn rust leaf,AMBIGUOUS,,train/Corn rust leaf/Southern%20corn%20rust.ashx?w=600.jpg,Corn rust leaf/00799_aa5d1f93c19d5083.jpg,aa5d1f93c19d5083f78303cb64f737440ac7cab9d329871c4c899857945e3eba,6969796949597979,JPEG,RGB,600,400,184492,original,AMBIGUOUS
PlantDoc,5467f6012d78d1c446145d5f582da6096f852ae8,training_candidate,Corn rust leaf,AMBIGUOUS,,train/Corn rust leaf/Southern%20rust.jpg,Corn rust leaf/00800_97f2945c086f4470.jpg,97f2945c086f44705be02432d10392cd2f92416e9f871fe6fc1ed8fb462c06b8,3f3f9b11121e9c18,JPEG,RGB,675,1200,190067,original,AMBIGUOUS
PlantDoc,5467f6012d78d1c446145d5f582da6096f852ae8,training_candidate,Corn rust leaf,AMBIGUOUS,,train/Corn rust leaf/Southern-Corn-Rust.ashx?w=770.jpg,Corn rust leaf/00801_09488b1f7a3bd4f1.jpg,09488b1f7a3bd4f17a28238e9db3c54358495c6c764a22b660ba2b086631af69,98cafa929e8e3eae,JPEG,RGB,770,513,116622,original,AMBIGUOUS
PlantDoc,5467f6012d78d1c446145d5f582da6096f852ae8,training_candidate,Corn rust leaf,AMBIGUOUS,,train/Corn rust leaf/Southern-Corn-Rust1.jpg,Corn rust leaf/00802_622ad00aff260b95.jpg,622ad00aff260b950272bbd3abcb82eba567aec762e175e3d1339535e4a56a76,60404848484c6c6c,JPEG,RGB,768,1024,203455,original,AMBIGUOUS
PlantDoc,5467f6012d78d1c446145d5f582da6096f852ae8,training_candidate,Corn rust leaf,AMBIGUOUS,,train/Corn rust leaf/Southern-Rust4-300x200.jpg,Corn rust leaf/00803_e1e1a01ddf5e5a3b.jpg,e1e1a01ddf5e5a3b3f5d13cdfb1fce133adc445c924f1e33ff71d1208d3493c1,190721873fd7cbbb,JPEG,RGB,300,200,16493,original,AMBIGUOUS
PlantDoc,5467f6012d78d1c446145d5f582da6096f852ae8,training_candidate,Corn rust leaf,AMBIGUOUS,,train/Corn rust leaf/Southern-rust-2_Wise.jpg,Corn rust leaf/00804_476b69fbd1ba592a.jpg,476b69fbd1ba592a032a8a00447513c7a4f463a4a7d41427bc09aeb1e874c655,7322d5971716048c,JPEG,RGB,1920,1440,676607,original,AMBIGUOUS
PlantDoc,5467f6012d78d1c446145d5f582da6096f852ae8,training_candidate,Corn rust leaf,AMBIGUOUS,,train/Corn rust leaf/Southern-rust-underside-of-leaf-1.jpg,Corn rust leaf/00805_59c3da6c1bd38e16.jpg,59c3da6c1bd38e1661ce4f3157f836dc62ed8a19fa31a67183c255bbbad10c47,678e3e0d2e87e01c,JPEG,RGB,765,325,35723,original,AMBIGUOUS
PlantDoc,5467f6012d78d1c446145d5f582da6096f852ae8,training_candidate,Corn rust leaf,AMBIGUOUS,,train/Corn rust leaf/Southern-rust-upper-side-of-leaf-with-pustules-1.jpg,Corn rust leaf/00806_7c73a47c92d5a83c.jpg,7c73a47c92d5a83c00259bd759f7fd524aba51adc492354c7d151c945b3e23e7,34188b01333b5959,JPEG,RGB,765,257,31740,original,AMBIGUOUS
PlantDoc,5467f6012d78d1c446145d5f582da6096f852ae8,training_candidate,Corn rust leaf,AMBIGUOUS,,train/Corn rust leaf/SouthernRustLeaf.png.jpg,Corn rust leaf/00807_78c95a0c1ddb962a.png,78c95a0c1ddb962acbc7256ab1d6dad2f92fb0c76617b88b37a576de2f60807c,37338d87139c4c34,PNG,RGBA,666,443,538541,original,AMBIGUOUS
PlantDoc,5467f6012d78d1c446145d5f582da6096f852ae8,training_candidate,Corn rust leaf,AMBIGUOUS,,train/Corn rust leaf/common-rust-in-field-300x200.jpg,Corn rust leaf/00808_26dc49c5191806d4.jpg,26dc49c5191806d424eafd6b75de6156550f2d7ece5abe718ac3a0344a103d1f,3272777665313230,JPEG,RGB,300,200,13805,original,AMBIGUOUS
PlantDoc,5467f6012d78d1c446145d5f582da6096f852ae8,training_candidate,Corn rust leaf,AMBIGUOUS,,train/Corn rust leaf/common-rust-lower-leaf-side.jpg,Corn rust leaf/00809_064359df124f01d5.jpg,064359df124f01d51c773d5f13703deb8da2e819febed2003ee31f73c8032a23,040d0d07333afe90,JPEG,RGB,2592,1728,605245,original,AMBIGUOUS
PlantDoc,5467f6012d78d1c446145d5f582da6096f852ae8,training_candidate,Corn rust leaf,AMBIGUOUS,,train/Corn rust leaf/common-rust-upper-leaf-side.jpg,Corn rust leaf/00810_6ed77c5672788a90.jpg,6ed77c5672788a9066ba1802e20797f6d044c5dcf143003b1ae8afec64fb03c2,002f2f7e4f0e2c2f,JPEG,RGB,2592,1728,449312,original,AMBIGUOUS
PlantDoc,5467f6012d78d1c446145d5f582da6096f852ae8,training_candidate,Corn rust leaf,AMBIGUOUS,,train/Corn rust leaf/common-rust3.jpg,Corn rust leaf/00811_04cfdf7dd6686ca8.jpg,04cfdf7dd6686ca8a6dccd08c968df23ec7b61742d7c80ecd5a53aa7957cdf19,3909310b6b3f6707,JPEG,RGB,2048,1536,302297,original,AMBIGUOUS
PlantDoc,5467f6012d78d1c446145d5f582da6096f852ae8,training_candidate,Corn rust leaf,AMBIGUOUS,,train/Corn rust leaf/commonrust-2016-a-shirley.jpg,Corn rust leaf/00812_25d84f401230627b.jpg,25d84f401230627b17240c91ab7bbd20453105d16265220e3cc16a68afe429eb,38be7e64c7c66262,JPEG,RGB,960,1280,238243,original,AMBIGUOUS
PlantDoc,5467f6012d78d1c446145d5f582da6096f852ae8,training_candidate,Corn rust leaf,AMBIGUOUS,,train/Corn rust leaf/commonrust2-1024x768.jpg,Corn rust leaf/00813_ec17e9324b96e1d6.jpg,ec17e9324b96e1d6cade04880b52476e82eab564e7a21bc523799dc6e1172995,5e777b9bd95b6f2f,JPEG,RGB,1024,768,183475,original,AMBIGUOUS
PlantDoc,5467f6012d78d1c446145d5f582da6096f852ae8,training_candidate,Corn rust leaf,AMBIGUOUS,,train/Corn rust leaf/corn%20rust.jpg,Corn rust leaf/00814_8d322ebc2f434ec0.jpg,8d322ebc2f434ec07add308af8d717e63b0f15a23a5028a7439efcb4ac28cbf5,6ccdc30d3f24491d,JPEG,RGB,748,540,49720,original,AMBIGUOUS
PlantDoc,5467f6012d78d1c446145d5f582da6096f852ae8,training_candidate,Corn rust leaf,AMBIGUOUS,,train/Corn rust leaf/corn-common-rust-f5-R.jpg,Corn rust leaf/00815_53eff8a1fa33c6e7.jpg,53eff8a1fa33c6e71bc4ece73c2b53952e994bd4013ff2ce925ecef29eb47a7c,f8fffff7b7fee7e7,JPEG,RGB,672,832,752571,original,AMBIGUOUS
PlantDoc,5467f6012d78d1c446145d5f582da6096f852ae8,training_candidate,Corn rust leaf,AMBIGUOUS,,train/Corn rust leaf/corn-diseases-fig-1-so-rust.jpg,Corn rust leaf/00816_ab441d48f6e0812d.jpg,ab441d48f6e0812d019853a38b3216c9eb4c10f61172c4716c87d465c7710bff,9bf61e060b3ce7e7,JPEG,RGB,1500,1125,1342670,original,AMBIGUOUS
PlantDoc,5467f6012d78d1c446145d5f582da6096f852ae8,training_candidate,Corn rust leaf,AMBIGUOUS,,train/Corn rust leaf/corn-diseases-fig-2-tar-spot.jpg,Corn rust leaf/00817_deb8cc040e3bfa7d.jpg,deb8cc040e3bfa7d65af51e4c8befb1a79e5bc80188139b9638ba4657575e56e,21604614e0028302,JPEG,RGB,960,720,246965,original,AMBIGUOUS
PlantDoc,5467f6012d78d1c446145d5f582da6096f852ae8,training_candidate,Corn rust leaf,AMBIGUOUS,,train/Corn rust leaf/corn-leaf-rust.jpg,Corn rust leaf/00818_c54df284dca7a12d.jpg,c54df284dca7a12de1d4c0b7e41818589e1d95232d017708acb9c32e27ee8969,e072b3a06041c686,JPEG,RGB,640,640,140972,original,AMBIGUOUS
PlantDoc,5467f6012d78d1c446145d5f582da6096f852ae8,training_candidate,Corn rust leaf,AMBIGUOUS,,train/Corn rust leaf/corn-rust-2.jpg,Corn rust leaf/00819_07efdd8f59d1cce6.jpg,07efdd8f59d1cce626238d4c4a456d780b4ab405ef46afb8d29a93edc35c897f,8f9f3f5ebe7d0b87,JPEG,RGB,750,350,56462,original,AMBIGUOUS
PlantDoc,5467f6012d78d1c446145d5f582da6096f852ae8,training_candidate,Corn rust leaf,AMBIGUOUS,,train/Corn rust leaf/corn-rust-3.jpg,Corn rust leaf/00820_ccbbe5f94578b6c1.jpg,ccbbe5f94578b6c1c31e290c0f904f6a0e93520625b2c52a246b642d39d49639,1f0f0d8f83038981,JPEG,RGB,750,350,56047,original,AMBIGUOUS
PlantDoc,5467f6012d78d1c446145d5f582da6096f852ae8,training_candidate,Corn rust leaf,AMBIGUOUS,,train/Corn rust leaf/corn-rust-4.jpg,Corn rust leaf/00821_2e58f04b91cdbaa5.jpg,2e58f04b91cdbaa570d8473de989fb0742069643d88878f0a77efaafed5da353,0ed371f1e04e7478,JPEG,RGB,750,350,56457,original,AMBIGUOUS
PlantDoc,5467f6012d78d1c446145d5f582da6096f852ae8,training_candidate,Corn rust leaf,AMBIGUOUS,,train/Corn rust leaf/corn-rust-5.jpg,Corn rust leaf/00822_518d94c34572b0b1.jpg,518d94c34572b0b11600f6c7aab2ebe41c4e6ca3fef7984c434ef5a49025c675,c7ae1a3b139baa6a,JPEG,RGB,750,350,63318,original,AMBIGUOUS
PlantDoc,5467f6012d78d1c446145d5f582da6096f852ae8,training_candidate,Corn rust leaf,AMBIGUOUS,,train/Corn rust leaf/corn-rust-6_19_17-image.jpg,Corn rust leaf/00823_748f7d5eac1d12e8.jpg,748f7d5eac1d12e87d4d8e954c9c68a923f9b6b4597748cd5efb39a0c1206023,3929e5131be39b3e,JPEG,RGB,1440,2560,1067624,original,AMBIGUOUS
PlantDoc,5467f6012d78d1c446145d5f582da6096f852ae8,training_candidate,Corn rust leaf,AMBIGUOUS,,train/Corn rust leaf/corn-rust-disease-pests-leaf-260nw-1038062233.jpg,Corn rust leaf/00824_a355808195906cc4.jpg,a355808195906cc41585369504daf96c0287f4f33f3ae4d2adf0144216b07902,637d7f3f77393d4c,JPEG,RGB,390,280,34084,original,AMBIGUOUS
PlantDoc,5467f6012d78d1c446145d5f582da6096f852ae8,training_candidate,Corn rust leaf,AMBIGUOUS,,train/Corn rust leaf/corn-rust.jpg,Corn rust leaf/00825_1a80adce5fb14748.jpg,1a80adce5fb14748e1d31c5361f50491dede887c8cc84bc7ee7219d2aa14d168,c849454c089b5959,JPEG,RGB,750,350,61309,original,AMBIGUOUS
PlantDoc,5467f6012d78d1c446145d5f582da6096f852ae8,training_candidate,Corn rust leaf,AMBIGUOUS,,train/Corn rust leaf/corn-southern-rust-2.jpg,Corn rust leaf/00826_7d41e7396b7db514.jpg,7d41e7396b7db514ac238cf4cde4429433f0682568480f35290018b506667765,0c8ec6020b115848,JPEG,RGB,1000,750,715371,original,AMBIGUOUS
PlantDoc,5467f6012d78d1c446145d5f582da6096f852ae8,training_candidate,Corn rust leaf,AMBIGUOUS,,train/Corn rust leaf/corn-southern-rust-pustules.JPG?itok=VXIzyv8m.jpg,Corn rust leaf/00827_283fcf1518e8d4cf.jpg,283fcf1518e8d4cfde87fccb7e7dacb0c25e4b93938d83fc7ce941fe54ba69ca,1010e02303024841,JPEG,RGB,480,360,28312,original,AMBIGUOUS
PlantDoc,5467f6012d78d1c446145d5f582da6096f852ae8,training_candidate,Corn rust leaf,AMBIGUOUS,,train/Corn rust leaf/corn-southern-rust-spores.jpg,Corn rust leaf/00828_69e9e25c40784ce4.jpg,69e9e25c40784ce44e949d08962fca3500f95cc8322891e5416b2bdb8b96d630,1b4ece27072b0306,JPEG,RGB,675,1200,117442,original,AMBIGUOUS
PlantDoc,5467f6012d78d1c446145d5f582da6096f852ae8,training_candidate,Corn rust leaf,AMBIGUOUS,,train/Corn rust leaf/corn_rust.jpg,Corn rust leaf/00829_937b1af17ffeb0d9.jpg,937b1af17ffeb0d9ee5824c7c7bbd0ef509c26c2a5cc1a22cbc976461c512abc,1c1e3f3f7fcf8321,JPEG,RGB,375,255,95313,original,AMBIGUOUS
PlantDoc,5467f6012d78d1c446145d5f582da6096f852ae8,training_candidate,Corn rust leaf,AMBIGUOUS,,train/Corn rust leaf/corn_rust1_l.jpg,Corn rust leaf/00830_76521fc8dff0786b.jpg,76521fc8dff0786be64d4ab6b9785c700a5fdca2ebeeecd4c18b92d33490a01f,e7a64ec6860e262e,JPEG,RGB,774,528,31995,original,AMBIGUOUS
PlantDoc,5467f6012d78d1c446145d5f582da6096f852ae8,training_candidate,Corn rust leaf,AMBIGUOUS,,train/Corn rust leaf/disease.JPG.jpg,Corn rust leaf/00831_e6682e5657bfc734.jpg,e6682e5657bfc734c81e3136743738193e91ecc83fe4fc2a1a2ada36a2048766,0f0f0f0f0e0f0f8f,JPEG,RGB,1080,660,240804,original,AMBIGUOUS
PlantDoc,5467f6012d78d1c446145d5f582da6096f852ae8,training_candidate,Corn rust leaf,AMBIGUOUS,,train/Corn rust leaf/disease1.jpg,Corn rust leaf/00832_d1d7951e111bb1b3.jpg,d1d7951e111bb1b351700ee58c6c289b3f43f11dcc1d086ae8761ce929e38b5a,d9d9585838181819,JPEG,RGB,500,375,181969,original,AMBIGUOUS
PlantDoc,5467f6012d78d1c446145d5f582da6096f852ae8,training_candidate,Corn rust leaf,AMBIGUOUS,,train/Corn rust leaf/disease2.jpg,Corn rust leaf/00833_0bf0ff94125cbbb5.jpg,0bf0ff94125cbbb584f2892f02cc3950ab1e69f3ede6f8aeec34405b8130fdad,07232b2f1f1f131b,JPEG,RGB,862,882,205687,original,AMBIGUOUS
PlantDoc,5467f6012d78d1c446145d5f582da6096f852ae8,training_candidate,Corn rust leaf,AMBIGUOUS,,train/Corn rust leaf/g14-1680-1.jpg,Corn rust leaf/00834_500699a905ce91e9.jpg,500699a905ce91e9ff72e1e8824fc1fc1f2da4930cbbf40cdc8d970af5559783,8802c7eec1a00084,JPEG,RGB,320,388,179831,original,AMBIGUOUS
PlantDoc,5467f6012d78d1c446145d5f582da6096f852ae8,training_candidate,Corn rust leaf,AMBIGUOUS,,train/Corn rust leaf/g14-1680-6.jpg,Corn rust leaf/00835_16de55d16b3b2fb7.jpg,16de55d16b3b2fb7f752ed7d40f83f7a72661c06230a09639ed4ab5f279c8abe,490d8d87cf0f090c,JPEG,RGB,320,240,126531,original,AMBIGUOUS
PlantDoc,5467f6012d78d1c446145d5f582da6096f852ae8,training_candidate,Corn rust leaf,AMBIGUOUS,,train/Corn rust leaf/ga-2015-06-01-crust-02.jpg,Corn rust leaf/00836_bdb4e7089edeaffa.jpg,bdb4e7089edeaffaedc2d230aa4a375593f0d00308a9c6fd53537d3d700765a1,c743235319191426,JPEG,RGB,580,662,322244,original,AMBIGUOUS
PlantDoc,5467f6012d78d1c446145d5f582da6096f852ae8,training_candidate,Corn rust leaf,AMBIGUOUS,,train/Corn rust leaf/imag4090.jpg,Corn rust leaf/00837_e353fc7796a796b4.jpg,e353fc7796a796b4abb8ed63d71b64a8687754fc9c6f4e4b419ca3001cee9407,0f07070f07054f4d,JPEG,RGB,2048,1152,824025,original,AMBIGUOUS
PlantDoc,5467f6012d78d1c446145d5f582da6096f852ae8,training_candidate,Corn rust leaf,AMBIGUOUS,,train/Corn rust leaf/image1.jpg,Corn rust leaf/00838_34bde8aa6159888f.jpg,34bde8aa6159888f11357a79aed72e8c0857001a85d18dfd524b617399bc4ddb,9c1826271e0e041a,JPEG,RGB,4032,3024,3142253,original,AMBIGUOUS
PlantDoc,5467f6012d78d1c446145d5f582da6096f852ae8,training_candidate,Corn rust leaf,AMBIGUOUS,,train/Corn rust leaf/imgF.jpg,Corn rust leaf/00839_584e5e61f790f27f.jpg,584e5e61f790f27fadb995ad6ee4f29cb26d21f6e971d7f626b6d2a15be2f952,1f9fbe3ef6fc7862,JPEG,RGB,450,338,38761,original,AMBIGUOUS
PlantDoc,5467f6012d78d1c446145d5f582da6096f852ae8,training_candidate,Corn rust leaf,AMBIGUOUS,,train/Corn rust leaf/markjones-corn-001.jpg,Corn rust leaf/00840_7bd077daf8c4477e.jpg,7bd077daf8c4477e8a818039029b07e66f69ad4d95253059ce7632e0516b0b07,1f1d983c36366756,JPEG,RGB,500,375,254238,original,AMBIGUOUS
PlantDoc,5467f6012d78d1c446145d5f582da6096f852ae8,training_candidate,Corn rust leaf,AMBIGUOUS,,train/Corn rust leaf/plant-rust-southern-rust-on-corn-leaf-plant-diseases-rust-of-wheat.jpg,Corn rust leaf/00841_8213ef2677772a76.jpg,8213ef2677772a76806b9407b632db3104945c55c55b5fe99cdd28ca511d7486,2b0bcb8f8d49494d,JPEG,RGB,700,482,78627,original,AMBIGUOUS
PlantDoc,5467f6012d78d1c446145d5f582da6096f852ae8,training_candidate,Corn rust leaf,AMBIGUOUS,,train/Corn rust leaf/ppth-friskop-1-corn-rust.png.jpg,Corn rust leaf/00842_d3b923d3e5147c94.png,d3b923d3e5147c94fc68ad3ee2f8b412cdb317d9c32cbc89dee43cf07a096144,8baac2e787c54a42,PNG,RGBA,578,224,261700,original,AMBIGUOUS
PlantDoc,5467f6012d78d1c446145d5f582da6096f852ae8,training_candidate,Corn rust leaf,AMBIGUOUS,,train/Corn rust leaf/pu_polysora.jpg,Corn rust leaf/00843_1ea38554bcfc35b4.jpg,1ea38554bcfc35b46ef1ec647be7793c9457e1c81fe87512a929cc524e3a6da3,4b0f079f070f1f3f,JPEG,RGB,754,482,63794,original,AMBIGUOUS
PlantDoc,5467f6012d78d1c446145d5f582da6096f852ae8,training_candidate,Corn rust leaf,AMBIGUOUS,,train/Corn rust leaf/rust-3.jpg,Corn rust leaf/00844_5141c6858549a34b.jpg,5141c6858549a34b681a1d9066a4b2635bc1aa6910b5c45cc844644766f6bb3d,cd2206dfcecc4f6f,JPEG,RGB,1836,3264,823030,original,AMBIGUOUS
PlantDoc,5467f6012d78d1c446145d5f582da6096f852ae8,training_candidate,Corn rust leaf,AMBIGUOUS,,train/Corn rust leaf/rust.jpg,Corn rust leaf/00845_b197cb1ed7a14ffc.jpg,b197cb1ed7a14ffc3bc44ef3282b565846b4e14fcdc875440d66e42f77834e07,171303232b030b0b,JPEG,RGB,1338,357,148059,original,AMBIGUOUS
PlantDoc,5467f6012d78d1c446145d5f582da6096f852ae8,training_candidate,Corn rust leaf,AMBIGUOUS,,train/Corn rust leaf/rust1_600px-2emtnhc.jpg,Corn rust leaf/00846_85161728c306773f.jpg,85161728c306773fae03ca4d1dd3bf950dd6e2157031d8c3b8cf7fc461d44f70,46650b1f3f59b070,JPEG,RGB,600,450,31681,original,AMBIGUOUS
PlantDoc,5467f6012d78d1c446145d5f582da6096f852ae8,training_candidate,Corn rust leaf,AMBIGUOUS,,train/Corn rust leaf/sevc.jpg,Corn rust leaf/00847_0689254a9070ca0e.jpg,0689254a9070ca0e21372ac7e1da30d1f963195cf7745919dcff2facb718aa2d,3b0f670301032107,JPEG,RGB,392,236,28846,original,AMBIGUOUS
PlantDoc,5467f6012d78d1c446145d5f582da6096f852ae8,training_candidate,Corn rust leaf,AMBIGUOUS,,train/Corn rust leaf/southern-rust-2.jpg,Corn rust leaf/00848_6459c281458563c6.jpg,6459c281458563c6a4fc395557bd313bb1597327b9acc552e1723aefa2395c8b,3031611110181c94,JPEG,RGB,1024,768,209367,original,AMBIGUOUS
PlantDoc,5467f6012d78d1c446145d5f582da6096f852ae8,training_candidate,Corn rust leaf,AMBIGUOUS,,train/Corn rust leaf/southern-rust-als.jpg,Corn rust leaf/00849_5644d4339de9e24b.jpg,5644d4339de9e24b073d53ebdd93ac1382d7329638e59a3a0358f567a3ad21c5,988343a78f9fffaf,JPEG,RGB,3264,2448,2125803,original,AMBIGUOUS
PlantDoc,5467f6012d78d1c446145d5f582da6096f852ae8,training_candidate,Corn rust leaf,AMBIGUOUS,,train/Corn rust leaf/southern-rust-close.jpg,Corn rust leaf/00850_6369884b4de3a503.jpg,6369884b4de3a50304e0a32809b39bec7144f47505df87bfee498a313b1fb911,fedfcde7b797e7df,JPEG,RGB,2848,4272,6483951,original,AMBIGUOUS
PlantDoc,5467f6012d78d1c446145d5f582da6096f852ae8,training_candidate,Corn rust leaf,AMBIGUOUS,,train/Corn rust leaf/southern-rust-lower-side.jpg,Corn rust leaf/00851_6b1f1d1cf4bf233b.jpg,6b1f1d1cf4bf233b49a91bd560208786856cc9caaec174425554441294f224b7,a6291b9c12cfe3c0,JPEG,RGB,1836,3264,917400,original,AMBIGUOUS
PlantDoc,5467f6012d78d1c446145d5f582da6096f852ae8,training_candidate,Corn rust leaf,AMBIGUOUS,,train/Corn rust leaf/southern-rust-upper-side-576x1024.jpg,Corn rust leaf/00852_f0b6dc614ef754bf.jpg,f0b6dc614ef754bf4396bb2bbce8984c7ee5243d238a248764b5a4e14b196376,b61b9f1e95cddfdc,JPEG,RGB,576,1024,133106,original,AMBIGUOUS
PlantDoc,5467f6012d78d1c446145d5f582da6096f852ae8,training_candidate,Corn rust leaf,AMBIGUOUS,,train/Corn rust leaf/southernrust-seminole-june1.jpg,Corn rust leaf/00853_20e5582ad6e45e91.jpg,20e5582ad6e45e9174354c97405eec1e11458fda9c962f85f815d64185d17129,4262c964361b0c04,JPEG,RGB,2448,3264,2043110,original,AMBIGUOUS
PlantDoc,5467f6012d78d1c446145d5f582da6096f852ae8,training_candidate,Corn rust leaf,AMBIGUOUS,,train/Corn rust leaf/southernrust.jpg,Corn rust leaf/00854_aea6c0ca1aa12286.jpg,aea6c0ca1aa122863dbcbb482c853bf5dd361125945b1e59b154c175736f48ee,898cfe7749078f84,JPEG,RGB,2273,1901,1459136,original,AMBIGUOUS
PlantDoc,5467f6012d78d1c446145d5f582da6096f852ae8,training_candidate,Corn rust leaf,AMBIGUOUS,,train/Corn rust leaf/southernrust1.png.jpg,Corn rust leaf/00855_b6be07a0e79d7cac.png,b6be07a0e79d7cac01e7c8972cf6b3f5699b9a594050182ad4995b39f13eddf5,8e9d1b3c5c5d794a,PNG,RGBA,471,628,608961,original,AMBIGUOUS
PlantDoc,5467f6012d78d1c446145d5f582da6096f852ae8,training_candidate,Corn rust leaf,AMBIGUOUS,,train/Corn rust leaf/stock-photo-rust-disease-in-corn-field-119923045.jpg,Corn rust leaf/00856_89b738fbfa312754.jpg,89b738fbfa3127544b08c0dfa02918835b28e49ed11f635abfec4c0d27665a40,36cd7c96f5103168,JPEG,RGB,1500,1101,707038,original,AMBIGUOUS
PlantDoc,5467f6012d78d1c446145d5f582da6096f852ae8,training_candidate,Corn rust leaf,AMBIGUOUS,,train/Corn rust leaf/swcdg3.jpg,Corn rust leaf/00857_cbf8e5d8962d27b0.jpg,cbf8e5d8962d27b04cc69d2d6516127b8ccdcdb5caa01fb63dfabda375711679,829f2863079dcfaf,JPEG,RGB,612,501,168075,original,AMBIGUOUS
PlantDoc,5467f6012d78d1c446145d5f582da6096f852ae8,training_candidate,Corn rust leaf,AMBIGUOUS,,train/Corn rust leaf/swcdg4.jpg,Corn rust leaf/00858_f66a37380c290aa4.jpg,f66a37380c290aa4bda11252e4d65b8fdde270a185226e121c9f3d3b1beda284,ccc98b8beac6574d,JPEG,RGB,694,583,186150,original,AMBIGUOUS
PlantDoc,5467f6012d78d1c446145d5f582da6096f852ae8,training_candidate,Corn rust leaf,AMBIGUOUS,,train/Corn rust leaf/sweetcorn_Rust-2_zoom.jpg,Corn rust leaf/00859_133bb0648d387f86.jpg,133bb0648d387f86d4d3adfb3255ba7ce8c1aff813725abfd3fd7d3690ea8ab7,b693c32603a0badd,JPEG,RGB,900,595,119895,original,AMBIGUOUS
PlantDoc,5467f6012d78d1c446145d5f582da6096f852ae8,training_candidate,Corn rust leaf,AMBIGUOUS,,train/Corn rust leaf/sweetcorn_Rust-3_zoom.jpg,Corn rust leaf/00860_5b55e18ac3be2e4f.jpg,5b55e18ac3be2e4ff9975df6b433dbbf3d1cad740045ea75e1143bbef8fd349c,c242626b29199949,JPEG,RGB,900,675,108371,original,AMBIGUOUS
PlantDoc,5467f6012d78d1c446145d5f582da6096f852ae8,training_candidate,Corn rust leaf,AMBIGUOUS,,train/Corn rust leaf/uuid%3Db547b743-d1a1-4788-86dc-8e90ad17e170%26groupId%3D1841%26t%3D1375243802648.jpg,Corn rust leaf/00861_6f5a324559a80c14.jpg,6f5a324559a80c14210110ab8fe7d84909887a27916a351591d176ff0ef70080,e7bc39228f8761e1,JPEG,RGB,350,263,24603,original,AMBIGUOUS
PlantDoc,5467f6012d78d1c446145d5f582da6096f852ae8,training_candidate,Corn rust leaf,AMBIGUOUS,,train/Corn rust leaf/web1_cusoutherncornrust.jpg,Corn rust leaf/00862_c0cc58aeb9af270e.jpg,c0cc58aeb9af270e4d51f39282c0f15d17d5dda67114ceee200e47ceab9b8c95,2705138f37671f7b,JPEG,RGB,640,428,273201,original,AMBIGUOUS
PlantDoc,5467f6012d78d1c446145d5f582da6096f852ae8,training_candidate,Peach leaf,AMBIGUOUS,,train/Peach leaf/0052.jpg,Peach leaf/00863_0620de5de8bc1c36.jpg,0620de5de8bc1c36a2877c595590031460f71891c7348a306f2a771f5c82d720,c2647cdbda74fa7c,JPEG,RGB,2304,3072,1289368,original,AMBIGUOUS
PlantDoc,5467f6012d78d1c446145d5f582da6096f852ae8,training_candidate,Peach leaf,AMBIGUOUS,,train/Peach leaf/020.JPG.jpg,Peach leaf/00864_505b7633a3b18edb.jpg,505b7633a3b18edbb3c7f8d1dd15ee1056076ab776387b24a388b74661a12dc6,cdf9cd8dadaf3d79,JPEG,RGB,1600,1200,210659,original,AMBIGUOUS
PlantDoc,5467f6012d78d1c446145d5f582da6096f852ae8,training_candidate,Peach leaf,AMBIGUOUS,,train/Peach leaf/0pe.jpg,Peach leaf/00865_262df3cc0d907bca.jpg,262df3cc0d907bcac76911ca56f0910ebf43a4173f549e801a9cbd9cbc38ab71,512d6ceba26a1697,JPEG,RGB,5472,3648,2864825,original,AMBIGUOUS
PlantDoc,5467f6012d78d1c446145d5f582da6096f852ae8,training_candidate,Peach leaf,AMBIGUOUS,,train/Peach leaf/0peach.jpg,Peach leaf/00866_1891e69404a192fc.jpg,1891e69404a192fc66ba37012e57c6387c11996a22afbb57364e57793d42c972,da4a26e60608d869,JPEG,RGB,1600,991,239111,original,AMBIGUOUS
PlantDoc,5467f6012d78d1c446145d5f582da6096f852ae8,training_candidate,Peach leaf,AMBIGUOUS,,train/Peach leaf/1200px-Illustration_Prunus_persica0.jpg,Peach leaf/00867_33045f5e3621a56c.jpg,33045f5e3621a56c1ced80643edeb89d4959f98811ce9b0e18e6df9937f360a1,62606436a6462629,JPEG,RGB,1200,1941,704987,original,AMBIGUOUS
PlantDoc,5467f6012d78d1c446145d5f582da6096f852ae8,training_candidate,Peach leaf,AMBIGUOUS,,train/Peach leaf/1343.jpg,Peach leaf/00868_49e378098b5cbff6.jpg,49e378098b5cbff68c8f688e00c2e8e4c2bf818b0002cfb66b1722276c95f80d,2c9292929696b616,JPEG,RGB,1024,1510,136289,original,AMBIGUOUS
PlantDoc,5467f6012d78d1c446145d5f582da6096f852ae8,training_candidate,Peach leaf,AMBIGUOUS,,train/Peach leaf/1737796_orig.jpg,Peach leaf/00869_4b0a58284dbcc4c8.jpg,4b0a58284dbcc4c87f9e22a8db2b9d2356441b7365bae0ee20b820a9bab068cc,79d0dccec3df8f0d,JPEG,RGB,800,800,143193,original,AMBIGUOUS
PlantDoc,5467f6012d78d1c446145d5f582da6096f852ae8,training_candidate,Peach leaf,AMBIGUOUS,,train/Peach leaf/17558-peach-and-leaves.jpg,Peach leaf/00870_8a9c167d60d58660.jpg,8a9c167d60d5866089826c2a54a5963d2bc4e9192c9296ca667ec909ac016038,05ccccccd8707030,JPEG,RGB,1024,786,100542,original,AMBIGUOUS
PlantDoc,5467f6012d78d1c446145d5f582da6096f852ae8,training_candidate,Peach leaf,AMBIGUOUS,,train/Peach leaf/1921.jpg,Peach leaf/00871_1ffbd3e7084142e0.jpg,1ffbd3e7084142e02f19dd3945179ce9f1c09889e7fe5e3368269d05b9c86e7e,d4d23e2721828c99,JPEG,RGB,800,800,433614,original,AMBIGUOUS
PlantDoc,5467f6012d78d1c446145d5f582da6096f852ae8,training_candidate,Peach leaf,AMBIGUOUS,,train/Peach leaf/22+August+2013+008-1.jpg,Peach leaf/00872_6c5fdbad1408be5d.jpg,6c5fdbad1408be5dc4ac25eff2808a63a06717055bb8c885967f1d2673b96d89,f03331f372f26866,JPEG,RGB,1200,1600,748480,original,AMBIGUOUS
PlantDoc,5467f6012d78d1c446145d5f582da6096f852ae8,training_candidate,Peach leaf,AMBIGUOUS,,train/Peach leaf/22+August+2013+010-1.jpg,Peach leaf/00873_7c44746eb7cb0ce5.jpg,7c44746eb7cb0ce5be72087f2c21dfc9995171d6cf23b349a0708f1e8dcad84b,f2ee68b4cdcd85a4,JPEG,RGB,1200,1600,713354,original,AMBIGUOUS
PlantDoc,5467f6012d78d1c446145d5f582da6096f852ae8,training_candidate,Peach leaf,AMBIGUOUS,,train/Peach leaf/24570793-peach-leaf.jpg,Peach leaf/00874_bb2441c105586b6c.jpg,bb2441c105586b6c678ac51dd7940ec25c2c1c883b726c035f8c7ff85a2474cc,d4d4d4ccccccd4d4,JPEG,RGB,660,440,58693,original,AMBIGUOUS
PlantDoc,5467f6012d78d1c446145d5f582da6096f852ae8,training_candidate,Peach leaf,AMBIGUOUS,,train/Peach leaf/300117.jpg,Peach leaf/00875_37a13b6f18dce996.jpg,37a13b6f18dce9965cafaf2abd7dadba0e59af1eca33e7b8dc53befaf6bd04c3,cc4b6f67cb9388c9,JPEG,RGB,500,500,339584,original,AMBIGUOUS
PlantDoc,5467f6012d78d1c446145d5f582da6096f852ae8,training_candidate,Peach leaf,AMBIGUOUS,,train/Peach leaf/300117_1.jpg,Peach leaf/00876_68a71cf07c508e12.jpg,68a71cf07c508e1275044724d648800e17a83f8b411f6cf7ab444f9315f0979a,991b0deff999c9a3,JPEG,RGB,500,500,275548,original,AMBIGUOUS
PlantDoc,5467f6012d78d1c446145d5f582da6096f852ae8,training_candidate,Peach leaf,AMBIGUOUS,,train/Peach leaf/366.jpg,Peach leaf/00877_225d3ed7a2b13d8f.jpg,225d3ed7a2b13d8f32fb1af3ef4a222a25258bfd2514b31a4d48922a6c83ba96,7d85c75adb92261c,JPEG,RGB,2304,3072,1175893,original,AMBIGUOUS
PlantDoc,5467f6012d78d1c446145d5f582da6096f852ae8,training_candidate,Peach leaf,AMBIGUOUS,,train/Peach leaf/3939-960x960.jpg,Peach leaf/00878_f4eb8e58be7320ec.jpg,f4eb8e58be7320ecdd89b652c8ba0c298ae115c68aee68b3c60a3d0b7f0c404d,32e2a309179e9e91,JPEG,RGB,800,800,89376,original,AMBIGUOUS
PlantDoc,5467f6012d78d1c446145d5f582da6096f852ae8,training_candidate,Peach leaf,AMBIGUOUS,,train/Peach leaf/3940-960x960.jpg,Peach leaf/00879_01f9da89110b83b5.jpg,01f9da89110b83b5bc385f2ccc4f98bca6d6fdef88db1eb69d027ecddcd3e675,2343a3090f2e3422,JPEG,RGB,800,799,87309,original,AMBIGUOUS
PlantDoc,5467f6012d78d1c446145d5f582da6096f852ae8,training_candidate,Peach leaf,AMBIGUOUS,,train/Peach leaf/6uo5q.jpg,Peach leaf/00880_c51b718321138d39.jpg,c51b718321138d3998014385dda7cbbe2fc6a64eba0ad5a5479ffb1862c30e30,0d2f2b913643892d,JPEG,RGB,2448,3264,704515,original,AMBIGUOUS
PlantDoc,5467f6012d78d1c446145d5f582da6096f852ae8,training_candidate,Peach leaf,AMBIGUOUS,,train/Peach leaf/78517936.jpg,Peach leaf/00881_67676f3bca6ff924.jpg,67676f3bca6ff9248619da84b6954aa519d4c4988c2d36d9de7b8e53d0eb574a,475a525651c94c06,JPEG,RGB,1200,630,111192,original,AMBIGUOUS
PlantDoc,5467f6012d78d1c446145d5f582da6096f852ae8,training_candidate,Peach leaf,AMBIGUOUS,,train/Peach leaf/79a24e562c768cd993776c518b238eed--storyboard-toe.jpg,Peach leaf/00882_e336e7ba304dcbee.jpg,e336e7ba304dcbee0bfe2a7a5d47affaf20e7ea7b7d340d312b2f4f38f09cc06,998494b1d8c496f6,JPEG,RGB,375,500,84481,original,AMBIGUOUS
PlantDoc,5467f6012d78d1c446145d5f582da6096f852ae8,training_candidate,Peach leaf,AMBIGUOUS,,train/Peach leaf/DSC02329.jpg,Peach leaf/00883_8e4ccb65c4760f8a.jpg,8e4ccb65c4760f8a2fa8bbc99b41b2581671779a8e21ad1c8cd5042ca6b95b38,2b2da99b8cac94b4,JPEG,RGB,1162,778,359304,original,AMBIGUOUS
PlantDoc,5467f6012d78d1c446145d5f582da6096f852ae8,training_candidate,Peach leaf,AMBIGUOUS,,train/Peach leaf/DSCN1913.JPG.jpg,Peach leaf/00884_029af9e8cbab34e0.jpg,029af9e8cbab34e01064cf8fdce7ee9012ba2bcf0c82158ee6565c1da84d25c3,2e2caca50525494a,JPEG,RGB,1600,1200,172809,original,AMBIGUOUS
PlantDoc,5467f6012d78d1c446145d5f582da6096f852ae8,training_candidate,Peach leaf,AMBIGUOUS,,train/Peach leaf/Dwarf-Red-Leaf-Peach-leaves-closeup.jpg,Peach leaf/00885_569ee1e69ae441c8.jpg,569ee1e69ae441c85949cae8f6dd76e48fc5b57171c78e430b9dcfa31b94f199,6c9596b2b1861091,JPEG,RGB,480,640,281727,original,AMBIGUOUS
PlantDoc,5467f6012d78d1c446145d5f582da6096f852ae8,training_candidate,Peach leaf,AMBIGUOUS,,train/Peach leaf/H2c1o.jpg,Peach leaf/00886_5abc15ac891bb76e.jpg,5abc15ac891bb76e254093978ff40fccb7e3d6253426b722093b9be8a7687f81,89488c8f8e0dcbd6,JPEG,RGB,2448,3264,494442,original,AMBIGUOUS
PlantDoc,5467f6012d78d1c446145d5f582da6096f852ae8,training_candidate,Peach leaf,AMBIGUOUS,,train/Peach leaf/P1010703.JPG.jpg,Peach leaf/00887_3b17090e984e8388.jpg,3b17090e984e8388d06689d4061774954e07783cb8f6366a1604fda5713ce7fe,81a18058f9e8fcd8,JPEG,RGB,1024,768,444182,original,AMBIGUOUS
PlantDoc,5467f6012d78d1c446145d5f582da6096f852ae8,training_candidate,Peach leaf,AMBIGUOUS,,train/Peach leaf/P1015750.JPG.jpg,Peach leaf/00888_141f1f2d313dd396.jpg,141f1f2d313dd39651155081b18eb48aa57648a89b671df0f031c3a213f0b530,21a1af4bdbdb9d93,JPEG,RGB,1197,1600,450141,original,AMBIGUOUS
PlantDoc,5467f6012d78d1c446145d5f582da6096f852ae8,training_candidate,Peach leaf,AMBIGUOUS,,train/Peach leaf/P1015775.JPG.jpg,Peach leaf/00889_109bb20502b9c011.jpg,109bb20502b9c01179feab29326f91649cc74332095cc3929845f5a9c02a9cee,b2bab9dcf0743287,JPEG,RGB,1600,1197,404271,original,AMBIGUOUS
PlantDoc,5467f6012d78d1c446145d5f582da6096f852ae8,training_candidate,Peach leaf,AMBIGUOUS,,train/Peach leaf/Peach-Leaf.jpg,Peach leaf/00890_3e557ad642694145.jpg,3e557ad64269414513144ef37942807877d3b2788b34048f3a2dfa31d31ef32e,399b0b2ba9bd3392,JPEG,RGB,420,420,156315,original,AMBIGUOUS
PlantDoc,5467f6012d78d1c446145d5f582da6096f852ae8,training_candidate,Peach leaf,AMBIGUOUS,,train/Peach leaf/Peach-Pixzee-tree.jpg,Peach leaf/00891_806cd6b18d659809.jpg,806cd6b18d6598093c25a87956c8de6ccfa4cfa657f0abc760a1699362f40e83,989cccc6e3d958cb,JPEG,RGB,1704,2272,1508670,original,AMBIGUOUS
PlantDoc,5467f6012d78d1c446145d5f582da6096f852ae8,training_candidate,Peach leaf,AMBIGUOUS,,train/Peach leaf/Peach-leaves.jpg,Peach leaf/00892_b61c33c326559fed.jpg,b61c33c326559fedbfe389fe494bca374b58179d81b599750bebad4865a9491d,99181d984e4a624d,JPEG,RGB,1536,2048,915726,original,AMBIGUOUS
PlantDoc,5467f6012d78d1c446145d5f582da6096f852ae8,training_candidate,Peach leaf,AMBIGUOUS,,train/Peach leaf/Peach_leaves_raw.jpg,Peach leaf/00893_2803e7239f1d91c9.jpg,2803e7239f1d91c96eca72ddf2af86522fff2c8c6cdf6670eae85464e7d5696d,ac4d4c49ed691939,JPEG,RGB,2592,1944,1566454,original,AMBIGUOUS
PlantDoc,5467f6012d78d1c446145d5f582da6096f852ae8,training_candidate,Peach leaf,AMBIGUOUS,,train/Peach leaf/Peachleaf-Willow-leaf-1.jpg,Peach leaf/00894_75cdae6eda54119d.jpg,75cdae6eda54119d6a3cba11f9de9e6a37cf916305dd088a83f85cb7c85b1697,505499d933969e4c,JPEG,RGB,2247,1500,571504,original,AMBIGUOUS
PlantDoc,5467f6012d78d1c446145d5f582da6096f852ae8,training_candidate,Peach leaf,AMBIGUOUS,,train/Peach leaf/Stephanes-Babcock-peach.Few-branches-without-any-leaves.jpg,Peach leaf/00895_b4d61a3a622f6a8e.jpg,b4d61a3a622f6a8e30edf3f9503c6d7ee40a5c7937f5ff05bda018e9304c9804,ce9cc3ccc8908088,JPEG,RGB,2448,3264,2607472,original,AMBIGUOUS
PlantDoc,5467f6012d78d1c446145d5f582da6096f852ae8,training_candidate,Peach leaf,AMBIGUOUS,,train/Peach leaf/Sweet-September-Yellow-Peach.jpg,Peach leaf/00896_860fdffb9acc486f.jpg,860fdffb9acc486f23910cc40a5d4584fc5b7d7269032d4d5d31a14950732e67,18ecd8e0c8c8e038,JPEG,RGB,1100,953,781786,original,AMBIGUOUS
PlantDoc,5467f6012d78d1c446145d5f582da6096f852ae8,training_candidate,Peach leaf,AMBIGUOUS,,train/Peach leaf/depositphotos_140609182-stock-photo-beauty-peach-with-leaf.jpg,Peach leaf/00897_cac1fac6a409bbfe.jpg,cac1fac6a409bbfead43b1ec00db0c0b884e1b4d6918954db2d14fc680246a2f,12f1f4f0e0d8e160,JPEG,RGB,450,363,20887,original,AMBIGUOUS
PlantDoc,5467f6012d78d1c446145d5f582da6096f852ae8,training_candidate,Peach leaf,AMBIGUOUS,,train/Peach leaf/depositphotos_31403089-stock-photo-ripe-peach-with-leaf.jpg,Peach leaf/00898_cb45855018003d6e.jpg,cb45855018003d6e53a4dc4fc16bf300d2c8edc5458a88fbd278ef340469b508,49c2f0347c7cb878,JPEG,RGB,1024,912,79196,original,AMBIGUOUS
PlantDoc,5467f6012d78d1c446145d5f582da6096f852ae8,training_candidate,Peach leaf,AMBIGUOUS,,train/Peach leaf/depositphotos_4009139-stock-photo-ripe-peach-with-leaves.jpg,Peach leaf/00899_799ee25a21e2a0f8.jpg,799ee25a21e2a0f8a3ff31870531aba3353141e3b28314d86a532ce1342620ac,12b0f0ccd8c8e831,JPEG,RGB,1023,996,109682,original,AMBIGUOUS
PlantDoc,5467f6012d78d1c446145d5f582da6096f852ae8,training_candidate,Peach leaf,AMBIGUOUS,,train/Peach leaf/depositphotos_50812601-stock-photo-peach-leaf-isolated-on-white.jpg,Peach leaf/00900_5a7930de9b1efad0.jpg,5a7930de9b1efad08a92234760389d97f3037e3fb46e170c7b7be484c0553ba5,980869e0e060c488,JPEG,RGB,1024,862,55371,original,AMBIGUOUS
PlantDoc,5467f6012d78d1c446145d5f582da6096f852ae8,training_candidate,Peach leaf,AMBIGUOUS,,train/Peach leaf/depositphotos_6870648-stock-photo-ripe-peach-fruit-with-leaves.jpg,Peach leaf/00901_f87f3e0beb26e66e.jpg,f87f3e0beb26e66e812b2c10ad885a5a33d03f58d07cb4d95ed7491d20fb8041,e4e6e4b6da989880,JPEG,RGB,1024,774,106272,original,AMBIGUOUS
PlantDoc,5467f6012d78d1c446145d5f582da6096f852ae8,training_candidate,Peach leaf,AMBIGUOUS,,train/Peach leaf/depositphotos_88236122-stock-photo-peach-leaf-isolated-on-white.jpg,Peach leaf/00902_d6a9778aacfc43a8.jpg,d6a9778aacfc43a80336e0bf9f9cad87c8fe0dc5b0d5414a6f27c4bf9b785dd4,9060e0c8d0f4e090,JPEG,RGB,1024,796,63928,original,AMBIGUOUS
PlantDoc,5467f6012d78d1c446145d5f582da6096f852ae8,training_candidate,Peach leaf,AMBIGUOUS,,train/Peach leaf/dsc06413.jpg,Peach leaf/00903_6ac92f6c6d5cdd65.jpg,6ac92f6c6d5cdd65c253d4fd3c4784e843b9642cad69c1f66138d899152a5afe,9fc968b8f3f0b4bc,JPEG,RGB,1534,2048,384111,original,AMBIGUOUS
PlantDoc,5467f6012d78d1c446145d5f582da6096f852ae8,training_candidate,Peach leaf,AMBIGUOUS,,train/Peach leaf/foodjuly2011+026.jpg,Peach leaf/00904_181ac25414a2a58f.jpg,181ac25414a2a58f7eed9a22f3d71e5c5486fcd2633eee004437d906913d0374,cc680d9634393333,JPEG,RGB,1011,804,108353,original,AMBIGUOUS
PlantDoc,5467f6012d78d1c446145d5f582da6096f852ae8,training_candidate,Peach leaf,AMBIGUOUS,,train/Peach leaf/fresh-peach-fruits-green-leaves-15654533.jpg,Peach leaf/00905_58fce5b8e68f9271.jpg,58fce5b8e68f92712301d9be19ae0d48ea1421ec405becd8b8d3b11e61d3055f,00cce8e8e4e0c81a,JPEG,RGB,1300,1229,99692,original,AMBIGUOUS
PlantDoc,5467f6012d78d1c446145d5f582da6096f852ae8,training_candidate,Peach leaf,AMBIGUOUS,,train/Peach leaf/fresh-peach-green-leaf-3346348.jpg,Peach leaf/00906_dd877abd1eb54c4b.jpg,dd877abd1eb54c4bef5b0ea65292c4ff3c6640461321121e4cbdb03fbfb7f094,ac78f0d0c0c06006,JPEG,RGB,1300,1194,147128,original,AMBIGUOUS
PlantDoc,5467f6012d78d1c446145d5f582da6096f852ae8,training_candidate,Peach leaf,AMBIGUOUS,,train/Peach leaf/image_original.jpeg?1473123508.jpg,Peach leaf/00907_03adc7cb53ef2702.jpg,03adc7cb53ef2702e5e6d8e7a7389d56080d69edb9ef4ea58c388b03e951c580,32106c7327256666,JPEG,RGB,3024,3024,1588176,original,AMBIGUOUS
PlantDoc,5467f6012d78d1c446145d5f582da6096f852ae8,training_candidate,Peach leaf,AMBIGUOUS,,train/Peach leaf/peach-1024x754.jpg,Peach leaf/00908_7b4006ded7661db8.jpg,7b4006ded7661db8a636ad2c63f3b416a7438f5e0a362500011fdab000bb33db,1d1c6d6bcf870e8e,JPEG,RGB,1024,754,190589,original,AMBIGUOUS
PlantDoc,5467f6012d78d1c446145d5f582da6096f852ae8,training_candidate,Peach leaf,AMBIGUOUS,,train/Peach leaf/peach-and-leaf-stock-image-2809274.jpg,Peach leaf/00909_a86aa4b041e91a5f.jpg,a86aa4b041e91a5f989fd2650aab217dbaa974d32d62cf7a5041cdd633358ec8,8379d0c0d0d0f06d,JPEG,RGB,1300,1186,185148,original,AMBIGUOUS
PlantDoc,5467f6012d78d1c446145d5f582da6096f852ae8,training_candidate,Peach leaf,AMBIGUOUS,,train/Peach leaf/peach-and-leaf-stock-image-2809275.jpg,Peach leaf/00910_d32c5b4d43c3bb65.jpg,d32c5b4d43c3bb65fef6e882110e4df93ae39e530de6f280253ac61857e25b50,b3694970d4cccc31,JPEG,RGB,1300,1099,171995,original,AMBIGUOUS
PlantDoc,5467f6012d78d1c446145d5f582da6096f852ae8,training_candidate,Peach leaf,AMBIGUOUS,,train/Peach leaf/peach-and-leaf-stock-picture-2809277.jpg,Peach leaf/00911_ebefc42b089a14fa.jpg,ebefc42b089a14fa193c9726e24a4c32cdc61a53c5a1036e87f33a60bb3c9b18,93606160c4cccc31,JPEG,RGB,1300,1131,158814,original,AMBIGUOUS
PlantDoc,5467f6012d78d1c446145d5f582da6096f852ae8,training_candidate,Peach leaf,AMBIGUOUS,,train/Peach leaf/peach-and-nectarine-leaves.jpg,Peach leaf/00912_74ef059f2f9d42fd.jpg,74ef059f2f9d42fd35405e58f9263a79e90a4b8b7f8dbd24d156518176ab7bdb,9d3d1c1d1bd5cc62,JPEG,RGB,900,856,304200,original,AMBIGUOUS
PlantDoc,5467f6012d78d1c446145d5f582da6096f852ae8,training_candidate,Peach leaf,AMBIGUOUS,,train/Peach leaf/peach-leaf-11810082.jpg,Peach leaf/00913_fda1cf15fed5c592.jpg,fda1cf15fed5c59293191aeca414a4b8bb3d66815deddcad1346cae6c00dbecf,8838e088c8ecf00a,JPEG,RGB,1300,1390,147666,original,AMBIGUOUS
PlantDoc,5467f6012d78d1c446145d5f582da6096f852ae8,training_candidate,Peach leaf,AMBIGUOUS,,train/Peach leaf/peach-leaf-1677674.jpg,Peach leaf/00914_8de844c8549930cc.jpg,8de844c8549930ccc01a905cb2fed45725e795b315641fa10a7862a6b8360dab,1f171b0b0f0fcc30,JPEG,RGB,1300,1065,288728,original,AMBIGUOUS
PlantDoc,5467f6012d78d1c446145d5f582da6096f852ae8,training_candidate,Peach leaf,AMBIGUOUS,,train/Peach leaf/peach-leaf-isolated-white-background-39426456.jpg,Peach leaf/00915_ed714104effae019.jpg,ed714104effae0199f0d33d5db869e4b4b401026b592572f455984dd2d77a042,18f0ec98f0fcf030,JPEG,RGB,800,800,106892,original,AMBIGUOUS
PlantDoc,5467f6012d78d1c446145d5f582da6096f852ae8,training_candidate,Peach leaf,AMBIGUOUS,,train/Peach leaf/peach-leaf-isolated-white-background-42295151.jpg,Peach leaf/00916_2ff103da383e4170.jpg,2ff103da383e41706b32ad7fb01cb135ca7a313db4f1ba92ca2880c9bec7862a,2844b430e0e6001e,JPEG,RGB,1300,916,75234,original,AMBIGUOUS
PlantDoc,5467f6012d78d1c446145d5f582da6096f852ae8,training_candidate,Peach leaf,AMBIGUOUS,,train/Peach leaf/peach-leaf-isolated-white-background-42295196.jpg,Peach leaf/00917_a590eec260b832e9.jpg,a590eec260b832e928dd39d76d8297dea53b7f597b64452f6ea648e8e21661e0,106efc60f090241a,JPEG,RGB,1300,965,73145,original,AMBIGUOUS
PlantDoc,5467f6012d78d1c446145d5f582da6096f852ae8,training_candidate,Peach leaf,AMBIGUOUS,,train/Peach leaf/peach-leaf-isolated-white-background-43668230.jpg,Peach leaf/00918_11310e346de9a2b9.jpg,11310e346de9a2b9b386821b58d420e575ab8f8937c498f6e20a814909118562,20dcd8f0e232520e,JPEG,RGB,1300,1290,81819,original,AMBIGUOUS
PlantDoc,5467f6012d78d1c446145d5f582da6096f852ae8,training_candidate,Peach leaf,AMBIGUOUS,,train/Peach leaf/peach-leaf-stock-picture-855439.jpg,Peach leaf/00919_64ce6e90693c9ca9.jpg,64ce6e90693c9ca949c48be5c3597ff7b0214e7ee16569214b16878724f3fee4,3d3870b4ad1e1606,JPEG,RGB,1300,930,227276,original,AMBIGUOUS
PlantDoc,5467f6012d78d1c446145d5f582da6096f852ae8,training_candidate,Peach leaf,AMBIGUOUS,,train/Peach leaf/peach-leaf-white-background-40292976.jpg,Peach leaf/00920_1c6444698cc12322.jpg,1c6444698cc1232243f78112109a8cfcac130246c35c51bf68be36fdeb69f5fb,583070e8e064603a,JPEG,RGB,1300,1303,177043,original,AMBIGUOUS
PlantDoc,5467f6012d78d1c446145d5f582da6096f852ae8,training_candidate,Peach leaf,AMBIGUOUS,,train/Peach leaf/peach-leaf.jpg,Peach leaf/00921_0571261a682b6174.jpg,0571261a682b6174b2f9ee041e4cf9bfbfb5b6f9e6b045c367e05fa900fadf45,76f6e4d89898d8c3,JPEG,RGB,2136,1424,148756,original,AMBIGUOUS
PlantDoc,5467f6012d78d1c446145d5f582da6096f852ae8,training_candidate,Peach leaf,AMBIGUOUS,,train/Peach leaf/peach-leaves-18058413.jpg,Peach leaf/00922_540de979ea53b412.jpg,540de979ea53b4128f5bb8fbf46bf1603867a26030ce79c74910c665d25bbd48,a2aaca4e2aaaa20c,JPEG,RGB,1300,1002,154339,original,AMBIGUOUS
PlantDoc,5467f6012d78d1c446145d5f582da6096f852ae8,training_candidate,Peach leaf,AMBIGUOUS,,train/Peach leaf/peach-leaves-26807890.jpg,Peach leaf/00923_beebabdab606dc77.jpg,beebabdab606dc779ade89fb687d9b71c8bcd8fcfc650355ce3e110bbeea9241,b6391b1bf1f4fcbe,JPEG,RGB,1300,1367,318735,original,AMBIGUOUS
PlantDoc,5467f6012d78d1c446145d5f582da6096f852ae8,training_candidate,Peach leaf,AMBIGUOUS,,train/Peach leaf/peach-leaves-isolated-white-background-43668179.jpg,Peach leaf/00924_f259a59f99d3c34b.jpg,f259a59f99d3c34b45ab1420be43c1be58e3360f8bf2fccfbbb34cbcea2f6098,c01ae8c9f0b44216,JPEG,RGB,1300,1002,74766,original,AMBIGUOUS
PlantDoc,5467f6012d78d1c446145d5f582da6096f852ae8,training_candidate,Peach leaf,AMBIGUOUS,,train/Peach leaf/peach-leaves-isolated-white-background-43668233.jpg,Peach leaf/00925_240bfa837a3a1409.jpg,240bfa837a3a1409585b77c373a8177f443569725a09b0ec0b440802ddc2dad6,9970e0b09ace6c33,JPEG,RGB,1300,1120,114708,original,AMBIGUOUS
PlantDoc,5467f6012d78d1c446145d5f582da6096f852ae8,training_candidate,Peach leaf,AMBIGUOUS,,train/Peach leaf/peach-prunus-persica-roter-ellerstaedter-prunus-persica-roter-ellerstaedter-DAM2J4.jpg,Peach leaf/00926_d9d53968daa5b500.jpg,d9d53968daa5b50043e3e8f7cb3105c464d063b01a84e2b22ae1f08823288a3a,94d9f0d1d1a352d2,JPEG,RGB,1300,960,206315,original,AMBIGUOUS
PlantDoc,5467f6012d78d1c446145d5f582da6096f852ae8,training_candidate,Peach leaf,AMBIGUOUS,,train/Peach leaf/peach-tree-leaf-3-1024x681.jpg,Peach leaf/00927_e1021bd0dc9d1996.jpg,e1021bd0dc9d199664e0d1d6958751de180c46081fec5f9d8b92fb072c0773b8,a574499a1a09c98d,JPEG,RGB,1024,681,103739,original,AMBIGUOUS
PlantDoc,5467f6012d78d1c446145d5f582da6096f852ae8,training_candidate,Peach leaf,AMBIGUOUS,,train/Peach leaf/peach-tree-trunk-new-leaf-18757494.jpg,Peach leaf/00928_6408a835d083075b.jpg,6408a835d083075b178f70699fb71b2c6d40aab36af4cc1ddd8a10f15ebc2c90,c84882786cfa3a36,JPEG,RGB,957,1300,163964,original,AMBIGUOUS
PlantDoc,5467f6012d78d1c446145d5f582da6096f852ae8,training_candidate,Peach leaf,AMBIGUOUS,,train/Peach leaf/peach-with-leaf-isolated-on-white-picture-id466696757.jpg,Peach leaf/00929_640c719edffc5f4f.jpg,640c719edffc5f4fd37351a38b26225d9c0f11f807937f7de62cb3397c390c07,01e0f0c2f2d87031,JPEG,RGB,1024,1024,489021,original,AMBIGUOUS
PlantDoc,5467f6012d78d1c446145d5f582da6096f852ae8,training_candidate,Peach leaf,AMBIGUOUS,,train/Peach leaf/peach-with-leaf-picture-id124561113.jpg,Peach leaf/00930_f5a4b3ecbeb32463.jpg,f5a4b3ecbeb32463d801cc0716685ac19766cd5dd77aafcb5e8add94712cd71e,861cd8f8f8ecf8f3,JPEG,RGB,765,1024,292922,original,AMBIGUOUS
PlantDoc,5467f6012d78d1c446145d5f582da6096f852ae8,training_candidate,Peach leaf,AMBIGUOUS,,train/Peach leaf/peach-with-leaves-stock-image-1765504.jpg,Peach leaf/00931_f1b4a1f7b69e67e9.jpg,f1b4a1f7b69e67e9980de9391a3da01a499b61fc9b54e6822f66e5579e4f940c,8269e4f4fcfc7037,JPEG,RGB,1114,1392,192202,original,AMBIGUOUS
PlantDoc,5467f6012d78d1c446145d5f582da6096f852ae8,training_candidate,Peach leaf,AMBIGUOUS,,train/Peach leaf/peach-with-leaves-stock-picture-1662209.jpg,Peach leaf/00932_c5b20e87f93f6153.jpg,c5b20e87f93f6153760112eb397c1c54ec3d375851b47b7ac7edece53e7e5fe8,d9b9d9e1e1defc7c,JPEG,RGB,866,1392,189974,original,AMBIGUOUS
PlantDoc,5467f6012d78d1c446145d5f582da6096f852ae8,training_candidate,Peach leaf,AMBIGUOUS,,train/Peach leaf/peach-with-leaves-stock-picture-1662453.jpg,Peach leaf/00933_766d46bb63a1a51d.jpg,766d46bb63a1a51d8541456efe342b45a1828e28c8ea15d3536c464676070e08,71e0f4f8f8f0f039,JPEG,RGB,877,1392,150272,original,AMBIGUOUS
PlantDoc,5467f6012d78d1c446145d5f582da6096f852ae8,training_candidate,Peach leaf,AMBIGUOUS,,train/Peach leaf/peach-with-leaves-stock-picture-1721709.jpg,Peach leaf/00934_66d4ffb04a71173d.jpg,66d4ffb04a71173d8e3bfb6e895b5cb9d72c3bbe5683cc6c0709b7f46200bef6,9938f6f2e1f0106d,JPEG,RGB,1300,1033,145585,original,AMBIGUOUS
PlantDoc,5467f6012d78d1c446145d5f582da6096f852ae8,training_candidate,Peach leaf,AMBIGUOUS,,train/Peach leaf/peach.jpg,Peach leaf/00935_3d6447df36373623.jpg,3d6447df363736238e2c6b90fc25f53de147e20cc57fb3e4e8408938c2fb6df0,8604a9b2a4d3a388,JPEG,RGB,1650,1257,294049,original,AMBIGUOUS
PlantDoc,5467f6012d78d1c446145d5f582da6096f852ae8,training_candidate,Peach leaf,AMBIGUOUS,,train/Peach leaf/peach_tree_20100523.jpg,Peach leaf/00936_b793a4898ed20c69.jpg,b793a4898ed20c691eecfbeb726dd54b62ee499790c3b4c66cfac469012d4456,1104261a50169c60,JPEG,RGB,1600,1200,503234,original,AMBIGUOUS
PlantDoc,5467f6012d78d1c446145d5f582da6096f852ae8,training_candidate,Peach leaf,AMBIGUOUS,,train/Peach leaf/peaches-growing-in-tree.jpg,Peach leaf/00937_dc3a785976c7afb2.jpg,dc3a785976c7afb21080a2767f3802ed739b19bc71e4bcb9409d47e440eb1211,68452d393937326a,JPEG,RGB,1000,706,72497,original,AMBIGUOUS
PlantDoc,5467f6012d78d1c446145d5f582da6096f852ae8,training_candidate,Peach leaf,AMBIGUOUS,,train/Peach leaf/peaches-w-leaves.jpg,Peach leaf/00938_29f226fbc233d3bd.jpg,29f226fbc233d3bd7fb2ed314f8023146d981de178eb0ee6d85c3030eb7b0110,cccb83a190a12474,JPEG,RGB,3387,2302,1955941,original,AMBIGUOUS
PlantDoc,5467f6012d78d1c446145d5f582da6096f852ae8,training_candidate,Peach leaf,AMBIGUOUS,,train/Peach leaf/product_Peach-leaf.jpg,Peach leaf/00939_0dfa092d9ddbb278.jpg,0dfa092d9ddbb27815bd7fc595199dc1909b1f9d1ebf0b6b13c56397725d941f,70c2d0d2d2723252,JPEG,RGB,768,1024,104584,original,AMBIGUOUS
PlantDoc,5467f6012d78d1c446145d5f582da6096f852ae8,training_candidate,Peach leaf,AMBIGUOUS,,train/Peach leaf/ripe-peach-fresh-red-tree-green-leaves-57508021.jpg,Peach leaf/00940_bad61f07a306a71c.jpg,bad61f07a306a71c147c0aade7f6253eb9a081c2da0434230abe4458415c9b6f,3666b298f832b8a4,JPEG,RGB,1000,1300,147855,original,AMBIGUOUS
PlantDoc,5467f6012d78d1c446145d5f582da6096f852ae8,training_candidate,Peach leaf,AMBIGUOUS,,train/Peach leaf/stock-photo-fresh-peach-fruits-with-green-leaves-isolated-on-white-background-59305621.jpg,Peach leaf/00941_6c694c4591a3acfa.jpg,6c694c4591a3acfa57bd3df77d3bed26be1485a37b0018ab9bd53897e7e5876e,00cce8e8e4e0c028,JPEG,RGB,450,414,31867,original,AMBIGUOUS
PlantDoc,5467f6012d78d1c446145d5f582da6096f852ae8,training_candidate,Peach leaf,AMBIGUOUS,,train/Peach leaf/stock-photo-peach-fresh-peach-with-green-leaf-isolated-on-white-background-548680618.jpg,Peach leaf/00942_e4929f2e8c4a7e65.jpg,e4929f2e8c4a7e65de9483c4a0a1498041adc369acdab9812da14ea417b710e6,b030e0c0c4c8f060,JPEG,RGB,438,470,39189,original,AMBIGUOUS
PlantDoc,5467f6012d78d1c446145d5f582da6096f852ae8,training_candidate,Peach leaf,AMBIGUOUS,,train/Peach leaf/stock-photo-peach-fruit-isolated-on-white-332799767.jpg,Peach leaf/00943_616e10ea81ea8bba.jpg,616e10ea81ea8bba4ac4dcb7e3412254a4b073ba887387e71e5a3db3e0066ae6,08f8f0f4f0f06009,JPEG,RGB,450,470,43742,original,AMBIGUOUS
PlantDoc,5467f6012d78d1c446145d5f582da6096f852ae8,training_candidate,Peach leaf,AMBIGUOUS,,train/Peach leaf/stock-photo-peach-fruits-with-leaf-isolated-on-white-background-639972919.jpg,Peach leaf/00944_328233b7f4d4684c.jpg,328233b7f4d4684c11cfed84f0575a1ef9428fb3367b2304ff6dea80f39dbd1d,64e2c0c0c8cc30d9,JPEG,RGB,450,470,41024,original,AMBIGUOUS
PlantDoc,5467f6012d78d1c446145d5f582da6096f852ae8,training_candidate,Peach leaf,AMBIGUOUS,,train/Peach leaf/stock-photo-peach-leaf-collection-isolated-on-white-236633248.jpg,Peach leaf/00945_fe3fa7af6c1f4222.jpg,fe3fa7af6c1f4222c9ad9a8ca3e5fcfbe6f908dc336140fe96ea7bb25ede89ef,dcc8cccaeab69c49,JPEG,RGB,450,470,52102,original,AMBIGUOUS
PlantDoc,5467f6012d78d1c446145d5f582da6096f852ae8,training_candidate,Peach leaf,AMBIGUOUS,,train/Peach leaf/stock-photo-peach-leaf-isolated-363604259.jpg,Peach leaf/00946_c1626fad2cfec779.jpg,c1626fad2cfec7798ed0154042a41ccc11678ce09d1551e1b43386f883cdce7a,98d8d88cd2c4cc56,JPEG,RGB,1500,1569,609555,original,AMBIGUOUS
PlantDoc,5467f6012d78d1c446145d5f582da6096f852ae8,training_candidate,Peach leaf,AMBIGUOUS,,train/Peach leaf/stock-photo-peach-leaf-isolated-370117730.jpg,Peach leaf/00947_a9a848fa14125ee2.jpg,a9a848fa14125ee2ae6fa39ba3ea7da062b6acf938f4f5794331a4a6d9992465,d492b2dada8a9a70,JPEG,RGB,1500,1321,531086,original,AMBIGUOUS
PlantDoc,5467f6012d78d1c446145d5f582da6096f852ae8,training_candidate,Peach leaf,AMBIGUOUS,,train/Peach leaf/stock-photo-peach-leaf-isolated-on-white-background-195325289.jpg,Peach leaf/00948_ef8822779cb8bd20.jpg,ef8822779cb8bd202ec81997d9c6df4a653a63379ef0b40c6883b202361a1cd5,9c78e1f0f0ee1c71,JPEG,RGB,1292,1600,452079,original,AMBIGUOUS
PlantDoc,5467f6012d78d1c446145d5f582da6096f852ae8,training_candidate,Peach leaf,AMBIGUOUS,,train/Peach leaf/stock-photo-peach-leaf-isolated-on-white-background-198744794.jpg,Peach leaf/00949_a29d43c44273405c.jpg,a29d43c44273405c1b19a88b295e2fbf53377e2908157c0284151e9774543594,d446e2e0e9cc8663,JPEG,RGB,1500,1572,343759,original,AMBIGUOUS
PlantDoc,5467f6012d78d1c446145d5f582da6096f852ae8,training_candidate,Peach leaf,AMBIGUOUS,,train/Peach leaf/stock-photo-peach-leaf-isolated-on-white-background-207823156.jpg,Peach leaf/00950_4f79b626ffd092dc.jpg,4f79b626ffd092dce9fd2537878b5710abdc1ebc3f6e77ff0f3c6beb0dea765a,e21ae8c9f0b40064,JPEG,RGB,1500,1153,256520,original,AMBIGUOUS
PlantDoc,5467f6012d78d1c446145d5f582da6096f852ae8,training_candidate,Peach leaf,AMBIGUOUS,,train/Peach leaf/stock-photo-peach-leaf-isolated-on-white-background-254975221.jpg,Peach leaf/00951_ab76e6be6b38a168.jpg,ab76e6be6b38a168fe5ec4089a73446d1d5b601748f39b17a4752488f6611ae9,9288a2bc58c0e828,JPEG,RGB,450,389,28910,original,AMBIGUOUS
PlantDoc,5467f6012d78d1c446145d5f582da6096f852ae8,training_candidate,Peach leaf,AMBIGUOUS,,train/Peach leaf/stock-photo-peach-leaves-isolated-203326555.jpg,Peach leaf/00952_1648ec22c80f397c.jpg,1648ec22c80f397c569a1bc4cc79c0ccffaadf1f10cd624245d9e605a527ae1c,21dcd8f1e2b2106c,JPEG,RGB,1500,1485,286703,original,AMBIGUOUS
PlantDoc,5467f6012d78d1c446145d5f582da6096f852ae8,training_candidate,Peach leaf,AMBIGUOUS,,train/Peach leaf/stock-photo-peach-leaves-isolated-on-white-background-298277570.jpg,Peach leaf/00953_b7b73eb98c854326.jpg,b7b73eb98c85432689cd6fe39c055d5b83ab3333ccfcbd90f0a27d2b23a388bf,94a6a410b6a666c9,JPEG,RGB,1500,1171,468840,original,AMBIGUOUS
PlantDoc,5467f6012d78d1c446145d5f582da6096f852ae8,training_candidate,Peach leaf,AMBIGUOUS,,train/Peach leaf/stock-photo-peach-leaves-isolated-on-white-background-302224460.jpg,Peach leaf/00954_343040d20e74f852.jpg,343040d20e74f85296fe3d7316f29ad86ea58ef9c86d2cda6b6e509a79574f9f,49ccb472ccccce45,JPEG,RGB,1500,1329,470911,original,AMBIGUOUS
PlantDoc,5467f6012d78d1c446145d5f582da6096f852ae8,training_candidate,Peach leaf,AMBIGUOUS,,train/Peach leaf/stock-photo-peach-leaves-isolated-on-white-background-529501441.jpg,Peach leaf/00955_a53291ef7c2973b3.jpg,a53291ef7c2973b3143936d15acd633e99889eb910ca146213b14be89702585f,98d8ecccc498c868,JPEG,RGB,450,412,40284,original,AMBIGUOUS
PlantDoc,5467f6012d78d1c446145d5f582da6096f852ae8,training_candidate,Peach leaf,AMBIGUOUS,,train/Peach leaf/stock-photo-peach-leaves-isolated-on-white-background-618456884.jpg,Peach leaf/00956_5038755be7f9733e.jpg,5038755be7f9733e8ab71c484e6734bed7efaa5242e7ea0098d2f6f7e995dcd6,68c8dce6e69ccc69,JPEG,RGB,450,439,43395,original,AMBIGUOUS
PlantDoc,5467f6012d78d1c446145d5f582da6096f852ae8,training_candidate,Peach leaf,AMBIGUOUS,,train/Peach leaf/stock-photo-peach-wet-fruit-with-leaf-isolated-on-white-248733745.jpg,Peach leaf/00957_738323efae5ba9f0.jpg,738323efae5ba9f0b4828fa02afc7cd7d6259281c147e587f7615aa708cbc0e6,30d0d8e4f0f07021,JPEG,RGB,450,470,65394,original,AMBIGUOUS
PlantDoc,5467f6012d78d1c446145d5f582da6096f852ae8,training_candidate,Peach leaf,AMBIGUOUS,,train/Peach leaf/stock-photo-peach-with-leaf-699537772.jpg,Peach leaf/00958_fa6ab1eb5a3a9431.jpg,fa6ab1eb5a3a94315eb0efe5b599a6e2c9a591af2093578ff711e03596cfb8eb,30f8e8d0f0f87170,JPEG,RGB,450,457,42288,original,AMBIGUOUS
PlantDoc,5467f6012d78d1c446145d5f582da6096f852ae8,training_candidate,Peach leaf,AMBIGUOUS,,train/Peach leaf/stock-photo-peach-with-leaf-isolated-on-white-168119267.jpg,Peach leaf/00959_a47e53e846246c09.jpg,a47e53e846246c0991fc1e2d544a85cc8e33d8c494b1f1ee4a54e7328356976e,01e0f0e2d0d87031,JPEG,RGB,450,470,49790,original,AMBIGUOUS
PlantDoc,5467f6012d78d1c446145d5f582da6096f852ae8,training_candidate,Peach leaf,AMBIGUOUS,,train/Peach leaf/stock-photo-peach-with-leaf-isolated-on-white-with-clipping-path-494602609.jpg,Peach leaf/00960_19a9714573a24886.jpg,19a9714573a248860763a178a90571d3f08aad80cb674d978bab2aa08232316e,71f0ccc6c2c06061,JPEG,RGB,450,470,61272,original,AMBIGUOUS
PlantDoc,5467f6012d78d1c446145d5f582da6096f852ae8,training_candidate,Peach leaf,AMBIGUOUS,,train/Peach leaf/stock-photo-peach-with-leaves-isolated-on-white-246532954.jpg,Peach leaf/00961_a809de9643dbcb45.jpg,a809de9643dbcb45c95d43f9cb9f7b60672026cfaed4190441631bb9f042dc1f,42e1c4cadcfc3842,JPEG,RGB,1500,1600,913699,original,AMBIGUOUS
PlantDoc,5467f6012d78d1c446145d5f582da6096f852ae8,training_candidate,Peach leaf,AMBIGUOUS,,train/Peach leaf/stock-photo-single-peach-with-leaves-on-a-white-background-111042830.jpg,Peach leaf/00962_970757aa5cda1f11.jpg,970757aa5cda1f117c828aad88fc48dd47a4dc6c78179ebde9338259c2c0d937,0270ece4a4683844,JPEG,RGB,1500,1308,519008,original,AMBIGUOUS
PlantDoc,5467f6012d78d1c446145d5f582da6096f852ae8,training_candidate,Peach leaf,AMBIGUOUS,,train/Peach leaf/stock-photo-two-peach-leaves-isolated-on-white-311533217.jpg,Peach leaf/00963_a2c9c950a0a74a13.jpg,a2c9c950a0a74a130a0fb3eb83bf852b19b2f62785454d13c32f244d6ffb201c,3978f8d8b0b03469,JPEG,RGB,450,470,30503,original,AMBIGUOUS
PlantDoc,5467f6012d78d1c446145d5f582da6096f852ae8,training_candidate,Peach leaf,AMBIGUOUS,,train/Peach leaf/stock-photo-two-sides-of-peach-leaf-isolate-on-white-17407162.jpg,Peach leaf/00964_30b51531bc1bd63c.jpg,30b51531bc1bd63c64175383f6c0f73fde22e32567cc14db32eaffbe9465193e,2daaaaaaaaaaaa55,JPEG,RGB,1500,1461,613782,original,AMBIGUOUS
PlantDoc,5467f6012d78d1c446145d5f582da6096f852ae8,training_candidate,Peach leaf,AMBIGUOUS,,train/Peach leaf/two-peach-leaves-isolated-on-white-picture-id519433636.jpg,Peach leaf/00965_5433d2a268c2c8e0.jpg,5433d2a268c2c8e0e3d9d93bd4b9bae857d23e88474a84d3ca0371c9df68851b,3978f8d9f2b23431,JPEG,RGB,1024,1024,284165,original,AMBIGUOUS
PlantDoc,5467f6012d78d1c446145d5f582da6096f852ae8,training_candidate,Potato leaf early blight,MATCHED,Potato Early blight,train/Potato leaf early blight/00009.jpg,Potato leaf early blight/00966_277201bacd265291.jpg,277201bacd26529175733458740c1181de800c7199dbb250a61bd361a34d078c,8c0e6bcde7e68e9a,JPEG,RGB,479,640,82942,original,APPROVED_CANDIDATE
PlantDoc,5467f6012d78d1c446145d5f582da6096f852ae8,training_candidate,Potato leaf early blight,MATCHED,Potato Early blight,train/Potato leaf early blight/0042241.jpg,Potato leaf early blight/00967_f1b93ce7dede615c.jpg,f1b93ce7dede615c0a3e9638e86650a56c5b593d82a3d230b715b056d356ab5d,a6122c18d3b53339,JPEG,RGB,533,800,131826,original,APPROVED_CANDIDATE
PlantDoc,5467f6012d78d1c446145d5f582da6096f852ae8,training_candidate,Potato leaf early blight,MATCHED,Potato Early blight,train/Potato leaf early blight/0061.jpg,Potato leaf early blight/00968_dabdd2b332d328f6.jpg,dabdd2b332d328f67178173e5b0106bbbb0410bdd4f2111708050e4b52c8ecf1,9b795bd2f47776e6,JPEG,RGB,448,336,41602,original,APPROVED_CANDIDATE
PlantDoc,5467f6012d78d1c446145d5f582da6096f852ae8,training_candidate,Potato leaf early blight,MATCHED,Potato Early blight,train/Potato leaf early blight/1024_x_576_-_alternaria_early_infection_symptoms_spreading.jpg,Potato leaf early blight/00969_3eda2dadcc702184.jpg,3eda2dadcc702184ce3f15001aafc996e6b1bb214da671fa373459a1c9489c66,8f8796d6cfc6a430,JPEG,RGB,1024,576,411608,original,APPROVED_CANDIDATE
PlantDoc,5467f6012d78d1c446145d5f582da6096f852ae8,training_candidate,Potato leaf early blight,MATCHED,Potato Early blight,train/Potato leaf early blight/1024px-Phytophthora_infestans_potato_%27Dor%C3%A9%27%2C_aardappelziekte_Dor%C3%A9.jpg,Potato leaf early blight/00970_d97ae7cad3d7cf3b.jpg,d97ae7cad3d7cf3bf0d13050e6fefac88df226b1cdc1ac33b13843e6ad1c8eab,59703d2627c3e9ec,JPEG,RGB,1024,768,264812,original,APPROVED_CANDIDATE
PlantDoc,5467f6012d78d1c446145d5f582da6096f852ae8,training_candidate,Potato leaf early blight,MATCHED,Potato Early blight,train/Potato leaf early blight/1200px-Late_blight_on_potato_leaf_2.jpg,Potato leaf early blight/00971_e1df8209b89fd2c1.jpg,e1df8209b89fd2c1bedbe907188aaca7f165fb7d7b873e3dcaba1cd4e089ae53,69311b0fd5f1e352,JPEG,RGB,1200,753,118885,original,APPROVED_CANDIDATE
PlantDoc,5467f6012d78d1c446145d5f582da6096f852ae8,training_candidate,Potato leaf early blight,MATCHED,Potato Early blight,train/Potato leaf early blight/1421_0.jpeg?itok=FMtmgePj.jpg,Potato leaf early blight/00972_c53ad8d40c38debf.jpg,c53ad8d40c38debfbc0b79a87d0f3649c20b933a65f5b78a6931f59d06aad498,31e0dcf6eeb8d1e2,JPEG,RGB,640,480,59758,original,EXCLUDE_FROM_TRAINING
PlantDoc,5467f6012d78d1c446145d5f582da6096f852ae8,training_candidate,Potato leaf early blight,MATCHED,Potato Early blight,train/Potato leaf early blight/14321627273_58d893c3e2_potato-plant.jpg,Potato leaf early blight/00973_9ed101561e6c03ef.jpg,9ed101561e6c03eff8eb46223dd423da83a9ccd74050e1dbf867374924b9d84b,c39e1e1d3c367676,JPEG,RGB,500,333,103582,original,NEEDS_MANUAL_REVIEW
PlantDoc,5467f6012d78d1c446145d5f582da6096f852ae8,training_candidate,Potato leaf early blight,MATCHED,Potato Early blight,train/Potato leaf early blight/1573852-Early-Blight-e1515624612559.jpg,Potato leaf early blight/00974_4caf285642d0f1b4.jpg,4caf285642d0f1b45811a41fd595c145403373720bb9c05980e8a541ea9952f0,c5b13b3bfe8b60d4,JPEG,RGB,665,450,34038,original,APPROVED_CANDIDATE
PlantDoc,5467f6012d78d1c446145d5f582da6096f852ae8,training_candidate,Potato leaf early blight,MATCHED,Potato Early blight,train/Potato leaf early blight/15hrt15a1f1.jpg,Potato leaf early blight/00975_e8b5d2f224ccdbba.jpg,e8b5d2f224ccdbba1094528560f9d0afbc9f58540b8a6b2c5230f6a824ac4cff,cc888c889868484e,JPEG,RGB,600,472,128819,original,APPROVED_CANDIDATE
PlantDoc,5467f6012d78d1c446145d5f582da6096f852ae8,training_candidate,Potato leaf early blight,MATCHED,Potato Early blight,train/Potato leaf early blight/18028_1.jpg,Potato leaf early blight/00976_e5f14a70fc7a687a.jpg,e5f14a70fc7a687a5846749d5499872c7c3320e81aea1358e481f7100b7ba242,0695808524141092,JPEG,RGB,832,624,216600,original,EXCLUDE_FROM_TRAINING
PlantDoc,5467f6012d78d1c446145d5f582da6096f852ae8,training_candidate,Potato leaf early blight,MATCHED,Potato Early blight,train/Potato leaf early blight/20080710-early%2Bblight%2Blesions%2Bwith%2Byellow%2Bhaloes.jpg,Potato leaf early blight/00977_45388f4b9d5c3a9e.jpg,45388f4b9d5c3a9e9d8301d4f1f1f6b0672a0afc9c22b4a3c0324a096cc5b195,0a2e3cb4c6ce4481,JPEG,RGB,500,333,97967,original,APPROVED_CANDIDATE
PlantDoc,5467f6012d78d1c446145d5f582da6096f852ae8,training_candidate,Potato leaf early blight,MATCHED,Potato Early blight,train/Potato leaf early blight/20100816earlyblight.jpg,Potato leaf early blight/00978_187bd18367544702.jpg,187bd18367544702713d98b7ace2818588726651373f37ad88b99f4f174d38cb,e256d6173e5c7dbf,JPEG,RGB,300,400,127956,original,APPROVED_CANDIDATE
PlantDoc,5467f6012d78d1c446145d5f582da6096f852ae8,training_candidate,Potato leaf early blight,MATCHED,Potato Early blight,train/Potato leaf early blight/21-late%20blight-early%20symptoms%20potato.jpg,Potato leaf early blight/00979_1a250e054fb9aabf.jpg,1a250e054fb9aabf9dba98638c2c57157c771a3a8b04f507934e3722dabb7ddb,1d944d59331b3939,JPEG,RGB,3072,2032,2540337,original,APPROVED_CANDIDATE
PlantDoc,5467f6012d78d1c446145d5f582da6096f852ae8,training_candidate,Potato leaf early blight,MATCHED,Potato Early blight,train/Potato leaf early blight/2643371-version%3D1.0%26t%3D1260361493000.jpg,Potato leaf early blight/00980_92dee4c156df60a4.jpg,92dee4c156df60a4a7658ccdd72a231fca297459e7e5f31bad98e2e72c740403,482c2d3b37571d9a,JPEG,RGB,300,240,136839,original,APPROVED_CANDIDATE
PlantDoc,5467f6012d78d1c446145d5f582da6096f852ae8,training_candidate,Potato leaf early blight,MATCHED,Potato Early blight,train/Potato leaf early blight/27013702151_95bd415ba9_o.jpg,Potato leaf early blight/00981_4f1a8dec3cf61808.jpg,4f1a8dec3cf61808c258c33437e394949db2a7eb7e5c556fa789c5132231bf01,78767b6f6e6f6367,JPEG,RGB,800,500,122734,original,APPROVED_CANDIDATE
PlantDoc,5467f6012d78d1c446145d5f582da6096f852ae8,training_candidate,Potato leaf early blight,MATCHED,Potato Early blight,train/Potato leaf early blight/2D1A9552.jpg,Potato leaf early blight/00982_3f6885cc3a00a1f7.jpg,3f6885cc3a00a1f79836a833d04f7b8c3de0de67eab2aa076e73a001955192e1,830ffcf9fbff7273,JPEG,RGB,500,336,94340,original,APPROVED_CANDIDATE
PlantDoc,5467f6012d78d1c446145d5f582da6096f852ae8,training_candidate,Potato leaf early blight,MATCHED,Potato Early blight,train/Potato leaf early blight/2OBH_29_Gardening_early_blight.jpg,Potato leaf early blight/00983_f748f35d0801ab88.jpg,f748f35d0801ab88be6644598876bfc173fe281b0f01e2d12439eb53f9bde818,1a1d34361b5c2e13,JPEG,RGB,300,225,36887,original,NEEDS_MANUAL_REVIEW
PlantDoc,5467f6012d78d1c446145d5f582da6096f852ae8,training_candidate,Potato leaf early blight,MATCHED,Potato Early blight,train/Potato leaf early blight/36-early-blight-concentric-rings.jpg,Potato leaf early blight/00984_3491d3cbff6a3501.jpg,3491d3cbff6a350106d4d1bc21766378d5d64825246cb1b416d69795d001042d,96962f3677371246,JPEG,RGB,675,1013,234067,original,NEEDS_MANUAL_REVIEW
PlantDoc,5467f6012d78d1c446145d5f582da6096f852ae8,training_candidate,Potato leaf early blight,MATCHED,Potato Early blight,train/Potato leaf early blight/3785483636_d888419c98_o.jpg,Potato leaf early blight/00985_e2e59ad81dc4691f.jpg,e2e59ad81dc4691fbe579e65b0ecafeed2f1d9a537383c8eee701dfb2ad53451,15b3b3f5c9d8b337,JPEG,RGB,800,500,167854,original,APPROVED_CANDIDATE
PlantDoc,5467f6012d78d1c446145d5f582da6096f852ae8,training_candidate,Potato leaf early blight,MATCHED,Potato Early blight,train/Potato leaf early blight/45035_1.jpg,Potato leaf early blight/00986_adaee93874d17252.jpg,adaee93874d17252870b7d4a49e8941af36309a0d1889afabd67aaf80fc0a261,4c444c44042c25f1,JPEG,RGB,1200,750,116797,original,NEEDS_MANUAL_REVIEW
PlantDoc,5467f6012d78d1c446145d5f582da6096f852ae8,training_candidate,Potato leaf early blight,MATCHED,Potato Early blight,train/Potato leaf early blight/500px-Tomato_Early_Blight_Leaf.jpg,Potato leaf early blight/00987_ba58718f18314d0f.jpg,ba58718f18314d0f17b0185a95f05643cf807a20067a95c24b208c7ee23a6464,07011d1e36260e8e,JPEG,RGB,500,333,48453,original,APPROVED_CANDIDATE
PlantDoc,5467f6012d78d1c446145d5f582da6096f852ae8,training_candidate,Potato leaf early blight,MATCHED,Potato Early blight,train/Potato leaf early blight/5688742112_147f33b89d_Phytophthora-Infestans.jpg,Potato leaf early blight/00988_86d499067dd5d2e2.jpg,86d499067dd5d2e237424658ee36b238a09eb082088142a4e610e6979b468048,1b23711d0f3b1f0f,JPEG,RGB,500,335,109345,original,APPROVED_CANDIDATE
PlantDoc,5467f6012d78d1c446145d5f582da6096f852ae8,training_candidate,Potato leaf early blight,MATCHED,Potato Early blight,train/Potato leaf early blight/5816740026_d42ef24413_Phytophthora-Infestans.jpg,Potato leaf early blight/00989_a981ee59e5e1dcaf.jpg,a981ee59e5e1dcafd0d225f74369a05969200352c17743318c31987083ab6f4c,96cc9d97948cd958,JPEG,RGB,333,500,98347,original,EXCLUDE_FROM_TRAINING
PlantDoc,5467f6012d78d1c446145d5f582da6096f852ae8,training_candidate,Potato leaf early blight,MATCHED,Potato Early blight,train/Potato leaf early blight/80109626.jpg,Potato leaf early blight/00990_8341af059ffb70b7.jpg,8341af059ffb70b73bebb119a3943d5c96e3ee621437e3cca8b176aa81d563b4,9e192d2c15cce771,JPEG,RGB,677,700,238785,original,APPROVED_CANDIDATE
PlantDoc,5467f6012d78d1c446145d5f582da6096f852ae8,training_candidate,Potato leaf early blight,MATCHED,Potato Early blight,train/Potato leaf early blight/87A_Pot_Early.jpg,Potato leaf early blight/00991_d6031dd60efad841.jpg,d6031dd60efad84167f6cba8ca253d211c0615720bb802c53833b7ef234a21d5,6f2b3e4b2d272735,JPEG,RGB,400,267,18518,original,APPROVED_CANDIDATE
PlantDoc,5467f6012d78d1c446145d5f582da6096f852ae8,training_candidate,Potato leaf early blight,MATCHED,Potato Early blight,train/Potato leaf early blight/AF_news_p4_p5_p6_Blight.jpg,Potato leaf early blight/00992_a10d18383acf24fc.jpg,a10d18383acf24fc659ef606a4df9d97e8fcd5427a9244162f46975a561e7d24,dbc9c9602161ebe2,JPEG,RGB,1100,619,73900,original,APPROVED_CANDIDATE
PlantDoc,5467f6012d78d1c446145d5f582da6096f852ae8,training_candidate,Potato leaf early blight,MATCHED,Potato Early blight,train/Potato leaf early blight/AGS-154646-S-5801.jpg,Potato leaf early blight/00993_572e7706e2008ab5.jpg,572e7706e2008ab58703883916e427934826cee4513efdcd46044ae737a944df,0f07363272720c04,JPEG,RGB,514,359,48245,original,APPROVED_CANDIDATE
PlantDoc,5467f6012d78d1c446145d5f582da6096f852ae8,training_candidate,Potato leaf early blight,MATCHED,Potato Early blight,train/Potato leaf early blight/B2650214-Potato_leaf_blight-SPL.jpg,Potato leaf early blight/00994_18a91f30ec4c4388.jpg,18a91f30ec4c438806cdf5c8ae3d6d8be85870e7d05ea5bce0cc78023bfce5a9,5993838727379318,JPEG,RGB,800,580,200198,original,APPROVED_CANDIDATE
PlantDoc,5467f6012d78d1c446145d5f582da6096f852ae8,training_candidate,Potato leaf early blight,MATCHED,Potato Early blight,train/Potato leaf early blight/Blght.jpg,Potato leaf early blight/00995_8300fc21b4e6d93c.jpg,8300fc21b4e6d93c481a75ffc201988fa280af06f8f2fbc8d13e45b479b71325,9b931b31732f1b9b,JPEG,RGB,2400,1800,748545,original,NEEDS_MANUAL_REVIEW
PlantDoc,5467f6012d78d1c446145d5f582da6096f852ae8,training_candidate,Potato leaf early blight,MATCHED,Potato Early blight,train/Potato leaf early blight/Blight-leaf-.jpg,Potato leaf early blight/00996_64fadc207d3a32ea.jpg,64fadc207d3a32eace7aa4ee0ba2e49a3f3ca32e8ccfbfc0014583c9965e6c18,265a3f0d39763d38,JPEG,RGB,547,546,89406,original,APPROVED_CANDIDATE
PlantDoc,5467f6012d78d1c446145d5f582da6096f852ae8,training_candidate,Potato leaf early blight,MATCHED,Potato Early blight,train/Potato leaf early blight/Close-up-view-of-blight-lesion-on-leaf-of-potato-c-Blackthorn-Arable-615x346.jpg,Potato leaf early blight/00997_91d077ba3f6d3941.jpg,91d077ba3f6d3941d91ed750a19e8f44f3b597e42492eb97ee87e7ce17f7396b,33130eccdb333a1a,JPEG,RGB,615,346,60825,original,APPROVED_CANDIDATE
PlantDoc,5467f6012d78d1c446145d5f582da6096f852ae8,training_candidate,Potato leaf early blight,MATCHED,Potato Early blight,train/Potato leaf early blight/EB%20lesions1_opt.jpeg.jpg,Potato leaf early blight/00998_69fcef346a429b1a.jpg,69fcef346a429b1a0e101b1350b8b75cbc5fa5637b414d15cfbe8248bb1743cb,e94b4e8d4d7cac2e,JPEG,RGB,576,386,67404,original,APPROVED_CANDIDATE
PlantDoc,5467f6012d78d1c446145d5f582da6096f852ae8,training_candidate,Potato leaf early blight,MATCHED,Potato Early blight,train/Potato leaf early blight/Early%20Blight%20-%20Potatoes.ashx?w=350.jpg,Potato leaf early blight/00999_a85f4eaf371d93f8.jpg,a85f4eaf371d93f8b9bc1a1ed4a2fb290b6cc15d38a7069d552d816fef3832c2,260e238141464c64,JPEG,RGB,350,233,34994,original,APPROVED_CANDIDATE
PlantDoc,5467f6012d78d1c446145d5f582da6096f852ae8,training_candidate,Potato leaf early blight,MATCHED,Potato Early blight,train/Potato leaf early blight/Early-Blight-Leaves-56a348bf3df78cf7727cb35e.jpg,Potato leaf early blight/01000_32c2acfef0fe441b.jpg,32c2acfef0fe441ba45e0d70f1d286e85ffebc4ecff3cad263939b036ce73e14,fbc3c7d9d8e3e3b7,JPEG,RGB,768,768,79718,original,NEEDS_MANUAL_REVIEW
PlantDoc,5467f6012d78d1c446145d5f582da6096f852ae8,training_candidate,Potato leaf early blight,MATCHED,Potato Early blight,train/Potato leaf early blight/Early-Blight-UK-A.jpg,Potato leaf early blight/01001_1640f9d4bd61114b.jpg,1640f9d4bd61114b47dad63e576ae4b5bfede6db9ed1b6986d528f5755e3bd0b,07071b9f9f1f190f,JPEG,RGB,768,576,95966,original,APPROVED_CANDIDATE
PlantDoc,5467f6012d78d1c446145d5f582da6096f852ae8,training_candidate,Potato leaf early blight,MATCHED,Potato Early blight,train/Potato leaf early blight/Early_Blight_of_Tomato177.jpg,Potato leaf early blight/01002_9564fb41e4b31345.jpg,9564fb41e4b31345aeb76c204be4824d8e27d0881fdff0afeff2cb56a3b8b3d2,8b11232dd3473631,JPEG,RGB,800,600,41037,original,APPROVED_CANDIDATE
PlantDoc,5467f6012d78d1c446145d5f582da6096f852ae8,training_candidate,Potato leaf early blight,MATCHED,Potato Early blight,train/Potato leaf early blight/Early_blight_on_tomato_leaves_7871930010-Fairfax.jpg,Potato leaf early blight/01003_c293b96906509413.jpg,c293b969065094134b5dd96e1ea7e158cf79b01f8c67a5fc403216905563c974,543268384c8cad79,JPEG,RGB,800,500,109794,original,APPROVED_CANDIDATE
PlantDoc,5467f6012d78d1c446145d5f582da6096f852ae8,training_candidate,Potato leaf early blight,MATCHED,Potato Early blight,train/Potato leaf early blight/IMG_0014.jpg,Potato leaf early blight/01004_868ae5706f481a26.jpg,868ae5706f481a26f30fc76dec6c107896bedd45e24d04f6c360754169422a1f,4f3171e9f961699c,JPEG,RGB,4000,3000,1772671,original,APPROVED_CANDIDATE
PlantDoc,5467f6012d78d1c446145d5f582da6096f852ae8,training_candidate,Potato leaf early blight,MATCHED,Potato Early blight,train/Potato leaf early blight/IMG_0020.jpg,Potato leaf early blight/01005_a7a431c8f1eeffa8.jpg,a7a431c8f1eeffa8e27adfe03998f50af6cfb6a54db6bd3dc0fd41e16ae644b6,6f63737964e48cfc,JPEG,RGB,4000,3000,2415965,original,APPROVED_CANDIDATE
PlantDoc,5467f6012d78d1c446145d5f582da6096f852ae8,training_candidate,Potato leaf early blight,MATCHED,Potato Early blight,train/Potato leaf early blight/IMG_0022.jpg,Potato leaf early blight/01006_9078808f466dbf81.jpg,9078808f466dbf81bc32b97e53850b9df414dbe855e369b519706b62ef96e4c9,b391f1f0eee4f4f4,JPEG,RGB,4000,2374,2455234,original,APPROVED_CANDIDATE
PlantDoc,5467f6012d78d1c446145d5f582da6096f852ae8,training_candidate,Potato leaf early blight,MATCHED,Potato Early blight,train/Potato leaf early blight/IMG_9055.JPG.jpg,Potato leaf early blight/01007_f24fc176c4c0a18e.jpg,f24fc176c4c0a18e65185c1ade695c8debd2fb70d4c8e1c809b662c43c9ddf08,97868c84ae8d4cec,JPEG,RGB,640,480,90562,original,NEEDS_MANUAL_REVIEW
PlantDoc,5467f6012d78d1c446145d5f582da6096f852ae8,training_candidate,Potato leaf early blight,MATCHED,Potato Early blight,train/Potato leaf early blight/Leaves-with-early-blight-need-to-be-removed-225x300.jpg,Potato leaf early blight/01008_50a0969b769b8556.jpg,50a0969b769b8556c314fb467dfa2efb8213060a877c78b66c1488c62517300d,67cc3637969f9315,JPEG,RGB,225,300,56092,original,APPROVED_CANDIDATE
PlantDoc,5467f6012d78d1c446145d5f582da6096f852ae8,training_candidate,Potato leaf early blight,MATCHED,Potato Early blight,train/Potato leaf early blight/PHYTIN23.img.jpg,Potato leaf early blight/01009_7a69f8023dc13c8c.jpg,7a69f8023dc13c8c30756c1e337b7c59c6370328745ee59dc3026480dde467f3,31a8e06b01806010,JPEG,RGB,520,400,68209,original,APPROVED_CANDIDATE
PlantDoc,5467f6012d78d1c446145d5f582da6096f852ae8,training_candidate,Potato leaf early blight,MATCHED,Potato Early blight,train/Potato leaf early blight/Potato-Blight-Infecting-Leaves.jpg,Potato leaf early blight/01010_2835ab633d11ed48.jpg,2835ab633d11ed4840e493a0bdf30ff02cc6e9e7bdc3ee180e23a9fa4d26da53,842b8b9d9006664e,JPEG,RGB,816,612,126510,original,APPROVED_CANDIDATE
PlantDoc,5467f6012d78d1c446145d5f582da6096f852ae8,training_candidate,Potato leaf early blight,MATCHED,Potato Early blight,train/Potato leaf early blight/Potato-Blight-on-Leaves.jpg,Potato leaf early blight/01011_ba191160d95e5251.jpg,ba191160d95e5251c4981473d5411900642d7e1e32c4f79d3ab9bceb2bcb1201,377d3d3d3e3aaf37,JPEG,RGB,1240,699,161644,original,APPROVED_CANDIDATE
PlantDoc,5467f6012d78d1c446145d5f582da6096f852ae8,training_candidate,Potato leaf early blight,MATCHED,Potato Early blight,train/Potato leaf early blight/Potato-blight-leaves-B.jpg,Potato leaf early blight/01012_4609c3a996872ad4.jpg,4609c3a996872ad426aa00a4e17dfe75359cb9137c8bb8c654c5909cd081b874,a72d95a6e4e8646c,JPEG,RGB,668,363,109986,original,APPROVED_CANDIDATE
PlantDoc,5467f6012d78d1c446145d5f582da6096f852ae8,training_candidate,Potato leaf early blight,MATCHED,Potato Early blight,train/Potato leaf early blight/Potato-blight-on-leaf.jpg,Potato leaf early blight/01013_559f5cb7d8054fde.jpg,559f5cb7d8054fde0aca625cece2d58b6ee1f13ac740e6ac74384b7c846ad4f2,dbcf6646374e4a69,JPEG,RGB,566,566,125815,original,APPROVED_CANDIDATE
PlantDoc,5467f6012d78d1c446145d5f582da6096f852ae8,training_candidate,Potato leaf early blight,MATCHED,Potato Early blight,train/Potato leaf early blight/Potato-earlyblight2.jpg,Potato leaf early blight/01014_4f52d7b4258c742f.jpg,4f52d7b4258c742f1ac02e2ff8d1d8e572c2a2c15a959221e0ab63cd89cefab2,0f37735b1c07271f,JPEG,RGB,300,197,12073,original,APPROVED_CANDIDATE
PlantDoc,5467f6012d78d1c446145d5f582da6096f852ae8,training_candidate,Potato leaf early blight,MATCHED,Potato Early blight,train/Potato leaf early blight/Potato_Blight_Leaf.jpg,Potato leaf early blight/01015_bfbf2298e7ba8634.jpg,bfbf2298e7ba8634b43dbc57dc648518c0bd19b9c32eb1d5714437e8e4949cea,18b6a9dbce6af372,JPEG,RGB,3071,2062,512765,original,APPROVED_CANDIDATE
PlantDoc,5467f6012d78d1c446145d5f582da6096f852ae8,training_candidate,Potato leaf early blight,MATCHED,Potato Early blight,train/Potato leaf early blight/Potato_Early_Blight_%26_Late_Blight.jpg,Potato leaf early blight/01016_9d8cc89933bb4c38.jpg,9d8cc89933bb4c3871bbc2885ab9e0af020b56d7f92caa735018f77bf90eeca5,92938418586473a2,JPEG,RGB,500,343,211747,original,APPROVED_CANDIDATE
PlantDoc,5467f6012d78d1c446145d5f582da6096f852ae8,training_candidate,Potato leaf early blight,MATCHED,Potato Early blight,train/Potato leaf early blight/a_solani.jpg,Potato leaf early blight/01017_f1f04786211738e0.jpg,f1f04786211738e0e754310a53c3f26fd4cfd473a51e857216a9872e1a1e28ff,8d8d8d859f8e8c0d,JPEG,RGB,742,472,65453,original,APPROVED_CANDIDATE
PlantDoc,5467f6012d78d1c446145d5f582da6096f852ae8,training_candidate,Potato leaf early blight,MATCHED,Potato Early blight,train/Potato leaf early blight/agriculture-potato-early-blight-leaf-symptoms-on-a-potato-leaf-caused-picture-id586884353.jpg,Potato leaf early blight/01018_422e28353cebceb5.jpg,422e28353cebceb5268c559563c515561e1347918af781b408f9dc63cc91558e,68eed287861396c7,JPEG,RGB,1024,690,490741,original,APPROVED_CANDIDATE
PlantDoc,5467f6012d78d1c446145d5f582da6096f852ae8,training_candidate,Potato leaf early blight,MATCHED,Potato Early blight,train/Potato leaf early blight/alternaria%20%2824%29.JPG.jpg,Potato leaf early blight/01019_2d5462b68aaafd47.jpg,2d5462b68aaafd4700f2586d21f6bbd569f634d86b1958a5011aa2345592d71c,86071b3e163c38d8,JPEG,RGB,3648,2736,1971798,original,APPROVED_CANDIDATE
PlantDoc,5467f6012d78d1c446145d5f582da6096f852ae8,training_candidate,Potato leaf early blight,MATCHED,Potato Early blight,train/Potato leaf early blight/backus-045-potato-blight.jpg,Potato leaf early blight/01020_d472ecfbcce11cbb.jpg,d472ecfbcce11cbb8448f6598427e6a8ba7cca3b2526636a37752d19cbffb2a5,cb67028acd921321,JPEG,RGB,2848,2136,1493896,original,NEEDS_MANUAL_REVIEW
PlantDoc,5467f6012d78d1c446145d5f582da6096f852ae8,training_candidate,Potato leaf early blight,MATCHED,Potato Early blight,train/Potato leaf early blight/blight-2x.jpg,Potato leaf early blight/01021_53ccad105d637bee.jpg,53ccad105d637bee5850d2193b36743b9454c2fb39d897cf5e42b015aac6da82,391ddc9c4ee62dcf,JPEG,RGB,750,350,51488,original,APPROVED_CANDIDATE
PlantDoc,5467f6012d78d1c446145d5f582da6096f852ae8,training_candidate,Potato leaf early blight,MATCHED,Potato Early blight,train/Potato leaf early blight/blight-leaf-top.jpg,Potato leaf early blight/01022_a72f376827de40fe.jpg,a72f376827de40fefef7c751713bcccc0878e74bb09507eb77e6233d3bb3923f,e4c2cacadaf1c7cd,JPEG,RGB,727,617,108571,original,APPROVED_CANDIDATE
PlantDoc,5467f6012d78d1c446145d5f582da6096f852ae8,training_candidate,Potato leaf early blight,MATCHED,Potato Early blight,train/Potato leaf early blight/blighted-potatoe-leave.jpg,Potato leaf early blight/01023_034acb763ff9aa34.jpg,034acb763ff9aa34965c897a431f104ec7f7f9831a281f03fb65557d63cf441d,0494cc48481233e0,JPEG,RGB,640,480,42150,original,APPROVED_CANDIDATE
PlantDoc,5467f6012d78d1c446145d5f582da6096f852ae8,training_candidate,Potato leaf early blight,MATCHED,Potato Early blight,train/Potato leaf early blight/cq5dam.web.16-9.8.jpg,Potato leaf early blight/01024_08ac2c59b8d6ecc4.jpg,08ac2c59b8d6ecc4160d3b4600ea22ff9c90df93c708992116f8283cd102b6fe,d0121b1c04041318,JPEG,RGB,750,422,184337,original,APPROVED_CANDIDATE
PlantDoc,5467f6012d78d1c446145d5f582da6096f852ae8,training_candidate,Potato leaf early blight,MATCHED,Potato Early blight,train/Potato leaf early blight/early%20blight.tom_.jpg,Potato leaf early blight/01025_55b98d846ea8f41e.jpg,55b98d846ea8f41e2b14724eb275fa0dd19d0556102b01ae4295b9346f2b229a,369ed4dcdc549414,JPEG,RGB,550,385,130180,original,APPROVED_CANDIDATE
PlantDoc,5467f6012d78d1c446145d5f582da6096f852ae8,training_candidate,Potato leaf early blight,MATCHED,Potato Early blight,train/Potato leaf early blight/early-blight-2.jpg,Potato leaf early blight/01026_e587791cc6ac3c30.jpg,e587791cc6ac3c30742b1e0dce123aa8cfac0ae438d16f4baf97785832d8d87f,cde6b93c3d994be1,JPEG,RGB,590,443,25222,original,APPROVED_CANDIDATE
PlantDoc,5467f6012d78d1c446145d5f582da6096f852ae8,training_candidate,Potato leaf early blight,MATCHED,Potato Early blight,train/Potato leaf early blight/early-blight-alternaria-alternata-leaf-spotting-on-potato-leaf-ACG5WF.jpg,Potato leaf early blight/01027_4dfcfdd54e7ae5ee.jpg,4dfcfdd54e7ae5ee94e13e6d104cbc74089f7854c6ff5c22fe135c263f6c5218,64870f3b0f0e0df0,JPEG,RGB,1300,1199,220696,original,APPROVED_CANDIDATE
PlantDoc,5467f6012d78d1c446145d5f582da6096f852ae8,training_candidate,Potato leaf early blight,MATCHED,Potato Early blight,train/Potato leaf early blight/early-blight-closeup-NCSU.jpg,Potato leaf early blight/01028_e81e3a070908de5a.jpg,e81e3a070908de5a356b6a7b503744c3f6db9abdb95f32694631ac95ba96f583,340d8d8bab8b8796,JPEG,RGB,454,291,122927,original,NEEDS_MANUAL_REVIEW
PlantDoc,5467f6012d78d1c446145d5f582da6096f852ae8,training_candidate,Potato leaf early blight,MATCHED,Potato Early blight,train/Potato leaf early blight/early-blight-cmyk-opt.jpeg.jpg,Potato leaf early blight/01029_0aedfcf2a695ecfa.jpg,0aedfcf2a695ecfa37585861841b6ae3ed07e08f202bfdb1cbba73fea2df5145,1f17236323331326,JPEG,RGB,396,385,94058,original,APPROVED_CANDIDATE
PlantDoc,5467f6012d78d1c446145d5f582da6096f852ae8,training_candidate,Potato leaf early blight,MATCHED,Potato Early blight,train/Potato leaf early blight/early-blight-courtesy-Melanson-MS-State-U-Ext-Bugwood.jpg,Potato leaf early blight/01030_ece3a091bebf8b0c.jpg,ece3a091bebf8b0cddcee6e91583e3ff776614a19cebcc048319e37ccd809c9c,3733ab973909838f,JPEG,RGB,400,533,112123,original,APPROVED_CANDIDATE
PlantDoc,5467f6012d78d1c446145d5f582da6096f852ae8,training_candidate,Potato leaf early blight,MATCHED,Potato Early blight,train/Potato leaf early blight/early-blight-or-target-spot-alternaria-solani-lesions-on-a-tomato-by9j8r.jpg,Potato leaf early blight/01031_c875391c0eb5d614.jpg,c875391c0eb5d614a7b7aac573b46a0a98ae97830bfc0b77a93f765f95e95918,2d0d8f26236b5313,JPEG,RGB,307,320,36256,original,NEEDS_MANUAL_REVIEW
PlantDoc,5467f6012d78d1c446145d5f582da6096f852ae8,training_candidate,Potato leaf early blight,MATCHED,Potato Early blight,train/Potato leaf early blight/early-blight-or-targfet-spot-alternaria-solani-lesions-on-a-tomato-ACG8W6.jpg,Potato leaf early blight/01032_088123f744ce4eb1.jpg,088123f744ce4eb19e90e54bcd50d2e4d6b19f0a791c5a9834b320b24108767b,b9332b9d9745139e,JPEG,RGB,1300,1065,312117,original,APPROVED_CANDIDATE
PlantDoc,5467f6012d78d1c446145d5f582da6096f852ae8,training_candidate,Potato leaf early blight,MATCHED,Potato Early blight,train/Potato leaf early blight/early-blight-potatoes.jpg,Potato leaf early blight/01033_6ca3684c43951ecc.jpg,6ca3684c43951eccd9a77b6d7d3223b9e042ed7f4d7c4585d4ca08e48e9b0d7a,ac941e67b1ab3634,JPEG,RGB,1536,1005,195296,original,APPROVED_CANDIDATE
PlantDoc,5467f6012d78d1c446145d5f582da6096f852ae8,training_candidate,Potato leaf early blight,MATCHED,Potato Early blight,train/Potato leaf early blight/early-blight-septoria-ls-fig-1.jpg,Potato leaf early blight/01034_3ce6fea778c66b8f.jpg,3ce6fea778c66b8fa9793596ce1c501517ebd5157f2a84946c2524b94468435e,2b23cc4c4466e6e3,JPEG,RGB,1500,844,850879,original,APPROVED_CANDIDATE
PlantDoc,5467f6012d78d1c446145d5f582da6096f852ae8,training_candidate,Potato leaf early blight,MATCHED,Potato Early blight,train/Potato leaf early blight/early_blight1.jpg,Potato leaf early blight/01035_a05518985128ded3.jpg,a05518985128ded3416b3290af75913b87603a6586a088fafe3fafd4d5e7bba6,6686333365450b83,JPEG,RGB,600,265,47263,original,APPROVED_CANDIDATE
PlantDoc,5467f6012d78d1c446145d5f582da6096f852ae8,training_candidate,Potato leaf early blight,MATCHED,Potato Early blight,train/Potato leaf early blight/earlyblight21.jpg,Potato leaf early blight/01036_e94abbf4f82572b7.jpg,e94abbf4f82572b74f54dc474260e0631c2b58daa9cf91a0da4a57fb058f0514,24491ddc2f8ed3e0,JPEG,RGB,681,510,62985,original,APPROVED_CANDIDATE
PlantDoc,5467f6012d78d1c446145d5f582da6096f852ae8,training_candidate,Potato leaf early blight,MATCHED,Potato Early blight,train/Potato leaf early blight/eb2.jpg,Potato leaf early blight/01037_8d7ce74b8249967d.jpg,8d7ce74b8249967dacc36342904f0a7b1da9aa36d1a9090cd5cf62549801b094,54705326058c1a04,JPEG,RGB,500,375,54016,original,APPROVED_CANDIDATE
PlantDoc,5467f6012d78d1c446145d5f582da6096f852ae8,training_candidate,Potato leaf early blight,MATCHED,Potato Early blight,train/Potato leaf early blight/f1078eef6945e3430829706f84bf70c0.jpg,Potato leaf early blight/01038_676431791e350fc8.jpg,676431791e350fc8b657019fb46f6f8ddce2dcc30812c8b2ddc2f9852ea0197f,7b5f4fdbbb2d5e3b,JPEG,RGB,490,325,48104,original,APPROVED_CANDIDATE
PlantDoc,5467f6012d78d1c446145d5f582da6096f852ae8,training_candidate,Potato leaf early blight,MATCHED,Potato Early blight,train/Potato leaf early blight/f204d9b6516c961f48502e0b7ae3f746.jpg,Potato leaf early blight/01039_95c3ad8343830352.jpg,95c3ad83438303527a123244d6b36a1cfaed20e7c1c68a06424ab7d5ba30c787,2c4ccc98b236f64f,JPEG,RGB,420,420,31512,original,APPROVED_CANDIDATE
PlantDoc,5467f6012d78d1c446145d5f582da6096f852ae8,training_candidate,Potato leaf early blight,MATCHED,Potato Early blight,train/Potato leaf early blight/fac66s01a.jpg,Potato leaf early blight/01040_0202f4660c7fd962.jpg,0202f4660c7fd962504c28cb07bca0bd5cbd8453e3fe0c8003e27c8c388c1187,514b471433abb918,JPEG,RGB,448,311,21240,original,APPROVED_CANDIDATE
PlantDoc,5467f6012d78d1c446145d5f582da6096f852ae8,training_candidate,Potato leaf early blight,MATCHED,Potato Early blight,train/Potato leaf early blight/fac66s01h.jpg,Potato leaf early blight/01041_accaabad3e125ac0.jpg,accaabad3e125ac091e2f50e8a658847f5898a2298205c474e1630dc0e395e42,c40e3bb6b6e4f2f0,JPEG,RGB,316,228,11471,original,APPROVED_CANDIDATE
PlantDoc,5467f6012d78d1c446145d5f582da6096f852ae8,training_candidate,Potato leaf early blight,MATCHED,Potato Early blight,train/Potato leaf early blight/fi000294.jpg,Potato leaf early blight/01042_ca2facca88c49276.jpg,ca2facca88c49276e79ca4f97b683fb230b77380f852995b1344e73a2ff5b66b,b23c7c5687363757,JPEG,RGB,575,383,321070,original,APPROVED_CANDIDATE
PlantDoc,5467f6012d78d1c446145d5f582da6096f852ae8,training_candidate,Potato leaf early blight,MATCHED,Potato Early blight,train/Potato leaf early blight/home-design.jpg,Potato leaf early blight/01043_533d05eb4ac7a4a1.jpg,533d05eb4ac7a4a13588481053195eddffa421dea5a98d9f7105b242e57cb8c1,4edebfe5fc379e98,JPEG,RGB,500,500,70890,original,APPROVED_CANDIDATE
PlantDoc,5467f6012d78d1c446145d5f582da6096f852ae8,training_candidate,Potato leaf early blight,MATCHED,Potato Early blight,train/Potato leaf early blight/irish-blight-symptoms-on-potato-leaves-atmf8b.jpg,Potato leaf early blight/01044_9dd93b4217495fbb.jpg,9dd93b4217495fbb725cfdded86d3dc5f98955c9616fff5323be1a00df17be8b,31f0f96969613232,JPEG,RGB,640,437,56066,original,EXCLUDE_FROM_TRAINING
PlantDoc,5467f6012d78d1c446145d5f582da6096f852ae8,training_candidate,Potato leaf early blight,MATCHED,Potato Early blight,train/Potato leaf early blight/maxresdefault.jpg,Potato leaf early blight/01045_ad5552668530c4ae.jpg,ad5552668530c4aeb836eadb3c08cc2d22dd053a3e156d046e243c6ad5c7c751,5a78b634107e3acb,JPEG,RGB,1280,720,165771,original,APPROVED_CANDIDATE
PlantDoc,5467f6012d78d1c446145d5f582da6096f852ae8,training_candidate,Potato leaf early blight,MATCHED,Potato Early blight,train/Potato leaf early blight/pe-mi-lateblightleaf.jpg,Potato leaf early blight/01046_723a7883c4d07ead.jpg,723a7883c4d07eadccf9aa726a0a95cbe9618ee1af86c8612eea4e75472ec655,4b6d45597d6969e9,JPEG,RGB,620,349,29595,original,APPROVED_CANDIDATE
PlantDoc,5467f6012d78d1c446145d5f582da6096f852ae8,training_candidate,Potato leaf early blight,MATCHED,Potato Early blight,train/Potato leaf early blight/potato-blight-damage-on-leaves-caused-by-fungus-phytophthora-picture-id505322893.jpg,Potato leaf early blight/01047_fcd4875dd0af6750.jpg,fcd4875dd0af67502f9ce3ed52810a54460f140b3bb7e92afff5ebac9574b11b,e347264d0c84ac3e,JPEG,RGB,681,1024,292778,original,APPROVED_CANDIDATE
PlantDoc,5467f6012d78d1c446145d5f582da6096f852ae8,training_candidate,Potato leaf early blight,MATCHED,Potato Early blight,train/Potato leaf early blight/potato-blight-leaf.jpg,Potato leaf early blight/01048_37ea445206483333.jpg,37ea445206483333bdb2e6a3f5265d7afa8148bed155f7a7e5ce55f4ab44f1db,b2706ccccce8ec33,JPEG,RGB,800,936,78391,original,APPROVED_CANDIDATE
PlantDoc,5467f6012d78d1c446145d5f582da6096f852ae8,training_candidate,Potato leaf early blight,MATCHED,Potato Early blight,train/Potato leaf early blight/potato-blight-phytophora-infestans-close-up-of-infected-leaf-showing-A60HXN.jpg,Potato leaf early blight/01049_79aeef9fa53b2e2e.jpg,79aeef9fa53b2e2ea083e27bb9a5952643ea3424b64be79d85fde27ddc9e4194,9e4f6359175b0f96,JPEG,RGB,1300,956,241221,original,APPROVED_CANDIDATE
PlantDoc,5467f6012d78d1c446145d5f582da6096f852ae8,training_candidate,Potato leaf early blight,MATCHED,Potato Early blight,train/Potato leaf early blight/potato-blight-phytophora-infestans-close-up-of-infected-leaf-showing-a60hxn.jpg,Potato leaf early blight/01050_0ea1317f5e200dde.jpg,0ea1317f5e200ddec3cfadee3b1815620f2a49506c1838a23f69555f5d7d7d1b,9e4f675b175b6d0f,JPEG,RGB,640,447,113078,original,APPROVED_CANDIDATE
PlantDoc,5467f6012d78d1c446145d5f582da6096f852ae8,training_candidate,Potato leaf early blight,MATCHED,Potato Early blight,train/Potato leaf early blight/potato-blight-phytophora-infestans-close-up-of-infected-leaf-top-surface-a60hxg.jpg,Potato leaf early blight/01051_47f33aabcb6649bc.jpg,47f33aabcb6649bcec07f85fcdde007062cb9ac4a0f0392ea8f79853b619ee85,a5c78b8723270d19,JPEG,RGB,640,447,100048,original,APPROVED_CANDIDATE
PlantDoc,5467f6012d78d1c446145d5f582da6096f852ae8,training_candidate,Potato leaf early blight,MATCHED,Potato Early blight,train/Potato leaf early blight/potato-blight-phytophthora-infestans-close-up-of-upper-surface-of-bmmrxd.jpg,Potato leaf early blight/01052_9c99fca0d258d9bf.jpg,9c99fca0d258d9bfd25ac53bbf59d91616563924456b75f4e864bc4993c60f3a,afa995d732304070,JPEG,RGB,640,447,66090,original,APPROVED_CANDIDATE
PlantDoc,5467f6012d78d1c446145d5f582da6096f852ae8,training_candidate,Potato leaf early blight,MATCHED,Potato Early blight,train/Potato leaf early blight/potato-blight-phytophthora-infestans-showing-infected-leaf-top-surface-bmmrtd.jpg,Potato leaf early blight/01053_004a6826c8a076db.jpg,004a6826c8a076db0e5f33a5c8333a6bbe14da994c15084b3b3038db40aa2344,2676333138191c74,JPEG,RGB,640,447,65057,original,APPROVED_CANDIDATE
PlantDoc,5467f6012d78d1c446145d5f582da6096f852ae8,training_candidate,Potato leaf early blight,MATCHED,Potato Early blight,train/Potato leaf early blight/potato-blight-showing-on-potato-plant-leaves-KJ70DB.jpg,Potato leaf early blight/01054_6500a6737107dc74.jpg,6500a6737107dc74243e8c5c87ab8e254354d104a598acbbd641675437489323,3066839d2c6a6258,JPEG,RGB,866,1390,125985,original,APPROVED_CANDIDATE
PlantDoc,5467f6012d78d1c446145d5f582da6096f852ae8,training_candidate,Potato leaf early blight,MATCHED,Potato Early blight,train/Potato leaf early blight/potato-early-blight-alternaria-alternata-discreet-lesions-on-a-potato-BY651F.jpg,Potato leaf early blight/01055_250a53f61fd2404b.jpg,250a53f61fd2404bc6eaaa527cae21f0fb2eceff5e77ef5b412d6d1a943bbcee,13cf1f1f2e8c0434,JPEG,RGB,1300,1181,240191,original,APPROVED_CANDIDATE
PlantDoc,5467f6012d78d1c446145d5f582da6096f852ae8,training_candidate,Potato leaf early blight,MATCHED,Potato Early blight,train/Potato leaf early blight/potato-early-blight-alternaria-alternata-lesion-on-a-potato-leaf-X96EFD.jpg,Potato leaf early blight/01056_a6eaed0ba93463b5.jpg,a6eaed0ba93463b51369ec7da6d6c9d067f6a9ea13a2ed9414f9a1a12cf2ec27,c41c1c0e6e1614f0,JPEG,RGB,1300,1238,218209,original,APPROVED_CANDIDATE
PlantDoc,5467f6012d78d1c446145d5f582da6096f852ae8,training_candidate,Potato leaf early blight,MATCHED,Potato Early blight,train/Potato leaf early blight/potato-early-blight-alternaria-alternata-lesions-on-a-potato-leaf-by650f.jpg,Potato leaf early blight/01057_97b73efd28d131b1.jpg,97b73efd28d131b139e46338f8bd64e80b91e470c69fd7012eb69cdc3ad30a55,044009072f330466,JPEG,RGB,379,320,29739,original,APPROVED_CANDIDATE
PlantDoc,5467f6012d78d1c446145d5f582da6096f852ae8,training_candidate,Potato leaf early blight,MATCHED,Potato Early blight,train/Potato leaf early blight/potato-early-blight-alternaria-alternata-lesions-on-potato-leaf-XDF64E.jpg,Potato leaf early blight/01058_0886fb5a46ae7a49.jpg,0886fb5a46ae7a49cddb6e9c2fbdcee85ff56d5bdf585cecb918dcfb0fc395e9,26674bdb560c71e1,JPEG,RGB,1257,1390,250057,original,APPROVED_CANDIDATE
PlantDoc,5467f6012d78d1c446145d5f582da6096f852ae8,training_candidate,Potato leaf early blight,MATCHED,Potato Early blight,train/Potato leaf early blight/potato-early-blight-alternaria-alternata-target-spot-lesion-on-a-potato-leaf-x63fwh.jpg,Potato leaf early blight/01059_fdf95540c32a5001.jpg,fdf95540c32a5001a41fcc121335d444f3675ee5ef8550f1f66fd5f668106fcb,cd0f9b3b2f2e1870,JPEG,RGB,340,320,46508,original,APPROVED_CANDIDATE
PlantDoc,5467f6012d78d1c446145d5f582da6096f852ae8,training_candidate,Potato leaf early blight,MATCHED,Potato Early blight,train/Potato leaf early blight/potato-early-blight-alternaria-alternata-target-spot-lesions-on-a-by64yw.jpg,Potato leaf early blight/01060_881028829d03f24e.jpg,881028829d03f24ec1a2e47e2de5e352b188a3d5a7dfe469314e4bfb3b5a43e9,63332e325ec44263,JPEG,RGB,640,519,103579,original,APPROVED_CANDIDATE
PlantDoc,5467f6012d78d1c446145d5f582da6096f852ae8,training_candidate,Potato leaf early blight,MATCHED,Potato Early blight,train/Potato leaf early blight/potato-early-blight-lesion-on-a-potato-leaf-picture-id81781211.jpg,Potato leaf early blight/01061_fe9ef9ce817e1bc5.jpg,fe9ef9ce817e1bc532faa12d2ba4ee71cd1731b9d2a81d7b0f9683bc3596fc2a,4c0e2627818bc5f3,JPEG,RGB,1024,904,482241,original,APPROVED_CANDIDATE
PlantDoc,5467f6012d78d1c446145d5f582da6096f852ae8,training_candidate,Potato leaf early blight,MATCHED,Potato Early blight,train/Potato leaf early blight/potato_alternaria_03_zoom.jpg,Potato leaf early blight/01062_379f08cb74cab5e2.jpg,379f08cb74cab5e2059644b4f2e0568ca27b753dfb2de0ca3ca2fed12855f600,9fae2c3a1b2b6692,JPEG,RGB,900,743,179886,original,APPROVED_CANDIDATE
PlantDoc,5467f6012d78d1c446145d5f582da6096f852ae8,training_candidate,Potato leaf early blight,MATCHED,Potato Early blight,train/Potato leaf early blight/potato_alternaria_04_zoom.jpg,Potato leaf early blight/01063_54dbdd9db6fbeac1.jpg,54dbdd9db6fbeac10e6e0706f9a15570771dc061dd97eb093ba3a06557864e02,2b39b3a6861e1d4d,JPEG,RGB,800,887,251110,original,APPROVED_CANDIDATE
PlantDoc,5467f6012d78d1c446145d5f582da6096f852ae8,training_candidate,Potato leaf early blight,MATCHED,Potato Early blight,train/Potato leaf early blight/potato_early-blight_01_zoom.jpg,Potato leaf early blight/01064_f457be74c849a5b1.jpg,f457be74c849a5b1fbc43de16ca98fe68e4cdfb29aeb8944772ee1579511e731,a0a8aca4b0b4b8bc,JPEG,RGB,900,692,301296,original,APPROVED_CANDIDATE
PlantDoc,5467f6012d78d1c446145d5f582da6096f852ae8,training_candidate,Potato leaf early blight,MATCHED,Potato Early blight,train/Potato leaf early blight/potato_early-blight_02_zoom.jpg,Potato leaf early blight/01065_204453c7c8d9b815.jpg,204453c7c8d9b8150f517071876460bba0b1e4bdaea15eb7154db5d10bc0d1ca,321010b24234391b,JPEG,RGB,900,610,181019,original,APPROVED_CANDIDATE
PlantDoc,5467f6012d78d1c446145d5f582da6096f852ae8,training_candidate,Potato leaf early blight,MATCHED,Potato Early blight,train/Potato leaf early blight/potato_early-blight_03_zoom.jpg,Potato leaf early blight/01066_f674f733d937998f.jpg,f674f733d937998fffcb74837136ebf0084677d1ba3a3c7886be6fa0b5cffa4d,cf1e3faf9dc927a7,JPEG,RGB,700,822,154981,original,APPROVED_CANDIDATE
PlantDoc,5467f6012d78d1c446145d5f582da6096f852ae8,training_candidate,Potato leaf early blight,MATCHED,Potato Early blight,train/Potato leaf early blight/potato_early-blight_04_zoom.jpg,Potato leaf early blight/01067_9878dcfe1929c3e4.jpg,9878dcfe1929c3e4428d92562907b6a8dc6646ba6914cba5d9472bb6b4946d3b,2537240540222814,JPEG,RGB,900,639,204346,original,APPROVED_CANDIDATE
PlantDoc,5467f6012d78d1c446145d5f582da6096f852ae8,training_candidate,Potato leaf early blight,MATCHED,Potato Early blight,train/Potato leaf early blight/potato_early-blight_05_zoom.jpg,Potato leaf early blight/01068_0f3a0033a6def68d.jpg,0f3a0033a6def68dfa5d243d1102047112652782dd7b95f95b7b8c0169ae427f,153e67e9a5e4ecae,JPEG,RGB,900,778,275145,original,APPROVED_CANDIDATE
PlantDoc,5467f6012d78d1c446145d5f582da6096f852ae8,training_candidate,Potato leaf early blight,MATCHED,Potato Early blight,train/Potato leaf early blight/potato_early-blight_06_zoom.jpg,Potato leaf early blight/01069_4a569e0c75adc1d9.jpg,4a569e0c75adc1d97b4db502c46640492a992b7563b6fd4e248d7974e9574d13,ac2e96d0584322e3,JPEG,RGB,900,662,219155,original,APPROVED_CANDIDATE
PlantDoc,5467f6012d78d1c446145d5f582da6096f852ae8,training_candidate,Potato leaf early blight,MATCHED,Potato Early blight,train/Potato leaf early blight/potatoaltkc.jpg,Potato leaf early blight/01070_84eca08987a0d36c.jpg,84eca08987a0d36c5ff656e9b9b27468edeb8451150aa68ea2adccb2d13ef8aa,b8b8eceed1dcd4d3,JPEG,RGB,900,600,62253,original,APPROVED_CANDIDATE
PlantDoc,5467f6012d78d1c446145d5f582da6096f852ae8,training_candidate,Potato leaf early blight,MATCHED,Potato Early blight,train/Potato leaf early blight/potatoearlyblight.jpg,Potato leaf early blight/01071_f12e98c0c995c450.jpg,f12e98c0c995c4507bb48111bc8d7c6034fce86081fb914b0eafd6997817dc80,bdb7473319185d35,JPEG,RGB,500,331,173143,original,APPROVED_CANDIDATE
PlantDoc,5467f6012d78d1c446145d5f582da6096f852ae8,training_candidate,Potato leaf early blight,MATCHED,Potato Early blight,train/Potato leaf early blight/potatoearlyblightcloseup_pdc.jpg,Potato leaf early blight/01072_deaa4732752ffead.jpg,deaa4732752ffeadeb20d0ca0fbe5df2e45915722a391471f3fb51285d02ed22,2e07070f1d199949,JPEG,RGB,328,288,16111,original,APPROVED_CANDIDATE
PlantDoc,5467f6012d78d1c446145d5f582da6096f852ae8,training_candidate,Potato leaf early blight,MATCHED,Potato Early blight,train/Potato leaf early blight/potatolb_full_leafx1200.jpg,Potato leaf early blight/01073_d1f159a4f8c439d0.jpg,d1f159a4f8c439d057ff480f53f68391eae823dcdcd09735936ffcc0cc23d500,31f8d8ce6acaa8ad,JPEG,RGB,1200,900,534777,original,APPROVED_CANDIDATE
PlantDoc,5467f6012d78d1c446145d5f582da6096f852ae8,training_candidate,Potato leaf early blight,MATCHED,Potato Early blight,train/Potato leaf early blight/potatolb_small_leaf_lesionx1200.jpg,Potato leaf early blight/01074_2b0dfca224d94132.jpg,2b0dfca224d94132ccdd42afc3b457270dad32c942de67c348160d8627a27fa2,371038bab4b03031,JPEG,RGB,1200,962,209754,original,APPROVED_CANDIDATE
PlantDoc,5467f6012d78d1c446145d5f582da6096f852ae8,training_candidate,Potato leaf late blight,MATCHED,Potato Late blight,train/Potato leaf late blight/14321627273_58d893c3e2_b.jpg,Potato leaf late blight/01075_4b16ae48d7489f97.jpg,4b16ae48d7489f97753d7488807b6005db82ddc8f4b3d831e297ce7824e7d4c0,c39e1e1d3c367676,JPEG,RGB,850,566,63764,original,NEEDS_MANUAL_REVIEW
PlantDoc,5467f6012d78d1c446145d5f582da6096f852ae8,training_candidate,Potato leaf late blight,MATCHED,Potato Late blight,train/Potato leaf late blight/22-late%20blight-advanced%20symptoms%20potato.jpg,Potato leaf late blight/01076_13927ca7ce98841d.jpg,13927ca7ce98841db41c0c0da50a0c1ac598d2c39a8a5ebf49c42fffdbc0fbdf,732115181a475124,JPEG,RGB,3071,2016,2249918,original,APPROVED_CANDIDATE
PlantDoc,5467f6012d78d1c446145d5f582da6096f852ae8,training_candidate,Potato leaf late blight,MATCHED,Potato Late blight,train/Potato leaf late blight/24064_1.jpg,Potato leaf late blight/01077_e5f14a70fc7a687a.jpg,e5f14a70fc7a687a5846749d5499872c7c3320e81aea1358e481f7100b7ba242,0695808524141092,JPEG,RGB,832,624,216600,original,EXCLUDE_FROM_TRAINING
PlantDoc,5467f6012d78d1c446145d5f582da6096f852ae8,training_candidate,Potato leaf late blight,MATCHED,Potato Late blight,train/Potato leaf late blight/24847793510_7859b46a3d.jpg,Potato leaf late blight/01078_17221c3037deeea7.jpg,17221c3037deeea7da90951e181eba399126373ff778f61cdffc843d140bdc7b,86ba8ad9cc0e2363,JPEG,RGB,500,333,76673,original,APPROVED_CANDIDATE
PlantDoc,5467f6012d78d1c446145d5f582da6096f852ae8,training_candidate,Potato leaf late blight,MATCHED,Potato Late blight,train/Potato leaf late blight/2619_600.jpg,Potato leaf late blight/01079_083eec31f7fa5b34.jpg,083eec31f7fa5b34da772da890e5927bc90e571d78c1362a6749ff7e5bdc54ce,27a6af8583362448,JPEG,RGB,600,398,28843,original,APPROVED_CANDIDATE
PlantDoc,5467f6012d78d1c446145d5f582da6096f852ae8,training_candidate,Potato leaf late blight,MATCHED,Potato Late blight,train/Potato leaf late blight/286_1600.jpg,Potato leaf late blight/01080_84c4d61eb80adc2e.jpg,84c4d61eb80adc2e648982d207b525bd18a43291f3f1036d028f42b4a2caa926,c99f271e1617b2fa,JPEG,RGB,1600,1296,260203,original,APPROVED_CANDIDATE
PlantDoc,5467f6012d78d1c446145d5f582da6096f852ae8,training_candidate,Potato leaf late blight,MATCHED,Potato Late blight,train/Potato leaf late blight/2976_1600.jpg,Potato leaf late blight/01081_7f9ebb7a033f84f7.jpg,7f9ebb7a033f84f79497d3b34938bf478dccebe67d6955c9a718837684c2ddfd,8faf2c994d65c8ad,JPEG,RGB,1280,960,262144,original,APPROVED_CANDIDATE
PlantDoc,5467f6012d78d1c446145d5f582da6096f852ae8,training_candidate,Potato leaf late blight,MATCHED,Potato Late blight,train/Potato leaf late blight/3720946948_339251cc94_z.jpg,Potato leaf late blight/01082_3904737fd3f10f11.jpg,3904737fd3f10f11d2af8d8a1722a689290467db127803c74d5108932e1898dd,96b606ada591f5e5,JPEG,RGB,640,426,88470,original,APPROVED_CANDIDATE
PlantDoc,5467f6012d78d1c446145d5f582da6096f852ae8,training_candidate,Potato leaf late blight,MATCHED,Potato Late blight,train/Potato leaf late blight/3782849713_398f3a1086_b.jpg,Potato leaf late blight/01083_be0656edf8067f6b.jpg,be0656edf8067f6b12884b5d5e12966a17c196120826cb8e35bef355d7bc67b3,69ac2e3971e4ac49,JPEG,RGB,1024,768,366222,original,APPROVED_CANDIDATE
PlantDoc,5467f6012d78d1c446145d5f582da6096f852ae8,training_candidate,Potato leaf late blight,MATCHED,Potato Late blight,train/Potato leaf late blight/39-late-blight-mold.jpg,Potato leaf late blight/01084_973fe191f399e1e7.jpg,973fe191f399e1e76c4cac20eabf75e47d025316e72037fc46a4f71f4b95c0f5,0627263306120323,JPEG,RGB,675,468,153905,original,APPROVED_CANDIDATE
PlantDoc,5467f6012d78d1c446145d5f582da6096f852ae8,training_candidate,Potato leaf late blight,MATCHED,Potato Late blight,train/Potato leaf late blight/4-late-blight-cmyk-opt.jpeg.jpg,Potato leaf late blight/01085_adbe3b17681e01eb.jpg,adbe3b17681e01eb526d319017d9c5df193bd74f0df055cb60c37569ded2f57e,d96763332756d6ce,JPEG,RGB,396,385,92199,original,APPROVED_CANDIDATE
PlantDoc,5467f6012d78d1c446145d5f582da6096f852ae8,training_candidate,Potato leaf late blight,MATCHED,Potato Late blight,train/Potato leaf late blight/4442_1600.jpg,Potato leaf late blight/01086_918ef85bd5da1475.jpg,918ef85bd5da1475b5b597500f836218970ff8ee6881fd0e2e70102536df4381,a3c1596deb6c6d0e,JPEG,RGB,400,300,31492,original,APPROVED_CANDIDATE
PlantDoc,5467f6012d78d1c446145d5f582da6096f852ae8,training_candidate,Potato leaf late blight,MATCHED,Potato Late blight,train/Potato leaf late blight/460_1600.jpg,Potato leaf late blight/01087_9840ce285b35f82d.jpg,9840ce285b35f82de6a6fa21dcce1fe5ed4c69fdd058602af982969f0c9db89b,0646672792676363,JPEG,RGB,1600,1063,136738,original,APPROVED_CANDIDATE
PlantDoc,5467f6012d78d1c446145d5f582da6096f852ae8,training_candidate,Potato leaf late blight,MATCHED,Potato Late blight,train/Potato leaf late blight/6-13lateblightleavesMARY.jpg,Potato leaf late blight/01088_e7e583a79cd9e9ca.jpg,e7e583a79cd9e9ca0a153e4c633b4e5a756979ff8aff2ca17f6da7f6ffda5cb4,b54eca1d9ddd9b93,JPEG,RGB,450,338,22811,original,APPROVED_CANDIDATE
PlantDoc,5467f6012d78d1c446145d5f582da6096f852ae8,training_candidate,Potato leaf late blight,MATCHED,Potato Late blight,train/Potato leaf late blight/6a00d8341c4fe353ef011571354632970c-800wi.jpg,Potato leaf late blight/01089_fade62e5533a4446.jpg,fade62e5533a444677c70df78d65e4bd76d4264a1b411597345d3a6cb95aaf49,0d4d860b33323327,JPEG,RGB,800,600,91236,original,APPROVED_CANDIDATE
PlantDoc,5467f6012d78d1c446145d5f582da6096f852ae8,training_candidate,Potato leaf late blight,MATCHED,Potato Late blight,train/Potato leaf late blight/B2650062-Potato_late_blight-SPL.jpg,Potato leaf late blight/01090_0b8ac51337be541c.jpg,0b8ac51337be541c665f2444eae8afccc2683112b848c0bd633071ed7d698cd1,9e4d6337132b6333,JPEG,RGB,779,800,231012,original,APPROVED_CANDIDATE
PlantDoc,5467f6012d78d1c446145d5f582da6096f852ae8,training_candidate,Potato leaf late blight,MATCHED,Potato Late blight,train/Potato leaf late blight/B2750121-Potato_late_blight-SPL.jpg,Potato leaf late blight/01091_eb857a67002dbb51.jpg,eb857a67002dbb51c928223b169ee3a5850ead6e0ab4c2ecc41cf370f7262c7d,06101c8e48ca1a31,JPEG,RGB,590,800,145623,original,APPROVED_CANDIDATE
PlantDoc,5467f6012d78d1c446145d5f582da6096f852ae8,training_candidate,Potato leaf late blight,MATCHED,Potato Late blight,train/Potato leaf late blight/Blog-3.jpg,Potato leaf late blight/01092_fc1254eb4d2a8313.jpg,fc1254eb4d2a8313a0e7c63d8e3a9004e30929d2a09b78bf8d75f4e35b363ba9,112331850b9b53d5,JPEG,RGB,400,400,141492,original,APPROVED_CANDIDATE
PlantDoc,5467f6012d78d1c446145d5f582da6096f852ae8,training_candidate,Potato leaf late blight,MATCHED,Potato Late blight,train/Potato leaf late blight/CzFxqKtWEAA4U3g.jpg,Potato leaf late blight/01093_6c240fd4339d039d.jpg,6c240fd4339d039d0c6d739283a397538e39eaaf0c91379c1d9f67e09e54985f,07272f2793ef29f1,JPEG,RGB,1200,803,186406,original,APPROVED_CANDIDATE
PlantDoc,5467f6012d78d1c446145d5f582da6096f852ae8,training_candidate,Potato leaf late blight,MATCHED,Potato Late blight,train/Potato leaf late blight/IMG_0019.jpg,Potato leaf late blight/01094_a9fffcc6ef73f1b9.jpg,a9fffcc6ef73f1b97b615d5377c54fbb2c1c4988bc99a6c2b9de8bb3c4b75240,5fb3e1e1f2f899ee,JPEG,RGB,4000,3000,2036814,original,APPROVED_CANDIDATE
PlantDoc,5467f6012d78d1c446145d5f582da6096f852ae8,training_candidate,Potato leaf late blight,MATCHED,Potato Late blight,train/Potato leaf late blight/IMG_5358.jpg,Potato leaf late blight/01095_d3a3a42ff8cb4b81.jpg,d3a3a42ff8cb4b81d30ee60868064aa4e8f633d72adc6f74b9222725bf829f5c,1c3636327861c483,JPEG,RGB,500,382,27012,original,APPROVED_CANDIDATE
PlantDoc,5467f6012d78d1c446145d5f582da6096f852ae8,training_candidate,Potato leaf late blight,MATCHED,Potato Late blight,train/Potato leaf late blight/IMG_5390.jpg,Potato leaf late blight/01096_6b1bbb111c59adbc.jpg,6b1bbb111c59adbc5a33d9a55d56458dd3df88bd22e5d0cf135068937c96bdfe,96535993d15a49cc,JPEG,RGB,500,403,72789,original,APPROVED_CANDIDATE
PlantDoc,5467f6012d78d1c446145d5f582da6096f852ae8,training_candidate,Potato leaf late blight,MATCHED,Potato Late blight,train/Potato leaf late blight/IMG_5813-1024x768.jpg,Potato leaf late blight/01097_d6571d4ea8e5e573.jpg,d6571d4ea8e5e5739b0b44dd996efe9f3319e7bdbe4537a12d66810b03996c40,4de4e6ee7ffffe6c,JPEG,RGB,1024,768,119098,original,NEEDS_MANUAL_REVIEW
PlantDoc,5467f6012d78d1c446145d5f582da6096f852ae8,training_candidate,Potato leaf late blight,MATCHED,Potato Late blight,train/Potato leaf late blight/Jessore-potato-late-blight-8-2h2fdkl.jpg,Potato leaf late blight/01098_0b6f4d2de2f71df5.jpg,0b6f4d2de2f71df550ed08edf5c50aeb307666f9a661013a6cfd99ff5d951836,b69a99a5650a2a26,JPEG,RGB,2448,3264,944664,original,NEEDS_MANUAL_REVIEW
PlantDoc,5467f6012d78d1c446145d5f582da6096f852ae8,training_candidate,Potato leaf late blight,MATCHED,Potato Late blight,train/Potato leaf late blight/LB_potato_leaf_topside.jpg,Potato leaf late blight/01099_5c063b6d55aa671a.jpg,5c063b6d55aa671a8cc7cf492303ebae1f170395c178760d80809a5dd0140468,67f3130e4e471694,JPEG,RGB,3008,2000,1548943,original,NEEDS_MANUAL_REVIEW
PlantDoc,5467f6012d78d1c446145d5f582da6096f852ae8,training_candidate,Potato leaf late blight,MATCHED,Potato Late blight,train/Potato leaf late blight/Late+Blight+of+Potato+and+Tomato.jpg,Potato leaf late blight/01100_d5ec0ce260f8449c.jpg,d5ec0ce260f8449c1b5b379da414380bdb7c717c963e8cca139896f8e3de5302,2b0e0e264656728c,JPEG,RGB,960,720,78966,original,APPROVED_CANDIDATE
PlantDoc,5467f6012d78d1c446145d5f582da6096f852ae8,training_candidate,Potato leaf late blight,MATCHED,Potato Late blight,train/Potato leaf late blight/Late+blight+on+potato.jpg,Potato leaf late blight/01101_1d37b80d5b706180.jpg,1d37b80d5b7061808cc5dae83ebb3665e69aa4f2baa3d6ecba4b49595762079d,46444c44042c25f1,JPEG,RGB,1600,1000,241018,original,NEEDS_MANUAL_REVIEW
PlantDoc,5467f6012d78d1c446145d5f582da6096f852ae8,training_candidate,Potato leaf late blight,MATCHED,Potato Late blight,train/Potato leaf late blight/Late-Blight-336x437.jpg,Potato leaf late blight/01102_a1df5fd50e3e96fd.jpg,a1df5fd50e3e96fda8d8298f8982cbe6b1c509ab068b205287820ce9c9039bef,d4d18b91012b17ca,JPEG,RGB,336,437,33359,original,APPROVED_CANDIDATE
PlantDoc,5467f6012d78d1c446145d5f582da6096f852ae8,training_candidate,Potato leaf late blight,MATCHED,Potato Late blight,train/Potato leaf late blight/Late-Blight-56a34bc55f9b58b7d0d15210.jpg,Potato leaf late blight/01103_35ff9f612893557a.jpg,35ff9f612893557adcf44a23102c8ef7dac04216bff0cc5841fa36a3f42e62b7,b52169291f031db9,JPEG,RGB,1600,1067,217721,original,APPROVED_CANDIDATE
PlantDoc,5467f6012d78d1c446145d5f582da6096f852ae8,training_candidate,Potato leaf late blight,MATCHED,Potato Late blight,train/Potato leaf late blight/Late-blight-infected-potato-plants_2.jpg,Potato leaf late blight/01104_eb94cb2321718001.jpg,eb94cb23217180019b87eb41ca4efa67b9e57219a535d0c40dccc368c6554b9f,4b27a79f1ebcb925,JPEG,RGB,5760,3840,1165657,original,APPROVED_CANDIDATE
PlantDoc,5467f6012d78d1c446145d5f582da6096f852ae8,training_candidate,Potato leaf late blight,MATCHED,Potato Late blight,train/Potato leaf late blight/Late-blight-leaves_261x240.jpg,Potato leaf late blight/01105_8fee0b1832b2da1b.jpg,8fee0b1832b2da1bb8f4ddc3f3203a3cf2ed31499320f056471b2b462f73d0b2,d172f4e0b2a2951a,JPEG,RGB,261,240,40104,original,APPROVED_CANDIDATE
PlantDoc,5467f6012d78d1c446145d5f582da6096f852ae8,training_candidate,Potato leaf late blight,MATCHED,Potato Late blight,train/Potato leaf late blight/Late-blight-on-leaf-email.jpg,Potato leaf late blight/01106_74dbde966b652d8b.jpg,74dbde966b652d8bc98b328b16616332392ddade6b291bba9e71d0bebed3e57b,33193d7c2c0d9dc9,JPEG,RGB,700,423,249276,original,APPROVED_CANDIDATE
PlantDoc,5467f6012d78d1c446145d5f582da6096f852ae8,training_candidate,Potato leaf late blight,MATCHED,Potato Late blight,train/Potato leaf late blight/Late-blight.jpg,Potato leaf late blight/01107_6584516937cc4d2a.jpg,6584516937cc4d2a1f2cfe190d139886aff3d8c2170b89692c443272d9b430c9,8d0e2f0b3f6e4cdc,JPEG,RGB,2272,1704,724036,original,APPROVED_CANDIDATE
PlantDoc,5467f6012d78d1c446145d5f582da6096f852ae8,training_candidate,Potato leaf late blight,MATCHED,Potato Late blight,train/Potato leaf late blight/LateBlight02.jpg,Potato leaf late blight/01108_3b77a9eac4df033b.jpg,3b77a9eac4df033bbe3ab1e9d77c01b96ef0b66079156c09c7f938e10d03f7a7,ac10a2a6a922864b,JPEG,RGB,438,313,45485,original,APPROVED_CANDIDATE
PlantDoc,5467f6012d78d1c446145d5f582da6096f852ae8,training_candidate,Potato leaf late blight,MATCHED,Potato Late blight,train/Potato leaf late blight/LateBlight03.jpg,Potato leaf late blight/01109_e3725a450a9118bc.jpg,e3725a450a9118bc7967ebac0a18c4d42b36ed43a682363d497993f690e71fa3,b6269593234b4bed,JPEG,RGB,480,320,39695,original,APPROVED_CANDIDATE
PlantDoc,5467f6012d78d1c446145d5f582da6096f852ae8,training_candidate,Potato leaf late blight,MATCHED,Potato Late blight,train/Potato leaf late blight/LateBlight13.jpg,Potato leaf late blight/01110_70d67227d04f1d64.jpg,70d67227d04f1d64caa2da32a39eaf84f94f24b0c07af26754a4bebb8c02fec8,24db9acae7b57652,JPEG,RGB,490,320,32963,original,APPROVED_CANDIDATE
PlantDoc,5467f6012d78d1c446145d5f582da6096f852ae8,training_candidate,Potato leaf late blight,MATCHED,Potato Late blight,train/Potato leaf late blight/LateBlightFig3new.jpg,Potato leaf late blight/01111_5f38e1546605939e.jpg,5f38e1546605939ee931cdf07eae4358d833944700897f38d89ba694d78ab761,ced3637231363612,JPEG,RGB,1100,825,1095001,original,APPROVED_CANDIDATE
PlantDoc,5467f6012d78d1c446145d5f582da6096f852ae8,training_candidate,Potato leaf late blight,MATCHED,Potato Late blight,train/Potato leaf late blight/Late_blight_on_potato_leaf.jpg,Potato leaf late blight/01112_4a3259ede4c213a9.jpg,4a3259ede4c213a9ba1fd8df0320f26e5611e3ee774727a425bf8b6b1609d470,36a5c95214130646,JPEG,RGB,1487,989,319480,original,APPROVED_CANDIDATE
PlantDoc,5467f6012d78d1c446145d5f582da6096f852ae8,training_candidate,Potato leaf late blight,MATCHED,Potato Late blight,train/Potato leaf late blight/Late_blight_on_potato_leaf_3-58bcf5055f9b58af5c27bf74.jpg,Potato leaf late blight/01113_9ab81b469622cc22.jpg,9ab81b469622cc223347d0905549fb6b55f1953fae7aeda13a46b7d07f0c2bb4,b33b392d2f256123,JPEG,RGB,960,588,80564,original,APPROVED_CANDIDATE
PlantDoc,5467f6012d78d1c446145d5f582da6096f852ae8,training_candidate,Potato leaf late blight,MATCHED,Potato Late blight,train/Potato leaf late blight/Lateblight.jpg,Potato leaf late blight/01114_2a8f83a1e22d7c51.jpg,2a8f83a1e22d7c51f071c03f2f5bae21477ce00eb52e193a6790720a6a6dc7b3,1d19664fe777465a,JPEG,RGB,1024,768,345766,original,APPROVED_CANDIDATE
PlantDoc,5467f6012d78d1c446145d5f582da6096f852ae8,training_candidate,Potato leaf late blight,MATCHED,Potato Late blight,train/Potato leaf late blight/Potato-Late-Blight-3-06202014.jpeg.jpg,Potato leaf late blight/01115_4d1d0324e2cbcb5f.jpg,4d1d0324e2cbcb5f5eb585c42bc0d63901eb9aae0fea6298c9a8b2e1c298f21e,71a698d6e8693433,JPEG,RGB,2276,3370,1969095,original,APPROVED_CANDIDATE
PlantDoc,5467f6012d78d1c446145d5f582da6096f852ae8,training_candidate,Potato leaf late blight,MATCHED,Potato Late blight,train/Potato leaf late blight/Potato-late-blight-008.jpg,Potato leaf late blight/01116_17d0bc8bafc49d94.jpg,17d0bc8bafc49d94518ec0a902f2164ebdc26cd91856c3bed5547f392361ef21,980a23cc9a123831,JPEG,RGB,460,276,37892,original,APPROVED_CANDIDATE
PlantDoc,5467f6012d78d1c446145d5f582da6096f852ae8,training_candidate,Potato leaf late blight,MATCHED,Potato Late blight,train/Potato leaf late blight/Potato-late-blight-caused-by-Phytophthora-infestans_Q320.jpg,Potato leaf late blight/01117_4b6db3571c44bfef.jpg,4b6db3571c44bfef2db15f06bcad9dd140fccd5e49b59b44f8e4d297dad884d4,973e1dfd9dbc2613,JPEG,RGB,320,320,23525,original,APPROVED_CANDIDATE
PlantDoc,5467f6012d78d1c446145d5f582da6096f852ae8,training_candidate,Potato leaf late blight,MATCHED,Potato Late blight,train/Potato leaf late blight/Potato-late-blight-in-field-trial-1.jpg,Potato leaf late blight/01118_7a827ee1e5b21d7c.jpg,7a827ee1e5b21d7c7d1f86144dc189a2d72f94bf6287cd40b6e9aa1a9dcb2b05,352c2e4b2d676737,JPEG,RGB,3008,2000,3432283,original,APPROVED_CANDIDATE
PlantDoc,5467f6012d78d1c446145d5f582da6096f852ae8,training_candidate,Potato leaf late blight,MATCHED,Potato Late blight,train/Potato leaf late blight/PotatoLateBlight2.jpg,Potato leaf late blight/01119_bd66eb0876b22d38.jpg,bd66eb0876b22d38cc7a5ec3e59475ebf071fa0cd52108025b80ef6b141f753f,67f3130e4e471694,JPEG,RGB,313,208,54236,original,NEEDS_MANUAL_REVIEW
PlantDoc,5467f6012d78d1c446145d5f582da6096f852ae8,training_candidate,Potato leaf late blight,MATCHED,Potato Late blight,train/Potato leaf late blight/Symptom_potato_late_blight.jpg,Potato leaf late blight/01120_d4c652c5cbdc24ef.jpg,d4c652c5cbdc24ef0e5553f8b1628ba9f6ef81ab742048df42e79abb5918c38e,d49e9e0d1b3e9cdc,JPEG,RGB,800,559,90161,original,NEEDS_MANUAL_REVIEW
PlantDoc,5467f6012d78d1c446145d5f582da6096f852ae8,training_candidate,Potato leaf late blight,MATCHED,Potato Late blight,train/Potato leaf late blight/White-mould-potato-blight.jpg,Potato leaf late blight/01121_3a561cb9b7ea3476.jpg,3a561cb9b7ea3476082f12af3753fd44c9723cc4a5a078b5cc79f95bb4ae1eb6,85e6f9c5378fc713,JPEG,RGB,1200,1164,554099,original,APPROVED_CANDIDATE
PlantDoc,5467f6012d78d1c446145d5f582da6096f852ae8,training_candidate,Potato leaf late blight,MATCHED,Potato Late blight,train/Potato leaf late blight/b3a52d4eda0deedc34260c4dee847a5b.jpg,Potato leaf late blight/01122_50466281cbb13f25.jpg,50466281cbb13f25936fa70a12ce378ff62ceb5e8b8596feb0ef2143367a4610,d636676364383b97,JPEG,RGB,250,249,17235,original,NEEDS_MANUAL_REVIEW
PlantDoc,5467f6012d78d1c446145d5f582da6096f852ae8,training_candidate,Potato leaf late blight,MATCHED,Potato Late blight,train/Potato leaf late blight/backus-056-potato-blight.jpg,Potato leaf late blight/01123_64c0f7b5701e8157.jpg,64c0f7b5701e815769bad881c0834ffb3b58018233fc3af42c3a1b7968f86973,e9ddba371735b711,JPEG,RGB,2848,2136,1477148,original,EXCLUDE_FROM_TRAINING
PlantDoc,5467f6012d78d1c446145d5f582da6096f852ae8,training_candidate,Potato leaf late blight,MATCHED,Potato Late blight,train/Potato leaf late blight/blight-on-potato-leaves.jpg,Potato leaf late blight/01124_4349392931c234ad.jpg,4349392931c234adb755398d3fd99566dfd05d73fa341a99aa27380d0cd72e05,9a9a3616324ecd49,JPEG,RGB,1000,664,269442,original,APPROVED_CANDIDATE
PlantDoc,5467f6012d78d1c446145d5f582da6096f852ae8,training_candidate,Potato leaf late blight,MATCHED,Potato Late blight,train/Potato leaf late blight/cropped-symptom_potato_late_blight.jpg,Potato leaf late blight/01125_986f4aa70fce85a8.jpg,986f4aa70fce85a86e57e5670b1813274e8b83d709f5fcf130b869b1aa4eb8ed,af0d1d19230f1b1b,JPEG,RGB,940,198,41135,original,APPROVED_CANDIDATE
PlantDoc,5467f6012d78d1c446145d5f582da6096f852ae8,training_candidate,Potato leaf late blight,MATCHED,Potato Late blight,train/Potato leaf late blight/d4fc0f56-da2e-4d7e-9a22-2430b562eeee.jpeg.jpg,Potato leaf late blight/01126_954e8ff027f1b868.jpg,954e8ff027f1b8689336f55598d7d48bd70428b993a91f51b68acc2eacb10211,892b531b3b1317c6,JPEG,RGB,512,768,104708,original,APPROVED_CANDIDATE
PlantDoc,5467f6012d78d1c446145d5f582da6096f852ae8,training_candidate,Potato leaf late blight,MATCHED,Potato Late blight,train/Potato leaf late blight/dsc_8151s.jpg,Potato leaf late blight/01127_8b5f773c4cd8822a.jpg,8b5f773c4cd8822a9fa00515064b18e5d6ae2c35d5478ed9a5e8fef2530366c5,6d292d4d2ea5b686,JPEG,RGB,1930,1282,1362339,original,APPROVED_CANDIDATE
PlantDoc,5467f6012d78d1c446145d5f582da6096f852ae8,training_candidate,Potato leaf late blight,MATCHED,Potato Late blight,train/Potato leaf late blight/early_blight.jpg,Potato leaf late blight/01128_93f8d16d26178976.jpg,93f8d16d26178976bbb84dfb94b077a47bb15035ce5bd9999f30e05e2c3b97f0,d636676364383b97,JPEG,RGB,250,249,22812,original,NEEDS_MANUAL_REVIEW
PlantDoc,5467f6012d78d1c446145d5f582da6096f852ae8,training_candidate,Potato leaf late blight,MATCHED,Potato Late blight,train/Potato leaf late blight/fi000293.jpg,Potato leaf late blight/01129_0d3924c402141048.jpg,0d3924c402141048df8daf586ac119261bb7353f11fd7a9dfdf6d9639d0e266c,9252539ccec3cb65,JPEG,RGB,575,383,235049,original,APPROVED_CANDIDATE
PlantDoc,5467f6012d78d1c446145d5f582da6096f852ae8,training_candidate,Potato leaf late blight,MATCHED,Potato Late blight,train/Potato leaf late blight/fig1a_500.jpg,Potato leaf late blight/01130_abab30a68df3aedb.jpg,abab30a68df3aedba164996386446275d6219e94f7608d7ebdb786bd477e855e,f2db9b2fe5333f7b,JPEG,RGB,500,332,34061,original,APPROVED_CANDIDATE
PlantDoc,5467f6012d78d1c446145d5f582da6096f852ae8,training_candidate,Potato leaf late blight,MATCHED,Potato Late blight,train/Potato leaf late blight/figure-7-gudmestad-opt.jpeg.jpg,Potato leaf late blight/01131_c59a07c992d37978.jpg,c59a07c992d37978c48e5eb304274b6b541bf62b37559aace74f93bd65ddb2a3,c665639c1fcbc95b,JPEG,RGB,765,1020,350248,original,APPROVED_CANDIDATE
PlantDoc,5467f6012d78d1c446145d5f582da6096f852ae8,training_candidate,Potato leaf late blight,MATCHED,Potato Late blight,train/Potato leaf late blight/foliar_late_blight.jpg,Potato leaf late blight/01132_729ed962f22c486e.jpg,729ed962f22c486e3c760989b8d9f8fa6636dee1b0c0c788fcc9241e06654558,8e253117131b91dd,JPEG,RGB,375,500,190550,original,APPROVED_CANDIDATE
PlantDoc,5467f6012d78d1c446145d5f582da6096f852ae8,training_candidate,Potato leaf late blight,MATCHED,Potato Late blight,train/Potato leaf late blight/gcp_A-2_Late_Blight_of_potatoes_callout1.jpg,Potato leaf late blight/01133_412f8d882d18725f.jpg,412f8d882d18725fb233f6ad5c34b103a8acc7ccfe9e789f78bb8fef5495bd64,ab8da6a69a6f379f,JPEG,RGB,690,345,42393,original,APPROVED_CANDIDATE
PlantDoc,5467f6012d78d1c446145d5f582da6096f852ae8,training_candidate,Potato leaf late blight,MATCHED,Potato Late blight,train/Potato leaf late blight/late-blight-leaf-figure1.jpg,Potato leaf late blight/01134_1626d99562cba7a0.jpg,1626d99562cba7a0ce8fdbbb5f9b0515011ef122e0ee963e34a2fe8baef1ec77,0cc32333761eb067,JPEG,RGB,400,195,34646,original,APPROVED_CANDIDATE
PlantDoc,5467f6012d78d1c446145d5f582da6096f852ae8,training_candidate,Potato leaf late blight,MATCHED,Potato Late blight,train/Potato leaf late blight/late-blight-leaf.jpg,Potato leaf late blight/01135_a4236face52bfd30.jpg,a4236face52bfd3038c4e6e1694f0ac6c09d42eae94516934b4cf03c86fb8892,1ac3576a63614f3b,JPEG,RGB,480,375,85205,original,APPROVED_CANDIDATE
PlantDoc,5467f6012d78d1c446145d5f582da6096f852ae8,training_candidate,Potato leaf late blight,MATCHED,Potato Late blight,train/Potato leaf late blight/late-blight-leaves.jpg,Potato leaf late blight/01136_3241207742dbfae7.jpg,3241207742dbfae7f7e2ef477193e61822b8908e8a40b01454f21ec8fb58fea4,cc86353b3b238ece,JPEG,RGB,641,428,125290,original,APPROVED_CANDIDATE
PlantDoc,5467f6012d78d1c446145d5f582da6096f852ae8,training_candidate,Potato leaf late blight,MATCHED,Potato Late blight,train/Potato leaf late blight/late-blight-lesions-potato-leaf-miller-research-809.jpg,Potato leaf late blight/01137_3dc4a7f49f38608c.jpg,3dc4a7f49f38608c4c2e5090ab7cf778d54d9263b3576e54d1eabaa19beda54d,cb9f871f17139278,JPEG,RGB,809,521,250244,original,APPROVED_CANDIDATE
PlantDoc,5467f6012d78d1c446145d5f582da6096f852ae8,training_candidate,Potato leaf late blight,MATCHED,Potato Late blight,train/Potato leaf late blight/late-blight-midwest_twitter.jpg,Potato leaf late blight/01138_44b165813009ca4e.jpg,44b165813009ca4eefab499e867d64db119d28d57d7e6a6a54c79b1c81030130,d796272707279797,MPO,RGB,1024,512,194927,original,APPROVED_CANDIDATE
PlantDoc,5467f6012d78d1c446145d5f582da6096f852ae8,training_candidate,Potato leaf late blight,MATCHED,Potato Late blight,train/Potato leaf late blight/late-blight-on-potato-leaf-550.jpg,Potato leaf late blight/01139_2ce36aaa6fc5bda8.jpg,2ce36aaa6fc5bda8532f3b5b52574ff082c55390471baaee5b1bc1d9d2f2a8ad,131b923bce5e9c9c,JPEG,RGB,550,398,172809,original,APPROVED_CANDIDATE
PlantDoc,5467f6012d78d1c446145d5f582da6096f852ae8,training_candidate,Potato leaf late blight,MATCHED,Potato Late blight,train/Potato leaf late blight/late-blight-potato.jpg,Potato leaf late blight/01140_3ad6ee5b3ef4f229.jpg,3ad6ee5b3ef4f22967e29e717e0363357faece3e25ce916548f45a745ea1f658,1d9d141c4cced61c,JPEG,RGB,750,350,60317,original,APPROVED_CANDIDATE
PlantDoc,5467f6012d78d1c446145d5f582da6096f852ae8,training_candidate,Potato leaf late blight,MATCHED,Potato Late blight,train/Potato leaf late blight/late.jpg,Potato leaf late blight/01141_d4c0a3605a94fb32.jpg,d4c0a3605a94fb327eea9d4b571be0772b8ee293e745cad9cecfc3eeaa8a1248,593155599f377571,JPEG,RGB,1176,784,131549,original,APPROVED_CANDIDATE
PlantDoc,5467f6012d78d1c446145d5f582da6096f852ae8,training_candidate,Potato leaf late blight,MATCHED,Potato Late blight,train/Potato leaf late blight/late_blight.jpg,Potato leaf late blight/01142_8769c6b52e907d49.jpg,8769c6b52e907d49e33608483c2144c779704dd6f64aab7caefb676dc5d071f5,3b19191753111958,JPEG,RGB,543,379,66206,original,APPROVED_CANDIDATE
PlantDoc,5467f6012d78d1c446145d5f582da6096f852ae8,training_candidate,Potato leaf late blight,MATCHED,Potato Late blight,train/Potato leaf late blight/late_blight_potato_leaf_500.jpg,Potato leaf late blight/01143_a66ed7856b23d9f7.jpg,a66ed7856b23d9f7e6e391db10837d1fd777228a41f71fe91b41b523de164a71,2c1493ae8e5c0904,JPEG,RGB,500,375,50355,original,APPROVED_CANDIDATE
PlantDoc,5467f6012d78d1c446145d5f582da6096f852ae8,training_candidate,Potato leaf late blight,MATCHED,Potato Late blight,train/Potato leaf late blight/lateblight1.JPG.jpg,Potato leaf late blight/01144_cff70316802ab518.jpg,cff70316802ab5185e548c763d1423c0764d2936d67ddcf7fd602603ed286732,e0b0d262c5f4e8c9,JPEG,RGB,400,269,50065,original,APPROVED_CANDIDATE
PlantDoc,5467f6012d78d1c446145d5f582da6096f852ae8,training_candidate,Potato leaf late blight,MATCHED,Potato Late blight,train/Potato leaf late blight/lateblight2.JPG.jpg,Potato leaf late blight/01145_9de31fa94e0affca.jpg,9de31fa94e0affca7afc4d7fdd2169136574f6cacbf0514e29687cc14bd43955,7d3dd4e4e8b5f53c,JPEG,RGB,400,268,38982,original,APPROVED_CANDIDATE
PlantDoc,5467f6012d78d1c446145d5f582da6096f852ae8,training_candidate,Potato leaf late blight,MATCHED,Potato Late blight,train/Potato leaf late blight/lateblight8.jpg,Potato leaf late blight/01146_1cad145da7b9008d.jpg,1cad145da7b9008d76fdf9856914c4c9e7a9f46cb27aac6656927cd060563401,db4d0d64cc8d8e44,JPEG,RGB,800,600,82243,original,APPROVED_CANDIDATE
PlantDoc,5467f6012d78d1c446145d5f582da6096f852ae8,training_candidate,Potato leaf late blight,MATCHED,Potato Late blight,train/Potato leaf late blight/lateblightleaf.jpg,Potato leaf late blight/01147_f742f500e1c1cfc5.jpg,f742f500e1c1cfc5389b6f6eef403d16c64c67747b1ab7d7e34973d54c100601,029a3317323a1810,JPEG,RGB,500,332,265126,original,APPROVED_CANDIDATE
PlantDoc,5467f6012d78d1c446145d5f582da6096f852ae8,training_candidate,Potato leaf late blight,MATCHED,Potato Late blight,train/Potato leaf late blight/lateblightlesions_1.jpg,Potato leaf late blight/01148_de6579c5be811169.jpg,de6579c5be8111695706bb8545783c5b3e1c4290776a0e99780c1e0ba88b4153,9e361787d7e7e3cb,JPEG,RGB,400,372,229068,original,APPROVED_CANDIDATE
PlantDoc,5467f6012d78d1c446145d5f582da6096f852ae8,training_candidate,Potato leaf late blight,MATCHED,Potato Late blight,train/Potato leaf late blight/lb4_l.jpg,Potato leaf late blight/01149_681d39f5bd76b6ae.jpg,681d39f5bd76b6ae28f66671a5808e4bed1608b13d4cd5b17a6b769604a53738,cc9838782b6e38c9,JPEG,RGB,508,796,37339,original,APPROVED_CANDIDATE
PlantDoc,5467f6012d78d1c446145d5f582da6096f852ae8,training_candidate,Potato leaf late blight,MATCHED,Potato Late blight,train/Potato leaf late blight/lb7_l.jpg,Potato leaf late blight/01150_43962c502ca47b97.jpg,43962c502ca47b97680e3980b64ca92bc61221e38487a9d66362b4f7a9e62f97,de971b0f6667e5c7,JPEG,RGB,802,532,30891,original,APPROVED_CANDIDATE
PlantDoc,5467f6012d78d1c446145d5f582da6096f852ae8,training_candidate,Potato leaf late blight,MATCHED,Potato Late blight,train/Potato leaf late blight/phytophthora-infestans-late-blight-or-potato-blight-on-the-haulm-of-E29H6G.jpg,Potato leaf late blight/01151_8b9102651718f884.jpg,8b9102651718f88426b63eb920f8651fffb93cb06fee061d65f6cf0d6e6f0a51,e48e17071f72359d,JPEG,RGB,865,1390,124046,original,APPROVED_CANDIDATE
PlantDoc,5467f6012d78d1c446145d5f582da6096f852ae8,training_candidate,Potato leaf late blight,MATCHED,Potato Late blight,train/Potato leaf late blight/phytophthora-infestans-late-blight-or-potato-blight-on-the-haulm-of-EHW1RD.jpg,Potato leaf late blight/01152_1563df07e606d7c6.jpg,1563df07e606d7c60c8acf3d0c34b2d8fe88a416103106d8a9471bba55f6c44f,81b13d47d86e25f9,JPEG,RGB,865,1390,145745,original,APPROVED_CANDIDATE
PlantDoc,5467f6012d78d1c446145d5f582da6096f852ae8,training_candidate,Potato leaf late blight,MATCHED,Potato Late blight,train/Potato leaf late blight/phytophthora-infestans-potato-blight-first-foliar-symptoms-on-solanum-EJKRCK.jpg,Potato leaf late blight/01153_0e3bd59c29fdb793.jpg,0e3bd59c29fdb7939cd76d6a097846ea2ce3134dd5c5509e84e4b91d8528c5d0,e7ac528f1ecea474,JPEG,RGB,866,1390,144745,original,APPROVED_CANDIDATE
PlantDoc,5467f6012d78d1c446145d5f582da6096f852ae8,training_candidate,Potato leaf late blight,MATCHED,Potato Late blight,train/Potato leaf late blight/potato-blight-phytophora-infestans-close-up-of-infected-leaf-top-surface-A60HXG.jpg,Potato leaf late blight/01154_fb5605128c458af8.jpg,fb5605128c458af8afc0ea32ae48e65eb9e302f992ef431190a982b9df2b5af4,a5c38383232f0db8,JPEG,RGB,1300,956,206178,original,APPROVED_CANDIDATE
PlantDoc,5467f6012d78d1c446145d5f582da6096f852ae8,training_candidate,Potato leaf late blight,MATCHED,Potato Late blight,train/Potato leaf late blight/potato-late-blight-phytophthora-infestans-lesions-on-potato-foliage-X4XJF4.jpg,Potato leaf late blight/01155_ac840e23c5f68737.jpg,ac840e23c5f68737fbe83ad0e1010e1bcb07e79c6780e4284d55d2aae18b201f,090a16b6973627b6,JPEG,RGB,1296,1390,204085,original,APPROVED_CANDIDATE
PlantDoc,5467f6012d78d1c446145d5f582da6096f852ae8,training_candidate,Potato leaf late blight,MATCHED,Potato Late blight,train/Potato leaf late blight/potato-late-blight-phytophthora-infestans-lesions-on-potato-foliage-a1w19k.jpg,Potato leaf late blight/01156_1856124f5391f04b.jpg,1856124f5391f04b6fdda63d9e81fe9f6bda63be66767af2fe369c3276f67746,6faf979316171b9b,JPEG,RGB,519,540,76427,original,APPROVED_CANDIDATE
PlantDoc,5467f6012d78d1c446145d5f582da6096f852ae8,training_candidate,Potato leaf late blight,MATCHED,Potato Late blight,train/Potato leaf late blight/potato-late-blight-phytophthora-infestans-necrotic-disease-lesions-B7DEW3.jpg,Potato leaf late blight/01157_94a8060dbd253775.jpg,94a8060dbd253775da81eb75a7f8679c5752c0eaa42a8436c95ead8628b64191,313c3b373b2d0696,JPEG,RGB,1293,1390,295819,original,APPROVED_CANDIDATE
PlantDoc,5467f6012d78d1c446145d5f582da6096f852ae8,training_candidate,Potato leaf late blight,MATCHED,Potato Late blight,train/Potato leaf late blight/potato-late-blight-phytophthora-infestans-necrotic-disease-lesions-B7G2EC.jpg,Potato leaf late blight/01158_baf835e1260ad5f4.jpg,baf835e1260ad5f4251566cbc55ce48d794dc2b8aacac2eded0c7098185fe870,51339e1c8d969696,JPEG,RGB,1236,1390,231806,original,APPROVED_CANDIDATE
PlantDoc,5467f6012d78d1c446145d5f582da6096f852ae8,training_candidate,Potato leaf late blight,MATCHED,Potato Late blight,train/Potato leaf late blight/potato-late-blight-symptom-on-leaves-PGB5H9.jpg,Potato leaf late blight/01159_b1afb228c9908968.jpg,b1afb228c9908968bdce943cddcab33f2cb73b3314cec5b7e17593f8ef5d9232,e3e793908c6440b4,JPEG,RGB,1300,956,179350,original,APPROVED_CANDIDATE
PlantDoc,5467f6012d78d1c446145d5f582da6096f852ae8,training_candidate,Potato leaf late blight,MATCHED,Potato Late blight,train/Potato leaf late blight/potato-late-blight-symptom-on-leaves-PGB5NJ.jpg,Potato leaf late blight/01160_768750a6b433ec93.jpg,768750a6b433ec930e44bfa253cf24154cbb66b6f11857073569650294f06252,6449d9e4159104dc,JPEG,RGB,1300,956,173132,original,APPROVED_CANDIDATE
PlantDoc,5467f6012d78d1c446145d5f582da6096f852ae8,training_candidate,Potato leaf late blight,MATCHED,Potato Late blight,train/Potato leaf late blight/potato-solanum-tuberosum-late-blight.jpg,Potato leaf late blight/01161_e4c6490ba3f227ae.jpg,e4c6490ba3f227ae23424ccbf338235660c3dc45f4a5b236e6ade6d3e4267317,b9f164c8cc894965,JPEG,RGB,1024,345,99752,original,APPROVED_CANDIDATE
PlantDoc,5467f6012d78d1c446145d5f582da6096f852ae8,training_candidate,Potato leaf late blight,MATCHED,Potato Late blight,train/Potato leaf late blight/potato_late-blight_02_zoom.jpg,Potato leaf late blight/01162_402ab27c0736b34e.jpg,402ab27c0736b34ed93eddceffaac3b283fe1776058ddc5198d03c8d7db30e88,b313111333b3130a,JPEG,RGB,900,264,66565,original,APPROVED_CANDIDATE
PlantDoc,5467f6012d78d1c446145d5f582da6096f852ae8,training_candidate,Potato leaf late blight,MATCHED,Potato Late blight,train/Potato leaf late blight/potato_late-blight_05_zoom.jpg,Potato leaf late blight/01163_a130fd070bec6890.jpg,a130fd070bec689001f8ee3b1c492be5d8c50c58ce3f54dd2873a49cedcc4af2,6e4c8e9694954333,JPEG,RGB,900,710,168160,original,APPROVED_CANDIDATE
PlantDoc,5467f6012d78d1c446145d5f582da6096f852ae8,training_candidate,Potato leaf late blight,MATCHED,Potato Late blight,train/Potato leaf late blight/potato_late-blight_07_zoom.jpg,Potato leaf late blight/01164_3798b182ccdd30d8.jpg,3798b182ccdd30d897363348554419c2078998edbd9bde2382e32bb0a675aaeb,468e0e070f4f262c,JPEG,RGB,900,722,146071,original,APPROVED_CANDIDATE
PlantDoc,5467f6012d78d1c446145d5f582da6096f852ae8,training_candidate,Potato leaf late blight,MATCHED,Potato Late blight,train/Potato leaf late blight/potato_late-blight_08_zoom.jpg,Potato leaf late blight/01165_08225e5f5940d234.jpg,08225e5f5940d234bffd9ad470561a7ea8e6e7ea7901dcb9c90da4fb5dd853b9,555233121a5c4c35,JPEG,RGB,900,639,166171,original,APPROVED_CANDIDATE
PlantDoc,5467f6012d78d1c446145d5f582da6096f852ae8,training_candidate,Potato leaf late blight,MATCHED,Potato Late blight,train/Potato leaf late blight/potato_ocw_botrytis-lateblight.jpg,Potato leaf late blight/01166_2eed00503d63b638.jpg,2eed00503d63b638ed15fa35810469a63c0e4bd94e21ef4eca750f9010e17142,5b53b32363533695,JPEG,RGB,770,411,332966,original,APPROVED_CANDIDATE
PlantDoc,5467f6012d78d1c446145d5f582da6096f852ae8,training_candidate,Potato leaf late blight,MATCHED,Potato Late blight,train/Potato leaf late blight/potato_ocw_lateblight-earlyblight.jpg,Potato leaf late blight/01167_e90b8b240b17103b.jpg,e90b8b240b17103b4dfdc5967e6edc07ff65ab121bb9ab694aa3c170d3cdbcd9,373079785854c2c4,JPEG,RGB,879,355,312966,original,APPROVED_CANDIDATE
PlantDoc,5467f6012d78d1c446145d5f582da6096f852ae8,training_candidate,Potato leaf late blight,MATCHED,Potato Late blight,train/Potato leaf late blight/potatolb_branchx500.jpg,Potato leaf late blight/01168_66d174f89a7e82b4.jpg,66d174f89a7e82b45c5fd716863c58d7898230d734de3515544cf1d8ae39ec0d,2524a4e50d304e0b,JPEG,RGB,500,375,70886,original,APPROVED_CANDIDATE
PlantDoc,5467f6012d78d1c446145d5f582da6096f852ae8,training_candidate,Potato leaf late blight,MATCHED,Potato Late blight,train/Potato leaf late blight/potatolb_symptoms_meg-cornell_300x225.jpg,Potato leaf late blight/01169_fe49718855dcf1e3.jpg,fe49718855dcf1e31e7a573a52e5e1c9b706e9afb96408fbd256fde006e2a726,d26aedd5c6d25a4e,JPEG,RGB,300,225,42147,original,APPROVED_CANDIDATE
PlantDoc,5467f6012d78d1c446145d5f582da6096f852ae8,training_candidate,Potato leaf late blight,MATCHED,Potato Late blight,train/Potato leaf late blight/potatolb_upper_leafcux1200.jpg,Potato leaf late blight/01170_542506c48d3b6313.jpg,542506c48d3b6313a170bcb5357f3c9d6966bb968aae4265f95fd5ead18120e8,623b2933276dfd76,JPEG,RGB,1200,1009,422991,original,APPROVED_CANDIDATE
PlantDoc,5467f6012d78d1c446145d5f582da6096f852ae8,training_candidate,Potato leaf late blight,MATCHED,Potato Late blight,train/Potato leaf late blight/wur-late-blight-in-potato-809.jpg,Potato leaf late blight/01171_28a6a75ed5aa94a3.jpg,28a6a75ed5aa94a35eef6e8c31ed8fdb77270afc579d2ed93f8b86da5a64e481,e273a3aa2b291993,JPEG,RGB,809,500,110317,original,APPROVED_CANDIDATE
PlantDoc,5467f6012d78d1c446145d5f582da6096f852ae8,training_candidate,Raspberry leaf,AMBIGUOUS,,train/Raspberry leaf/1-flowering-raspberry.jpg,Raspberry leaf/01172_ca0a31bbf448a65b.jpg,ca0a31bbf448a65b3e3928e3dbda94d72b75b4f47666850f11621226cc671f0a,b763238393714162,JPEG,RGB,1200,1105,236869,original,AMBIGUOUS
PlantDoc,5467f6012d78d1c446145d5f582da6096f852ae8,training_candidate,Raspberry leaf,AMBIGUOUS,,train/Raspberry leaf/1029980206_21e73f8c57.jpg,Raspberry leaf/01173_b33e8065fa5859a6.jpg,b33e8065fa5859a61050bbe34edaa27479e4feb207edb19c27c34dd70b22bc6e,d9af674756b33b39,JPEG,RGB,500,333,111272,original,AMBIGUOUS
PlantDoc,5467f6012d78d1c446145d5f582da6096f852ae8,training_candidate,Raspberry leaf,AMBIGUOUS,,train/Raspberry leaf/1200-534476178-bee-pollinate-flower-of-raspberry.jpg,Raspberry leaf/01174_3ce6bd4568adab61.jpg,3ce6bd4568adab61d51678481f2ba9c4757ed04ea4dc9df6a5891fb7b76a7c6c,dbe22db8b3264707,JPEG,RGB,1200,800,90799,original,AMBIGUOUS
PlantDoc,5467f6012d78d1c446145d5f582da6096f852ae8,training_candidate,Raspberry leaf,AMBIGUOUS,,train/Raspberry leaf/12972raspberry_leaf.jpg,Raspberry leaf/01175_2cea38ce2e68476a.jpg,2cea38ce2e68476ad66741309c28eb847dd4d7362c2b4a6bee2cc726f324a6da,4864f070f0e82096,JPEG,RGB,600,668,125219,original,AMBIGUOUS
PlantDoc,5467f6012d78d1c446145d5f582da6096f852ae8,training_candidate,Raspberry leaf,AMBIGUOUS,,train/Raspberry leaf/140626%20Tiny%20Tree%20frog%20on%20raspberry%20leaf%20%281%29_0.jpg,Raspberry leaf/01176_842ce4b331eb242a.jpg,842ce4b331eb242addba040581725d335bbe074b6467a55b92e6d34763c13ff7,34ed43d1c1899d38,JPEG,RGB,1600,1200,241199,original,AMBIGUOUS
PlantDoc,5467f6012d78d1c446145d5f582da6096f852ae8,training_candidate,Raspberry leaf,AMBIGUOUS,,train/Raspberry leaf/171322132-56a6d3693df78cf7729070d3.jpg,Raspberry leaf/01177_8048c9b347d581e5.jpg,8048c9b347d581e56dae85361f23e408cc1e5062849551982725a32236a2edbb,821a36665f2cac8c,JPEG,RGB,2126,1412,451073,original,AMBIGUOUS
PlantDoc,5467f6012d78d1c446145d5f582da6096f852ae8,training_candidate,Raspberry leaf,AMBIGUOUS,,train/Raspberry leaf/18183295-H.jpg,Raspberry leaf/01178_337f2c7c1600271a.jpg,337f2c7c1600271a4a417726d7b335f82e7aff6be19babd7a6c71f2827116db2,363cb327272630b1,JPEG,RGB,1024,700,89879,original,AMBIGUOUS
PlantDoc,5467f6012d78d1c446145d5f582da6096f852ae8,training_candidate,Raspberry leaf,AMBIGUOUS,,train/Raspberry leaf/20130515+008.jpg,Raspberry leaf/01179_0f294dbc1b205bc8.jpg,0f294dbc1b205bc8010654aa01f6eda4f34566d50463fde52ba00dbf052de753,795b5b5a67637373,JPEG,RGB,1600,1200,375265,original,AMBIGUOUS
PlantDoc,5467f6012d78d1c446145d5f582da6096f852ae8,training_candidate,Raspberry leaf,AMBIGUOUS,,train/Raspberry leaf/24049d1216854408-spots-raspberry-leaves-dscf1561.jpg,Raspberry leaf/01180_4a6d5787d24cdace.jpg,4a6d5787d24cdace9300fcdd2d29b7fdcd979ff70f8b90057dd50c0e3b9d8cd4,61e990224e8d944d,JPEG,RGB,1024,768,560643,original,AMBIGUOUS
PlantDoc,5467f6012d78d1c446145d5f582da6096f852ae8,training_candidate,Raspberry leaf,AMBIGUOUS,,train/Raspberry leaf/2904.jpg,Raspberry leaf/01181_378e85503ba48c20.jpg,378e85503ba48c20ba79b0c9716bbd2575ea55038da8b2714f12cde5b20ee8be,e7d6f5b73ff6e45c,JPEG,RGB,1024,768,94546,original,AMBIGUOUS
PlantDoc,5467f6012d78d1c446145d5f582da6096f852ae8,training_candidate,Raspberry leaf,AMBIGUOUS,,train/Raspberry leaf/2905.jpg,Raspberry leaf/01182_4e359eeca17db145.jpg,4e359eeca17db145833adcc4156c03d6fce4d06673e58a495472e73455126e83,61646cacc4741959,JPEG,RGB,1024,768,71946,original,AMBIGUOUS
PlantDoc,5467f6012d78d1c446145d5f582da6096f852ae8,training_candidate,Raspberry leaf,AMBIGUOUS,,train/Raspberry leaf/483255d3dc56a615ebaa5b424309913c--raspberry-plants-red-raspberry.jpg,Raspberry leaf/01183_18dea6905612600b.jpg,18dea6905612600b04a82e3538cf7d11c6bc38bf078fe0ff1c224ddae9df03cb,c84c44b495c4cc98,JPEG,RGB,736,551,77162,original,AMBIGUOUS
PlantDoc,5467f6012d78d1c446145d5f582da6096f852ae8,training_candidate,Raspberry leaf,AMBIGUOUS,,train/Raspberry leaf/4cffdc67492014fcf2c5f34b0565fad7.jpg,Raspberry leaf/01184_4a795b3fe80a03a0.jpg,4a795b3fe80a03a08804ce00bb07c7ff0c6217ef07c2abb5803ab9d597d3edd4,13296e0606674f94,JPEG,RGB,736,552,79012,original,AMBIGUOUS
PlantDoc,5467f6012d78d1c446145d5f582da6096f852ae8,training_candidate,Raspberry leaf,AMBIGUOUS,,train/Raspberry leaf/5-leaf-berry-1-2.jpg,Raspberry leaf/01185_3a8862871878035a.jpg,3a8862871878035a05a801c82e58757b8c7622095fab07a1d9dc5a0ac17e3dd0,cfc58d8d90c6e686,JPEG,RGB,755,618,93801,original,AMBIGUOUS
PlantDoc,5467f6012d78d1c446145d5f582da6096f852ae8,training_candidate,Raspberry leaf,AMBIGUOUS,,train/Raspberry leaf/53840458-raspberry-leaf.jpg,Raspberry leaf/01186_f312c6f5d56a5c74.jpg,f312c6f5d56a5c74195888df8261ecdb454a48b21ae9ca245c015de8670f9aee,c030f0d9dcbcbe4a,JPEG,RGB,440,440,104481,original,AMBIGUOUS
PlantDoc,5467f6012d78d1c446145d5f582da6096f852ae8,training_candidate,Raspberry leaf,AMBIGUOUS,,train/Raspberry leaf/579a1aa0c6b3fd0354d1a6b57a40ac42--red-raspberry-medicinal-plants.jpg,Raspberry leaf/01187_53a852fc5fda104f.jpg,53a852fc5fda104f96438d08e705d3c24e7d46005e37aceb5e11bc49e0e417f2,1d9f133236364fde,JPEG,RGB,736,981,156460,original,AMBIGUOUS
PlantDoc,5467f6012d78d1c446145d5f582da6096f852ae8,training_candidate,Raspberry leaf,AMBIGUOUS,,train/Raspberry leaf/5944718_f1024.jpg,Raspberry leaf/01188_2d238c4baf667d6c.jpg,2d238c4baf667d6c21580c27c2ffcc2012e76f91c444d41ddb9d6cae681e9c11,e66c3c9e87dd9868,JPEG,RGB,1024,682,113975,original,AMBIGUOUS
PlantDoc,5467f6012d78d1c446145d5f582da6096f852ae8,training_candidate,Raspberry leaf,AMBIGUOUS,,train/Raspberry leaf/608e975059eb73da53ec9bf95362b153.jpg,Raspberry leaf/01189_c70ad073fc3d0394.jpg,c70ad073fc3d03942784dc84ab4d4c0937946902257ca405ce4ca7a1ff167ed4,e93d8f57371f97c6,JPEG,RGB,736,1104,144351,original,AMBIGUOUS
PlantDoc,5467f6012d78d1c446145d5f582da6096f852ae8,training_candidate,Raspberry leaf,AMBIGUOUS,,train/Raspberry leaf/800px_COLOURBOX4311119.jpg,Raspberry leaf/01190_0bfbbc817c61512a.jpg,0bfbbc817c61512a54c4b4b94ef150ece6ab53bb79c8456a319cf45116d95588,208e9ccce0f13842,JPEG,RGB,800,800,84865,original,AMBIGUOUS
PlantDoc,5467f6012d78d1c446145d5f582da6096f852ae8,training_candidate,Raspberry leaf,AMBIGUOUS,,train/Raspberry leaf/Bee29A.jpg,Raspberry leaf/01191_8712cebfd72232c3.jpg,8712cebfd72232c368fc38c3870627e63de7dafdb47fe39d6dff793f86db98c6,d3e3537336162627,JPEG,RGB,1214,920,243091,original,AMBIGUOUS
PlantDoc,5467f6012d78d1c446145d5f582da6096f852ae8,training_candidate,Raspberry leaf,AMBIGUOUS,,train/Raspberry leaf/Beetles-Berry_3998.jpg,Raspberry leaf/01192_dd65d18ccf9173ee.jpg,dd65d18ccf9173ee6e4d882678ec6324eedc7f056c9f7490bd0fb19d3f68d2de,d3a347531707a733,JPEG,RGB,3648,2736,2813436,original,AMBIGUOUS
PlantDoc,5467f6012d78d1c446145d5f582da6096f852ae8,training_candidate,Raspberry leaf,AMBIGUOUS,,train/Raspberry leaf/Black%20raspberry%20late%20leaf%20rust%2008F.JPG.jpg,Raspberry leaf/01193_b82d6dbfcc9d8cf0.jpg,b82d6dbfcc9d8cf01cc4bf4f56df58ad1557ee4503b4ec1c82026f39f8cb94d0,0f6fefffef7f7f6b,JPEG,RGB,1600,1200,398052,original,AMBIGUOUS
PlantDoc,5467f6012d78d1c446145d5f582da6096f852ae8,training_candidate,Raspberry leaf,AMBIGUOUS,,train/Raspberry leaf/Black%20raspberry%20late%20leaf%20rust%20top%20view05F.JPG.jpg,Raspberry leaf/01194_256a3c2e2dd46b4b.jpg,256a3c2e2dd46b4b96c2ec2fdccc6fb631fd04932fe4d9c0a7b65333f1d16713,8e9707336b434646,JPEG,RGB,1600,1200,425903,original,AMBIGUOUS
PlantDoc,5467f6012d78d1c446145d5f582da6096f852ae8,training_candidate,Raspberry leaf,AMBIGUOUS,,train/Raspberry leaf/Blackberry-black-raspberry-1024x707.jpg,Raspberry leaf/01195_7f632cd21d46a0a8.jpg,7f632cd21d46a0a8d206a15b677de47d1c776075660d156b38676c9466659bde,d6579b9a91d14470,JPEG,RGB,1024,707,251508,original,AMBIGUOUS
PlantDoc,5467f6012d78d1c446145d5f582da6096f852ae8,training_candidate,Raspberry leaf,AMBIGUOUS,,train/Raspberry leaf/Blackberry-black-raspberry1-1024x440.jpg,Raspberry leaf/01196_87ed74ec93beceb8.jpg,87ed74ec93beceb81a0b533a3d8655b60d88f5e2d88ac29d1267afc2ba5ff410,e3a9ab2ba615f866,JPEG,RGB,1024,440,118270,original,AMBIGUOUS
PlantDoc,5467f6012d78d1c446145d5f582da6096f852ae8,training_candidate,Raspberry leaf,AMBIGUOUS,,train/Raspberry leaf/Blackberry-black-raspberry2-1024x606.jpg,Raspberry leaf/01197_b54c67650236e308.jpg,b54c67650236e308b756a610d7a489d9a11846d37d40647bb2bf44e13ad8a32e,243039193333a52b,JPEG,RGB,1024,606,119055,original,AMBIGUOUS
PlantDoc,5467f6012d78d1c446145d5f582da6096f852ae8,training_candidate,Raspberry leaf,AMBIGUOUS,,train/Raspberry leaf/Blackberry-black-raspberry3-1024x665.jpg,Raspberry leaf/01198_c2a28188125792ba.jpg,c2a28188125792bab6bb9f3ef3df33b380dca7f783a7055082517253654c7c39,43e6e25b6959c3c3,JPEG,RGB,1024,665,164569,original,AMBIGUOUS
PlantDoc,5467f6012d78d1c446145d5f582da6096f852ae8,training_candidate,Raspberry leaf,AMBIGUOUS,,train/Raspberry leaf/DC77r.jpg,Raspberry leaf/01199_a5c12412c431ac40.jpg,a5c12412c431ac40951ed9e07d2664334098fcb77eab69c74ec263f3514a2dde,ad4bdb4ce48d3cbe,JPEG,RGB,1840,3264,356401,original,AMBIGUOUS
PlantDoc,5467f6012d78d1c446145d5f582da6096f852ae8,training_candidate,Raspberry leaf,AMBIGUOUS,,train/Raspberry leaf/DSC_0492.JPG.jpg,Raspberry leaf/01200_8db4f26d981c863b.jpg,8db4f26d981c863b932a963b767cdd46d07f53a806f22de30ab350029de6ee4e,3049d1c80017373d,JPEG,RGB,1600,1059,212787,original,AMBIGUOUS
PlantDoc,5467f6012d78d1c446145d5f582da6096f852ae8,training_candidate,Raspberry leaf,AMBIGUOUS,,train/Raspberry leaf/FsSYF.jpg,Raspberry leaf/01201_837b07e22cf986c9.jpg,837b07e22cf986c9bd49e22a256752135c715b848bd027ba6dcba1fc9e7e8d7e,6757d3e3eccdaf2e,JPEG,RGB,1067,1420,185840,original,AMBIGUOUS
PlantDoc,5467f6012d78d1c446145d5f582da6096f852ae8,training_candidate,Raspberry leaf,AMBIGUOUS,,train/Raspberry leaf/IMG_0649.JPG.jpg,Raspberry leaf/01202_d8507da2e4c4f3b0.jpg,d8507da2e4c4f3b00c0ccab91e709f4db7c9d3abcbd4fd93b33cadc8ddde5e98,434b663326c7c7e4,JPEG,RGB,2448,2448,2021195,original,AMBIGUOUS
PlantDoc,5467f6012d78d1c446145d5f582da6096f852ae8,training_candidate,Raspberry leaf,AMBIGUOUS,,train/Raspberry leaf/IMG_1982.jpg,Raspberry leaf/01203_08f5ea1377ce4ab7.jpg,08f5ea1377ce4ab74fdff62b2e7b6307dfa37c7d3e54312f9313cab1122772a7,c242f5692b317135,JPEG,RGB,1195,1600,327904,original,AMBIGUOUS
PlantDoc,5467f6012d78d1c446145d5f582da6096f852ae8,training_candidate,Raspberry leaf,AMBIGUOUS,,train/Raspberry leaf/IMG_2474.JPG.jpg,Raspberry leaf/01204_2d528fb7e1e1bcbd.jpg,2d528fb7e1e1bcbd674494089feec4eba93d9231ceb28221fb4ad633dc6f76c0,480c2d35953705ad,JPEG,RGB,1600,1149,186042,original,AMBIGUOUS
PlantDoc,5467f6012d78d1c446145d5f582da6096f852ae8,training_candidate,Raspberry leaf,AMBIGUOUS,,train/Raspberry leaf/IMG_7182_original.JPG?1493665266.jpg,Raspberry leaf/01205_b453d5a863a04e18.jpg,b453d5a863a04e180bbba88e1289cfbf6984cde118d59b7bde86371d1a6bfcb6,200c1e3b3191f0e0,JPEG,RGB,3264,2448,1722921,original,AMBIGUOUS
PlantDoc,5467f6012d78d1c446145d5f582da6096f852ae8,training_candidate,Raspberry leaf,AMBIGUOUS,,train/Raspberry leaf/Leaves-of-Mysore-raspberry.jpg,Raspberry leaf/01206_686866bde4500a5a.jpg,686866bde4500a5a074866476a02c62709d0b9bc2bdd0d7307457f940fed596d,e7474d2a99c68eb6,JPEG,RGB,1000,875,264140,original,AMBIGUOUS
PlantDoc,5467f6012d78d1c446145d5f582da6096f852ae8,training_candidate,Raspberry leaf,AMBIGUOUS,,train/Raspberry leaf/Lexicon_Raspberry.jpg,Raspberry leaf/01207_b6baa7f0d55dc522.jpg,b6baa7f0d55dc522e68df569270b64fb7d792f2590534c1eb330047695be1341,669c9c95c6c6ccc6,JPEG,RGB,2000,2000,797022,original,AMBIGUOUS
PlantDoc,5467f6012d78d1c446145d5f582da6096f852ae8,training_candidate,Raspberry leaf,AMBIGUOUS,,train/Raspberry leaf/P1110947+Rubus+idaeus+fr+St.+Joe+River.JPG.jpg,Raspberry leaf/01208_561feca3026ecd82.jpg,561feca3026ecd8299f3e8e6782d95f2d00f10d0366ff88797fa654c9a6e87f8,35547c6464356626,JPEG,RGB,1600,1068,290279,original,AMBIGUOUS
PlantDoc,5467f6012d78d1c446145d5f582da6096f852ae8,training_candidate,Raspberry leaf,AMBIGUOUS,,train/Raspberry leaf/Poison_Ivy.jpg,Raspberry leaf/01209_b531a25b19b4383f.jpg,b531a25b19b4383fdebe81a72393ed91f6f39d4fe9ab96cc9898858c42a8c223,9dad4f99586c253a,JPEG,RGB,1200,1600,289966,original,AMBIGUOUS
PlantDoc,5467f6012d78d1c446145d5f582da6096f852ae8,training_candidate,Raspberry leaf,AMBIGUOUS,,train/Raspberry leaf/Raspberry-Suckers1.jpg,Raspberry leaf/01210_d209defae14e3422.jpg,d209defae14e342248b4615368cd17d0ef1b104f3253a85ae2a616f29a0e5e57,1d9f133236364fde,JPEG,RGB,960,1280,248544,original,AMBIGUOUS
PlantDoc,5467f6012d78d1c446145d5f582da6096f852ae8,training_candidate,Raspberry leaf,AMBIGUOUS,,train/Raspberry leaf/Raspberry-leaf-and-thimbleberry-leaf.jpg,Raspberry leaf/01211_89e9a14a8be7f82b.jpg,89e9a14a8be7f82b2c0d9edbba242f16b66ff15424062348f0c72e47b4d99c36,45945667333737b5,JPEG,RGB,1192,711,451957,original,AMBIGUOUS
PlantDoc,5467f6012d78d1c446145d5f582da6096f852ae8,training_candidate,Raspberry leaf,AMBIGUOUS,,train/Raspberry leaf/Raspberry-leaf-tea-benefits-_-Ayurvedum.jpg,Raspberry leaf/01212_a361b539e19bbe98.jpg,a361b539e19bbe98a69d19d901307b921b001dac8c1bf00e6675d9dd236083dc,2e66c2e6d3d26669,JPEG,RGB,1200,800,97958,original,AMBIGUOUS
PlantDoc,5467f6012d78d1c446145d5f582da6096f852ae8,training_candidate,Raspberry leaf,AMBIGUOUS,,train/Raspberry leaf/Raspberry41.JPG.jpg,Raspberry leaf/01213_03bf840b165e8ca2.jpg,03bf840b165e8ca2e2e1511778da7129fd4da8c405d60864214574e9a06818c1,d95959da2a1e3c1d,JPEG,RGB,1600,1378,348176,original,AMBIGUOUS
PlantDoc,5467f6012d78d1c446145d5f582da6096f852ae8,training_candidate,Raspberry leaf,AMBIGUOUS,,train/Raspberry leaf/Red-Rasp-Leaf.jpg,Raspberry leaf/01214_f1321ed4090f2497.jpg,f1321ed4090f24977482758f5195d8c9d8fc517f74e582d665584724191e148e,2899333786c73634,JPEG,RGB,1024,768,130891,original,AMBIGUOUS
PlantDoc,5467f6012d78d1c446145d5f582da6096f852ae8,training_candidate,Raspberry leaf,AMBIGUOUS,,train/Raspberry leaf/Rubus_idaeus_leaf.JPG.jpg,Raspberry leaf/01215_cfe911cce9a82ed8.jpg,cfe911cce9a82ed8b9a21277bf66c72564df359a2188a386b06607bd6695f070,5c5677e6e76b0b3f,JPEG,RGB,3072,2304,2015409,original,AMBIGUOUS
PlantDoc,5467f6012d78d1c446145d5f582da6096f852ae8,training_candidate,Raspberry leaf,AMBIGUOUS,,train/Raspberry leaf/Rubus_occidentalis_leaf.JPG.jpg,Raspberry leaf/01216_3c36ce42c421f579.jpg,3c36ce42c421f5794860e4ea66b1145d4eaac6139ce71cb5d4da15a44cfc7b66,acb0301606cd89d2,JPEG,RGB,1440,2160,488785,original,AMBIGUOUS
PlantDoc,5467f6012d78d1c446145d5f582da6096f852ae8,training_candidate,Raspberry leaf,AMBIGUOUS,,train/Raspberry leaf/a61a6-raspberry_leaf_tea_pregnancy.jpg,Raspberry leaf/01217_c740f389f6f05164.jpg,c740f389f6f051646cd7cb33c6091afafcdbfd49a432572fc33f26102cd3c97c,271b4f9b739bdbcb,JPEG,RGB,1600,1066,109419,original,AMBIGUOUS
PlantDoc,5467f6012d78d1c446145d5f582da6096f852ae8,training_candidate,Raspberry leaf,AMBIGUOUS,,train/Raspberry leaf/basketofraspberryleaves.jpg,Raspberry leaf/01218_b35da1aef380c4f3.jpg,b35da1aef380c4f30543ff0cf0cef495d0466fcba9e915bfb5a1051fe138f5f9,4b69253b1dcd9991,JPEG,RGB,1000,750,739516,original,AMBIGUOUS
PlantDoc,5467f6012d78d1c446145d5f582da6096f852ae8,training_candidate,Raspberry leaf,AMBIGUOUS,,train/Raspberry leaf/benefits-red-raspberry-leaf.jpg,Raspberry leaf/01219_48cd3e3d1846eb44.jpg,48cd3e3d1846eb4488318ff7460a8de90ac8377c0161982f4ae8d75001b58160,f6f6e6a6122b3338,JPEG,RGB,800,532,69973,original,AMBIGUOUS
PlantDoc,5467f6012d78d1c446145d5f582da6096f852ae8,training_candidate,Raspberry leaf,AMBIGUOUS,,train/Raspberry leaf/black-raspberry-01.jpg,Raspberry leaf/01220_98416ef43963ac40.jpg,98416ef43963ac408f6177943821fb746604b15c5d014deb2399d6e4b1fc6e0b,73273f6e0e382c0c,JPEG,RGB,599,449,123276,original,AMBIGUOUS
PlantDoc,5467f6012d78d1c446145d5f582da6096f852ae8,training_candidate,Raspberry leaf,AMBIGUOUS,,train/Raspberry leaf/black-raspberry-three-leaves-like-poison-ivy.jpg,Raspberry leaf/01221_26be8793967a9717.jpg,26be8793967a9717ecddaabf00ebcb1d6031ffc4cca31ca4867d301aaf7ab453,cd5e1b173b393878,JPEG,RGB,900,652,187709,original,AMBIGUOUS
PlantDoc,5467f6012d78d1c446145d5f582da6096f852ae8,training_candidate,Raspberry leaf,AMBIGUOUS,,train/Raspberry leaf/bramble_leaf_25.JPG.jpg,Raspberry leaf/01222_b12bef780e6deb73.jpg,b12bef780e6deb73ed27c1cc2467243a1202735edbff000ae3d818e81f0e1650,8d3d36b333372769,JPEG,RGB,1600,1200,414305,original,AMBIGUOUS
PlantDoc,5467f6012d78d1c446145d5f582da6096f852ae8,training_candidate,Raspberry leaf,AMBIGUOUS,,train/Raspberry leaf/c-204-raspberry.jpg,Raspberry leaf/01223_2930bb22ee2ab9b6.jpg,2930bb22ee2ab9b65e69e65505141c05a43090e1e1ea7b6665002334cfab2e99,1b1b3527c7839e0e,JPEG,RGB,1092,603,108192,original,AMBIGUOUS
PlantDoc,5467f6012d78d1c446145d5f582da6096f852ae8,training_candidate,Raspberry leaf,AMBIGUOUS,,train/Raspberry leaf/d8731a01428301a3c46a643d12c6093d.jpg,Raspberry leaf/01224_e19a7a385075091e.jpg,e19a7a385075091e64032ac45c7c11db3df88dd8a24daebad61f42215cc0c8dc,0b0b4f6d478e8919,JPEG,RGB,1024,768,93569,original,AMBIGUOUS
PlantDoc,5467f6012d78d1c446145d5f582da6096f852ae8,training_candidate,Raspberry leaf,AMBIGUOUS,,train/Raspberry leaf/depositphotos_22512509-stock-photo-raspberry-leaf.jpg,Raspberry leaf/01225_b9f31044f9163501.jpg,b9f31044f9163501e9d77e61fd6350f62aa2712a20dd28586a3647e514232f31,9a88c88a86dcce8e,JPEG,RGB,1024,755,106398,original,AMBIGUOUS
PlantDoc,5467f6012d78d1c446145d5f582da6096f852ae8,training_candidate,Raspberry leaf,AMBIGUOUS,,train/Raspberry leaf/dsc_0127.jpg,Raspberry leaf/01226_9379b21a7996f482.jpg,9379b21a7996f482b0ec48a8d31d0a93c73eaffc4f8a2413a90a69b45ade45e3,69725ada9ac6a2a1,JPEG,RGB,3696,2448,2351902,original,AMBIGUOUS
PlantDoc,5467f6012d78d1c446145d5f582da6096f852ae8,training_candidate,Raspberry leaf,AMBIGUOUS,,train/Raspberry leaf/ed00fa5f-60af-4767-b8e8-f5405fd6eb44.jpg,Raspberry leaf/01227_c8e340a58246bf1a.jpg,c8e340a58246bf1aca1b75c2fd240df89491b5e8e0fd1ab3e1810dea4fac884a,09e5c4f47071790a,JPEG,RGB,1203,849,120696,original,AMBIGUOUS
PlantDoc,5467f6012d78d1c446145d5f582da6096f852ae8,training_candidate,Raspberry leaf,AMBIGUOUS,,train/Raspberry leaf/edible_weeds_raspberry_leaf.jpg,Raspberry leaf/01228_65ca17c351e0fdf5.jpg,65ca17c351e0fdf5fefdb19609fe18a2a88e1ec6e1d8110e2789744f099ca385,d3c4c176e6e8e1e4,JPEG,RGB,802,932,98296,original,AMBIGUOUS
PlantDoc,5467f6012d78d1c446145d5f582da6096f852ae8,training_candidate,Raspberry leaf,AMBIGUOUS,,train/Raspberry leaf/feuille-de-framboisier.jpg,Raspberry leaf/01229_3268bc8a8a69e408.jpg,3268bc8a8a69e408f4ad6f636ebbbb56121908eb88f3efe15f60b7c30ccf341b,2760e8ecd4c6d353,JPEG,RGB,1920,1440,450131,original,AMBIGUOUS
PlantDoc,5467f6012d78d1c446145d5f582da6096f852ae8,training_candidate,Raspberry leaf,AMBIGUOUS,,train/Raspberry leaf/fresh-green-raspberry-leaf-isolated-on-white-background-with-clipping-KH37NJ.jpg,Raspberry leaf/01230_c5c5c3c4ee3bbe47.jpg,c5c5c3c4ee3bbe47340512cb2c3001cd8e26d976e343601d1168c5cbf0ffc84b,5ab17070f0c46898,JPEG,RGB,1170,1390,170356,original,AMBIGUOUS
PlantDoc,5467f6012d78d1c446145d5f582da6096f852ae8,training_candidate,Raspberry leaf,AMBIGUOUS,,train/Raspberry leaf/gardening+004.JPG.jpg,Raspberry leaf/01231_b1a6d010df0b1c87.jpg,b1a6d010df0b1c87b51195ae6f168db5be31415d4b8116e7d2a76be73976a3ce,66552c79fb0b0e46,JPEG,RGB,1600,1200,195913,original,AMBIGUOUS
PlantDoc,5467f6012d78d1c446145d5f582da6096f852ae8,training_candidate,Raspberry leaf,AMBIGUOUS,,train/Raspberry leaf/gardening+008.JPG.jpg,Raspberry leaf/01232_001fcd83f1026dd7.jpg,001fcd83f1026dd76e1051ec94056ac60e0ce4225e6a98f7eef641b22c2362ee,aafbb7afefe6ffde,JPEG,RGB,1600,1200,196524,original,AMBIGUOUS
PlantDoc,5467f6012d78d1c446145d5f582da6096f852ae8,training_candidate,Raspberry leaf,AMBIGUOUS,,train/Raspberry leaf/green-leaves-cherry-raspberry-isolated-white-backgro-fresh-background-light-veins-close-up-herbarium-75513107.jpg,Raspberry leaf/01233_cdc8924f93cd4be3.jpg,cdc8924f93cd4be3c88a980221fc27aa59035aa8e2d0f1a74233292c0674134f,98d9b894b494c819,JPEG,RGB,1300,1390,217499,original,AMBIGUOUS
PlantDoc,5467f6012d78d1c446145d5f582da6096f852ae8,training_candidate,Raspberry leaf,AMBIGUOUS,,train/Raspberry leaf/green-raspberry-leaf-J68BYN.jpg,Raspberry leaf/01234_98387cf3a6232c98.jpg,98387cf3a6232c98f8906b74d9e17b896a771e89960bcf52dc2bf635ed3f1be1,1ddc3e73d92e55b4,JPEG,RGB,1300,956,86775,original,AMBIGUOUS
PlantDoc,5467f6012d78d1c446145d5f582da6096f852ae8,training_candidate,Raspberry leaf,AMBIGUOUS,,train/Raspberry leaf/groovy-raspberry1000x1000.jpg,Raspberry leaf/01235_b54df991866597ba.jpg,b54df991866597ba89408b8c92ab302a2275cfe68ba82c448a80ec5dfe0285a4,e2c0c9cfe5c5f5a7,JPEG,RGB,1000,1000,151363,original,AMBIGUOUS
PlantDoc,5467f6012d78d1c446145d5f582da6096f852ae8,training_candidate,Raspberry leaf,AMBIGUOUS,,train/Raspberry leaf/groovy-raspberry3_2.jpg,Raspberry leaf/01236_f5ca2e1c4c94269e.jpg,f5ca2e1c4c94269e773e7e738353a038d594a31b03a3b505feafad8c560bc82b,4dc9743a6bcfc6c7,JPEG,RGB,1000,1499,216142,original,AMBIGUOUS
PlantDoc,5467f6012d78d1c446145d5f582da6096f852ae8,training_candidate,Raspberry leaf,AMBIGUOUS,,train/Raspberry leaf/groovy-raspberry4.jpg,Raspberry leaf/01237_163c3369ef214160.jpg,163c3369ef21416095c1966cde999b9cdd2bd8311079ad776656058390f1ab7a,357673d225646c6e,JPEG,RGB,1000,1490,345013,original,AMBIGUOUS
PlantDoc,5467f6012d78d1c446145d5f582da6096f852ae8,training_candidate,Raspberry leaf,AMBIGUOUS,,train/Raspberry leaf/iStock-104258470_4x3.jpg,Raspberry leaf/01238_fa21f70e240d4a9d.jpg,fa21f70e240d4a9db5bddc633c5b46a3bff53a49e80d7d83d297b3edf96d2728,784c6ce4e6e68662,JPEG,RGB,1026,770,185385,original,AMBIGUOUS
PlantDoc,5467f6012d78d1c446145d5f582da6096f852ae8,training_candidate,Raspberry leaf,AMBIGUOUS,,train/Raspberry leaf/img_0509.jpg,Raspberry leaf/01239_c3d9808037cfcf86.jpg,c3d9808037cfcf86f1dc4783d51805e830af9b4999a43ae8274219f22d77fdd7,e2c32d6b21696c78,JPEG,RGB,800,600,103270,original,AMBIGUOUS
PlantDoc,5467f6012d78d1c446145d5f582da6096f852ae8,training_candidate,Raspberry leaf,AMBIGUOUS,,train/Raspberry leaf/img_5342.jpg,Raspberry leaf/01240_34cbad461b901266.jpg,34cbad461b9012663ec82a7c2d769e8755459595249df2c6113afd4031eb8536,061a1b13cfe7a549,JPEG,RGB,2065,1460,1038845,original,AMBIGUOUS
PlantDoc,5467f6012d78d1c446145d5f582da6096f852ae8,training_candidate,Raspberry leaf,AMBIGUOUS,,train/Raspberry leaf/img_5426.jpg,Raspberry leaf/01241_d6225338689dfc47.jpg,d6225338689dfc47db467ef6d1ef42bd51f6630a1207acbd0a020a7030651127,d2a2a6262badcce6,JPEG,RGB,1971,1333,977803,original,AMBIGUOUS
PlantDoc,5467f6012d78d1c446145d5f582da6096f852ae8,training_candidate,Raspberry leaf,AMBIGUOUS,,train/Raspberry leaf/imgp9968.jpg,Raspberry leaf/01242_d153126e37f3c482.jpg,d153126e37f3c48245a8652551a4eb7abf8120f5341a4bcad74b3ebdd417ea1f,cacc8d06271f0f1f,JPEG,RGB,3872,2592,2449692,original,AMBIGUOUS
PlantDoc,5467f6012d78d1c446145d5f582da6096f852ae8,training_candidate,Raspberry leaf,AMBIGUOUS,,train/Raspberry leaf/iron-deficiency-symptoms-on-autumn-fruiting-raspberry-leaf-uk-garden-E4W76G.jpg,Raspberry leaf/01243_8306088620884412.jpg,830608862088441219613106065deb4463254d5cd3a596c68517b22e54b01227,8c8e363796c6eefe,JPEG,RGB,1300,821,201229,original,AMBIGUOUS
PlantDoc,5467f6012d78d1c446145d5f582da6096f852ae8,training_candidate,Raspberry leaf,AMBIGUOUS,,train/Raspberry leaf/iron-deficiency-symptoms-on-autumn-fruiting-raspberry-leaf-uk-garden-E4W77P.jpg,Raspberry leaf/01244_53683f9ec82c0169.jpg,53683f9ec82c016947c0d63f8a6e08217f7132e21e7322247a8c4eeccb91379f,290d07024b4572f0,JPEG,RGB,1300,957,258745,original,AMBIGUOUS
PlantDoc,5467f6012d78d1c446145d5f582da6096f852ae8,training_candidate,Raspberry leaf,AMBIGUOUS,,train/Raspberry leaf/leaf-on-raspberry-bush.jpg,Raspberry leaf/01245_108af4de82edae49.jpg,108af4de82edae49882b56068ff997b06c4d4a38d932d98bf190705ec6bba584,74b4f4ccf06aea06,JPEG,RGB,1920,1440,227550,original,AMBIGUOUS
PlantDoc,5467f6012d78d1c446145d5f582da6096f852ae8,training_candidate,Raspberry leaf,AMBIGUOUS,,train/Raspberry leaf/leaves-of-a-raspberry-stock-photo-1206396.jpg,Raspberry leaf/01246_f034e28473bbcbe1.jpg,f034e28473bbcbe1a3d4cda9f836de69d40acc518ec035749fcd37b09d4066b4,8cc6d2b1a884e0e1,JPEG,RGB,1300,1067,195167,original,AMBIGUOUS
PlantDoc,5467f6012d78d1c446145d5f582da6096f852ae8,training_candidate,Raspberry leaf,AMBIGUOUS,,train/Raspberry leaf/leaves-of-a-raspberry-stock-photo-1214081.jpg,Raspberry leaf/01247_4443368aa1dd8a9d.jpg,4443368aa1dd8a9df42c950ea26d03240318c8c43b85a4e73cfc4620cc10f590,e1e9c9e3a989f363,JPEG,RGB,1300,1140,207648,original,AMBIGUOUS
PlantDoc,5467f6012d78d1c446145d5f582da6096f852ae8,training_candidate,Raspberry leaf,AMBIGUOUS,,train/Raspberry leaf/marioncalico2.jpg,Raspberry leaf/01248_fa966594c68ffc5b.jpg,fa966594c68ffc5be098cc11029e9b150c6651ded2cd687f50b0a9be8d164772,af3b2b2faf8fd5fb,JPEG,RGB,2048,1360,285786,original,AMBIGUOUS
PlantDoc,5467f6012d78d1c446145d5f582da6096f852ae8,training_candidate,Raspberry leaf,AMBIGUOUS,,train/Raspberry leaf/muscari-raspberry-leaf-isolated-white-background-31953078.jpg,Raspberry leaf/01249_2480bf49ecbf8602.jpg,2480bf49ecbf8602dca21b6f36a3415f23074459fa39245fb3451a2d2503787f,40c8c8deccd8820a,JPEG,RGB,1300,951,156571,original,AMBIGUOUS
PlantDoc,5467f6012d78d1c446145d5f582da6096f852ae8,training_candidate,Raspberry leaf,AMBIGUOUS,,train/Raspberry leaf/organic-herbal-smoke-tea-raspberry-leaf.jpg,Raspberry leaf/01250_6bade338d4a72c87.jpg,6bade338d4a72c878a309f07ae1311f39dd1145ea78d124afab8d3fb73945ce5,1f4b53c1591915dd,JPEG,RGB,800,800,173766,original,AMBIGUOUS
PlantDoc,5467f6012d78d1c446145d5f582da6096f852ae8,training_candidate,Raspberry leaf,AMBIGUOUS,,train/Raspberry leaf/pbsNJ.jpg,Raspberry leaf/01251_d58b6a532c320690.jpg,d58b6a532c320690f2aa5e013d2ee2fd6cf46e3385a9119ba65f57ff8fd5b6fb,c271314bc5a567c6,JPEG,RGB,1156,868,222655,original,AMBIGUOUS
PlantDoc,5467f6012d78d1c446145d5f582da6096f852ae8,training_candidate,Raspberry leaf,AMBIGUOUS,,train/Raspberry leaf/product_red-raspberry-leaf-512x384.jpg,Raspberry leaf/01252_51ee57dbc3228313.jpg,51ee57dbc32283134e16c628a0df964f3e7851d242db768cdaedbbc665584174,18d8cca0e260e068,JPEG,RGB,512,384,30537,original,AMBIGUOUS
PlantDoc,5467f6012d78d1c446145d5f582da6096f852ae8,training_candidate,Raspberry leaf,AMBIGUOUS,,train/Raspberry leaf/raspberry%2Bleaves.jpg,Raspberry leaf/01253_9f6b35ba08ef7d8b.jpg,9f6b35ba08ef7d8b7d207a34492bcacc69dff91ef75ea847d9dab4e0c9d595f5,7c3c5b77537b7af0,JPEG,RGB,826,692,157634,original,AMBIGUOUS
PlantDoc,5467f6012d78d1c446145d5f582da6096f852ae8,training_candidate,Raspberry leaf,AMBIGUOUS,,train/Raspberry leaf/raspberry-bush-leaves-on-a-white-background-rubi-idaei-folium-D6NDCJ.jpg,Raspberry leaf/01254_106092bc1e52dd10.jpg,106092bc1e52dd103992b024d3ce3097b7246a014ca1af971790dac65cf12ac1,7072d1e8dcdc5ab5,JPEG,RGB,1300,960,141288,original,AMBIGUOUS
PlantDoc,5467f6012d78d1c446145d5f582da6096f852ae8,training_candidate,Raspberry leaf,AMBIGUOUS,,train/Raspberry leaf/raspberry-green-leaves-isolated-white-background-46020616.jpg,Raspberry leaf/01255_23f7feef3f01fe19.jpg,23f7feef3f01fe194260e74b478b880c0bc900fa61bdb93d61018197072bdf58,b971e3c198bc1c47,JPEG,RGB,1148,1300,142052,original,AMBIGUOUS
PlantDoc,5467f6012d78d1c446145d5f582da6096f852ae8,training_candidate,Raspberry leaf,AMBIGUOUS,,train/Raspberry leaf/raspberry-leaf-26572588.jpg,Raspberry leaf/01256_9512df56c0ab6534.jpg,9512df56c0ab653450bbe5473543105e8d745f024b6b9f8756dc515ddbf1efae,b072707c7860220a,JPEG,RGB,1300,1103,112706,original,AMBIGUOUS
PlantDoc,5467f6012d78d1c446145d5f582da6096f852ae8,training_candidate,Raspberry leaf,AMBIGUOUS,,train/Raspberry leaf/raspberry-leaf-dehydrator.jpg,Raspberry leaf/01257_a4373589011fba6a.jpg,a4373589011fba6a99439c6d7720e6af31dbab1eac1394aa18034665a2d233f7,c7c3c11904019191,JPEG,RGB,660,440,145340,original,AMBIGUOUS
PlantDoc,5467f6012d78d1c446145d5f582da6096f852ae8,training_candidate,Raspberry leaf,AMBIGUOUS,,train/Raspberry leaf/raspberry-leaf-has-traditionally-been-used-during-the-later-stages-raspberry-leaf.jpg,Raspberry leaf/01258_f0c4f5eb0f808bf7.jpg,f0c4f5eb0f808bf718af4a3763651686a8f8ef798a7613b46311a7935a7f18f9,2052b2b0f0686004,JPEG,RGB,640,640,29512,original,AMBIGUOUS
PlantDoc,5467f6012d78d1c446145d5f582da6096f852ae8,training_candidate,Raspberry leaf,AMBIGUOUS,,train/Raspberry leaf/raspberry-leaf-ingredient-photo.jpg,Raspberry leaf/01259_83a1813dff01449c.jpg,83a1813dff01449cf7d9a5e1f80b3de897a56d58e0246c0f59e99bae29f48746,08e2c9e8eccc802c,JPEG,RGB,500,353,45816,original,AMBIGUOUS
PlantDoc,5467f6012d78d1c446145d5f582da6096f852ae8,training_candidate,Raspberry leaf,AMBIGUOUS,,train/Raspberry leaf/raspberry-leaf-isolated-white-18415125.jpg,Raspberry leaf/01260_e65cd477083a095a.jpg,e65cd477083a095a18ce7100a9118e8246d1e458572d8b2164440e1826eb2c45,09656174ecf933cd,JPEG,RGB,1311,1300,136522,original,AMBIGUOUS
PlantDoc,5467f6012d78d1c446145d5f582da6096f852ae8,training_candidate,Raspberry leaf,AMBIGUOUS,,train/Raspberry leaf/raspberry-leaves-1024x783.jpg,Raspberry leaf/01261_d2490d93cbacfa99.jpg,d2490d93cbacfa998377c7ca721ebea6fbed2209308966b1ceef6be658641871,737adbc92596322c,JPEG,RGB,1024,783,78281,original,AMBIGUOUS
PlantDoc,5467f6012d78d1c446145d5f582da6096f852ae8,training_candidate,Raspberry leaf,AMBIGUOUS,,train/Raspberry leaf/raspberry-leaves-30apr15-sg.jpg,Raspberry leaf/01262_d43bfc72a31df5ba.jpg,d43bfc72a31df5ba85017e62f4c1eabea604ad3cf4e03db8962ebaaeda4bce95,6434650956b6e42b,JPEG,RGB,2384,1797,947706,original,AMBIGUOUS
PlantDoc,5467f6012d78d1c446145d5f582da6096f852ae8,training_candidate,Raspberry leaf,AMBIGUOUS,,train/Raspberry leaf/raspberry-leaves-isolated-28028038.jpg,Raspberry leaf/01263_6112535b718400a6.jpg,6112535b718400a6ad5fdb1c44e8619c1d3061b0768435fdd9326019cf7ba021,08c8e2f664f03006,JPEG,RGB,1300,1117,166845,original,AMBIGUOUS
PlantDoc,5467f6012d78d1c446145d5f582da6096f852ae8,training_candidate,Raspberry leaf,AMBIGUOUS,,train/Raspberry leaf/raspberry-leaves-isolated-white-background-15358743.jpg,Raspberry leaf/01264_5db30fb52e522674.jpg,5db30fb52e52267462a7aec217f748a68a75ba7614e5ed996c8accd159cd355d,a23058b07cdc960b,JPEG,RGB,1300,1192,93945,original,AMBIGUOUS
PlantDoc,5467f6012d78d1c446145d5f582da6096f852ae8,training_candidate,Raspberry leaf,AMBIGUOUS,,train/Raspberry leaf/raspberry-leaves-stock-picture-3093023.jpg,Raspberry leaf/01265_82cb58896b95ba20.jpg,82cb58896b95ba203bb4230117704609b3e97e127f873be467449ee166ddb4b6,69b12767db3df9f1,JPEG,RGB,1300,1067,382300,original,AMBIGUOUS
PlantDoc,5467f6012d78d1c446145d5f582da6096f852ae8,training_candidate,Raspberry leaf,AMBIGUOUS,,train/Raspberry leaf/raspberry_leaf_full.jpg,Raspberry leaf/01266_e7a1eb80522ae59c.jpg,e7a1eb80522ae59c8e2141194a188fcfed8e6c81bbc14d7f3165b13733dc6f3c,3c391d8f13995d5f,JPEG,RGB,2454,2048,3896180,original,AMBIGUOUS
PlantDoc,5467f6012d78d1c446145d5f582da6096f852ae8,training_candidate,Raspberry leaf,AMBIGUOUS,,train/Raspberry leaf/raspberry_leaves.JPG.JPG.jpg,Raspberry leaf/01267_71c89682448f864f.jpg,71c89682448f864f73121d8962ed67494237ad6b5b42aa6ad0d92bd24f7dd596,e7bbbd8cfd6df2f6,JPEG,RGB,1200,1600,259935,original,AMBIGUOUS
PlantDoc,5467f6012d78d1c446145d5f582da6096f852ae8,training_candidate,Raspberry leaf,AMBIGUOUS,,train/Raspberry leaf/raspberry_leaves.JPG.jpg,Raspberry leaf/01268_86a25e9850794652.jpg,86a25e985079465295d87a0ab3163449800417259175aea407258e31b38ea47f,68910b4b958ccb4e,JPEG,RGB,1600,1200,329830,original,AMBIGUOUS
PlantDoc,5467f6012d78d1c446145d5f582da6096f852ae8,training_candidate,Raspberry leaf,AMBIGUOUS,,train/Raspberry leaf/raspberryleafrust1.jpg,Raspberry leaf/01269_40dc074748f1e3e6.jpg,40dc074748f1e3e68f1bcebe2c9fa77b0b92ff44959449f047e37133293fcab1,d90e0f0f86824315,JPEG,RGB,1050,797,617799,original,AMBIGUOUS
PlantDoc,5467f6012d78d1c446145d5f582da6096f852ae8,training_candidate,Raspberry leaf,AMBIGUOUS,,train/Raspberry leaf/red-raspberry-leaf_1.jpg,Raspberry leaf/01270_853ef041f8413aa5.jpg,853ef041f8413aa5f9e8e1a5e2652192bba365721c59ec9a5059ba09ac83b383,687a3b11854ad29a,JPEG,RGB,400,335,52360,original,AMBIGUOUS
PlantDoc,5467f6012d78d1c446145d5f582da6096f852ae8,training_candidate,Raspberry leaf,AMBIGUOUS,,train/Raspberry leaf/red-raspberry.jpg,Raspberry leaf/01271_02a455058b5327ac.jpg,02a455058b5327ac1e8db7cf1d7183c679b4fd7c811f672b7cb11c5214829593,09d93999d0e861b2,JPEG,RGB,1200,981,93579,original,AMBIGUOUS
PlantDoc,5467f6012d78d1c446145d5f582da6096f852ae8,training_candidate,Raspberry leaf,AMBIGUOUS,,train/Raspberry leaf/red-rspberry-leaf-help-strengthen-the-uterus-and-the-lining-of-the-uterus.jpg,Raspberry leaf/01272_37a9af593a606093.jpg,37a9af593a606093168af4d73f4a7b659e414aecff8d7d027bd62ff2d53bfa15,abbbf9b6b6c9faa7,JPEG,RGB,736,1032,288386,original,AMBIGUOUS
PlantDoc,5467f6012d78d1c446145d5f582da6096f852ae8,training_candidate,Raspberry leaf,AMBIGUOUS,,train/Raspberry leaf/red_raspberry03.jpg,Raspberry leaf/01273_7eae4bce67e02487.jpg,7eae4bce67e02487675a144049324d3a56aa674e3447071d108847d8c9945314,5c7afb26d4d70bc2,JPEG,RGB,567,756,26275,original,AMBIGUOUS
PlantDoc,5467f6012d78d1c446145d5f582da6096f852ae8,training_candidate,Raspberry leaf,AMBIGUOUS,,train/Raspberry leaf/ripe-raspberry-leaf-white-background-30978897.jpg,Raspberry leaf/01274_f68002adb4ecf956.jpg,f68002adb4ecf956e440c5961b02bf64003bd064cb35d26a41ca31f5c62db95e,04f0f0c4d0f0340a,JPEG,RGB,1300,1061,306483,original,AMBIGUOUS
PlantDoc,5467f6012d78d1c446145d5f582da6096f852ae8,training_candidate,Raspberry leaf,AMBIGUOUS,,train/Raspberry leaf/ripe-raspberry-with-green-leaves-and-flowers-Download-Royalty-free-Vector-File-EPS-10297.jpg,Raspberry leaf/01275_365a753f178d6190.jpg,365a753f178d619037cdbb6b250d4bb556ee2b19c4759334b3101e8dea98cbd7,34e4dcd8f6f6b600,JPEG,RGB,1200,1108,278763,original,AMBIGUOUS
PlantDoc,5467f6012d78d1c446145d5f582da6096f852ae8,training_candidate,Raspberry leaf,AMBIGUOUS,,train/Raspberry leaf/rubus-idaeus-8280814-9.jpg,Raspberry leaf/01276_437b8e8cf25c2830.jpg,437b8e8cf25c2830bb2baaf557e4e3cc7072ec296fb25b5970a319f32b6fdf97,121a4f2a445c39a7,JPEG,RGB,800,600,118009,original,AMBIGUOUS
PlantDoc,5467f6012d78d1c446145d5f582da6096f852ae8,training_candidate,Raspberry leaf,AMBIGUOUS,,train/Raspberry leaf/rubus-idaeus-strigosus-le-ahaines-a.jpg,Raspberry leaf/01277_b20e714b60caf80f.jpg,b20e714b60caf80f52c869eda6b20868341a2b8e6980d992769fa14880c35e6a,001ad27078ece012,JPEG,RGB,849,1000,98214,original,AMBIGUOUS
PlantDoc,5467f6012d78d1c446145d5f582da6096f852ae8,training_candidate,Raspberry leaf,AMBIGUOUS,,train/Raspberry leaf/rubus-idaeus_0714_122911.jpg,Raspberry leaf/01278_66887cea2d547a05.jpg,66887cea2d547a0513a8db0c84dadf83be6a6b847a2e763675492734a5d91e4c,f3c89a29684c1d0a,JPEG,RGB,800,600,82532,original,AMBIGUOUS
PlantDoc,5467f6012d78d1c446145d5f582da6096f852ae8,training_candidate,Raspberry leaf,AMBIGUOUS,,train/Raspberry leaf/shutterstock_302160662.jpg,Raspberry leaf/01279_9b3cd6dc4c9926ec.jpg,9b3cd6dc4c9926ec718e8d2118dfe791c7375c8e5a4688e5e7c6513e673e0f68,b3724c50d33145c1,JPEG,RGB,1000,750,734462,original,AMBIGUOUS
PlantDoc,5467f6012d78d1c446145d5f582da6096f852ae8,training_candidate,Raspberry leaf,AMBIGUOUS,,train/Raspberry leaf/slide10.jpg,Raspberry leaf/01280_abbf6f5512ae4da4.jpg,abbf6f5512ae4da40d45b52f27a46e52fc83b172a46790bae4dad1f7cfad88f7,309b8d4d5e1e5878,JPEG,RGB,2048,1536,646036,original,AMBIGUOUS
PlantDoc,5467f6012d78d1c446145d5f582da6096f852ae8,training_candidate,Raspberry leaf,AMBIGUOUS,,train/Raspberry leaf/stock-photo-raspberry-leaf-isolated-on-a-white-background-72329308.jpg,Raspberry leaf/01281_432d0e58445da557.jpg,432d0e58445da55706dba63e289f93192a7e616907518229b0a5b57335ba631a,02c1f472c1c48064,JPEG,RGB,1395,1600,473351,original,AMBIGUOUS
PlantDoc,5467f6012d78d1c446145d5f582da6096f852ae8,training_candidate,Raspberry leaf,AMBIGUOUS,,train/Raspberry leaf/village-herbals-bulk-herbs-raspberry-leaves.jpg,Raspberry leaf/01282_5633d46c2ba3752d.jpg,5633d46c2ba3752d36f6a24ae63d7f5f7f00b03b5d26d91dc51e10d4f74d441e,9bc8a321472bab27,JPEG,RGB,1200,1200,554014,original,AMBIGUOUS
PlantDoc,5467f6012d78d1c446145d5f582da6096f852ae8,training_candidate,Raspberry leaf,AMBIGUOUS,,train/Raspberry leaf/yellow-raspberry-leaf-chlorosis-nutrient-deficiency-probably-lack-iron-gardening-problem-72461965.jpg,Raspberry leaf/01283_1678de1fffcbcd15.jpg,1678de1fffcbcd1599ae3abbc9631af50d2e4044e9eaf68b57f667d23905495c,2905133316879719,JPEG,RGB,1300,1065,272477,original,AMBIGUOUS
PlantDoc,5467f6012d78d1c446145d5f582da6096f852ae8,training_candidate,Soyabean leaf,AMBIGUOUS,,train/Soyabean leaf/487977347.jpg,Soyabean leaf/01284_e9bf916351dd1e34.jpg,e9bf916351dd1e3443d77db9d64fb29355770f23ed33bc0ccd51aaddd407f92b,88490da63b991913,JPEG,RGB,1998,1499,463616,original,AMBIGUOUS
PlantDoc,5467f6012d78d1c446145d5f582da6096f852ae8,training_candidate,Soyabean leaf,AMBIGUOUS,,train/Soyabean leaf/5834652565_6b00a70309_z.jpg,Soyabean leaf/01285_c46631ff592ff3fc.jpg,c46631ff592ff3fce388b2c20e7d7a939e6e666318e2ec6bcf4e0dc22452ba89,60642a396cd64242,JPEG,RGB,640,425,198422,original,AMBIGUOUS
PlantDoc,5467f6012d78d1c446145d5f582da6096f852ae8,training_candidate,Soyabean leaf,AMBIGUOUS,,train/Soyabean leaf/6.15.12+Soybeans+V3.JPG.jpg,Soyabean leaf/01286_014cb818a640b78b.jpg,014cb818a640b78be55550f2949ed8640f3d357c3f058ee58c698acccbcef5e4,6ebc155e1a70e8d1,JPEG,RGB,1600,1067,288385,original,AMBIGUOUS
PlantDoc,5467f6012d78d1c446145d5f582da6096f852ae8,training_candidate,Soyabean leaf,AMBIGUOUS,,train/Soyabean leaf/6.8.12+Soybean+First+Trifoliate+Leaf.JPG.jpg,Soyabean leaf/01287_995c296596d8de60.jpg,995c296596d8de60f54b48365a4582d1e2c9df83dad01c4e6800660139c74a2d,b2b3b2d1cdd1dccc,JPEG,RGB,1600,1067,275417,original,AMBIGUOUS
PlantDoc,5467f6012d78d1c446145d5f582da6096f852ae8,training_candidate,Soyabean leaf,AMBIGUOUS,,train/Soyabean leaf/6898762496_5b9b6c22d3_z.jpg,Soyabean leaf/01288_844906e14ba31d9e.jpg,844906e14ba31d9eef1c7f911e570176606bb03972b40d5a8c4358b51689d643,6d69f856d2b2b132,JPEG,RGB,640,426,86189,original,AMBIGUOUS
PlantDoc,5467f6012d78d1c446145d5f582da6096f852ae8,training_candidate,Soyabean leaf,AMBIGUOUS,,train/Soyabean leaf/Brown%20Spot%20-%20dark%20spots.jpg,Soyabean leaf/01289_7c1dd02bfbab8fff.jpg,7c1dd02bfbab8fffaaedfc7bab7cc7acec0c84e268d737003700745de9b770a1,5f8b5b6890cc0919,JPEG,RGB,1280,856,755149,original,AMBIGUOUS
PlantDoc,5467f6012d78d1c446145d5f582da6096f852ae8,training_candidate,Soyabean leaf,AMBIGUOUS,,train/Soyabean leaf/DM-on-soy.jpg,Soyabean leaf/01290_b144f56df4b5930c.jpg,b144f56df4b5930cfd04f3d6755f29826ebe749119393d6e0444f29f041147ad,dfdf9f9b1acec733,JPEG,RGB,640,480,144027,original,AMBIGUOUS
PlantDoc,5467f6012d78d1c446145d5f582da6096f852ae8,training_candidate,Soyabean leaf,AMBIGUOUS,,train/Soyabean leaf/IMG_1138.jpg,Soyabean leaf/01291_8db9e14e5941ad63.jpg,8db9e14e5941ad638d7249392e9b84aba906d02e8d08a41e5d95862fbce86b2c,b534362b9d8c8e59,JPEG,RGB,5184,3456,544966,original,AMBIGUOUS
PlantDoc,5467f6012d78d1c446145d5f582da6096f852ae8,training_candidate,Soyabean leaf,AMBIGUOUS,,train/Soyabean leaf/IMG_20150714_122008907.jpg,Soyabean leaf/01292_6ebf11edaa72fc09.jpg,6ebf11edaa72fc09cbe6f3e1a7f959500755434bf508648f2652c41af2627cee,597bf81e1dc9cbc8,JPEG,RGB,2432,4320,3152973,original,AMBIGUOUS
PlantDoc,5467f6012d78d1c446145d5f582da6096f852ae8,training_candidate,Soyabean leaf,AMBIGUOUS,,train/Soyabean leaf/IMG_4780.jpg,Soyabean leaf/01293_7df1330606eaf73a.jpg,7df1330606eaf73add5426f382eb74cc01f073201d2ea4dc28283f64a0a815e0,c969f23064e8e8e0,JPEG,RGB,3456,2304,2879499,original,AMBIGUOUS
PlantDoc,5467f6012d78d1c446145d5f582da6096f852ae8,training_candidate,Soyabean leaf,AMBIGUOUS,,train/Soyabean leaf/IMG_4810.jpg,Soyabean leaf/01294_efa97134d8c990b9.jpg,efa97134d8c990b943a3a00046368edf68886715b79c411237877d53e3dbc551,4944cc8dac6dfed9,JPEG,RGB,3456,2304,3083068,original,AMBIGUOUS
PlantDoc,5467f6012d78d1c446145d5f582da6096f852ae8,training_candidate,Soyabean leaf,AMBIGUOUS,,train/Soyabean leaf/IMG_fig-4.jpg,Soyabean leaf/01295_5802ed28a8db8c0c.jpg,5802ed28a8db8c0cc2d79a25b86175b5ee77c9646ecfaaebad9d9115f9ba17d4,83ce9c28a7adede9,JPEG,RGB,500,375,265482,original,AMBIGUOUS
PlantDoc,5467f6012d78d1c446145d5f582da6096f852ae8,training_candidate,Soyabean leaf,AMBIGUOUS,,train/Soyabean leaf/KDeficientSoyBean.jpg,Soyabean leaf/01296_a11886f5533f98ba.jpg,a11886f5533f98baf11bda057c95f5286a31e1c06f326f1295e0bf04d5b372c9,2f061226060c0d9c,JPEG,RGB,1639,1272,255661,original,AMBIGUOUS
PlantDoc,5467f6012d78d1c446145d5f582da6096f852ae8,training_candidate,Soyabean leaf,AMBIGUOUS,,train/Soyabean leaf/Kdefsoybean.JPG.jpg,Soyabean leaf/01297_b4a2d43e9f652b3b.jpg,b4a2d43e9f652b3bb78372eab295626600fe588fc6bdbc1bdef0523fcd8117a8,333951d274707273,JPEG,RGB,683,512,379644,original,AMBIGUOUS
PlantDoc,5467f6012d78d1c446145d5f582da6096f852ae8,training_candidate,Soyabean leaf,AMBIGUOUS,,train/Soyabean leaf/Leaves-of-Soybean.jpg,Soyabean leaf/01298_3f4fc4070444af62.jpg,3f4fc4070444af6289af45c865028dde01f8608b30a879f0937e3b756b51ba88,6c4fd9b87a333694,JPEG,RGB,2592,1944,1741979,original,AMBIGUOUS
PlantDoc,5467f6012d78d1c446145d5f582da6096f852ae8,training_candidate,Soyabean leaf,AMBIGUOUS,,train/Soyabean leaf/SOYBEANS_2_1500x1500%253E.JPG?1474027789.jpg,Soyabean leaf/01299_0c1c5e79ee2021be.jpg,0c1c5e79ee2021be81b417f8685cdcd417ba3bfa6877a5870fe72b398ed30b1c,9399194e16941450,JPEG,RGB,1120,1500,903605,original,AMBIGUOUS
PlantDoc,5467f6012d78d1c446145d5f582da6096f852ae8,training_candidate,Soyabean leaf,AMBIGUOUS,,train/Soyabean leaf/Soy-leaves-FAZ050-2015US-IL-Wuerffel-USNQ0F002-28DAB-Plot106b.jpg,Soyabean leaf/01300_49f44dc91963be5d.jpg,49f44dc91963be5d45824ddb593a6e3cfdd02588517b559ec175dc0779e43b72,d4d4d4d4d6d6d6d2,JPEG,RGB,5184,3456,2651630,original,AMBIGUOUS
PlantDoc,5467f6012d78d1c446145d5f582da6096f852ae8,training_candidate,Soyabean leaf,AMBIGUOUS,,train/Soyabean leaf/Soybean%20edamame%20leaf.JPG.jpg,Soyabean leaf/01301_795b5ecfb688f933.jpg,795b5ecfb688f933b88cca0de9be7ad296ded85b126113ba2a012e9523dc443d,377371eaaeb2dcf1,JPEG,RGB,4048,3340,1824250,original,AMBIGUOUS
PlantDoc,5467f6012d78d1c446145d5f582da6096f852ae8,training_candidate,Soyabean leaf,AMBIGUOUS,,train/Soyabean leaf/Soybean%20oil%20leaf.JPG.jpg,Soyabean leaf/01302_9913959f1c6f6baf.jpg,9913959f1c6f6baf83760eabefd5f2deaf65fe564f94e6ad2a05b72c3b934c6b,0f53333378697377,JPEG,RGB,4048,3340,1763713,original,AMBIGUOUS
PlantDoc,5467f6012d78d1c446145d5f582da6096f852ae8,training_candidate,Soyabean leaf,AMBIGUOUS,,train/Soyabean leaf/Soybean%20oil%20leaf2.JPG.jpg,Soyabean leaf/01303_28a1bbbe112184ab.jpg,28a1bbbe112184abecadf9777f0c1124d77671f970a93605b7f9c6af12624810,2763637274cc6466,JPEG,RGB,4048,3040,1786522,original,AMBIGUOUS
PlantDoc,5467f6012d78d1c446145d5f582da6096f852ae8,training_candidate,Soyabean leaf,AMBIGUOUS,,train/Soyabean leaf/Soybean%20tofu%20leaf.JPG.jpg,Soyabean leaf/01304_afc7d484aaa174d4.jpg,afc7d484aaa174d4c1e3f659cf1181e0543efd8191e4ccd3bd2a0252df8b1700,b77372f6fcd4ccf5,JPEG,RGB,4048,3340,1547011,original,AMBIGUOUS
PlantDoc,5467f6012d78d1c446145d5f582da6096f852ae8,training_candidate,Soyabean leaf,AMBIGUOUS,,train/Soyabean leaf/Soybean_leaves.jpg,Soyabean leaf/01305_bbeea5c32273e654.jpg,bbeea5c32273e6544670a268d075e099cbb2162e8de695322cf501eaf0232967,92173765afb71b9a,JPEG,RGB,1024,680,292765,original,AMBIGUOUS
PlantDoc,5467f6012d78d1c446145d5f582da6096f852ae8,training_candidate,Soyabean leaf,AMBIGUOUS,,train/Soyabean leaf/a-mid-season-soybean-plants-leaves-show-virtually-no-insect-damage-cxy77t.jpg,Soyabean leaf/01306_4c7b539830f249c6.jpg,4c7b539830f249c6d94ccb5e8ac5b9de77fd47351120270551f4522a1a4d99f0,e38d0b1b342666f3,JPEG,RGB,640,447,105996,original,AMBIGUOUS
PlantDoc,5467f6012d78d1c446145d5f582da6096f852ae8,training_candidate,Soyabean leaf,AMBIGUOUS,,train/Soyabean leaf/a-mid-season-soybean-plants-leaves-show-virtually-no-insect-damage-cxy78f.jpg,Soyabean leaf/01307_c0341a4152138cae.jpg,c0341a4152138cae2d1ddad987c6170aeb99a2e70ed32e18f2dee840f83c8017,4c66644c1ab39b5b,JPEG,RGB,640,447,116085,original,AMBIGUOUS
PlantDoc,5467f6012d78d1c446145d5f582da6096f852ae8,training_candidate,Soyabean leaf,AMBIGUOUS,,train/Soyabean leaf/agron10.jpg,Soyabean leaf/01308_6d6a97c8fc5cd81e.jpg,6d6a97c8fc5cd81e0cd38a7d0979d4506fa8e11173a6ce4f37e5e4cc177cf865,9c4c672331581135,JPEG,RGB,1280,960,999014,original,AMBIGUOUS
PlantDoc,5467f6012d78d1c446145d5f582da6096f852ae8,training_candidate,Soyabean leaf,AMBIGUOUS,,train/Soyabean leaf/asoybeanleafcloseup.JPG.jpg,Soyabean leaf/01309_ae7d83e4ba9e6c30.jpg,ae7d83e4ba9e6c30fa39086919a840a99373bfc696b1e4b87930ebe3d2f33244,ccc2facbdbcdc657,JPEG,RGB,550,412,43112,original,AMBIGUOUS
PlantDoc,5467f6012d78d1c446145d5f582da6096f852ae8,training_candidate,Soyabean leaf,AMBIGUOUS,,train/Soyabean leaf/close-up-shot-of-soy-leaves-glistening-in-the-sunshine-picture-id157639700?s=612x612.jpg,Soyabean leaf/01310_5ae477a21b434399.jpg,5ae477a21b434399ec3137edc9d60dd68ac15e96fc75c79f61df12716182ccca,1c3c1f0707a32325,JPEG,RGB,612,408,22273,original,AMBIGUOUS
PlantDoc,5467f6012d78d1c446145d5f582da6096f852ae8,training_candidate,Soyabean leaf,AMBIGUOUS,,train/Soyabean leaf/depositphotos_15928367-stock-photo-soy-leaf.jpg,Soyabean leaf/01311_d59fdbf92c8a65e7.jpg,d59fdbf92c8a65e72c5c3da06dca2ce031014b8ea3c3ae45569860edcf7f78ef,1a38b130d8ccd218,JPEG,RGB,1023,868,89723,original,AMBIGUOUS
PlantDoc,5467f6012d78d1c446145d5f582da6096f852ae8,training_candidate,Soyabean leaf,AMBIGUOUS,,train/Soyabean leaf/detailed-view-single-soybean-leaf-very-green-crop-growing-field-43444691.jpg,Soyabean leaf/01312_6764805618a23a9b.jpg,6764805618a23a9b334738224783d1f74c8f9b81cb878a7333bfd627c26187d3,bcb2929d0be5f03a,JPEG,RGB,1300,991,164860,original,AMBIGUOUS
PlantDoc,5467f6012d78d1c446145d5f582da6096f852ae8,training_candidate,Soyabean leaf,AMBIGUOUS,,train/Soyabean leaf/double-crop-soybean-leaves-Aug-19-2013_thumb.jpg,Soyabean leaf/01313_38979212a441dc53.jpg,38979212a441dc53c516d7269628b24cd567c31148f2ea6c376416e088aa60b7,4e19317175f3de7d,JPEG,RGB,502,402,50503,original,AMBIGUOUS
PlantDoc,5467f6012d78d1c446145d5f582da6096f852ae8,training_candidate,Soyabean leaf,AMBIGUOUS,,train/Soyabean leaf/downy-mildew-on-soybeans-2csq9n7.jpg,Soyabean leaf/01314_87f3076e00828b89.jpg,87f3076e00828b899d33c1778580384ec9a83a1674b3a98dcfa9f1be5df48251,eddcd8f57c72f3d3,JPEG,RGB,2919,2448,2221760,original,AMBIGUOUS
PlantDoc,5467f6012d78d1c446145d5f582da6096f852ae8,training_candidate,Soyabean leaf,AMBIGUOUS,,train/Soyabean leaf/fresh-soy-leaves-white-46020567.jpg,Soyabean leaf/01315_fd1016bb0312ce02.jpg,fd1016bb0312ce0265192166b68866f8d457bb724374e76d46a1737573ee9826,18f0e4e894b43c06,JPEG,RGB,1300,1357,178311,original,AMBIGUOUS
PlantDoc,5467f6012d78d1c446145d5f582da6096f852ae8,training_candidate,Soyabean leaf,AMBIGUOUS,,train/Soyabean leaf/glma4_leaf_001.jpg,Soyabean leaf/01316_53fd8d1f18d4942d.jpg,53fd8d1f18d4942d38d4ef5a3343dd8a98f143d646d220be36d5c06d8fcec900,8d9f36334f0c0f0f,JPEG,RGB,2048,1367,485172,original,AMBIGUOUS
PlantDoc,5467f6012d78d1c446145d5f582da6096f852ae8,training_candidate,Soyabean leaf,AMBIGUOUS,,train/Soyabean leaf/kdeficiency2.jpg,Soyabean leaf/01317_b608eac2b82f420a.jpg,b608eac2b82f420ae9ebf7e97c00bdc4611fcaf6f1286d19dc2240de48899423,eccccd8f92339484,JPEG,RGB,800,600,405600,original,AMBIGUOUS
PlantDoc,5467f6012d78d1c446145d5f582da6096f852ae8,training_candidate,Soyabean leaf,AMBIGUOUS,,train/Soyabean leaf/kdeficiency4.jpg,Soyabean leaf/01318_c315bf7ebad8bf97.jpg,c315bf7ebad8bf97818547e57f01559bb16e610ab8be9d225726c7c612c4b094,da9c3735b1303694,JPEG,RGB,800,600,466263,original,AMBIGUOUS
PlantDoc,5467f6012d78d1c446145d5f582da6096f852ae8,training_candidate,Soyabean leaf,AMBIGUOUS,,train/Soyabean leaf/soy-964327_960_720.jpg,Soyabean leaf/01319_3ee779d1e68bbf54.jpg,3ee779d1e68bbf54ae373b04f861acdfb26bf8e30c2ac79146f52e43f42ae17b,a71f3f2be0c3c66c,JPEG,RGB,960,640,151395,original,AMBIGUOUS
PlantDoc,5467f6012d78d1c446145d5f582da6096f852ae8,training_candidate,Soyabean leaf,AMBIGUOUS,,train/Soyabean leaf/soy-leaf-27914090.jpg,Soyabean leaf/01320_856de2fbea416e58.jpg,856de2fbea416e580c9bf726e15197f78ee97758d01890d45fb6d5242c5d904d,5879b930c8ceda30,JPEG,RGB,800,581,55217,original,AMBIGUOUS
PlantDoc,5467f6012d78d1c446145d5f582da6096f852ae8,training_candidate,Soyabean leaf,AMBIGUOUS,,train/Soyabean leaf/soybean-21357451.jpg,Soyabean leaf/01321_a7da05d91caf1b27.jpg,a7da05d91caf1b27247f4bcafdbb805d7db934dd1a1f5f5b8ba59a7990a1b388,78789cc8d260e042,JPEG,RGB,1300,1180,155933,original,AMBIGUOUS
PlantDoc,5467f6012d78d1c446145d5f582da6096f852ae8,training_candidate,Soyabean leaf,AMBIGUOUS,,train/Soyabean leaf/soybean-leaf-picture-id136581201?s=612x612.jpg,Soyabean leaf/01322_d27a36f07f967bca.jpg,d27a36f07f967bcaeabd88d3aa760c6986da22c01e58ac2b67887b74b02843f2,26272164c71294d5,JPEG,RGB,612,408,35037,original,AMBIGUOUS
PlantDoc,5467f6012d78d1c446145d5f582da6096f852ae8,training_candidate,Soyabean leaf,AMBIGUOUS,,train/Soyabean leaf/soybean-leaf-single.jpg,Soyabean leaf/01323_963d3ddc8b050e2b.jpg,963d3ddc8b050e2bb403c3f40dcc876f8dcb55485fad75b2749dede015075c55,3b393189c98d9bdd,JPEG,RGB,640,428,30433,original,AMBIGUOUS
PlantDoc,5467f6012d78d1c446145d5f582da6096f852ae8,training_candidate,Soyabean leaf,AMBIGUOUS,,train/Soyabean leaf/soybean-leaves-Aug-19-2013_thumb.jpg,Soyabean leaf/01324_1cf3fdd66c912abf.jpg,1cf3fdd66c912abf465562e5d65fbfd5eade580776889417f57041be3ecc6e3c,a493371e9e9c3b76,JPEG,RGB,502,402,79092,original,AMBIGUOUS
PlantDoc,5467f6012d78d1c446145d5f582da6096f852ae8,training_candidate,Soyabean leaf,AMBIGUOUS,,train/Soyabean leaf/soybean-magnesium-2.jpg,Soyabean leaf/01325_8289e5d9cf2978b6.jpg,8289e5d9cf2978b60161d39fd44971f4b74288e9d63ceaf9f1731b49d4368e19,0c3436120d4d2c22,JPEG,RGB,1000,750,816067,original,AMBIGUOUS
PlantDoc,5467f6012d78d1c446145d5f582da6096f852ae8,training_candidate,Soyabean leaf,AMBIGUOUS,,train/Soyabean leaf/soybean-plant-seedling.jpg,Soyabean leaf/01326_0743cb917569175d.jpg,0743cb917569175d90fedcd07cacbd72ef7a2028c4d38947aa580ac296a54a9e,68c8e0541b07070f,JPEG,RGB,640,428,30065,original,AMBIGUOUS
PlantDoc,5467f6012d78d1c446145d5f582da6096f852ae8,training_candidate,Soyabean leaf,AMBIGUOUS,,train/Soyabean leaf/soybean-potassium-deficiency-2.jpg,Soyabean leaf/01327_13f2338bf9c7939b.jpg,13f2338bf9c7939b0909943229f1c8fa9c040ca0731d4e2986860bee566b5046,783b51d35b675426,JPEG,RGB,1000,831,880253,original,AMBIGUOUS
PlantDoc,5467f6012d78d1c446145d5f582da6096f852ae8,training_candidate,Soyabean leaf,AMBIGUOUS,,train/Soyabean leaf/soybean-seedling-at-vc-stage-cotyledons-and-unifoliate-leaves-fully-J5RK4F.jpg,Soyabean leaf/01328_f1b0383cb5e26365.jpg,f1b0383cb5e263653938aa0528419123effd9d92365a23f2ccb6c783760debc6,d60e8d87e61286cc,JPEG,RGB,866,1390,139568,original,AMBIGUOUS
PlantDoc,5467f6012d78d1c446145d5f582da6096f852ae8,training_candidate,Soyabean leaf,AMBIGUOUS,,train/Soyabean leaf/soybean_leaves_01.jpg,Soyabean leaf/01329_02306149e0a937c8.jpg,02306149e0a937c82275132642bc4680244cbdd64cc0bd0c39a0c1859a640ad9,0a0d8f77272e07cb,JPEG,RGB,640,480,86216,original,AMBIGUOUS
PlantDoc,5467f6012d78d1c446145d5f582da6096f852ae8,training_candidate,Soyabean leaf,AMBIGUOUS,,train/Soyabean leaf/soybeans-glycine-max-with-leaves-e1hkcy.jpg,Soyabean leaf/01330_df9fc9751a7cc340.jpg,df9fc9751a7cc3404e46af006a7b8a7815b4e7f564df46f6d5d892aeb3b51dc4,26a494e064ec1c24,JPEG,RGB,640,489,59631,original,AMBIGUOUS
PlantDoc,5467f6012d78d1c446145d5f582da6096f852ae8,training_candidate,Soyabean leaf,AMBIGUOUS,,train/Soyabean leaf/soybeans-leaves.jpg,Soyabean leaf/01331_97b15ca36d27a6c8.jpg,97b15ca36d27a6c8b9c3e7999e240734bac3bc9010c774505935feaef2f5d023,929f1da68ecd0d3c,JPEG,RGB,758,506,155526,original,AMBIGUOUS
PlantDoc,5467f6012d78d1c446145d5f582da6096f852ae8,training_candidate,Soyabean leaf,AMBIGUOUS,,train/Soyabean leaf/stock-photo-fresh-soy-leaves-isolated-on-white-224197243.jpg,Soyabean leaf/01332_1ba153cc63cc5817.jpg,1ba153cc63cc5817f0231fb2a6b9a369f250b5aeea423031f552937b690df993,19f0e4e894b43ce6,JPEG,RGB,450,459,44852,original,AMBIGUOUS
PlantDoc,5467f6012d78d1c446145d5f582da6096f852ae8,training_candidate,Soyabean leaf,AMBIGUOUS,,train/Soyabean leaf/stock-photo-fresh-soy-leaves-isolated-on-white-93841699.jpg,Soyabean leaf/01333_b19a3d5b1bc67b96.jpg,b19a3d5b1bc67b961c082fecb4f9ac4894cb4ecbb35bee8511ae2ff188184eb8,64e0e4acf070b664,JPEG,RGB,396,470,29064,original,AMBIGUOUS
PlantDoc,5467f6012d78d1c446145d5f582da6096f852ae8,training_candidate,Soyabean leaf,AMBIGUOUS,,train/Soyabean leaf/stock-photo-fresh-soy-leaves-with-dew-isolated-on-white-416036248.jpg,Soyabean leaf/01334_0481b740472e92b1.jpg,0481b740472e92b10859a59c716a466d3b44a7dc37a9e5ba59c82a9ca8ad80c8,209bcedaf2d08469,JPEG,RGB,450,470,40078,original,AMBIGUOUS
PlantDoc,5467f6012d78d1c446145d5f582da6096f852ae8,training_candidate,Soyabean leaf,AMBIGUOUS,,train/Soyabean leaf/stock-photo-green-soy-leaves-in-the-field-agricultural-background-31501516.jpg,Soyabean leaf/01335_f8a9c53157d612ac.jpg,f8a9c53157d612ac1e9e20cc331c8edcdd1d2b43a54d451a8d3c7b4fac6d3ed9,47666e832733bb6e,JPEG,RGB,1500,1225,758496,original,AMBIGUOUS
PlantDoc,5467f6012d78d1c446145d5f582da6096f852ae8,training_candidate,Soyabean leaf,AMBIGUOUS,,train/Soyabean leaf/stock-photo-green-soy-pods-with-leaves-and-seeds-isolated-on-white-backgraund-310996586.jpg,Soyabean leaf/01336_8fa180292322a65c.jpg,8fa180292322a65c7c5f7b0fdab5c535eb68d75888663d658aeb559a2c5f46a4,519038f9e8e0f061,JPEG,RGB,450,431,35373,original,AMBIGUOUS
PlantDoc,5467f6012d78d1c446145d5f582da6096f852ae8,training_candidate,Soyabean leaf,AMBIGUOUS,,train/Soyabean leaf/stock-photo-green-soy-pods-with-leaves-isolated-on-white-backgraund-310996559.jpg,Soyabean leaf/01337_30aaed9eeaaaa42f.jpg,30aaed9eeaaaa42fe33d0e8319d4aaa59d43f9f985957dcb10d264311c290253,01f07072f4d07168,JPEG,RGB,450,399,27303,original,AMBIGUOUS
PlantDoc,5467f6012d78d1c446145d5f582da6096f852ae8,training_candidate,Soyabean leaf,AMBIGUOUS,,train/Soyabean leaf/stock-photo-green-soybeans-leaf-on-white-background-450572512.jpg,Soyabean leaf/01338_ff4b7f1c83edef0f.jpg,ff4b7f1c83edef0fb1cc2e81e70f2836d5dec745b28a410e41dd8c9f9bcbf918,52b2f064e68acd60,JPEG,RGB,450,329,30348,original,AMBIGUOUS
PlantDoc,5467f6012d78d1c446145d5f582da6096f852ae8,training_candidate,Soyabean leaf,AMBIGUOUS,,train/Soyabean leaf/stock-photo-soy-plant-isolated-on-white-background-122414239.jpg,Soyabean leaf/01339_c0aaffb3f674f1f6.jpg,c0aaffb3f674f1f622f3331d95c57288d4097628fab974e5ba23507ffeaec651,5ab9f8eccccc5874,JPEG,RGB,450,356,30036,original,AMBIGUOUS
PlantDoc,5467f6012d78d1c446145d5f582da6096f852ae8,training_candidate,Soyabean leaf,AMBIGUOUS,,train/Soyabean leaf/stock-photo-soybean-on-the-pod-with-leaves-for-healthy-eating-concept-62173117.jpg,Soyabean leaf/01340_5728d33b5b7f6bc9.jpg,5728d33b5b7f6bc95f07f03c67ccb730c89c438a24e81d87b4a9113b1b7eacb5,8076bca48ed20064,JPEG,RGB,1500,1164,388899,original,AMBIGUOUS
PlantDoc,5467f6012d78d1c446145d5f582da6096f852ae8,training_candidate,Squash Powdery mildew leaf,MATCHED,Squash Powdery mildew,train/Squash Powdery mildew leaf/100367_max.jpg,Squash Powdery mildew leaf/01341_f0d072d75cc8fd2f.jpg,f0d072d75cc8fd2f537a8683c7ce0066166b93af1173aa02ad58e1e03925cae1,d90a0e4f4f2fa484,JPEG,RGB,640,423,46060,original,APPROVED_CANDIDATE
PlantDoc,5467f6012d78d1c446145d5f582da6096f852ae8,training_candidate,Squash Powdery mildew leaf,MATCHED,Squash Powdery mildew,train/Squash Powdery mildew leaf/100_08631.jpg,Squash Powdery mildew leaf/01342_f1632a9d4620d429.jpg,f1632a9d4620d429fc241cd730b08695f37ba4e00417fe1eff993a5885f4a6bb,6d6267d3952d676d,JPEG,RGB,3648,2736,2055212,original,APPROVED_CANDIDATE
PlantDoc,5467f6012d78d1c446145d5f582da6096f852ae8,training_candidate,Squash Powdery mildew leaf,MATCHED,Squash Powdery mildew,train/Squash Powdery mildew leaf/10_22-jul-11_f11.jpg,Squash Powdery mildew leaf/01343_af83282ad6024376.jpg,af83282ad602437632b3a7bc7bda053ff334fd4da02adb59d3d082ada7e6a9ed,1931f14702240104,JPEG,RGB,2560,1920,397325,original,APPROVED_CANDIDATE
PlantDoc,5467f6012d78d1c446145d5f582da6096f852ae8,training_candidate,Squash Powdery mildew leaf,MATCHED,Squash Powdery mildew,train/Squash Powdery mildew leaf/130813-01-17828-lg.jpg,Squash Powdery mildew leaf/01344_b6bc074a8ae5bfb0.jpg,b6bc074a8ae5bfb02bc1ea4bf568bff1f813df320f7e4352d6ffa779e6d0cc0a,d5c99b399c964f6d,JPEG,RGB,1500,1000,192200,original,APPROVED_CANDIDATE
PlantDoc,5467f6012d78d1c446145d5f582da6096f852ae8,training_candidate,Squash Powdery mildew leaf,MATCHED,Squash Powdery mildew,train/Squash Powdery mildew leaf/15005869179_9f39994957_z.jpg,Squash Powdery mildew leaf/01345_ee2c78a06dc0ff59.jpg,ee2c78a06dc0ff591be25f5a9ffb7087e5313e6f7d01ae2a8e31907ef0b636e3,93d9d686636526d6,JPEG,RGB,640,360,126858,original,APPROVED_CANDIDATE
PlantDoc,5467f6012d78d1c446145d5f582da6096f852ae8,training_candidate,Squash Powdery mildew leaf,MATCHED,Squash Powdery mildew,train/Squash Powdery mildew leaf/16459846140_4f0a2762e3_z.jpg,Squash Powdery mildew leaf/01346_c57d23c6e064ef45.jpg,c57d23c6e064ef4583d6b19ebde5aa6627905c873450f419ce23f9cab75e7587,5053d2c6e1a3a368,JPEG,RGB,640,480,170097,original,APPROVED_CANDIDATE
PlantDoc,5467f6012d78d1c446145d5f582da6096f852ae8,training_candidate,Squash Powdery mildew leaf,MATCHED,Squash Powdery mildew,train/Squash Powdery mildew leaf/16488048256_f64cfea40e_z.jpg,Squash Powdery mildew leaf/01347_6e208603a3d5cd11.jpg,6e208603a3d5cd11685897e312ba7dfc20750a3da123cbd4edd9e5a4405fd452,db7171596d278e9c,JPEG,RGB,640,640,130640,original,APPROVED_CANDIDATE
PlantDoc,5467f6012d78d1c446145d5f582da6096f852ae8,training_candidate,Squash Powdery mildew leaf,MATCHED,Squash Powdery mildew,train/Squash Powdery mildew leaf/16569580047_a720c56ee0_z.jpg,Squash Powdery mildew leaf/01348_0a46a4e96faa5a00.jpg,0a46a4e96faa5a005f96519b4f6291ca949cefd38e0ab875274fcdc8dc3e53a7,27073b3871f159d2,JPEG,RGB,480,640,128212,original,APPROVED_CANDIDATE
PlantDoc,5467f6012d78d1c446145d5f582da6096f852ae8,training_candidate,Squash Powdery mildew leaf,MATCHED,Squash Powdery mildew,train/Squash Powdery mildew leaf/16629068955_3092aa68a5_b.jpg,Squash Powdery mildew leaf/01349_d6a02dfc0f20821d.jpg,d6a02dfc0f20821d36d94d614fe5a342a2457943840119459251531979d91e62,9b9b0830113161f3,JPEG,RGB,768,1024,391306,original,APPROVED_CANDIDATE
PlantDoc,5467f6012d78d1c446145d5f582da6096f852ae8,training_candidate,Squash Powdery mildew leaf,MATCHED,Squash Powdery mildew,train/Squash Powdery mildew leaf/16775706591_0c1263e4b6_z.jpg,Squash Powdery mildew leaf/01350_954a2b0baeb31159.jpg,954a2b0baeb311591ce49cfce9da9140cea671257190a363759e6a0341cabc40,461343711114d060,JPEG,RGB,480,640,109296,original,APPROVED_CANDIDATE
PlantDoc,5467f6012d78d1c446145d5f582da6096f852ae8,training_candidate,Squash Powdery mildew leaf,MATCHED,Squash Powdery mildew,train/Squash Powdery mildew leaf/16848460256_9787d1c251_z.jpg,Squash Powdery mildew leaf/01351_28161f5db06f4dfb.jpg,28161f5db06f4dfb6020bd97b26c5144ab6b3e4f3bcd485d078bd36e7d55dc36,2661e1d1f1c994b0,JPEG,RGB,480,640,114029,original,APPROVED_CANDIDATE
PlantDoc,5467f6012d78d1c446145d5f582da6096f852ae8,training_candidate,Squash Powdery mildew leaf,MATCHED,Squash Powdery mildew,train/Squash Powdery mildew leaf/16874340125_eb222f747b_z.jpg,Squash Powdery mildew leaf/01352_1e656ec432b2c2f7.jpg,1e656ec432b2c2f7e0afad2adfd64b5b2b3fbe9d93d2f81bcfd17902f48b2c1d,eee4a1a586122d26,JPEG,RGB,480,640,111662,original,APPROVED_CANDIDATE
PlantDoc,5467f6012d78d1c446145d5f582da6096f852ae8,training_candidate,Squash Powdery mildew leaf,MATCHED,Squash Powdery mildew,train/Squash Powdery mildew leaf/1846.400x400_4.jpeg?itok=845CLslG.jpg,Squash Powdery mildew leaf/01353_8cad0efd4283cecf.jpg,8cad0efd4283cecf2b7d0d490d9d9adc952188459b1a5146d6324c255ea82858,6c2f7133274d9d92,JPEG,RGB,400,300,54045,original,APPROVED_CANDIDATE
PlantDoc,5467f6012d78d1c446145d5f582da6096f852ae8,training_candidate,Squash Powdery mildew leaf,MATCHED,Squash Powdery mildew,train/Squash Powdery mildew leaf/1895541545_8cfc6eabee_b.jpg,Squash Powdery mildew leaf/01354_1146c7b8461896b5.jpg,1146c7b8461896b5d5e434d0a8a46b8cfddb7afe0e8772bb85fb6892b16df4b7,9b1e0d0d0d5b5c4e,JPEG,RGB,1024,677,167493,original,APPROVED_CANDIDATE
PlantDoc,5467f6012d78d1c446145d5f582da6096f852ae8,training_candidate,Squash Powdery mildew leaf,MATCHED,Squash Powdery mildew,train/Squash Powdery mildew leaf/1895543477_9d19ad5257_b.jpg,Squash Powdery mildew leaf/01355_f67ef352a7a6f50d.jpg,f67ef352a7a6f50d72268231178aa039761e295fb113c65d84818a59de9e4955,cc8e1b3bb63ca9a5,JPEG,RGB,677,1024,310991,original,APPROVED_CANDIDATE
PlantDoc,5467f6012d78d1c446145d5f582da6096f852ae8,training_candidate,Squash Powdery mildew leaf,MATCHED,Squash Powdery mildew,train/Squash Powdery mildew leaf/207.jpg,Squash Powdery mildew leaf/01356_ecb890bdeb618d0a.jpg,ecb890bdeb618d0a7cdb5a69616d4fc1ee9f3ac791a9fc244075bb53eae55652,3606375171731f1a,JPEG,RGB,3264,2448,2232188,original,APPROVED_CANDIDATE
PlantDoc,5467f6012d78d1c446145d5f582da6096f852ae8,training_candidate,Squash Powdery mildew leaf,MATCHED,Squash Powdery mildew,train/Squash Powdery mildew leaf/3761.400x400_0_0.jpeg.jpg,Squash Powdery mildew leaf/01357_c75a8547aa218466.jpg,c75a8547aa2184664b370be0d7d4b491b0ee5786a46b522d7a0927bade777467,33331b5f1b3b4f6f,JPEG,RGB,400,300,16801,original,APPROVED_CANDIDATE
PlantDoc,5467f6012d78d1c446145d5f582da6096f852ae8,training_candidate,Squash Powdery mildew leaf,MATCHED,Squash Powdery mildew,train/Squash Powdery mildew leaf/4-lagenaria_pdic.jpg,Squash Powdery mildew leaf/01358_612cb3be318b5256.jpg,612cb3be318b52566ed5381e934104bdfa5ddf37bc86da503145457f35f5784f,90808c0b413d4144,JPEG,RGB,600,526,32714,original,APPROVED_CANDIDATE
PlantDoc,5467f6012d78d1c446145d5f582da6096f852ae8,training_candidate,Squash Powdery mildew leaf,MATCHED,Squash Powdery mildew,train/Squash Powdery mildew leaf/4917901551206400.jpeg.jpg,Squash Powdery mildew leaf/01359_432c6b930f15d800.jpg,432c6b930f15d80041e8bb32f9fcd57048bae45cf967c200c44b30e97ff1c4f1,0e1bdbdb93434696,JPEG,RGB,800,600,215287,original,APPROVED_CANDIDATE
PlantDoc,5467f6012d78d1c446145d5f582da6096f852ae8,training_candidate,Squash Powdery mildew leaf,MATCHED,Squash Powdery mildew,train/Squash Powdery mildew leaf/4e55f05d945952cfad9ce97ca444c389.jpg,Squash Powdery mildew leaf/01360_93a32e73199659a4.jpg,93a32e73199659a40557e72af61ce5208e30a4257656b97c2a9576e0d8604766,6041584eaca99acf,JPEG,RGB,736,490,89728,original,APPROVED_CANDIDATE
PlantDoc,5467f6012d78d1c446145d5f582da6096f852ae8,training_candidate,Squash Powdery mildew leaf,MATCHED,Squash Powdery mildew,train/Squash Powdery mildew leaf/53cf2cffb466d325a61897ef320cfccf.jpg,Squash Powdery mildew leaf/01361_40cfd06cf2f7876d.jpg,40cfd06cf2f7876dc050dbd3d4799fe3fd00c1e633ee4f7c476b979daf8d1a64,1b339b9b8b070fc9,JPEG,RGB,519,389,29224,original,APPROVED_CANDIDATE
PlantDoc,5467f6012d78d1c446145d5f582da6096f852ae8,training_candidate,Squash Powdery mildew leaf,MATCHED,Squash Powdery mildew,train/Squash Powdery mildew leaf/5HttOvj.jpg,Squash Powdery mildew leaf/01362_6e86dcf848538069.jpg,6e86dcf848538069262f93d8bc5f4d1342b034cf5068e001ec4116285f415a78,8d418bb341600111,JPEG,RGB,4160,3120,4553683,original,APPROVED_CANDIDATE
PlantDoc,5467f6012d78d1c446145d5f582da6096f852ae8,training_candidate,Squash Powdery mildew leaf,MATCHED,Squash Powdery mildew,train/Squash Powdery mildew leaf/628x471.jpg,Squash Powdery mildew leaf/01363_a4b09c0ef469d7f3.jpg,a4b09c0ef469d7f34c9e09c75285581083f875c843dfe7b3dcb140e42653fcde,cbca673699cd8dcf,JPEG,RGB,588,471,46512,original,APPROVED_CANDIDATE
PlantDoc,5467f6012d78d1c446145d5f582da6096f852ae8,training_candidate,Squash Powdery mildew leaf,MATCHED,Squash Powdery mildew,train/Squash Powdery mildew leaf/6c460a55e7e8607e922d98e1416448d4.jpg,Squash Powdery mildew leaf/01364_bc1b257bc19a59b9.jpg,bc1b257bc19a59b9286e55199b52d5b23d554300fe35a734bab1604f0e126db9,050e3a3b5fa60a36,JPEG,RGB,736,552,74359,original,NEEDS_MANUAL_REVIEW
PlantDoc,5467f6012d78d1c446145d5f582da6096f852ae8,training_candidate,Squash Powdery mildew leaf,MATCHED,Squash Powdery mildew,train/Squash Powdery mildew leaf/7-17-Powdery-mildew-on-zucchini-LINA.jpg,Squash Powdery mildew leaf/01365_41fd6b633a037a4f.jpg,41fd6b633a037a4fcf011ffaa863b0e1ce99fb4f6f1473edb42af1c66882fcf7,f7159a3e17278a86,JPEG,RGB,500,292,57182,original,APPROVED_CANDIDATE
PlantDoc,5467f6012d78d1c446145d5f582da6096f852ae8,training_candidate,Squash Powdery mildew leaf,MATCHED,Squash Powdery mildew,train/Squash Powdery mildew leaf/753654f7cda1b097ab6048c5d4b44b8a.jpg,Squash Powdery mildew leaf/01366_46ec0611fde0220c.jpg,46ec0611fde0220c419f0490a47b3ac337b0e6c5f6d872bf60a422ad4a36b315,26ac8f4f878f393b,JPEG,RGB,400,300,27661,original,APPROVED_CANDIDATE
PlantDoc,5467f6012d78d1c446145d5f582da6096f852ae8,training_candidate,Squash Powdery mildew leaf,MATCHED,Squash Powdery mildew,train/Squash Powdery mildew leaf/7e565dd05211332ae896198afc622054.jpg,Squash Powdery mildew leaf/01367_8d7ee7ea568df110.jpg,8d7ee7ea568df110a9a7514dbb2f2d7fecea0f1116a60744f36f8b7007a02859,e2c30b83854c4404,JPEG,RGB,640,427,72999,original,APPROVED_CANDIDATE
PlantDoc,5467f6012d78d1c446145d5f582da6096f852ae8,training_candidate,Squash Powdery mildew leaf,MATCHED,Squash Powdery mildew,train/Squash Powdery mildew leaf/8%2BPowdery%2Bmildew%2Bzucchini-1.JPG.jpg,Squash Powdery mildew leaf/01368_454e47e2057881c2.jpg,454e47e2057881c21ef7ee695bcb5a3e6f5a7fef5dcecf8744ec58136ea9dbbb,2e6f6705560c8cce,JPEG,RGB,1600,1074,261599,original,APPROVED_CANDIDATE
PlantDoc,5467f6012d78d1c446145d5f582da6096f852ae8,training_candidate,Squash Powdery mildew leaf,MATCHED,Squash Powdery mildew,train/Squash Powdery mildew leaf/8-ball-powdery-mildew.jpg,Squash Powdery mildew leaf/01369_acf62f3d1b57c485.jpg,acf62f3d1b57c4859a6303d2d30615c5021478a799f8da4b9f58e090ca1cd87d,1b33068633a1c8cb,JPEG,RGB,600,450,173930,original,APPROVED_CANDIDATE
PlantDoc,5467f6012d78d1c446145d5f582da6096f852ae8,training_candidate,Squash Powdery mildew leaf,MATCHED,Squash Powdery mildew,train/Squash Powdery mildew leaf/87985926-1-56a349f35f9b58b7d0d14d82.jpg,Squash Powdery mildew leaf/01370_b3d9478257b9812c.jpg,b3d9478257b9812c490f8164561895be075422725aef676e402830e81c8e9a3f,cccec2933d397bf9,JPEG,RGB,960,642,77848,original,APPROVED_CANDIDATE
PlantDoc,5467f6012d78d1c446145d5f582da6096f852ae8,training_candidate,Squash Powdery mildew leaf,MATCHED,Squash Powdery mildew,train/Squash Powdery mildew leaf/Aug+16+2010+049.jpg,Squash Powdery mildew leaf/01371_c7f8e6a111e39463.jpg,c7f8e6a111e394636c79346d15ee0a20484889bc6e71ab8ae433d80426305a2f,9b8b2b27979e0da5,JPEG,RGB,1600,1200,231497,original,APPROVED_CANDIDATE
PlantDoc,5467f6012d78d1c446145d5f582da6096f852ae8,training_candidate,Squash Powdery mildew leaf,MATCHED,Squash Powdery mildew,train/Squash Powdery mildew leaf/Aug+16+2010+051.jpg,Squash Powdery mildew leaf/01372_30e787044374adce.jpg,30e787044374adce93e32b133a45657191b222ef2e52e2f7dbd44a1bbb086b02,050e3a3b5fa60a36,JPEG,RGB,1600,1200,254534,original,NEEDS_MANUAL_REVIEW
PlantDoc,5467f6012d78d1c446145d5f582da6096f852ae8,training_candidate,Squash Powdery mildew leaf,MATCHED,Squash Powdery mildew,train/Squash Powdery mildew leaf/Aug+22+052.jpg,Squash Powdery mildew leaf/01373_9359f10d68e85b29.jpg,9359f10d68e85b2907be152eeb767eec38db5448af5954e8db583d6c8a352c00,26363b2b2e2c99c8,JPEG,RGB,1200,630,216218,original,APPROVED_CANDIDATE
PlantDoc,5467f6012d78d1c446145d5f582da6096f852ae8,training_candidate,Squash Powdery mildew leaf,MATCHED,Squash Powdery mildew,train/Squash Powdery mildew leaf/B9230061-Powdery_Mildew_on_Squash_Leaf-SPL.jpg,Squash Powdery mildew leaf/01374_15904d99d4f279f6.jpg,15904d99d4f279f6eebf0d5822d3a2a1d4a90d6b1797574fda2a0d2444d881a4,1918372b09163326,JPEG,RGB,578,800,180576,original,APPROVED_CANDIDATE
PlantDoc,5467f6012d78d1c446145d5f582da6096f852ae8,training_candidate,Squash Powdery mildew leaf,MATCHED,Squash Powdery mildew,train/Squash Powdery mildew leaf/DIYPowderyMildewSpray.jpg,Squash Powdery mildew leaf/01375_13b86d0791fb8c79.jpg,13b86d0791fb8c791d907c3e98a3081958751d12923a6eebbce4c657a6a5fb66,e03afb636362d8d4,JPEG,RGB,1600,1200,480220,original,APPROVED_CANDIDATE
PlantDoc,5467f6012d78d1c446145d5f582da6096f852ae8,training_candidate,Squash Powdery mildew leaf,MATCHED,Squash Powdery mildew,train/Squash Powdery mildew leaf/DSC05432.JPG.jpg,Squash Powdery mildew leaf/01376_f0c41d5e846c7866.jpg,f0c41d5e846c786696e3547776c47aa594f7680aee7b830b66adc54a0f5bf1e3,1884054527a4c181,JPEG,RGB,1600,1200,521168,original,APPROVED_CANDIDATE
PlantDoc,5467f6012d78d1c446145d5f582da6096f852ae8,training_candidate,Squash Powdery mildew leaf,MATCHED,Squash Powdery mildew,train/Squash Powdery mildew leaf/DSC05433.JPG.jpg,Squash Powdery mildew leaf/01377_767cb62a4739acd1.jpg,767cb62a4739acd18cd1a6bd567e580e2504aa7dc486415e144b0ab3bf76935a,99880949a1c1d519,JPEG,RGB,1600,1200,540461,original,APPROVED_CANDIDATE
PlantDoc,5467f6012d78d1c446145d5f582da6096f852ae8,training_candidate,Squash Powdery mildew leaf,MATCHED,Squash Powdery mildew,train/Squash Powdery mildew leaf/DSC_0183.JPG.jpg,Squash Powdery mildew leaf/01378_7cf96eb9bf36b59f.jpg,7cf96eb9bf36b59f60920e5d0be7f82bc4da4b34b4a247eb23ac10c22f650c57,5b3b3f3d9b570fc9,JPEG,RGB,1600,1381,169831,original,APPROVED_CANDIDATE
PlantDoc,5467f6012d78d1c446145d5f582da6096f852ae8,training_candidate,Squash Powdery mildew leaf,MATCHED,Squash Powdery mildew,train/Squash Powdery mildew leaf/Get-Rid-of-Mold-or-Powdery-Mildew-on-Squash-and-Cucumbers1-1.jpg,Squash Powdery mildew leaf/01379_db4e88f8fa52029b.jpg,db4e88f8fa52029ba725bf23889fc5709d554c93fdff1c74b3c073a2f2f5f4c7,5699193c1e1d8fcb,JPEG,RGB,800,533,161628,original,APPROVED_CANDIDATE
PlantDoc,5467f6012d78d1c446145d5f582da6096f852ae8,training_candidate,Squash Powdery mildew leaf,MATCHED,Squash Powdery mildew,train/Squash Powdery mildew leaf/Get-Rid-of-Mold-or-Powdery-Mildew-on-Squash-and-Cucumbers3-1.jpg,Squash Powdery mildew leaf/01380_d5ecfa36e0dbe94c.jpg,d5ecfa36e0dbe94c19402e13dfe2c85804bc2ecb07e7856f7d9883737247d008,59360321779787ec,JPEG,RGB,800,533,185738,original,APPROVED_CANDIDATE
PlantDoc,5467f6012d78d1c446145d5f582da6096f852ae8,training_candidate,Squash Powdery mildew leaf,MATCHED,Squash Powdery mildew,train/Squash Powdery mildew leaf/Healthy+squash+leaves.jpg,Squash Powdery mildew leaf/01381_25ad84afd18bbac9.jpg,25ad84afd18bbac9f7f0a4ed3f46239f4a7d3e2b1303a896701a258919842ae0,2c0c3db446872c6d,JPEG,RGB,1600,1030,227837,original,APPROVED_CANDIDATE
PlantDoc,5467f6012d78d1c446145d5f582da6096f852ae8,training_candidate,Squash Powdery mildew leaf,MATCHED,Squash Powdery mildew,train/Squash Powdery mildew leaf/IMG_0702.jpg,Squash Powdery mildew leaf/01382_24d3e56a114ffa5f.jpg,24d3e56a114ffa5f1926e8b6a05488a8e406c784fd13ca294c463c3ceac1e631,cc0c2b23670696da,JPEG,RGB,600,450,48940,original,APPROVED_CANDIDATE
PlantDoc,5467f6012d78d1c446145d5f582da6096f852ae8,training_candidate,Squash Powdery mildew leaf,MATCHED,Squash Powdery mildew,train/Squash Powdery mildew leaf/IMG_1725.JPG.jpg,Squash Powdery mildew leaf/01383_36992be6f7b23a20.jpg,36992be6f7b23a2002cbabe8f42eb8ac5d1b5d117f63286a2dcda2d0250f2258,db9b31319331339b,JPEG,RGB,1600,1200,531017,original,APPROVED_CANDIDATE
PlantDoc,5467f6012d78d1c446145d5f582da6096f852ae8,training_candidate,Squash Powdery mildew leaf,MATCHED,Squash Powdery mildew,train/Squash Powdery mildew leaf/IMG_1726.JPG.jpg,Squash Powdery mildew leaf/01384_dc6aacff161a3610.jpg,dc6aacff161a3610125bc7617a76db0946ff8c5e76cbeb273f16119bc46f3715,64626693c343c3c7,JPEG,RGB,1600,1200,501965,original,APPROVED_CANDIDATE
PlantDoc,5467f6012d78d1c446145d5f582da6096f852ae8,training_candidate,Squash Powdery mildew leaf,MATCHED,Squash Powdery mildew,train/Squash Powdery mildew leaf/IMG_1802-1024x768.jpg,Squash Powdery mildew leaf/01385_c7583066326dbf45.jpg,c7583066326dbf458b66e357db75188af2dc7b1782bd131d33d8562bd2dc31bb,87839131383c1fcd,JPEG,RGB,1024,768,237454,original,APPROVED_CANDIDATE
PlantDoc,5467f6012d78d1c446145d5f582da6096f852ae8,training_candidate,Squash Powdery mildew leaf,MATCHED,Squash Powdery mildew,train/Squash Powdery mildew leaf/IMG_20150721_144405.jpg,Squash Powdery mildew leaf/01386_3c5dc0e7bf5d4637.jpg,3c5dc0e7bf5d4637499ca168ba5e24753c1d1e6b97a9c443a4e9ea85af47b295,1b23272e1f27696d,JPEG,RGB,1200,1600,394940,original,APPROVED_CANDIDATE
PlantDoc,5467f6012d78d1c446145d5f582da6096f852ae8,training_candidate,Squash Powdery mildew leaf,MATCHED,Squash Powdery mildew,train/Squash Powdery mildew leaf/IMG_3829-1024x684.jpg,Squash Powdery mildew leaf/01387_00ff97a01bda4eae.jpg,00ff97a01bda4eae072689df4e93bca7ec2d546390977e0689bd8eb33a551430,8f6fda5252504ad6,JPEG,RGB,1024,684,286631,original,APPROVED_CANDIDATE
PlantDoc,5467f6012d78d1c446145d5f582da6096f852ae8,training_candidate,Squash Powdery mildew leaf,MATCHED,Squash Powdery mildew,train/Squash Powdery mildew leaf/IMG_4003.jpg,Squash Powdery mildew leaf/01388_7c703137f6d21364.jpg,7c703137f6d21364ad27ec790ec73456f8a29d89501fcc28f3b462e49a089522,f4e9c945d0181c1c,JPEG,RGB,4027,2692,4598001,original,APPROVED_CANDIDATE
PlantDoc,5467f6012d78d1c446145d5f582da6096f852ae8,training_candidate,Squash Powdery mildew leaf,MATCHED,Squash Powdery mildew,train/Squash Powdery mildew leaf/IMG_5457.jpg,Squash Powdery mildew leaf/01389_6299eabbe2e0068f.jpg,6299eabbe2e0068f5b8117648553aedb3eff56cb983c6caeed41f3ea6538a97d,8cd69b32575ddbc2,JPEG,RGB,1600,1200,879303,original,APPROVED_CANDIDATE
PlantDoc,5467f6012d78d1c446145d5f582da6096f852ae8,training_candidate,Squash Powdery mildew leaf,MATCHED,Squash Powdery mildew,train/Squash Powdery mildew leaf/IMG_5488.JPG.jpg,Squash Powdery mildew leaf/01390_8c7d83c460acbeb1.jpg,8c7d83c460acbeb1f7ab599b9f018f08c43e934801a0ef6fc2328503b62eb8a5,012346470f0f6727,JPEG,RGB,1600,1064,112084,original,APPROVED_CANDIDATE
PlantDoc,5467f6012d78d1c446145d5f582da6096f852ae8,training_candidate,Squash Powdery mildew leaf,MATCHED,Squash Powdery mildew,train/Squash Powdery mildew leaf/IMG_5606.jpg,Squash Powdery mildew leaf/01391_eefd3e9aba99a84b.jpg,eefd3e9aba99a84b6932f97b22a00870b3e36c5fbae81ac36b681cf7724f7886,0c4426676f0b8b93,JPEG,RGB,1024,768,363695,original,APPROVED_CANDIDATE
PlantDoc,5467f6012d78d1c446145d5f582da6096f852ae8,training_candidate,Squash Powdery mildew leaf,MATCHED,Squash Powdery mildew,train/Squash Powdery mildew leaf/IMG_5937.jpg,Squash Powdery mildew leaf/01392_636e43cfd3c5f3e4.jpg,636e43cfd3c5f3e40272e849d359bb41fb97737606b6e02bfcc1af5eba6529a5,cd4206160610319a,JPEG,RGB,1440,1920,849306,original,APPROVED_CANDIDATE
PlantDoc,5467f6012d78d1c446145d5f582da6096f852ae8,training_candidate,Squash Powdery mildew leaf,MATCHED,Squash Powdery mildew,train/Squash Powdery mildew leaf/IW000047.jpg,Squash Powdery mildew leaf/01393_f3eaa08fb69d4b1c.jpg,f3eaa08fb69d4b1c810aa339201dc7681a80a7edc6feb80ce11a4c9e7c9429b8,db8c1a31054ca83a,JPEG,RGB,698,547,693854,original,APPROVED_CANDIDATE
PlantDoc,5467f6012d78d1c446145d5f582da6096f852ae8,training_candidate,Squash Powdery mildew leaf,MATCHED,Squash Powdery mildew,train/Squash Powdery mildew leaf/L1360830copyrightTendingMyGarden.com-first-signs-of-powdery-mildew.jpg,Squash Powdery mildew leaf/01394_66bd03b83cc267d1.jpg,66bd03b83cc267d18d1f00e821cb14f03eb394bb527941da47b2cd4f7900e1a7,b6b3f17049911636,JPEG,RGB,800,600,271109,original,APPROVED_CANDIDATE
PlantDoc,5467f6012d78d1c446145d5f582da6096f852ae8,training_candidate,Squash Powdery mildew leaf,MATCHED,Squash Powdery mildew,train/Squash Powdery mildew leaf/Mildew-on-cucumber-leaf-1024x768.jpg,Squash Powdery mildew leaf/01395_cef5d2f145c89efc.jpg,cef5d2f145c89efcd624c62cccfa20b53166ac293f7631f0df7a01b5c38f23b0,eb733639c9a18ecb,JPEG,RGB,1024,768,184594,original,APPROVED_CANDIDATE
PlantDoc,5467f6012d78d1c446145d5f582da6096f852ae8,training_candidate,Squash Powdery mildew leaf,MATCHED,Squash Powdery mildew,train/Squash Powdery mildew leaf/Moldy-Leaf-Pumpkin-plant.jpg,Squash Powdery mildew leaf/01396_d6029f4589b7aded.jpg,d6029f4589b7adedcd2bcfc3b14a9a2b1ba1db5bdb064eb38cc72d57c5eef149,9b3e2c9d4a4c1022,JPEG,RGB,610,406,142904,original,APPROVED_CANDIDATE
PlantDoc,5467f6012d78d1c446145d5f582da6096f852ae8,training_candidate,Squash Powdery mildew leaf,MATCHED,Squash Powdery mildew,train/Squash Powdery mildew leaf/P1080620.JPG.jpg,Squash Powdery mildew leaf/01397_98e6a68c70f0265f.jpg,98e6a68c70f0265f47618aab28ce670bbe3cfc46f418f28c50a42992d0f507b8,46c4e4c1c8c8c4e4,JPEG,RGB,1600,1065,208179,original,APPROVED_CANDIDATE
PlantDoc,5467f6012d78d1c446145d5f582da6096f852ae8,training_candidate,Squash Powdery mildew leaf,MATCHED,Squash Powdery mildew,train/Squash Powdery mildew leaf/P8230073.JPG.jpg,Squash Powdery mildew leaf/01398_f323689ed4c8d4b1.jpg,f323689ed4c8d4b1cab04a4f6960246ae244e198ccd10287581b3eaedbfa99be,973c9c8c96876393,JPEG,RGB,400,300,42941,original,APPROVED_CANDIDATE
PlantDoc,5467f6012d78d1c446145d5f582da6096f852ae8,training_candidate,Squash Powdery mildew leaf,MATCHED,Squash Powdery mildew,train/Squash Powdery mildew leaf/PMSquashBHedlundHerndonVA2006-1y47tkc.jpg,Squash Powdery mildew leaf/01399_51ffcd246e66a7fc.jpg,51ffcd246e66a7fc4c0741d6fa321eb2691b1e3a94ceb7be6e95c3b820720bea,b3b3979baca44425,JPEG,RGB,2816,2112,1149650,original,APPROVED_CANDIDATE
PlantDoc,5467f6012d78d1c446145d5f582da6096f852ae8,training_candidate,Squash Powdery mildew leaf,MATCHED,Squash Powdery mildew,train/Squash Powdery mildew leaf/Pea-leaves-with-powdery-mildew.jpg,Squash Powdery mildew leaf/01400_2488c12d91a1962c.jpg,2488c12d91a1962c1c2a66aec772cdf3568a734ba22dff8c293d783b6d45f5cf,d0f8e3289898b3d1,JPEG,RGB,567,756,190253,original,APPROVED_CANDIDATE
PlantDoc,5467f6012d78d1c446145d5f582da6096f852ae8,training_candidate,Squash Powdery mildew leaf,MATCHED,Squash Powdery mildew,train/Squash Powdery mildew leaf/Powdery+Mildew+Control.jpg,Squash Powdery mildew leaf/01401_2fc88109c6f4c6ec.jpg,2fc88109c6f4c6ec986bc42e738b8535efd20acf44a24bd3c10bbc722e3f5369,0a3b6be9e5fdf9e3,JPEG,RGB,549,565,101708,original,APPROVED_CANDIDATE
PlantDoc,5467f6012d78d1c446145d5f582da6096f852ae8,training_candidate,Squash Powdery mildew leaf,MATCHED,Squash Powdery mildew,train/Squash Powdery mildew leaf/Powdery+Mildew_00.JPG.jpg,Squash Powdery mildew leaf/01402_dce9b49888a52700.jpg,dce9b49888a527003d49f1327496a629b90e4aff4e4fbcd0aa1e542bbeccdf01,7136b4f42c2d9d95,JPEG,RGB,1200,1600,301275,original,APPROVED_CANDIDATE
PlantDoc,5467f6012d78d1c446145d5f582da6096f852ae8,training_candidate,Squash Powdery mildew leaf,MATCHED,Squash Powdery mildew,train/Squash Powdery mildew leaf/Powdery+Milew+Squash+003.jpg,Squash Powdery mildew leaf/01403_7f05f29d1e9d8617.jpg,7f05f29d1e9d8617623347a35a82482caf421943d9e40e95b12ebf0a3837fae0,82081a0c8c8686c0,JPEG,RGB,1200,1600,198032,original,APPROVED_CANDIDATE
PlantDoc,5467f6012d78d1c446145d5f582da6096f852ae8,training_candidate,Squash Powdery mildew leaf,MATCHED,Squash Powdery mildew,train/Squash Powdery mildew leaf/Powdery-Mildew-Squash.jpg,Squash Powdery mildew leaf/01404_c566288fc71634ce.jpg,c566288fc71634ce0bd7a4ebadfe33e9832c32d39e24a103f4d849cf22007fac,f3d31b2d0d8c7b61,JPEG,RGB,600,562,130430,original,APPROVED_CANDIDATE
PlantDoc,5467f6012d78d1c446145d5f582da6096f852ae8,training_candidate,Squash Powdery mildew leaf,MATCHED,Squash Powdery mildew,train/Squash Powdery mildew leaf/Powdery-Mildew-on-Cucumber-Leaf.jpg,Squash Powdery mildew leaf/01405_e942bfd5264cf1ac.jpg,e942bfd5264cf1ac17334bd5607f8a768010b6a43be8331e10dc86ae5dd7f4aa,3a36166715809ccd,JPEG,RGB,3456,2304,3024832,original,APPROVED_CANDIDATE
PlantDoc,5467f6012d78d1c446145d5f582da6096f852ae8,training_candidate,Squash Powdery mildew leaf,MATCHED,Squash Powdery mildew,train/Squash Powdery mildew leaf/Powdery-mildew-on-pumpkin-leaf-1024x768.jpg,Squash Powdery mildew leaf/01406_e10c2a56cfcd7a23.jpg,e10c2a56cfcd7a23591b4e2f3f2b901930ab51a8d5dba26548cb767d8bb9ac82,0d1d0e1f0d2f2b37,JPEG,RGB,1024,768,336644,original,APPROVED_CANDIDATE
PlantDoc,5467f6012d78d1c446145d5f582da6096f852ae8,training_candidate,Squash Powdery mildew leaf,MATCHED,Squash Powdery mildew,train/Squash Powdery mildew leaf/Powdery-mildew-on-pumpkin-leaf-for-web.jpg,Squash Powdery mildew leaf/01407_61155d934942ec5c.jpg,61155d934942ec5c9306c13d92eadf9b0e7412f29eecec26272b63e330b973cc,9a968d474a17179b,JPEG,RGB,896,504,51024,original,APPROVED_CANDIDATE
PlantDoc,5467f6012d78d1c446145d5f582da6096f852ae8,training_candidate,Squash Powdery mildew leaf,MATCHED,Squash Powdery mildew,train/Squash Powdery mildew leaf/Powdery1.jpg,Squash Powdery mildew leaf/01408_cb075485e1be20e9.jpg,cb075485e1be20e9e2e9153fc59abddfcd810d67abb000f47f2998f731fe1665,988c1e10a8c01897,JPEG,RGB,768,1024,253194,original,APPROVED_CANDIDATE
PlantDoc,5467f6012d78d1c446145d5f582da6096f852ae8,training_candidate,Squash Powdery mildew leaf,MATCHED,Squash Powdery mildew,train/Squash Powdery mildew leaf/PowderyMildewSquashPlant12010.jpg,Squash Powdery mildew leaf/01409_0f7c133932eb11e4.jpg,0f7c133932eb11e48b1a2707cdada43a89930ebd20abecad5eace9fa3c0826a6,36de9737b79dbbbd,JPEG,RGB,448,336,37538,original,APPROVED_CANDIDATE
PlantDoc,5467f6012d78d1c446145d5f582da6096f852ae8,training_candidate,Squash Powdery mildew leaf,MATCHED,Squash Powdery mildew,train/Squash Powdery mildew leaf/Powdery_Mildew_Squash.jpg,Squash Powdery mildew leaf/01410_fdcc5b938bff7e1e.jpg,fdcc5b938bff7e1e8e30c7a3432946d0a0a57a8ad6187dd45b9ef3766caaec94,41585e339c1c3b26,JPEG,RGB,1000,662,353118,original,APPROVED_CANDIDATE
PlantDoc,5467f6012d78d1c446145d5f582da6096f852ae8,training_candidate,Squash Powdery mildew leaf,MATCHED,Squash Powdery mildew,train/Squash Powdery mildew leaf/Squash_PowderMildew.jpg,Squash Powdery mildew leaf/01411_b110032ea6f93631.jpg,b110032ea6f93631c84b3f03b08b50d2e9ca9f419843b045f3ecbaa7624d7c7e,5474d6e2a7673737,JPEG,RGB,1500,997,140720,original,APPROVED_CANDIDATE
PlantDoc,5467f6012d78d1c446145d5f582da6096f852ae8,training_candidate,Squash Powdery mildew leaf,MATCHED,Squash Powdery mildew,train/Squash Powdery mildew leaf/Squash_powdery-mildew.jpg,Squash Powdery mildew leaf/01412_7ef97cabfba45f3d.jpg,7ef97cabfba45f3d1a5ca9f0cfae9d218989ea5f360cc1466ae4b9760768e292,4bd38283864e8a9c,JPEG,RGB,300,225,61389,original,APPROVED_CANDIDATE
PlantDoc,5467f6012d78d1c446145d5f582da6096f852ae8,training_candidate,Squash Powdery mildew leaf,MATCHED,Squash Powdery mildew,train/Squash Powdery mildew leaf/_1030395.JPG.jpg,Squash Powdery mildew leaf/01413_64930cfc763189b8.jpg,64930cfc763189b885935363d06af6aace8a0a52c97921a55d37d2df01502050,c8585161494909a4,JPEG,RGB,1600,1202,445960,original,APPROVED_CANDIDATE
PlantDoc,5467f6012d78d1c446145d5f582da6096f852ae8,training_candidate,Squash Powdery mildew leaf,MATCHED,Squash Powdery mildew,train/Squash Powdery mildew leaf/bfb5b4fb0d9a0dbe476ca7002b41fe4d.jpg,Squash Powdery mildew leaf/01414_fa0c186e791b1c00.jpg,fa0c186e791b1c001cda5613930b225833319b68c3493885911e667cf9f83833,715d9ff36327670b,JPEG,RGB,600,315,42575,original,APPROVED_CANDIDATE
PlantDoc,5467f6012d78d1c446145d5f582da6096f852ae8,training_candidate,Squash Powdery mildew leaf,MATCHED,Squash Powdery mildew,train/Squash Powdery mildew leaf/cucurbit-powdery-mildew-fig-1.jpg,Squash Powdery mildew leaf/01415_891bf90cb4a5bac7.jpg,891bf90cb4a5bac7777b190f89224cb98dca1339dd79792ac35a208393678e7e,c60636a61a9b0d50,JPEG,RGB,3504,2336,3953830,original,APPROVED_CANDIDATE
PlantDoc,5467f6012d78d1c446145d5f582da6096f852ae8,training_candidate,Squash Powdery mildew leaf,MATCHED,Squash Powdery mildew,train/Squash Powdery mildew leaf/cucurbit-squash_powdery-mildew-2L.jpg,Squash Powdery mildew leaf/01416_60302bd01f4b313a.jpg,60302bd01f4b313a482e6dd8ac1025791bd98f63ff09fb67d3e20e6412a2e7bb,2b5b49496bcad89d,JPEG,RGB,700,465,60955,original,APPROVED_CANDIDATE
PlantDoc,5467f6012d78d1c446145d5f582da6096f852ae8,training_candidate,Squash Powdery mildew leaf,MATCHED,Squash Powdery mildew,train/Squash Powdery mildew leaf/curcurbit-powdery-mildew-erysiphe-cichoracearum-showing-development-BMMRPG.jpg,Squash Powdery mildew leaf/01417_775cf18c65d38165.jpg,775cf18c65d3816555be580c6a1c72724e4f18eeed5ffdedacb982e5bc6f9328,14d68e8e6d0fc3f0,JPEG,RGB,1300,956,252547,original,APPROVED_CANDIDATE
PlantDoc,5467f6012d78d1c446145d5f582da6096f852ae8,training_candidate,Squash Powdery mildew leaf,MATCHED,Squash Powdery mildew,train/Squash Powdery mildew leaf/curcurbit-powdery-mildew-erysiphe-or-sphaerotheca-on-cucumber-leaf-B5NP51.jpg,Squash Powdery mildew leaf/01418_68a6e22c8765a602.jpg,68a6e22c8765a602dd91a562510fe5faea2ec3aa978b5bead5461c91e0251bcb,e5654604345250f4,JPEG,RGB,1300,956,224061,original,APPROVED_CANDIDATE
PlantDoc,5467f6012d78d1c446145d5f582da6096f852ae8,training_candidate,Squash Powdery mildew leaf,MATCHED,Squash Powdery mildew,train/Squash Powdery mildew leaf/dc4cfbd6f94d0435ab166a06acb1cde0.jpg,Squash Powdery mildew leaf/01419_36a624233681a178.jpg,36a624233681a178c2aa7e58ea586993078795dd274de6c7c9ac1e6691ca90ce,590938092c0693f8,JPEG,RGB,189,266,19236,original,APPROVED_CANDIDATE
PlantDoc,5467f6012d78d1c446145d5f582da6096f852ae8,training_candidate,Squash Powdery mildew leaf,MATCHED,Squash Powdery mildew,train/Squash Powdery mildew leaf/dscn2512.jpg,Squash Powdery mildew leaf/01420_59ae43b114e91ac1.jpg,59ae43b114e91ac14deac53b3603e70f1282a61a5b718027af6f93cb24a15e67,f632190bcd151c9d,JPEG,RGB,4320,3240,2778197,original,APPROVED_CANDIDATE
PlantDoc,5467f6012d78d1c446145d5f582da6096f852ae8,training_candidate,Squash Powdery mildew leaf,MATCHED,Squash Powdery mildew,train/Squash Powdery mildew leaf/dusty-mildew-on-plants-control-powdery-mildew-identifying-powdery-mildew-plant-spray-powdery-mildew-jade-plant-treatment.jpg,Squash Powdery mildew leaf/01421_c21e1da9ec86e9df.jpg,c21e1da9ec86e9df6904a22943dc1c6eea89f467f389ae4602f4cc9dba59e4e9,5053f2cee3b3a3a7,JPEG,RGB,800,533,132001,original,APPROVED_CANDIDATE
PlantDoc,5467f6012d78d1c446145d5f582da6096f852ae8,training_candidate,Squash Powdery mildew leaf,MATCHED,Squash Powdery mildew,train/Squash Powdery mildew leaf/dusty-mildew-on-plants-downy-mildew-zucchini-plants-powdery-mildew-treatment-tomato-plants.jpg,Squash Powdery mildew leaf/01422_a94a3473683983a0.jpg,a94a3473683983a0eddc523d9567e6af476fdd54bc6c9b2a79fb0b993f98d98d,e5ed6d8d1f072f66,JPEG,RGB,575,390,53363,original,APPROVED_CANDIDATE
PlantDoc,5467f6012d78d1c446145d5f582da6096f852ae8,training_candidate,Squash Powdery mildew leaf,MATCHED,Squash Powdery mildew,train/Squash Powdery mildew leaf/dusty-mildew-on-plants-powdery-mildew-on-a-courgette-leaf-treat-downy-mildew-plants-controlling-powdery-mildew-on-squash-plants.jpg,Squash Powdery mildew leaf/01423_13357c6fe600f944.jpg,13357c6fe600f9443a6d367ddc580d1e51cab517d65d9f050bab5c314c15528e,06379bc38a9b9f8c,JPEG,RGB,800,500,105856,original,APPROVED_CANDIDATE
PlantDoc,5467f6012d78d1c446145d5f582da6096f852ae8,training_candidate,Squash Powdery mildew leaf,MATCHED,Squash Powdery mildew,train/Squash Powdery mildew leaf/erysiphe-or-spaerotheca-cucurbit-powdery-mildew-on-butternut-squash-f0rh86.jpg,Squash Powdery mildew leaf/01424_5221c4c893838498.jpg,5221c4c8938384986eb9329b70d4febc150699706d487c3c347e2d25cc7b5411,49030f0f072e4c2e,JPEG,RGB,640,447,82941,original,APPROVED_CANDIDATE
PlantDoc,5467f6012d78d1c446145d5f582da6096f852ae8,training_candidate,Squash Powdery mildew leaf,MATCHED,Squash Powdery mildew,train/Squash Powdery mildew leaf/file.php?id=16321&t=1.jpg,Squash Powdery mildew leaf/01425_92ba414e67147405.jpg,92ba414e6714740564103dac86f89ca106f2a4e68f218705a0e91f99d26e30e2,f6d7d1c5ecb6b393,JPEG,RGB,500,375,70539,original,APPROVED_CANDIDATE
PlantDoc,5467f6012d78d1c446145d5f582da6096f852ae8,training_candidate,Squash Powdery mildew leaf,MATCHED,Squash Powdery mildew,train/Squash Powdery mildew leaf/flora-ivy-plant-food-produce-vegetable-conifer-tree-squash-rock.jpg,Squash Powdery mildew leaf/01426_f35b9bb584fc0628.jpg,f35b9bb584fc062848f6da2acaa134003ff0a0e53ca674a9b21afe6e86b58ee2,31312677bbffdfde,JPEG,RGB,1000,717,167136,original,APPROVED_CANDIDATE
PlantDoc,5467f6012d78d1c446145d5f582da6096f852ae8,training_candidate,Squash Powdery mildew leaf,MATCHED,Squash Powdery mildew,train/Squash Powdery mildew leaf/garden-stuff-143.jpg,Squash Powdery mildew leaf/01427_ce051b24b4afce8d.jpg,ce051b24b4afce8dd7b31450d77cae5b9fa0911cacfa7cfda0f9ac84b4e469ad,2e6d2f87c3158746,JPEG,RGB,3456,2592,5416441,original,APPROVED_CANDIDATE
PlantDoc,5467f6012d78d1c446145d5f582da6096f852ae8,training_candidate,Squash Powdery mildew leaf,MATCHED,Squash Powdery mildew,train/Squash Powdery mildew leaf/hqdefault.jpg,Squash Powdery mildew leaf/01428_dc316afecd7c0177.jpg,dc316afecd7c0177956ef4c2dc69ad8ef241d5770a8bff7fdb6ff2e522744acd,6446266622333e7a,JPEG,RGB,480,360,26745,original,APPROVED_CANDIDATE
PlantDoc,5467f6012d78d1c446145d5f582da6096f852ae8,training_candidate,Squash Powdery mildew leaf,MATCHED,Squash Powdery mildew,train/Squash Powdery mildew leaf/img_0853.jpg,Squash Powdery mildew leaf/01429_caf3399957e028da.jpg,caf3399957e028da387ce150d7fd92063427b8f228177e6558ccc021e4d04d10,f9c99313323737d4,JPEG,RGB,3000,4000,3486095,original,APPROVED_CANDIDATE
PlantDoc,5467f6012d78d1c446145d5f582da6096f852ae8,training_candidate,Squash Powdery mildew leaf,MATCHED,Squash Powdery mildew,train/Squash Powdery mildew leaf/img_0963.jpg,Squash Powdery mildew leaf/01430_87f60140cf2e1228.jpg,87f60140cf2e1228a84d26a813ae9bd595c723641980530d18dcb481808e84f5,5f0f1f0f6f273313,JPEG,RGB,2816,2112,2016538,original,APPROVED_CANDIDATE
PlantDoc,5467f6012d78d1c446145d5f582da6096f852ae8,training_candidate,Squash Powdery mildew leaf,MATCHED,Squash Powdery mildew,train/Squash Powdery mildew leaf/mildew-on-leaf.jpg,Squash Powdery mildew leaf/01431_a890a17458115cec.jpg,a890a17458115cec19bed0d7482e1727937a3ff03cc3278a83d26da41e90a787,264747c7c767271b,JPEG,RGB,1024,677,424515,original,APPROVED_CANDIDATE
PlantDoc,5467f6012d78d1c446145d5f582da6096f852ae8,training_candidate,Squash Powdery mildew leaf,MATCHED,Squash Powdery mildew,train/Squash Powdery mildew leaf/mildewonbigleafmapleslowres.JPG.jpg,Squash Powdery mildew leaf/01432_d21e806b93bd111b.jpg,d21e806b93bd111bc5f826a9f973d44f0918d2e5845c40406c3c8034ff8d3a23,911a132b0e1696d3,JPEG,RGB,409,307,51275,original,APPROVED_CANDIDATE
PlantDoc,5467f6012d78d1c446145d5f582da6096f852ae8,training_candidate,Squash Powdery mildew leaf,MATCHED,Squash Powdery mildew,train/Squash Powdery mildew leaf/mold_web12.16.14.jpg,Squash Powdery mildew leaf/01433_5b6871d99cdf2162.jpg,5b6871d99cdf21625b2d18f9b973aea8983b7c94a3511d1cba545c0103d5aa98,262e3c5c761bcbce,JPEG,RGB,1936,2138,556543,original,APPROVED_CANDIDATE
PlantDoc,5467f6012d78d1c446145d5f582da6096f852ae8,training_candidate,Squash Powdery mildew leaf,MATCHED,Squash Powdery mildew,train/Squash Powdery mildew leaf/p1070482.jpg,Squash Powdery mildew leaf/01434_90d959425b444b80.jpg,90d959425b444b8066ff23047a22e5c12f0db4258232ae06e6730edfaa0cbc57,b8a84b130b0d0d89,JPEG,RGB,1920,2560,3434896,original,APPROVED_CANDIDATE
PlantDoc,5467f6012d78d1c446145d5f582da6096f852ae8,training_candidate,Squash Powdery mildew leaf,MATCHED,Squash Powdery mildew,train/Squash Powdery mildew leaf/p1070616.jpg,Squash Powdery mildew leaf/01435_f4cce0771c0b381d.jpg,f4cce0771c0b381dcde5063e59bf0bb546f72cdcaf1115372101162a27ba7e6a,131ab63837157171,JPEG,RGB,2560,1920,2400244,original,APPROVED_CANDIDATE
PlantDoc,5467f6012d78d1c446145d5f582da6096f852ae8,training_candidate,Squash Powdery mildew leaf,MATCHED,Squash Powdery mildew,train/Squash Powdery mildew leaf/photo4.jpg,Squash Powdery mildew leaf/01436_f888cc66e9aca415.jpg,f888cc66e9aca415d4074efd7eda82097864651fce58616883be42cf9b78ffa1,9f9b2105070f87cf,JPEG,RGB,1536,1536,841316,original,APPROVED_CANDIDATE
PlantDoc,5467f6012d78d1c446145d5f582da6096f852ae8,training_candidate,Squash Powdery mildew leaf,MATCHED,Squash Powdery mildew,train/Squash Powdery mildew leaf/pm+001.JPG.jpg,Squash Powdery mildew leaf/01437_e3edc67ea2035237.jpg,e3edc67ea2035237009445a6c616623b77ab7b87f1db27b5592bc3b2a974d918,fb644c0a86ce9393,JPEG,RGB,1600,1200,195868,original,APPROVED_CANDIDATE
PlantDoc,5467f6012d78d1c446145d5f582da6096f852ae8,training_candidate,Squash Powdery mildew leaf,MATCHED,Squash Powdery mildew,train/Squash Powdery mildew leaf/pm-001.jpg,Squash Powdery mildew leaf/01438_6b64f5550a759ed9.jpg,6b64f5550a759ed9ea2e4c0bc246645995d435acc30ff454165f973c1386d858,1c2e532326077961,JPEG,RGB,986,776,280075,original,APPROVED_CANDIDATE
PlantDoc,5467f6012d78d1c446145d5f582da6096f852ae8,training_candidate,Squash Powdery mildew leaf,MATCHED,Squash Powdery mildew,train/Squash Powdery mildew leaf/pm-squash-big.jpg,Squash Powdery mildew leaf/01439_a1473169c74ee6ee.jpg,a1473169c74ee6ee2cb6d658b6de2a27ed2adc1afe9aaa0bfe730665ac571f01,6cc6ceefafac3637,JPEG,RGB,767,514,75696,original,APPROVED_CANDIDATE
PlantDoc,5467f6012d78d1c446145d5f582da6096f852ae8,training_candidate,Squash Powdery mildew leaf,MATCHED,Squash Powdery mildew,train/Squash Powdery mildew leaf/pmild1_600px.jpg,Squash Powdery mildew leaf/01440_67069d3e7d8abf46.jpg,67069d3e7d8abf46d67f2a0c8f1f4b71477ba8735715f31b28fa5fb00ea1e5c5,09383077f672b2c2,JPEG,RGB,600,411,82590,original,APPROVED_CANDIDATE
PlantDoc,5467f6012d78d1c446145d5f582da6096f852ae8,training_candidate,Squash Powdery mildew leaf,MATCHED,Squash Powdery mildew,train/Squash Powdery mildew leaf/powdery%20mildew%20of%20squash.jpg,Squash Powdery mildew leaf/01441_24eda42769c7f8a8.jpg,24eda42769c7f8a884bb7819818f0a92c3c21a6f20822bc350bef784d85fe7c2,961b330f9a996c28,JPEG,RGB,500,333,175283,original,APPROVED_CANDIDATE
PlantDoc,5467f6012d78d1c446145d5f582da6096f852ae8,training_candidate,Squash Powdery mildew leaf,MATCHED,Squash Powdery mildew,train/Squash Powdery mildew leaf/powdery-mildew-1.jpg,Squash Powdery mildew leaf/01442_02a60ab9a8b29bef.jpg,02a60ab9a8b29befde34d47c5e169450f1aadb8ffd4b76803e9bf0fde2e2e745,2b07172933114367,JPEG,RGB,900,600,547232,original,APPROVED_CANDIDATE
PlantDoc,5467f6012d78d1c446145d5f582da6096f852ae8,training_candidate,Squash Powdery mildew leaf,MATCHED,Squash Powdery mildew,train/Squash Powdery mildew leaf/powdery-mildew-erysiphe-plantani-on-young-sycamore-leaves-b0ah25.jpg,Squash Powdery mildew leaf/01443_02b57a3e233e6a93.jpg,02b57a3e233e6a93a1d5de3fc2abc64a4e8bfcde7aab6fd15572a34699e3c19a,63e28e33321c9cf0,JPEG,RGB,640,533,100598,original,APPROVED_CANDIDATE
PlantDoc,5467f6012d78d1c446145d5f582da6096f852ae8,training_candidate,Squash Powdery mildew leaf,MATCHED,Squash Powdery mildew,train/Squash Powdery mildew leaf/powdery-mildew-on-squash-plants-you-can-prevent-powdery-mildew-disease-by-avoiding-overhead-sprinkling-and-watering-in-the-morning-rather-than-evening-forum-news-service-file-photo-what-causes-powdery.jpg,Squash Powdery mildew leaf/01444_7981704f6ddf8e20.jpg,7981704f6ddf8e20971e5d82400dfc4600b93eecc1aaaf521eee5d200dbee5ea,696169594a792932,JPEG,RGB,620,349,42883,original,APPROVED_CANDIDATE
PlantDoc,5467f6012d78d1c446145d5f582da6096f852ae8,training_candidate,Squash Powdery mildew leaf,MATCHED,Squash Powdery mildew,train/Squash Powdery mildew leaf/powdery-mildew-pea-leaf.jpg,Squash Powdery mildew leaf/01445_1c895f0de5180b37.jpg,1c895f0de5180b37af5a4f81a2f4c8912cbc43b391e93e0c338e9f1bc3476757,cc07860a0dad9fb7,JPEG,RGB,800,600,68525,original,APPROVED_CANDIDATE
PlantDoc,5467f6012d78d1c446145d5f582da6096f852ae8,training_candidate,Squash Powdery mildew leaf,MATCHED,Squash Powdery mildew,train/Squash Powdery mildew leaf/powdery_mildew.jpg,Squash Powdery mildew leaf/01446_29d23fddf8bcbcfa.jpg,29d23fddf8bcbcfa034d11ebd738ed395d1e584a03df23e83e82bd5d53f28663,63696363c6426313,JPEG,RGB,640,480,57027,original,APPROVED_CANDIDATE
PlantDoc,5467f6012d78d1c446145d5f582da6096f852ae8,training_candidate,Squash Powdery mildew leaf,MATCHED,Squash Powdery mildew,train/Squash Powdery mildew leaf/powderymildew-669x578.jpg,Squash Powdery mildew leaf/01447_6ebf51db5f1f7f1b.jpg,6ebf51db5f1f7f1be951c6a3c0393bf902973f2ce5142ebbb5ba0ebd73174ff1,3437676773178d99,JPEG,RGB,669,578,120059,original,APPROVED_CANDIDATE
PlantDoc,5467f6012d78d1c446145d5f582da6096f852ae8,training_candidate,Squash Powdery mildew leaf,MATCHED,Squash Powdery mildew,train/Squash Powdery mildew leaf/powderymildew-on-squash.jpg,Squash Powdery mildew leaf/01448_e0f14506b342d52e.jpg,e0f14506b342d52e00c9043b89954677888742ec55293a35131e95498069744e,8101256d2567d7d7,JPEG,RGB,831,623,114781,original,APPROVED_CANDIDATE
PlantDoc,5467f6012d78d1c446145d5f582da6096f852ae8,training_candidate,Squash Powdery mildew leaf,MATCHED,Squash Powdery mildew,train/Squash Powdery mildew leaf/powderymildew_300.jpg,Squash Powdery mildew leaf/01449_07ebbe826238c3fc.jpg,07ebbe826238c3fc11a73d431de43a21fee99ff50b512a3f057c505f2610edec,97859fcc27963233,JPEG,CMYK,300,300,130347,original,APPROVED_CANDIDATE
PlantDoc,5467f6012d78d1c446145d5f582da6096f852ae8,training_candidate,Squash Powdery mildew leaf,MATCHED,Squash Powdery mildew,train/Squash Powdery mildew leaf/powderymildewcucurb-jallen.jpg,Squash Powdery mildew leaf/01450_2ae536859a1c1b5a.jpg,2ae536859a1c1b5a02e85628128d30504dab5c426bf27b2f56fd558c6ad3d870,763c3c3c393a6ad9,JPEG,RGB,1280,960,629764,original,APPROVED_CANDIDATE
PlantDoc,5467f6012d78d1c446145d5f582da6096f852ae8,training_candidate,Squash Powdery mildew leaf,MATCHED,Squash Powdery mildew,train/Squash Powdery mildew leaf/powderymildewpumpkinaiyura6151.jpg,Squash Powdery mildew leaf/01451_585bfe871a61fc9a.jpg,585bfe871a61fc9a3096b1991e9e38114085e8152064f2de27889106053d289b,1615ad253d1cdebc,JPEG,RGB,900,675,155063,original,APPROVED_CANDIDATE
PlantDoc,5467f6012d78d1c446145d5f582da6096f852ae8,training_candidate,Squash Powdery mildew leaf,MATCHED,Squash Powdery mildew,train/Squash Powdery mildew leaf/powmil.jpg,Squash Powdery mildew leaf/01452_da8fb0dbcd605144.jpg,da8fb0dbcd605144c351ee48ff58a6f7362b7e31e45aee70748b8b8676d70fc5,dcbd2e6cccd3c5bd,JPEG,RGB,640,512,40526,original,APPROVED_CANDIDATE
PlantDoc,5467f6012d78d1c446145d5f582da6096f852ae8,training_candidate,Squash Powdery mildew leaf,MATCHED,Squash Powdery mildew,train/Squash Powdery mildew leaf/severe%20PM%20at%20MHRI%202013%20%2821%29.JPG.jpg,Squash Powdery mildew leaf/01453_807d9444680cf2fb.jpg,807d9444680cf2fbb73711d19702d76391415238c372f7c80fc331c9e07191fd,d8941e9e9e9ee464,JPEG,RGB,3648,2736,2248932,original,APPROVED_CANDIDATE
PlantDoc,5467f6012d78d1c446145d5f582da6096f852ae8,training_candidate,Squash Powdery mildew leaf,MATCHED,Squash Powdery mildew,train/Squash Powdery mildew leaf/squash-plant-identification-squash-powdery-mildew-garden-squash-varieties-pictures.jpg,Squash Powdery mildew leaf/01454_144685ff7b2fba83.jpg,144685ff7b2fba83f3b4c715d93c2af6174a0ff76687a4ec03f44efe08145ba1,cc4622b7771e1cbb,JPEG,RGB,750,350,65454,original,NEEDS_MANUAL_REVIEW
PlantDoc,5467f6012d78d1c446145d5f582da6096f852ae8,training_candidate,Squash Powdery mildew leaf,MATCHED,Squash Powdery mildew,train/Squash Powdery mildew leaf/squash-powdery-mildew-2.jpg,Squash Powdery mildew leaf/01455_a1df0dd037465689.jpg,a1df0dd0374656890838c7d0eaa3fd2084d723b0cc808dd538cd1b735e6892d6,61656366664f0f1f,JPEG,RGB,750,350,89475,original,APPROVED_CANDIDATE
PlantDoc,5467f6012d78d1c446145d5f582da6096f852ae8,training_candidate,Squash Powdery mildew leaf,MATCHED,Squash Powdery mildew,train/Squash Powdery mildew leaf/squash-powdery-mildew-3.jpg,Squash Powdery mildew leaf/01456_a11d2ca4205bb936.jpg,a11d2ca4205bb936c43a910fde65f4d238df0338fd497dddc11841d0f3066235,25793931332b2b21,JPEG,RGB,750,350,100565,original,APPROVED_CANDIDATE
PlantDoc,5467f6012d78d1c446145d5f582da6096f852ae8,training_candidate,Squash Powdery mildew leaf,MATCHED,Squash Powdery mildew,train/Squash Powdery mildew leaf/squash-powdery-mildew-4.jpg,Squash Powdery mildew leaf/01457_77289a4431885bc7.jpg,77289a4431885bc78eaf74e376637f7a8b0b76ddf4e3a0c7f58d0973a129627f,39ac6c4fc3cb9a36,JPEG,RGB,750,350,99259,original,APPROVED_CANDIDATE
PlantDoc,5467f6012d78d1c446145d5f582da6096f852ae8,training_candidate,Squash Powdery mildew leaf,MATCHED,Squash Powdery mildew,train/Squash Powdery mildew leaf/squash-powdery-mildew.jpg,Squash Powdery mildew leaf/01458_d96e5e9edc637c20.jpg,d96e5e9edc637c206ee30c6026a25ded15d036fd60fcab6c65caff5a954d05da,cc4622b7771e1cbb,JPEG,RGB,750,350,90537,original,NEEDS_MANUAL_REVIEW
PlantDoc,5467f6012d78d1c446145d5f582da6096f852ae8,training_candidate,Squash Powdery mildew leaf,MATCHED,Squash Powdery mildew,train/Squash Powdery mildew leaf/squash-with-mildew-2x.jpg,Squash Powdery mildew leaf/01459_c6302830613d55b0.jpg,c6302830613d55b075c535ce2e61fd6e4cb4cc5b5e44b29178052c4fb9771a30,5953636464646165,JPEG,RGB,750,350,90684,original,APPROVED_CANDIDATE
PlantDoc,5467f6012d78d1c446145d5f582da6096f852ae8,training_candidate,Squash Powdery mildew leaf,MATCHED,Squash Powdery mildew,train/Squash Powdery mildew leaf/what-is-powdery-mildew-on-plants-mild-powdery-mildew-that-will-appear-on-most-squash-leaves-during-the-mid-summer-powdery-mildew-plant-spray-powdery-mildew-on-tomato-plant-leaves.jpg,Squash Powdery mildew leaf/01460_6c6855b4676581d7.jpg,6c6855b4676581d70daec4f76efbb0707187008d0b69eb982b838f869a798b37,1d3f576d399e2d66,JPEG,RGB,700,467,59662,original,APPROVED_CANDIDATE
PlantDoc,5467f6012d78d1c446145d5f582da6096f852ae8,training_candidate,Squash Powdery mildew leaf,MATCHED,Squash Powdery mildew,train/Squash Powdery mildew leaf/white-mold-on-squash-plants-powdery-mildew-on-plant-leaves-how-to-get-rid-of-white-mold-on-squash-plants-white-mold-on-squash-plants.jpg,Squash Powdery mildew leaf/01461_5dcf4062aa6491bf.jpg,5dcf4062aa6491bfef35f75c0ab6cd2082aa4321f159ec16bf57d82d06de633f,1383696c3521c7c3,JPEG,RGB,600,900,90035,original,APPROVED_CANDIDATE
PlantDoc,5467f6012d78d1c446145d5f582da6096f852ae8,training_candidate,Squash Powdery mildew leaf,MATCHED,Squash Powdery mildew,train/Squash Powdery mildew leaf/white-powdery-mildew-leaves.jpg,Squash Powdery mildew leaf/01462_c424ab05a4d805dd.jpg,c424ab05a4d805dd9512f1962abf860b8b28e9109a9984e94f3fabf87ccfb114,6f4dcc9e962e0723,JPEG,RGB,550,367,87050,original,APPROVED_CANDIDATE
PlantDoc,5467f6012d78d1c446145d5f582da6096f852ae8,training_candidate,Squash Powdery mildew leaf,MATCHED,Squash Powdery mildew,train/Squash Powdery mildew leaf/whitemildew1_l.jpg,Squash Powdery mildew leaf/01463_5ee8b4039fe6d709.jpg,5ee8b4039fe6d709ee1d9040c98ce5dfe417f450493f662bebbf0b56f8f4200b,07e6c84160c34766,JPEG,RGB,600,450,93582,original,APPROVED_CANDIDATE
PlantDoc,5467f6012d78d1c446145d5f582da6096f852ae8,training_candidate,Squash Powdery mildew leaf,MATCHED,Squash Powdery mildew,train/Squash Powdery mildew leaf/woman-cutting-off-yellow-summer-squash-leaves-with-powdery-mildew-eef3dd.jpg,Squash Powdery mildew leaf/01464_fe2a398898ba69f1.jpg,fe2a398898ba69f19de9af011c3b7f8f4924d432b729cb6c54ff24d706eb856a,f6d9cccc9d0f6f7b,JPEG,RGB,347,540,69878,original,APPROVED_CANDIDATE
PlantDoc,5467f6012d78d1c446145d5f582da6096f852ae8,training_candidate,Strawberry leaf,AMBIGUOUS,,train/Strawberry leaf/0008003-strawberry-leaf-veiner-large.jpg,Strawberry leaf/01465_6549f6c7bc6c5742.jpg,6549f6c7bc6c5742fd2618708c5793e6216e571826e1c0969032a89c0b3a6fbd,5a1bd8cec95a9ed8,JPEG,RGB,1280,1280,262144,original,AMBIGUOUS
PlantDoc,5467f6012d78d1c446145d5f582da6096f852ae8,training_candidate,Strawberry leaf,AMBIGUOUS,,train/Strawberry leaf/102_0829.JPG.jpg,Strawberry leaf/01466_1e5a93bc24a6f212.jpg,1e5a93bc24a6f212e605586d24c2128a213fca93f72438f6922cbfab51316097,7ed34e4e461653c3,JPEG,RGB,1600,1081,211350,original,AMBIGUOUS
PlantDoc,5467f6012d78d1c446145d5f582da6096f852ae8,training_candidate,Strawberry leaf,AMBIGUOUS,,train/Strawberry leaf/13400strawberry_leaves.jpg,Strawberry leaf/01467_ec1e573d81e48b3f.jpg,ec1e573d81e48b3fa54bf861a9cd3019b669ad5c90bb70446bde8c1c81c6d803,22cc2cf4cca4205a,JPEG,RGB,700,469,65492,original,AMBIGUOUS
PlantDoc,5467f6012d78d1c446145d5f582da6096f852ae8,training_candidate,Strawberry leaf,AMBIGUOUS,,train/Strawberry leaf/1534854-a-green-strawberry-leaf-isolated-on-a-white-background.jpg,Strawberry leaf/01468_255531c21ffead6e.jpg,255531c21ffead6e806d488034154f05b279352fe8dfb7118ead4fc6e5c101d8,08f9b0f1f0e47888,JPEG,RGB,800,727,110038,original,AMBIGUOUS
PlantDoc,5467f6012d78d1c446145d5f582da6096f852ae8,training_candidate,Strawberry leaf,AMBIGUOUS,,train/Strawberry leaf/1788724-spring-leaves-of-garden-strawberry-macro-background-isolated.jpg,Strawberry leaf/01469_1ea5ab43df5f7345.jpg,1ea5ab43df5f7345359a8cabd26bd1ebf20efeaa9d8d2e4100ee08b81127915d,b6b2acc6e498b870,JPEG,RGB,800,533,104031,original,AMBIGUOUS
PlantDoc,5467f6012d78d1c446145d5f582da6096f852ae8,training_candidate,Strawberry leaf,AMBIGUOUS,,train/Strawberry leaf/18423_original.jpg,Strawberry leaf/01470_7ea488bbc2a79737.jpg,7ea488bbc2a7973787da502379506df0e8346a79e5ad258c5ff75fc22aafe08b,d6360a43a3299ad0,JPEG,RGB,3456,2304,3626902,original,AMBIGUOUS
PlantDoc,5467f6012d78d1c446145d5f582da6096f852ae8,training_candidate,Strawberry leaf,AMBIGUOUS,,train/Strawberry leaf/270412tglr-wild-strawberry-leaf.jpg,Strawberry leaf/01471_e1b0780544504d99.jpg,e1b0780544504d99d6e6373ce14c81d912a7d728be4c48dc659dba7f6b9dd8df,51998a8b25571b18,JPEG,RGB,2588,1949,183171,original,AMBIGUOUS
PlantDoc,5467f6012d78d1c446145d5f582da6096f852ae8,training_candidate,Strawberry leaf,AMBIGUOUS,,train/Strawberry leaf/344d1150577229-strange-strawberry-leaves-unhealthy-maxim.jpg,Strawberry leaf/01472_260bc99c9328374f.jpg,260bc99c9328374f2ddd99ec880a2800b7d9779ea0c955cf902062514e782bcf,ce2cc4b1735acbfe,JPEG,RGB,800,533,88192,original,AMBIGUOUS
PlantDoc,5467f6012d78d1c446145d5f582da6096f852ae8,training_candidate,Strawberry leaf,AMBIGUOUS,,train/Strawberry leaf/41.jpg,Strawberry leaf/01473_480997d5fc583d8c.jpg,480997d5fc583d8c412f70b10b4bda35640dd85f13608826a968cc418bf30e66,bc9d4c8d8b1a7771,JPEG,RGB,1024,709,352160,original,AMBIGUOUS
PlantDoc,5467f6012d78d1c446145d5f582da6096f852ae8,training_candidate,Strawberry leaf,AMBIGUOUS,,train/Strawberry leaf/4719232-strawberry-with-green-leaves-and-flower-isolated-on-white-background.jpg,Strawberry leaf/01474_fd5e2fbef550c39a.jpg,fd5e2fbef550c39a8d88607824de193fb51eb8bfee1d185623b2e47f017ad33e,2cdcd8e0c8e4ec2e,JPEG,RGB,800,531,80918,original,AMBIGUOUS
PlantDoc,5467f6012d78d1c446145d5f582da6096f852ae8,training_candidate,Strawberry leaf,AMBIGUOUS,,train/Strawberry leaf/5787ab74428a5fdc70e3defda7f00f0a4623876d.jpeg.jpg,Strawberry leaf/01475_925ecd0108d578be.jpg,925ecd0108d578be6c667766fb395e6d82cfb537a3d085cc64a0e63be2eb0600,22086d65f5f5f3db,JPEG,RGB,2448,3264,1917642,original,AMBIGUOUS
PlantDoc,5467f6012d78d1c446145d5f582da6096f852ae8,training_candidate,Strawberry leaf,AMBIGUOUS,,train/Strawberry leaf/7.jpg,Strawberry leaf/01476_1946fdff0fe94a3f.jpg,1946fdff0fe94a3f7da1ffdd97a3a5e40c84cc38411193b2d08bfc7c629d83b4,acbe9ec6d6decccb,JPEG,RGB,1024,770,387438,original,AMBIGUOUS
PlantDoc,5467f6012d78d1c446145d5f582da6096f852ae8,training_candidate,Strawberry leaf,AMBIGUOUS,,train/Strawberry leaf/7065201-strawberry-leaf.jpg,Strawberry leaf/01477_97aa784590eaab9b.jpg,97aa784590eaab9b8a6eb4b3a6f03cb205cc29083a32f0a48a787b911e465d9b,1a90d1e0fc386024,JPEG,RGB,788,800,107106,original,AMBIGUOUS
PlantDoc,5467f6012d78d1c446145d5f582da6096f852ae8,training_candidate,Strawberry leaf,AMBIGUOUS,,train/Strawberry leaf/DSCN5936.JPG.jpg,Strawberry leaf/01478_fb329de8c55464be.jpg,fb329de8c55464be24cc63493bebbdc66f5ee5758f865f328ea8737d82801d95,162ec951d3035555,JPEG,RGB,1600,1200,270917,original,AMBIGUOUS
PlantDoc,5467f6012d78d1c446145d5f582da6096f852ae8,training_candidate,Strawberry leaf,AMBIGUOUS,,train/Strawberry leaf/F-vesca-leaf1.jpg,Strawberry leaf/01479_1a57103498ab99b6.jpg,1a57103498ab99b6d976f88e10bff4ad935d2f124870146263cc7a1972e46396,ccc81d1321333de1,JPEG,RGB,1506,1628,833693,original,AMBIGUOUS
PlantDoc,5467f6012d78d1c446145d5f582da6096f852ae8,training_candidate,Strawberry leaf,AMBIGUOUS,,train/Strawberry leaf/Fragaria-virginiana-6.jpg,Strawberry leaf/01480_49738f3491afbe9b.jpg,49738f3491afbe9b28541525f238ba54ac0b248a6842edab2427a5ed998793b1,8d4619332b061c87,JPEG,RGB,1200,800,690611,original,AMBIGUOUS
PlantDoc,5467f6012d78d1c446145d5f582da6096f852ae8,training_candidate,Strawberry leaf,AMBIGUOUS,,train/Strawberry leaf/IMG_1309.JPG.jpg,Strawberry leaf/01481_b61add8bcf7edf8e.jpg,b61add8bcf7edf8ed8e0da912ebc0b64087fb5c112bb93dd399032fc12107632,d85c1c4632363a9e,JPEG,RGB,1600,1200,137776,original,AMBIGUOUS
PlantDoc,5467f6012d78d1c446145d5f582da6096f852ae8,training_candidate,Strawberry leaf,AMBIGUOUS,,train/Strawberry leaf/IMG_2780.jpg,Strawberry leaf/01482_4ee5b5d44908dff3.jpg,4ee5b5d44908dff39fc6dad332e5fd4b8a11086b009ca874d2606eb52340a6d2,ac1ea84958de5a5a,JPEG,RGB,5184,3456,8226663,original,AMBIGUOUS
PlantDoc,5467f6012d78d1c446145d5f582da6096f852ae8,training_candidate,Strawberry leaf,AMBIGUOUS,,train/Strawberry leaf/IMG_4056.JPG.jpg,Strawberry leaf/01483_9a15174c603cc9ce.jpg,9a15174c603cc9ce2cef783dbb60cadcbdbf22f7e2c1a567a14c6265f6fc866c,96ad4cda8a93d2b3,JPEG,RGB,1600,1145,192152,original,AMBIGUOUS
PlantDoc,5467f6012d78d1c446145d5f582da6096f852ae8,training_candidate,Strawberry leaf,AMBIGUOUS,,train/Strawberry leaf/IMG_4695.jpg,Strawberry leaf/01484_bc00a6d50e7ac3b7.jpg,bc00a6d50e7ac3b79548ac7c101852bc82cfdced19bab0ff20f485e569b54d90,3175666b6527361b,JPEG,RGB,1600,1066,286545,original,AMBIGUOUS
PlantDoc,5467f6012d78d1c446145d5f582da6096f852ae8,training_candidate,Strawberry leaf,AMBIGUOUS,,train/Strawberry leaf/IMG_4696.jpg,Strawberry leaf/01485_2b58da61662b307d.jpg,2b58da61662b307d4ec69f33ad3a701185e33da1f58bf5138a2616ca4cbffce5,745633332b096a17,JPEG,RGB,1600,1066,248554,original,AMBIGUOUS
PlantDoc,5467f6012d78d1c446145d5f582da6096f852ae8,training_candidate,Strawberry leaf,AMBIGUOUS,,train/Strawberry leaf/IMG_5392.JPG.jpg,Strawberry leaf/01486_af7b6d05f732134a.jpg,af7b6d05f732134afba3a7189bab16ee3ee93c577f6335bfb56aaccfe3233db3,d2e30e35bf4b7830,JPEG,RGB,1200,979,574435,original,AMBIGUOUS
PlantDoc,5467f6012d78d1c446145d5f582da6096f852ae8,training_candidate,Strawberry leaf,AMBIGUOUS,,train/Strawberry leaf/IMG_7107.jpg,Strawberry leaf/01487_b70445cf6bf2bbe6.jpg,b70445cf6bf2bbe61a8159f9b9f06c12fcf0c72db7fae5c7d49539bcd8e76073,0d3393133969193b,JPEG,RGB,667,500,329039,original,AMBIGUOUS
PlantDoc,5467f6012d78d1c446145d5f582da6096f852ae8,training_candidate,Strawberry leaf,AMBIGUOUS,,train/Strawberry leaf/Leaves%2C_Wild_strawberry_-_Flickr_-_nekonomania.jpg,Strawberry leaf/01488_b72e27796197ca9e.jpg,b72e27796197ca9e998cf70e159e075c881f6be4c391450ddbcaebbbce7bc032,c89481e6b6eeec66,JPEG,RGB,4752,3168,10163604,original,AMBIGUOUS
PlantDoc,5467f6012d78d1c446145d5f582da6096f852ae8,training_candidate,Strawberry leaf,AMBIGUOUS,,train/Strawberry leaf/Leaves-of-Strawberries.jpg,Strawberry leaf/01489_e18413d18a38d65f.jpg,e18413d18a38d65f0b7697e1b4347b8dd7ccbf5a43860ab696f227e99557424d,4e14d9197252139f,JPEG,RGB,1500,1280,237877,original,AMBIGUOUS
PlantDoc,5467f6012d78d1c446145d5f582da6096f852ae8,training_candidate,Strawberry leaf,AMBIGUOUS,,train/Strawberry leaf/Strawberry+leaves.jpg,Strawberry leaf/01490_368f4a9c52a9eb89.jpg,368f4a9c52a9eb893070697ced7928fbd7f4a00c5880b6fd3c88026b0149af54,3274c42635717437,JPEG,RGB,1080,810,246030,original,AMBIGUOUS
PlantDoc,5467f6012d78d1c446145d5f582da6096f852ae8,training_candidate,Strawberry leaf,AMBIGUOUS,,train/Strawberry leaf/Strawberry-Leaves.jpg,Strawberry leaf/01491_df05f06c46d514c1.jpg,df05f06c46d514c15cae5b9934f2814be148f119aad59f4768324f5be96c3505,e9a9b0ecf8d0d81e,JPEG,RGB,695,565,117631,original,AMBIGUOUS
PlantDoc,5467f6012d78d1c446145d5f582da6096f852ae8,training_candidate,Strawberry leaf,AMBIGUOUS,,train/Strawberry leaf/berry-strawberry-leaf-flower-set-isolated-white-background-47595687.jpg,Strawberry leaf/01492_e3baf3e0bb5c23ce.jpg,e3baf3e0bb5c23ce548b0701bc8e4ef3860352014eed4cd6904177f8133065de,c6c48e90b486cc29,JPEG,RGB,1300,1154,184973,original,AMBIGUOUS
PlantDoc,5467f6012d78d1c446145d5f582da6096f852ae8,training_candidate,Strawberry leaf,AMBIGUOUS,,train/Strawberry leaf/bfeba4aaa5a042494590b027686e1d16.jpg,Strawberry leaf/01493_8a72dd84666f53c4.jpg,8a72dd84666f53c48202bdc083acde0ce5912d8eca3374f3f4f26e0e5533375f,5b5b495b5bdbdb5b,JPEG,RGB,600,430,46934,original,AMBIGUOUS
PlantDoc,5467f6012d78d1c446145d5f582da6096f852ae8,training_candidate,Strawberry leaf,AMBIGUOUS,,train/Strawberry leaf/creeping-cinquefoil-potentilla-reptans-4.jpg,Strawberry leaf/01494_210947d1cc829333.jpg,210947d1cc8293336c7981b49959ad9bf5efee42a42f0ec74ef66e9c209037f0,96199913676dcf9f,JPEG,RGB,800,600,104560,original,AMBIGUOUS
PlantDoc,5467f6012d78d1c446145d5f582da6096f852ae8,training_candidate,Strawberry leaf,AMBIGUOUS,,train/Strawberry leaf/depositphotos_1090254-Strawberry-leaves.jpg,Strawberry leaf/01495_4f9174d50072a812.jpg,4f9174d50072a812e56468d1568f9473d5abc1db370e8144525b5671ddce4bf8,d5d96c4cc24d4db5,JPEG,RGB,1023,682,160998,original,AMBIGUOUS
PlantDoc,5467f6012d78d1c446145d5f582da6096f852ae8,training_candidate,Strawberry leaf,AMBIGUOUS,,train/Strawberry leaf/depositphotos_164701744-stock-photo-closeup-of-strawberry-leaves.jpg,Strawberry leaf/01496_3c3ffb955949dc8d.jpg,3c3ffb955949dc8d041473304126f5597ee8620c9d6283ca1012f55873a45733,44e2d1e4f0e464d9,JPEG,RGB,1600,1700,247638,original,AMBIGUOUS
PlantDoc,5467f6012d78d1c446145d5f582da6096f852ae8,training_candidate,Strawberry leaf,AMBIGUOUS,,train/Strawberry leaf/depositphotos_3121648-Strawberry-leaf.jpg,Strawberry leaf/01497_cf85036f6d5703b3.jpg,cf85036f6d5703b33a9a8bff1b884d380e0d0c87dafe8c82b523dfa4f62ecb8a,d939d9d188c82ca0,JPEG,RGB,1024,909,132583,original,AMBIGUOUS
PlantDoc,5467f6012d78d1c446145d5f582da6096f852ae8,training_candidate,Strawberry leaf,AMBIGUOUS,,train/Strawberry leaf/depositphotos_40207459-stock-photo-strawberry-leaves-collection-isolated-on.jpg,Strawberry leaf/01498_692cf2562cb7c36d.jpg,692cf2562cb7c36d7e2e9c70412b657adbb8b6a38dc58fdb1aa0e8cacff9aaa8,ac9c8caccecee820,JPEG,RGB,1023,526,80656,original,AMBIGUOUS
PlantDoc,5467f6012d78d1c446145d5f582da6096f852ae8,training_candidate,Strawberry leaf,AMBIGUOUS,,train/Strawberry leaf/depositphotos_6570354-Strawberry-leaf.jpg,Strawberry leaf/01499_1b398953cb4b392b.jpg,1b398953cb4b392bbaa7128b51edf96fd2af0e0e9e9d71d4c1dae3230e0f7f02,65f2d0e4ccb2cccc,JPEG,RGB,1024,868,183890,original,AMBIGUOUS
PlantDoc,5467f6012d78d1c446145d5f582da6096f852ae8,training_candidate,Strawberry leaf,AMBIGUOUS,,train/Strawberry leaf/depositphotos_6570375-stock-photo-strawberry-leaf.jpg,Strawberry leaf/01500_6755c05f55645f97.jpg,6755c05f55645f97cd2aba114be68c9532900751e6c45d3a641968244cd030e9,19f8b4d9c8dcdc58,JPEG,RGB,1023,861,106184,original,AMBIGUOUS
PlantDoc,5467f6012d78d1c446145d5f582da6096f852ae8,training_candidate,Strawberry leaf,AMBIGUOUS,,train/Strawberry leaf/depositphotos_6570387-stock-photo-strawberry-leaf.jpg,Strawberry leaf/01501_3bd247a2541d45b9.jpg,3bd247a2541d45b9a307ed1f178a12a919930b4257d843410257d7a0d3e0ad9c,b27272f0c8a8e869,JPEG,RGB,1024,795,111903,original,AMBIGUOUS
PlantDoc,5467f6012d78d1c446145d5f582da6096f852ae8,training_candidate,Strawberry leaf,AMBIGUOUS,,train/Strawberry leaf/depositphotos_6598542-Single-green-strawberry-leaf-isolated-on-white.jpg,Strawberry leaf/01502_b3a19b54cbc24768.jpg,b3a19b54cbc2476803a15f4840def2ea429160f8fa2bcb20a2ccfa255cd9e2a4,cac0c5e2d9888c84,JPEG,RGB,1023,776,113265,original,AMBIGUOUS
PlantDoc,5467f6012d78d1c446145d5f582da6096f852ae8,training_candidate,Strawberry leaf,AMBIGUOUS,,train/Strawberry leaf/depositphotos_8078382-stock-photo-strawberry-leaf.jpg,Strawberry leaf/01503_d374d196d8fc1802.jpg,d374d196d8fc18021a1e4862ea871c0d83209d8d513ad7b5c7603eb782506323,50b179f0e4f85809,JPEG,RGB,1024,1024,150067,original,AMBIGUOUS
PlantDoc,5467f6012d78d1c446145d5f582da6096f852ae8,training_candidate,Strawberry leaf,AMBIGUOUS,,train/Strawberry leaf/depositphotos_9274005-stock-photo-strawberry-leaf.jpg,Strawberry leaf/01504_dde9152872f63f5c.jpg,dde9152872f63f5c8ac2f5b062989d214065bb7393ad283bba16b1876bfab276,e4d1d87c3076f6b0,JPEG,RGB,1024,699,122883,original,AMBIGUOUS
PlantDoc,5467f6012d78d1c446145d5f582da6096f852ae8,training_candidate,Strawberry leaf,AMBIGUOUS,,train/Strawberry leaf/dew-on-a-leaf-stock-image-1226834.jpg,Strawberry leaf/01505_98ea4817ff6f048c.jpg,98ea4817ff6f048c1f983e6f2e8229500ef95822663cc95d09c834c421aa09b9,337313198f1e131b,JPEG,RGB,870,1392,241674,original,AMBIGUOUS
PlantDoc,5467f6012d78d1c446145d5f582da6096f852ae8,training_candidate,Strawberry leaf,AMBIGUOUS,,train/Strawberry leaf/fragaria-vesca-americana-le-ahaines-c.jpg,Strawberry leaf/01506_c0650b7f65a7ded3.jpg,c0650b7f65a7ded333370fa17bfb5f1806bc6c54441c1f4c7f6a84a12d14e060,a48ccc8f3b178cd9,JPEG,RGB,1000,863,165048,original,AMBIGUOUS
PlantDoc,5467f6012d78d1c446145d5f582da6096f852ae8,training_candidate,Strawberry leaf,AMBIGUOUS,,train/Strawberry leaf/fresh-green-strawberry-leaf-isolated-on-white-background-with-clipping-KH37KY.jpg,Strawberry leaf/01507_1190452f8b7b7255.jpg,1190452f8b7b72555af947488fc669e6b61d28fdaa4bc3d6af38da74c60e2993,18b9e9c0d07018b1,JPEG,RGB,1300,1258,275181,original,AMBIGUOUS
PlantDoc,5467f6012d78d1c446145d5f582da6096f852ae8,training_candidate,Strawberry leaf,AMBIGUOUS,,train/Strawberry leaf/giant-leaves.jpg,Strawberry leaf/01508_055c990e062ea9c1.jpg,055c990e062ea9c1747a7968f3c997dee072e5508ff4a5bb9b5e9e6c6a38e3bd,83fe753519537232,JPEG,RGB,2736,2736,2118700,original,AMBIGUOUS
PlantDoc,5467f6012d78d1c446145d5f582da6096f852ae8,training_candidate,Strawberry leaf,AMBIGUOUS,,train/Strawberry leaf/green-strawberry-leaf-isolated-on-white-picture-id623362994?k=6&m=623362994&s=612x612&w=0&h=l350NQvVUUsLkRD1jOeEDnUledIWPjFXi86jd_Uv0OE=.jpg,Strawberry leaf/01509_21948033a27276b9.jpg,21948033a27276b999c6adb001b357c821c7f6c6c7bf1714ea98af1227f6be0f,58f8e6f0c89c3c5c,JPEG,RGB,612,522,83987,original,AMBIGUOUS
PlantDoc,5467f6012d78d1c446145d5f582da6096f852ae8,training_candidate,Strawberry leaf,AMBIGUOUS,,train/Strawberry leaf/green-strawberry-leaf-isolated-on-white-picture-id654400974?k=6&m=654400974&s=612x612&w=0&h=x97U-8miyZxfXvAUVMbPGGj6_Lt-p35dVXiu1zuBt-Q=.jpg,Strawberry leaf/01510_24f851852f3a88bf.jpg,24f851852f3a88bf3c26eadea6c3151d8fd2f4ef779c451c9d92c68f5998756c,e0d978e098b4d91a,JPEG,RGB,612,612,64494,original,AMBIGUOUS
PlantDoc,5467f6012d78d1c446145d5f582da6096f852ae8,training_candidate,Strawberry leaf,AMBIGUOUS,,train/Strawberry leaf/green-strawberry-leaf-isolated-on-white-picture-id692328988?k=6&m=692328988&s=612x612&w=0&h=604VCrDe3mbN0c6LZZSBBvm4iMdWh1wcb3KHDX6CVRE=.jpg,Strawberry leaf/01511_c4a37d836e4da164.jpg,c4a37d836e4da1646264dc40987ed90a0f71db717243f8cef54a01466bf54a21,6060f070d4d8f8e8,JPEG,RGB,612,477,53861,original,AMBIGUOUS
PlantDoc,5467f6012d78d1c446145d5f582da6096f852ae8,training_candidate,Strawberry leaf,AMBIGUOUS,,train/Strawberry leaf/green-strawberry-leaf-isolated-white-single-background-78801845.jpg,Strawberry leaf/01512_776200b628c9ef69.jpg,776200b628c9ef698d3126c0331f5e5b9b6e76e150c705450e2141f7735925f0,c0c9d866dcd4cc0c,JPEG,RGB,1300,1206,303496,original,AMBIGUOUS
PlantDoc,5467f6012d78d1c446145d5f582da6096f852ae8,training_candidate,Strawberry leaf,AMBIGUOUS,,train/Strawberry leaf/green-strawberry-leaf-isolated-white-single-background-78801856.jpg,Strawberry leaf/01513_3ed648b2303f8d3f.jpg,3ed648b2303f8d3ff4b6a2792c159ca77b5db059ea55303f480c8ba35b7cb45f,b0b932d68cec6d13,JPEG,RGB,1300,1102,235566,original,AMBIGUOUS
PlantDoc,5467f6012d78d1c446145d5f582da6096f852ae8,training_candidate,Strawberry leaf,AMBIGUOUS,,train/Strawberry leaf/guttation-on-the-leaves-of-a-strawberry-plant-leaf-guttation-BN3DM8.jpg,Strawberry leaf/01514_b4b1f25a698c484d.jpg,b4b1f25a698c484d319bb15ec47b3b8dbe2d60457684f95eec0a5e5f55266e2c,1b362d1d3a3696b4,JPEG,RGB,1300,954,254747,original,AMBIGUOUS
PlantDoc,5467f6012d78d1c446145d5f582da6096f852ae8,training_candidate,Strawberry leaf,AMBIGUOUS,,train/Strawberry leaf/img_0034.jpg,Strawberry leaf/01515_ef17fabf2e89110d.jpg,ef17fabf2e89110dd109d7cd1be4ec6a3b365e84922a979886e5c78d38fb4d5a,3b53d8ac66d6db2c,JPEG,RGB,3888,2592,4331743,original,AMBIGUOUS
PlantDoc,5467f6012d78d1c446145d5f582da6096f852ae8,training_candidate,Strawberry leaf,AMBIGUOUS,,train/Strawberry leaf/img_0164.jpg,Strawberry leaf/01516_47344a435401dddc.jpg,47344a435401dddc89abe383aaba9cddcc2db2c8f9e1b2923ae064872fcb69a3,662723e59391a3a9,JPEG,RGB,1891,1413,1860807,original,AMBIGUOUS
PlantDoc,5467f6012d78d1c446145d5f582da6096f852ae8,training_candidate,Strawberry leaf,AMBIGUOUS,,train/Strawberry leaf/img_20110302_170719.jpg,Strawberry leaf/01517_67413cf4e9837f16.jpg,67413cf4e9837f16766705f8a71227646a8e413592407837666cca31f9377a42,6d975a2cdb278a8a,JPEG,RGB,1936,2592,1171793,original,AMBIGUOUS
PlantDoc,5467f6012d78d1c446145d5f582da6096f852ae8,training_candidate,Strawberry leaf,AMBIGUOUS,,train/Strawberry leaf/indian-strawberry-leaf.jpg,Strawberry leaf/01518_0d2b79023461883d.jpg,0d2b79023461883db89665b43646f6b9a61ea12026a6fe40b0607730acd8d94e,95931884860f7353,JPEG,RGB,3370,2592,829571,original,AMBIGUOUS
PlantDoc,5467f6012d78d1c446145d5f582da6096f852ae8,training_candidate,Strawberry leaf,AMBIGUOUS,,train/Strawberry leaf/leaf-wild-strawberry-plant-25253212.jpg,Strawberry leaf/01519_fb83673f3ab4d24a.jpg,fb83673f3ab4d24a3d43d9aec6afed8963df08bab57e94876f99daf8767c8533,0060d1f4f462201e,JPEG,RGB,1300,957,83939,original,AMBIGUOUS
PlantDoc,5467f6012d78d1c446145d5f582da6096f852ae8,training_candidate,Strawberry leaf,AMBIGUOUS,,train/Strawberry leaf/leaves_comparison.jpg,Strawberry leaf/01520_45163be376b3e303.jpg,45163be376b3e3038997c0580ddd6b815e155a96a145a75481513096a533d988,5c1c78dcd494b3f1,JPEG,RGB,3072,2048,2298042,original,AMBIGUOUS
PlantDoc,5467f6012d78d1c446145d5f582da6096f852ae8,training_candidate,Strawberry leaf,AMBIGUOUS,,train/Strawberry leaf/single-green-strawberry-leaf-isolated-white-12750533.jpg,Strawberry leaf/01521_3d58214be3c248d5.jpg,3d58214be3c248d5674e89be46741d288bb32e8f44c4d75cd90b8fe6f5c88c2f,18f8d8d8f898cc32,JPEG,RGB,1300,1010,184228,original,AMBIGUOUS
PlantDoc,5467f6012d78d1c446145d5f582da6096f852ae8,training_candidate,Strawberry leaf,AMBIGUOUS,,train/Strawberry leaf/stock-photo-fresh-green-strawberry-leaf-isolated-on-white-background-strawberry-leaf-with-clipping-path-630981155.jpg,Strawberry leaf/01522_c33ec67f54d8ce15.jpg,c33ec67f54d8ce151c1e47903d635ce35af8dd734e2c6ee0bcb50e544667f8fe,b2b038f2cea8ec69,JPEG,RGB,450,394,53470,original,AMBIGUOUS
PlantDoc,5467f6012d78d1c446145d5f582da6096f852ae8,training_candidate,Strawberry leaf,AMBIGUOUS,,train/Strawberry leaf/stock-photo-green-strawberry-leaf-isolated-on-white-background-clipping-path-458155747.jpg,Strawberry leaf/01523_9067b26dbb677dbc.jpg,9067b26dbb677dbc6b352d1669a407cb72db084122dd5a9f439a7a91053f14b2,dace8cd9c4ccca20,JPEG,RGB,450,419,57394,original,AMBIGUOUS
PlantDoc,5467f6012d78d1c446145d5f582da6096f852ae8,training_candidate,Strawberry leaf,AMBIGUOUS,,train/Strawberry leaf/stock-photo-leaf-strawberry-leaf-on-the-white-background-153348767.jpg,Strawberry leaf/01524_b46fc81d5dbde912.jpg,b46fc81d5dbde91218ff064673fff0b28933b41023ae33ab1c8c601cca1755e7,62c1c8d4d4ec7071,JPEG,RGB,450,335,39454,original,AMBIGUOUS
PlantDoc,5467f6012d78d1c446145d5f582da6096f852ae8,training_candidate,Strawberry leaf,AMBIGUOUS,,train/Strawberry leaf/stock-photo-strawberry-leaf-isolated-on-the-white-background-255533380.jpg,Strawberry leaf/01525_264de859eeb86248.jpg,264de859eeb8624852f8dd72f8f1d1722318c919b06c51d1af4f4e8389174d39,a0a07160f4f6ec69,JPEG,RGB,450,360,35551,original,AMBIGUOUS
PlantDoc,5467f6012d78d1c446145d5f582da6096f852ae8,training_candidate,Strawberry leaf,AMBIGUOUS,,train/Strawberry leaf/stock-photo-strawberry-leaf-isolated-on-white-background-572055775.jpg,Strawberry leaf/01526_d4c487adb3ff2c10.jpg,d4c487adb3ff2c101e58eba753f2922a391a6f6284fba744abaebbfc37e9ffcc,10b039f0d4e4e028,JPEG,RGB,450,415,31908,original,AMBIGUOUS
PlantDoc,5467f6012d78d1c446145d5f582da6096f852ae8,training_candidate,Strawberry leaf,AMBIGUOUS,,train/Strawberry leaf/stock-photo-strawberry-leaf-isolated-on-white-background-with-clipping-path-568145485.jpg,Strawberry leaf/01527_4fa4621906391692.jpg,4fa4621906391692cd7c561ece1dc5d667f534b300cab118e76dfc0e8c90de58,189cb4b4e072b878,JPEG,RGB,450,380,53893,original,AMBIGUOUS
PlantDoc,5467f6012d78d1c446145d5f582da6096f852ae8,training_candidate,Strawberry leaf,AMBIGUOUS,,train/Strawberry leaf/stock-photo-strawberry-leaves-collection-isolated-on-white-159165548.jpg,Strawberry leaf/01528_c835eb7dae3aa48c.jpg,c835eb7dae3aa48c0e2b59cddf2c736f60b81594b33146e7b6f1e18dfd0abebb,4ce8f8d8decce659,JPEG,RGB,450,414,49910,original,AMBIGUOUS
PlantDoc,5467f6012d78d1c446145d5f582da6096f852ae8,training_candidate,Strawberry leaf,AMBIGUOUS,,train/Strawberry leaf/stock-photo-strawberry-leaves-collection-isolated-on-white-163409792.jpg,Strawberry leaf/01529_876aef54a3253a49.jpg,876aef54a3253a49d13895ab6849c80789ebf9979a9d9174f4bdc3a0b1b8b2b1,c88ed671c4ecccdc,JPEG,RGB,450,470,63539,original,AMBIGUOUS
PlantDoc,5467f6012d78d1c446145d5f582da6096f852ae8,training_candidate,Strawberry leaf,AMBIGUOUS,,train/Strawberry leaf/stock-photo-strawberry-leaves-isolated-on-white-background-collection-227987416.jpg,Strawberry leaf/01530_ae74eda8798b1950.jpg,ae74eda8798b195095f52e08f3371b14500928a196683624a33a16ce474faae3,a8a8c88c8ccc0c64,JPEG,RGB,450,369,48216,original,AMBIGUOUS
PlantDoc,5467f6012d78d1c446145d5f582da6096f852ae8,training_candidate,Strawberry leaf,AMBIGUOUS,,train/Strawberry leaf/strawberry+leaf+3ds+max+texture.jpg,Strawberry leaf/01531_d2059eac5786d3df.jpg,d2059eac5786d3df922ead3ced38f5b101ee0828afa24820cdcfff8bd134b624,eca0e8f06869f1b2,JPEG,RGB,480,389,132335,original,AMBIGUOUS
PlantDoc,5467f6012d78d1c446145d5f582da6096f852ae8,training_candidate,Strawberry leaf,AMBIGUOUS,,train/Strawberry leaf/strawberry+leaf+eila+collage+obsession.jpg,Strawberry leaf/01532_0b24e6542904baad.jpg,0b24e6542904baad3dfaea090326c35929ceda0b15de1036bc9862ae052e2c7f,c6c6c4f0f0c2c90d,JPEG,RGB,844,956,567985,original,AMBIGUOUS
PlantDoc,5467f6012d78d1c446145d5f582da6096f852ae8,training_candidate,Strawberry leaf,AMBIGUOUS,,train/Strawberry leaf/strawberry-005.jpg,Strawberry leaf/01533_36b6a2b942ad1ffe.jpg,36b6a2b942ad1ffe795452fd17db10dcc038a854b5e2492a1779ba3facb9954c,ca53222070606858,JPEG,RGB,1024,768,223942,original,AMBIGUOUS
PlantDoc,5467f6012d78d1c446145d5f582da6096f852ae8,training_candidate,Strawberry leaf,AMBIGUOUS,,train/Strawberry leaf/strawberry-leaf-24988739.jpg,Strawberry leaf/01534_b81cc4e60627f440.jpg,b81cc4e60627f4404caf64c73e62118a8d6406508adbff1e9ff92912bdb93725,d939f9e8ecdc381a,JPEG,RGB,1300,1284,207909,original,AMBIGUOUS
PlantDoc,5467f6012d78d1c446145d5f582da6096f852ae8,training_candidate,Strawberry leaf,AMBIGUOUS,,train/Strawberry leaf/strawberry-leaf-isolated-on-white-background-picture-id487562700?k=6&m=487562700&s=612x612&w=0&h=uJYH7WuQOtfgoSp4EKzGuRPXoejL470Pkh_zMoIJYEs=.jpg,Strawberry leaf/01535_cab80ab80d9de7a8.jpg,cab80ab80d9de7a802faa266bc3d36abb261b888a01ee88858783ca3c2acc5d2,c9c89898cacec8c8,JPEG,RGB,612,481,47689,original,AMBIGUOUS
PlantDoc,5467f6012d78d1c446145d5f582da6096f852ae8,training_candidate,Strawberry leaf,AMBIGUOUS,,train/Strawberry leaf/strawberry-leaf-stock-image-3662904.jpg,Strawberry leaf/01536_f5dfc7628a2e687d.jpg,f5dfc7628a2e687d697424b3fcdda10667b8973093fdd41c8fd7cc4ecb41f6bc,8c4ce8e4f8781869,JPEG,RGB,1267,1392,309060,original,AMBIGUOUS
PlantDoc,5467f6012d78d1c446145d5f582da6096f852ae8,training_candidate,Strawberry leaf,AMBIGUOUS,,train/Strawberry leaf/strawberry-leaf-stock-image-3663564.jpg,Strawberry leaf/01537_5a9dfc5f343f09cd.jpg,5a9dfc5f343f09cdbbdaecaa3d8d16f19dc4766435acbe5487bbbe634625cbb7,cc1ce8c8d88d0c73,JPEG,RGB,1300,1011,136430,original,AMBIGUOUS
PlantDoc,5467f6012d78d1c446145d5f582da6096f852ae8,training_candidate,Strawberry leaf,AMBIGUOUS,,train/Strawberry leaf/strawberry-leaf-stock-picture-3646237.jpg,Strawberry leaf/01538_f039d1da9afe0cc5.jpg,f039d1da9afe0cc5d99e540b4b45f5fe510d77337f571e3cb4a147072d556155,8d19b97168ccc231,JPEG,RGB,1300,1313,227701,original,AMBIGUOUS
PlantDoc,5467f6012d78d1c446145d5f582da6096f852ae8,training_candidate,Strawberry leaf,AMBIGUOUS,,train/Strawberry leaf/strawberry-leaves-14363881.jpg,Strawberry leaf/01539_1b01d5a8a521c8c1.jpg,1b01d5a8a521c8c1141ac8367faf03342987e25c5ddac61f41da291c0385786f,3058b8746d48d20a,JPEG,RGB,1300,960,91546,original,AMBIGUOUS
PlantDoc,5467f6012d78d1c446145d5f582da6096f852ae8,training_candidate,Strawberry leaf,AMBIGUOUS,,train/Strawberry leaf/strawberry-leaves-14363903.jpg,Strawberry leaf/01540_5cd48511c86fb878.jpg,5cd48511c86fb878296efaf0bbabc85c5144c11c3dde1171abcebfafe032b7eb,60c0c2b0b1b91c02,JPEG,RGB,1300,1115,168666,original,AMBIGUOUS
PlantDoc,5467f6012d78d1c446145d5f582da6096f852ae8,training_candidate,Strawberry leaf,AMBIGUOUS,,train/Strawberry leaf/strawberry-leaves-15674632.jpg,Strawberry leaf/01541_c23d1b1f5840be0e.jpg,c23d1b1f5840be0e904902d7ffa08e4f08814eed0676c86c702f57e1100560da,b4b0b070c0f23016,JPEG,RGB,1300,1390,149989,original,AMBIGUOUS
PlantDoc,5467f6012d78d1c446145d5f582da6096f852ae8,training_candidate,Strawberry leaf,AMBIGUOUS,,train/Strawberry leaf/strawberry-leaves-beautiful-shot-white-background-53944290.jpg,Strawberry leaf/01542_32b28592be67d1cd.jpg,32b28592be67d1cdda5fcdc250b52c1788c8682c4078551a344af4ba2feb3d12,80c2803191393806,JPEG,RGB,1300,957,189339,original,AMBIGUOUS
PlantDoc,5467f6012d78d1c446145d5f582da6096f852ae8,training_candidate,Strawberry leaf,AMBIGUOUS,,train/Strawberry leaf/strawberry-leaves-close-up.jpg,Strawberry leaf/01543_a6ffecba2800a20f.jpg,a6ffecba2800a20fe767858274ba84155a67e81247ba4dd9383985f5820e4f86,f3d6d6d395e2d810,JPEG,RGB,5184,3456,1592187,original,AMBIGUOUS
PlantDoc,5467f6012d78d1c446145d5f582da6096f852ae8,training_candidate,Strawberry leaf,AMBIGUOUS,,train/Strawberry leaf/strawberry-leaves-stock-picture-1860898.jpg,Strawberry leaf/01544_c917d265b23713b0.jpg,c917d265b23713b014ec94f84a42b97d00ffcb2ecc2cc44e67464fdec7455965,c6b49cc99d4f9b39,JPEG,RGB,1300,958,251099,original,AMBIGUOUS
PlantDoc,5467f6012d78d1c446145d5f582da6096f852ae8,training_candidate,Strawberry leaf,AMBIGUOUS,,train/Strawberry leaf/strawberry-plant-leaves-strawberry-red-spots-on-strawberry-plant-leaves.jpg,Strawberry leaf/01545_5cb64d2ec32444fd.jpg,5cb64d2ec32444fd34d192a89896e3667f7ed40d75ebc0f05e91b39d0a85728c,141c4d06860e0ef3,JPEG,RGB,1024,682,110273,original,AMBIGUOUS
PlantDoc,5467f6012d78d1c446145d5f582da6096f852ae8,training_candidate,Strawberry leaf,AMBIGUOUS,,train/Strawberry leaf/strawberry-plant-leaves-the-distorted-wrinkled-leaves-are-showing-signs-of-cold-damage-the-older-and-younger-leaves-around-them-are-normal-looking-strawberry-plant-leaves-turn-red.jpg,Strawberry leaf/01546_d1036e50ff212db6.jpg,d1036e50ff212db60301a04e7ad01b881c8268224f85c7ace15b308fd518fab2,39276268494d5d71,JPEG,RGB,802,697,119125,original,AMBIGUOUS
PlantDoc,5467f6012d78d1c446145d5f582da6096f852ae8,training_candidate,Strawberry leaf,AMBIGUOUS,,train/Strawberry leaf/strawberry-plant.jpg,Strawberry leaf/01547_de5c9ce7cb827025.jpg,de5c9ce7cb827025e9defceed717de17e597791ab649d07e0f2526c60665aa5b,d98d75c9d5931393,JPEG,RGB,2130,1597,1117997,original,AMBIGUOUS
PlantDoc,5467f6012d78d1c446145d5f582da6096f852ae8,training_candidate,Strawberry leaf,AMBIGUOUS,,train/Strawberry leaf/strawberry_plant_l1.jpg,Strawberry leaf/01548_8fbd1266a9aed05b.jpg,8fbd1266a9aed05b25865e44b2cb2369f2b5095ea3e441ca75f4d4d7e50658e5,0f69693313b30909,JPEG,RGB,600,480,119357,original,AMBIGUOUS
PlantDoc,5467f6012d78d1c446145d5f582da6096f852ae8,training_candidate,Strawberry leaf,AMBIGUOUS,,train/Strawberry leaf/strawberryleaves-notpi.jpg,Strawberry leaf/01549_417cc8e7ea927f73.jpg,417cc8e7ea927f7312066944c5733e232f532b47e265c75cf0301a928ac681f0,f172e26c0ebbf0f8,JPEG,RGB,3056,2292,1091672,original,AMBIGUOUS
PlantDoc,5467f6012d78d1c446145d5f582da6096f852ae8,training_candidate,Strawberry leaf,AMBIGUOUS,,train/Strawberry leaf/wild-strawberry-fragaria-vesca-leaves-with-a-single-flower-KD619N.jpg,Strawberry leaf/01550_8caa10cfa03d9fff.jpg,8caa10cfa03d9fffbe9b4f5776ec8cf00119eb8e83714506c7a6f6b6ea397e9f,79521349240a26b6,JPEG,RGB,1286,1390,430615,original,AMBIGUOUS
PlantDoc,5467f6012d78d1c446145d5f582da6096f852ae8,training_candidate,Strawberry leaf,AMBIGUOUS,,train/Strawberry leaf/wood-strawberry-leaves-700w.jpg,Strawberry leaf/01551_ed8ee928e6bb3475.jpg,ed8ee928e6bb34759fd3a2e760c9328341c0a4d4a96aba95f01efa3c80eba5a7,923333723626862c,JPEG,RGB,700,473,101718,original,AMBIGUOUS
PlantDoc,5467f6012d78d1c446145d5f582da6096f852ae8,training_candidate,Strawberry leaf,AMBIGUOUS,,train/Strawberry leaf/yellow-strawberry-leaves.jpg.1080x0_q100_crop-scale.jpg,Strawberry leaf/01552_aeab3bb212da5e99.jpg,aeab3bb212da5e993c5fcf9b1f3e2bddafed8f0828a9bc8f229d88e7cebcac49,6939dddae62e4f5d,JPEG,RGB,1080,810,792085,original,AMBIGUOUS
PlantDoc,5467f6012d78d1c446145d5f582da6096f852ae8,training_candidate,Tomato Early blight leaf,MATCHED,Tomato Early blight,train/Tomato Early blight leaf/100_46341.jpg,Tomato Early blight leaf/01553_a873676f4c845584.jpg,a873676f4c845584dce10f5fb173c5ebbf2c6eee203b323c23c4768b63c83919,8483ce4c8dc4a32e,JPEG,RGB,2160,1440,942649,original,APPROVED_CANDIDATE
PlantDoc,5467f6012d78d1c446145d5f582da6096f852ae8,training_candidate,Tomato Early blight leaf,MATCHED,Tomato Early blight,train/Tomato Early blight leaf/1058_0.jpeg?itok=OQkdtxgv.jpg,Tomato Early blight leaf/01554_76768246f4d25f6a.jpg,76768246f4d25f6a8acb5ca05f3c5e2f0bfe4804f8ec61ab7d5948d2e4419ab9,65c315312c464fcb,JPEG,RGB,800,600,86783,original,APPROVED_CANDIDATE
PlantDoc,5467f6012d78d1c446145d5f582da6096f852ae8,training_candidate,Tomato Early blight leaf,MATCHED,Tomato Early blight,train/Tomato Early blight leaf/126689-004-D622CD2F.jpg,Tomato Early blight leaf/01555_451d83c709fcbab2.jpg,451d83c709fcbab2f641e27b6cd6315d9bb869cf94210cfcd4e085f5ec399c88,d49e9e0d1b3e9cdc,JPEG,RGB,550,384,47728,original,NEEDS_MANUAL_REVIEW
PlantDoc,5467f6012d78d1c446145d5f582da6096f852ae8,training_candidate,Tomato Early blight leaf,MATCHED,Tomato Early blight,train/Tomato Early blight leaf/12July_mwnews_3-C.jpg,Tomato Early blight leaf/01556_9d371a6c63fb2916.jpg,9d371a6c63fb291698ee47aa1c65fb0d2abb751b44df44db1c7570bc3f7a1f05,95153a9b8da73933,JPEG,RGB,330,219,29902,original,APPROVED_CANDIDATE
PlantDoc,5467f6012d78d1c446145d5f582da6096f852ae8,training_candidate,Tomato Early blight leaf,MATCHED,Tomato Early blight,train/Tomato Early blight leaf/1576389-early%20blight%20symptoms.jpg,Tomato Early blight leaf/01557_3ac5eeec11f5f30e.jpg,3ac5eeec11f5f30eac6be32cad0a832ac56f2b47ed07fc2735e54bd3b872fd33,e4616c3e7e9f9f9e,JPEG,RGB,382,261,17016,original,APPROVED_CANDIDATE
PlantDoc,5467f6012d78d1c446145d5f582da6096f852ae8,training_candidate,Tomato Early blight leaf,MATCHED,Tomato Early blight,train/Tomato Early blight leaf/20020531-early%20blight%20%20starts%20on%20lower%20leaves.jpg,Tomato Early blight leaf/01558_93ab9e69d6fc9f1e.jpg,93ab9e69d6fc9f1e56196623dcc56f9d7a96fa33837ad69b72e7d6064c859b53,1b0713938a8e0f13,JPEG,RGB,498,312,37327,original,APPROVED_CANDIDATE
PlantDoc,5467f6012d78d1c446145d5f582da6096f852ae8,training_candidate,Tomato Early blight leaf,MATCHED,Tomato Early blight,train/Tomato Early blight leaf/20080526-_DSC4211.jpg,Tomato Early blight leaf/01559_3152eb37a0a7f6e9.jpg,3152eb37a0a7f6e9b89d75f8bcef5d1dfe8306631fa4080a00fb0a0cd3ad05da,9ca9a9b27616d925,JPEG,RGB,465,700,110859,original,APPROVED_CANDIDATE
PlantDoc,5467f6012d78d1c446145d5f582da6096f852ae8,training_candidate,Tomato Early blight leaf,MATCHED,Tomato Early blight,train/Tomato Early blight leaf/2373320.jpg,Tomato Early blight leaf/01560_b54f3a6a6ce36dfc.jpg,b54f3a6a6ce36dfc6fb2d8530c7c7a754bb61226482733cd04248e3753db6762,12d33387198daded,JPEG,RGB,450,325,37835,original,APPROVED_CANDIDATE
PlantDoc,5467f6012d78d1c446145d5f582da6096f852ae8,training_candidate,Tomato Early blight leaf,MATCHED,Tomato Early blight,train/Tomato Early blight leaf/30053_original.jpg,Tomato Early blight leaf/01561_a168b286abf0da7a.jpg,a168b286abf0da7a41ee9a997bc1ae4f03e07b4dec1f2d15b720488641629064,9659e42001c14e23,JPEG,RGB,500,334,212211,original,APPROVED_CANDIDATE
PlantDoc,5467f6012d78d1c446145d5f582da6096f852ae8,training_candidate,Tomato Early blight leaf,MATCHED,Tomato Early blight,train/Tomato Early blight leaf/3606630.jpg,Tomato Early blight leaf/01562_01cd050387f24fcb.jpg,01cd050387f24fcbedb590c2b2ec5b2e959a9677b0b90036adc87e95d7b9fbd1,93634f371e8e8ddb,JPEG,RGB,325,216,23254,original,NEEDS_MANUAL_REVIEW
PlantDoc,5467f6012d78d1c446145d5f582da6096f852ae8,training_candidate,Tomato Early blight leaf,MATCHED,Tomato Early blight,train/Tomato Early blight leaf/5086-early.jpg,Tomato Early blight leaf/01563_e53dafded1660765.jpg,e53dafded16607655d8de9a1f8e9938209784e5893a9b2bd8a28572525d5aea5,6763050397cdcdc5,JPEG,RGB,250,301,26454,original,APPROVED_CANDIDATE
PlantDoc,5467f6012d78d1c446145d5f582da6096f852ae8,training_candidate,Tomato Early blight leaf,MATCHED,Tomato Early blight,train/Tomato Early blight leaf/8%20mistakes%204.jpg,Tomato Early blight leaf/01564_45dab4e9080842d3.jpg,45dab4e9080842d38f03634bd6fc2c5eb0cb43a1fe59d3e2823ecebd38f13a98,28b1b2223b9bbf3f,JPEG,RGB,500,333,132296,original,APPROVED_CANDIDATE
PlantDoc,5467f6012d78d1c446145d5f582da6096f852ae8,training_candidate,Tomato Early blight leaf,MATCHED,Tomato Early blight,train/Tomato Early blight leaf/8950022d45978228d5e44a35183efdb9--tomatoes-dyi.jpg,Tomato Early blight leaf/01565_edd0af091234d6a6.jpg,edd0af091234d6a6c73df4c15edf5c2ac71b756e4594557707addc5e20736640,1e5768babcf0ec05,JPEG,RGB,236,314,17134,original,APPROVED_CANDIDATE
PlantDoc,5467f6012d78d1c446145d5f582da6096f852ae8,training_candidate,Tomato Early blight leaf,MATCHED,Tomato Early blight,train/Tomato Early blight leaf/BCH%20medium%20thumbnail%20for%20upload%20%2836%29.jpg,Tomato Early blight leaf/01566_be84048ef0f394ed.jpg,be84048ef0f394ed981c12d457700d1c24edc3b210fa3d0c8ebd1deb73f7fb3b,961b93cbd1cdc88a,JPEG,RGB,375,300,60142,original,APPROVED_CANDIDATE
PlantDoc,5467f6012d78d1c446145d5f582da6096f852ae8,training_candidate,Tomato Early blight leaf,MATCHED,Tomato Early blight,train/Tomato Early blight leaf/Diseased-Tomato-Plant.jpg,Tomato Early blight leaf/01567_207e6d9c3b2fb702.jpg,207e6d9c3b2fb702ac22d551d7add6f5df1dc20921f66ebbb25250d211e5aa4a,c33339ed222684c4,JPEG,RGB,680,510,37694,original,APPROVED_CANDIDATE
PlantDoc,5467f6012d78d1c446145d5f582da6096f852ae8,training_candidate,Tomato Early blight leaf,MATCHED,Tomato Early blight,train/Tomato Early blight leaf/EBTomato.jpg,Tomato Early blight leaf/01568_9145ae957dc02636.jpg,9145ae957dc02636c9cae1d25e9b43fdc0ee330eb7131b12e244457d684ba326,96962f3677371246,JPEG,RGB,300,450,35819,original,NEEDS_MANUAL_REVIEW
PlantDoc,5467f6012d78d1c446145d5f582da6096f852ae8,training_candidate,Tomato Early blight leaf,MATCHED,Tomato Early blight,train/Tomato Early blight leaf/Early+Blight+-+Tomatoes.jpg,Tomato Early blight leaf/01569_8ec0ab005a98df52.jpg,8ec0ab005a98df520cd8cb9959d95c851e9ca3d0d7f7075dac168f035bbf2800,ac2c0c12685a3061,JPEG,RGB,350,263,19994,original,APPROVED_CANDIDATE
PlantDoc,5467f6012d78d1c446145d5f582da6096f852ae8,training_candidate,Tomato Early blight leaf,MATCHED,Tomato Early blight,train/Tomato Early blight leaf/Early-bligh_t.jpg,Tomato Early blight leaf/01570_3445460118b42927.jpg,3445460118b42927cd77ca03b2c35f78173f48117d5aaccfa63b00324d8a2f19,cbcba7a72d4b9cbc,JPEG,RGB,810,450,44552,original,NEEDS_MANUAL_REVIEW
PlantDoc,5467f6012d78d1c446145d5f582da6096f852ae8,training_candidate,Tomato Early blight leaf,MATCHED,Tomato Early blight,train/Tomato Early blight leaf/Early-blight-660x440.jpg,Tomato Early blight leaf/01571_6ae670ce5fcc26e1.jpg,6ae670ce5fcc26e159e08bca37c94426614d50c836b337e8bc645cd52579fde2,cc0d243436f6d8d9,JPEG,RGB,660,440,56206,original,APPROVED_CANDIDATE
PlantDoc,5467f6012d78d1c446145d5f582da6096f852ae8,training_candidate,Tomato Early blight leaf,MATCHED,Tomato Early blight,train/Tomato Early blight leaf/Early-blight.jpg,Tomato Early blight leaf/01572_55c2e84169c7e645.jpg,55c2e84169c7e645d9c23583e6ad8eaf19e930ee99b33b38a8c4c60e639e0099,cbcba7a76d4b9cbc,JPEG,RGB,598,332,26129,original,NEEDS_MANUAL_REVIEW
PlantDoc,5467f6012d78d1c446145d5f582da6096f852ae8,training_candidate,Tomato Early blight leaf,MATCHED,Tomato Early blight,train/Tomato Early blight leaf/Early_Blight_of_Tomato1687.jpg,Tomato Early blight leaf/01573_12ce0c3a8c2a2004.jpg,12ce0c3a8c2a2004e28e6927eddfa5199c1e7b5e1bc3f2cf6f1d9eb43824f620,1a1d34361b582e13,JPEG,RGB,800,600,47801,original,NEEDS_MANUAL_REVIEW
PlantDoc,5467f6012d78d1c446145d5f582da6096f852ae8,training_candidate,Tomato Early blight leaf,MATCHED,Tomato Early blight,train/Tomato Early blight leaf/Early_blight_1.jpg?1376579808.jpg,Tomato Early blight leaf/01574_c1f5d68c2bc5aaf5.jpg,c1f5d68c2bc5aaf510a4bec559182542013b7ca1acc253dd5881a2fd5c1db1d0,8a922666c91d0d4e,JPEG,RGB,800,511,54106,original,APPROVED_CANDIDATE
PlantDoc,5467f6012d78d1c446145d5f582da6096f852ae8,training_candidate,Tomato Early blight leaf,MATCHED,Tomato Early blight,train/Tomato Early blight leaf/FS547-2-big.jpg,Tomato Early blight leaf/01575_842ea84ed9930860.jpg,842ea84ed99308608449bbae66957a7115a30988be1518afe4c253f2897913ac,97ad5c9edad8bea6,JPEG,RGB,640,433,117300,original,APPROVED_CANDIDATE
PlantDoc,5467f6012d78d1c446145d5f582da6096f852ae8,training_candidate,Tomato Early blight leaf,MATCHED,Tomato Early blight,train/Tomato Early blight leaf/IMG_0591.jpg,Tomato Early blight leaf/01576_70b3e43a7e28d4d4.jpg,70b3e43a7e28d4d4aa09d07b37f0be1682a77ae0e84071fb74835e3e3db3c967,e2f3c1d0f0860810,JPEG,RGB,1920,1440,400825,original,APPROVED_CANDIDATE
PlantDoc,5467f6012d78d1c446145d5f582da6096f852ae8,training_candidate,Tomato Early blight leaf,MATCHED,Tomato Early blight,train/Tomato Early blight leaf/IMG_2436w.jpg,Tomato Early blight leaf/01577_e6893f4af1ef2017.jpg,e6893f4af1ef2017d83bb63b027397b20d3d519592db2a46777b09d942786275,8c988cca9bab1393,JPEG,RGB,800,600,123664,original,APPROVED_CANDIDATE
PlantDoc,5467f6012d78d1c446145d5f582da6096f852ae8,training_candidate,Tomato Early blight leaf,MATCHED,Tomato Early blight,train/Tomato Early blight leaf/MPC105550.jpg.rendition.largest.ss.jpg,Tomato Early blight leaf/01578_c280edc30e7bd848.jpg,c280edc30e7bd848018d847e8d4111913799cf3042ce7e33de99c78cff5879f2,60d13d9dd52d2c74,JPEG,RGB,300,300,43343,original,NEEDS_MANUAL_REVIEW
PlantDoc,5467f6012d78d1c446145d5f582da6096f852ae8,training_candidate,Tomato Early blight leaf,MATCHED,Tomato Early blight,train/Tomato Early blight leaf/Original_e-blight.JPG.rend.hgtvcom.966.725.jpeg.jpg,Tomato Early blight leaf/01579_6b1819bc9dee9e14.jpg,6b1819bc9dee9e1436e94b6a431183cca88a28744a2bfa25aa1d986039c29fa1,1b1b7272b2b1b191,JPEG,RGB,966,725,81380,original,APPROVED_CANDIDATE
PlantDoc,5467f6012d78d1c446145d5f582da6096f852ae8,training_candidate,Tomato Early blight leaf,MATCHED,Tomato Early blight,train/Tomato Early blight leaf/Tomato%20early%20blight%20target%20like%20leaf%20spot.jpg,Tomato Early blight leaf/01580_2bbd412c3becf1c8.jpg,2bbd412c3becf1c8b468630f6536855ee9e39705be3905a9d62db51f32595ed0,1f4a1e9e3f1dcde5,JPEG,RGB,286,209,20239,original,APPROVED_CANDIDATE
PlantDoc,5467f6012d78d1c446145d5f582da6096f852ae8,training_candidate,Tomato Early blight leaf,MATCHED,Tomato Early blight,train/Tomato Early blight leaf/Tomato-Alternaria-Early-Blight.jpg,Tomato Early blight leaf/01581_65a9d96aa54416a8.jpg,65a9d96aa54416a84aef29d40e6b1904d6296f27c39685dbd510223df828ff52,e47071f8dbe16769,JPEG,RGB,3872,2592,4717116,original,APPROVED_CANDIDATE
PlantDoc,5467f6012d78d1c446145d5f582da6096f852ae8,training_candidate,Tomato Early blight leaf,MATCHED,Tomato Early blight,train/Tomato Early blight leaf/Tomato-Early-Blight-Leaf-Examples-Cornell-University.jpg,Tomato Early blight leaf/01582_7d0a6ab650c699b2.jpg,7d0a6ab650c699b2b91d062b22d66957c249c86361fe9e90efbda06eff3c61fe,67dcd9f8a99a5656,JPEG,RGB,1200,900,371018,original,APPROVED_CANDIDATE
PlantDoc,5467f6012d78d1c446145d5f582da6096f852ae8,training_candidate,Tomato Early blight leaf,MATCHED,Tomato Early blight,train/Tomato Early blight leaf/Tomato-Early-Blight-Leaves-Cornell-University.jpg,Tomato Early blight leaf/01583_a35b35f65bb3dbec.jpg,a35b35f65bb3dbec1983a7be92c05ca51eec0ffa5e5bd46d542cb90565a4402d,034beb253733cbcf,JPEG,RGB,1200,1600,405270,original,APPROVED_CANDIDATE
PlantDoc,5467f6012d78d1c446145d5f582da6096f852ae8,training_candidate,Tomato Early blight leaf,MATCHED,Tomato Early blight,train/Tomato Early blight leaf/Tomato-Early-Blight-e1513806873934.jpg,Tomato Early blight leaf/01584_d57335974304fa78.jpg,d57335974304fa7882aecbab9e5383aa4f3ac3fbf2b04ad494d0eff8035f59ab,99796aca94328a9b,JPEG,RGB,500,667,89151,original,APPROVED_CANDIDATE
PlantDoc,5467f6012d78d1c446145d5f582da6096f852ae8,training_candidate,Tomato Early blight leaf,MATCHED,Tomato Early blight,train/Tomato Early blight leaf/Tomato-Early-Blight.jpg,Tomato Early blight leaf/01585_83b860dc08a903ef.jpg,83b860dc08a903eff86762037ba6c423b23636468cdeb7d7dff8563ef20290d6,cdcf6b494f1b4b0e,JPEG,RGB,275,206,21358,original,APPROVED_CANDIDATE
PlantDoc,5467f6012d78d1c446145d5f582da6096f852ae8,training_candidate,Tomato Early blight leaf,MATCHED,Tomato Early blight,train/Tomato Early blight leaf/Tomato-blight-large.jpg,Tomato Early blight leaf/01586_7505693ef3824fdc.jpg,7505693ef3824fdce797b20937e8861f0bf5462273d6a4b9b05c4782f2cd136d,860b9b272f8fdf35,JPEG,RGB,600,538,102109,original,APPROVED_CANDIDATE
PlantDoc,5467f6012d78d1c446145d5f582da6096f852ae8,training_candidate,Tomato Early blight leaf,MATCHED,Tomato Early blight,train/Tomato Early blight leaf/Tomato-diseases-prevention-treatment.-Early-blight..jpg,Tomato Early blight leaf/01587_ac23b8c1a19766e3.jpg,ac23b8c1a19766e3c126cfe1d0e3f8b4ef4632c653a6f21414da441564ebf6d3,68696365262742c5,JPEG,RGB,1200,900,209186,original,APPROVED_CANDIDATE
PlantDoc,5467f6012d78d1c446145d5f582da6096f852ae8,training_candidate,Tomato Early blight leaf,MATCHED,Tomato Early blight,train/Tomato Early blight leaf/Tomato-early-blight_1_1-12wmver.jpg,Tomato Early blight leaf/01588_d9184e763d4bab67.jpg,d9184e763d4bab679a6227ddbacc931f2b869df0c0c1d7a4fd57b54c33951004,c818091831378996,JPEG,RGB,813,576,70355,original,APPROVED_CANDIDATE
PlantDoc,5467f6012d78d1c446145d5f582da6096f852ae8,training_candidate,Tomato Early blight leaf,MATCHED,Tomato Early blight,train/Tomato Early blight leaf/august-11-early-leaf-blight-single-leaf.jpg,Tomato Early blight leaf/01589_132b165fcb49e37c.jpg,132b165fcb49e37cee77a1b35c28192c55011f441f2c484dc840a8f3998aa24e,3171c2c4e8b10601,JPEG,RGB,3872,2592,3907885,original,APPROVED_CANDIDATE
PlantDoc,5467f6012d78d1c446145d5f582da6096f852ae8,training_candidate,Tomato Early blight leaf,MATCHED,Tomato Early blight,train/Tomato Early blight leaf/b54d0e40027ff5e90e8ba7e1e9abf9bd--garden-guide-garden-ideas.jpg,Tomato Early blight leaf/01590_6fa67a7e5771f317.jpg,6fa67a7e5771f317ad1e389f885e2b6ffc751f93f3d4b9605966905eb0e570a9,2703031d974e5cbb,JPEG,RGB,448,336,24241,original,NEEDS_MANUAL_REVIEW
PlantDoc,5467f6012d78d1c446145d5f582da6096f852ae8,training_candidate,Tomato Early blight leaf,MATCHED,Tomato Early blight,train/Tomato Early blight leaf/blog_early_blight_628.jpg,Tomato Early blight leaf/01591_ad58b81b4efb75da.jpg,ad58b81b4efb75dab014cfd52f1a36f5a6aa5cccb2459f4a08fed3478bf0017b,ebcb2d4cdc98b647,JPEG,RGB,432,652,279599,original,APPROVED_CANDIDATE
PlantDoc,5467f6012d78d1c446145d5f582da6096f852ae8,training_candidate,Tomato Early blight leaf,MATCHED,Tomato Early blight,train/Tomato Early blight leaf/confused-bacterial-canker-early-blight-zoom.JPG.jpg,Tomato Early blight leaf/01592_23ed3c9f53f619a4.jpg,23ed3c9f53f619a48c313ff93e456fe24bac94c5f64f62a5df0747e244f9acfc,2b633b3624535acc,JPEG,RGB,419,284,42921,original,NEEDS_MANUAL_REVIEW
PlantDoc,5467f6012d78d1c446145d5f582da6096f852ae8,training_candidate,Tomato Early blight leaf,MATCHED,Tomato Early blight,train/Tomato Early blight leaf/droppedImage_3-1.jpg,Tomato Early blight leaf/01593_ee8fd5aff128b5c1.jpg,ee8fd5aff128b5c1b2e609ba97c4cc71c50d5fe3199e346dadd9feca74c32ed0,c96aab93b33aab97,JPEG,RGB,800,602,147109,original,APPROVED_CANDIDATE
PlantDoc,5467f6012d78d1c446145d5f582da6096f852ae8,training_candidate,Tomato Early blight leaf,MATCHED,Tomato Early blight,train/Tomato Early blight leaf/dscn3168.jpg,Tomato Early blight leaf/01594_9d4d6efbace12e51.jpg,9d4d6efbace12e51b26f7484aea0f59fbcb3efac75aa41a3fec6c24b040e85e4,6466461f91cdd9d9,JPEG,RGB,2592,1944,604433,original,APPROVED_CANDIDATE
PlantDoc,5467f6012d78d1c446145d5f582da6096f852ae8,training_candidate,Tomato Early blight leaf,MATCHED,Tomato Early blight,train/Tomato Early blight leaf/ealryblight.jpg,Tomato Early blight leaf/01595_1989e34c3dd3cdf8.jpg,1989e34c3dd3cdf8d2867d6f2e8cfd0f8f45ab096264856776b049b243489396,77e3c11c98980103,JPEG,RGB,600,800,87349,original,APPROVED_CANDIDATE
PlantDoc,5467f6012d78d1c446145d5f582da6096f852ae8,training_candidate,Tomato Early blight leaf,MATCHED,Tomato Early blight,train/Tomato Early blight leaf/early%20blight%20%283%29.jpg?itok=UMYWI0xr.jpg,Tomato Early blight leaf/01596_64f828f8665c1884.jpg,64f828f8665c1884762025bba8feeaa41ef5c87651ace0cdb821e7f1981419cd,1e2727674f7b3e3c,JPEG,RGB,567,393,38069,original,APPROVED_CANDIDATE
PlantDoc,5467f6012d78d1c446145d5f582da6096f852ae8,training_candidate,Tomato Early blight leaf,MATCHED,Tomato Early blight,train/Tomato Early blight leaf/early%20blight%20%284%29.jpg?itok=gfK5C193.jpg,Tomato Early blight leaf/01597_b7ac78d7589165e4.jpg,b7ac78d7589165e470a569e7a383325e5d8f204c50d615382dc180663ddebbdb,e9791d7c79e327b5,JPEG,RGB,567,393,35581,original,APPROVED_CANDIDATE
PlantDoc,5467f6012d78d1c446145d5f582da6096f852ae8,training_candidate,Tomato Early blight leaf,MATCHED,Tomato Early blight,train/Tomato Early blight leaf/early-blight-2x.jpg,Tomato Early blight leaf/01598_6c18b60079c57eaa.jpg,6c18b60079c57eaa5e1feddb4a11a1c7d9487ba083d81eaa66232f3b62c79d8c,078e8c930f9d191b,JPEG,RGB,450,575,60276,original,APPROVED_CANDIDATE
PlantDoc,5467f6012d78d1c446145d5f582da6096f852ae8,training_candidate,Tomato Early blight leaf,MATCHED,Tomato Early blight,train/Tomato Early blight leaf/early-blight-closeup-sm.jpg,Tomato Early blight leaf/01599_ab6642a5059e272e.jpg,ab6642a5059e272e37d829d1e651b92d3b0af1322d4de601eb5a242267232d70,340d8d8bab8b8796,JPEG,RGB,454,291,123025,original,NEEDS_MANUAL_REVIEW
PlantDoc,5467f6012d78d1c446145d5f582da6096f852ae8,training_candidate,Tomato Early blight leaf,MATCHED,Tomato Early blight,train/Tomato Early blight leaf/early-blight-in-high-tunnel-tomatoes-19tm74h.jpg,Tomato Early blight leaf/01600_912ce20afc0cc92d.jpg,912ce20afc0cc92d8a3a49bd4f708c5f6c49df69788aad15938b388c5d949d23,2c291b3313069b90,JPEG,RGB,2978,2091,2267364,original,APPROVED_CANDIDATE
PlantDoc,5467f6012d78d1c446145d5f582da6096f852ae8,training_candidate,Tomato Early blight leaf,MATCHED,Tomato Early blight,train/Tomato Early blight leaf/early-blight-in-tomatoes.jpg,Tomato Early blight leaf/01601_55fdd8fd51fe951d.jpg,55fdd8fd51fe951d7feb95e7d24f21003cba193ee8b6235047bcb241a70296ee,47cf5b3fba3d9396,JPEG,RGB,600,900,122245,original,APPROVED_CANDIDATE
PlantDoc,5467f6012d78d1c446145d5f582da6096f852ae8,training_candidate,Tomato Early blight leaf,MATCHED,Tomato Early blight,train/Tomato Early blight leaf/early-blight-of-tomato-tomato-1.jpg,Tomato Early blight leaf/01602_cfb56ff1c8a42b94.jpg,cfb56ff1c8a42b9444f41b4e5715387bbd669aed97af5bbd78732bf3640f68f2,315041a3b3234304,JPEG,RGB,300,400,30846,original,APPROVED_CANDIDATE
PlantDoc,5467f6012d78d1c446145d5f582da6096f852ae8,training_candidate,Tomato Early blight leaf,MATCHED,Tomato Early blight,train/Tomato Early blight leaf/early-blight-or-target-spot-alternaria-solani-lesions-on-a-tomato-BH3TH0.jpg,Tomato Early blight leaf/01603_cc438f6eb618d747.jpg,cc438f6eb618d7470cd622e40b6dd423e5242165c1ea0e130a04f15ed18347d3,ae2f0f1f1b9606f9,JPEG,RGB,1083,1390,177194,original,APPROVED_CANDIDATE
PlantDoc,5467f6012d78d1c446145d5f582da6096f852ae8,training_candidate,Tomato Early blight leaf,MATCHED,Tomato Early blight,train/Tomato Early blight leaf/early-blight-or-target-spot-alternaria-solani-lesions-on-a-tomato-BY9J8R.jpg,Tomato Early blight leaf/01604_283b4d969c7c2d55.jpg,283b4d969c7c2d557e61b7e865eaae86083e9e1dee0282585b4472b7b8829c1c,2d0d8ba6236b5312,JPEG,RGB,1300,1359,347204,original,NEEDS_MANUAL_REVIEW
PlantDoc,5467f6012d78d1c446145d5f582da6096f852ae8,training_candidate,Tomato Early blight leaf,MATCHED,Tomato Early blight,train/Tomato Early blight leaf/early-blight-pp-labeled_orig.jpg,Tomato Early blight leaf/01605_fd239bf6835b6716.jpg,fd239bf6835b671660a8f6c01f19e977348f741ec605be9ed2ad5d08340729fe,97634f371e8e8ddb,JPEG,RGB,499,332,46175,original,NEEDS_MANUAL_REVIEW
PlantDoc,5467f6012d78d1c446145d5f582da6096f852ae8,training_candidate,Tomato Early blight leaf,MATCHED,Tomato Early blight,train/Tomato Early blight leaf/early-blight1.jpg,Tomato Early blight leaf/01606_782699cc0102a796.jpg,782699cc0102a7968cb21108a8b7e53cb3de98aabfdc522c110ff9711d32a61b,2f27e767333391e0,JPEG,RGB,300,343,74131,original,APPROVED_CANDIDATE
PlantDoc,5467f6012d78d1c446145d5f582da6096f852ae8,training_candidate,Tomato Early blight leaf,MATCHED,Tomato Early blight,train/Tomato Early blight leaf/early-tomato-blight.jpg,Tomato Early blight leaf/01607_4b602165b3be41fa.jpg,4b602165b3be41fa2a30ed47b89ba746f1f56f11093128c615623247d7f60d81,35a480a1853239ab,JPEG,RGB,150,150,8017,original,APPROVED_CANDIDATE
PlantDoc,5467f6012d78d1c446145d5f582da6096f852ae8,training_candidate,Tomato Early blight leaf,MATCHED,Tomato Early blight,train/Tomato Early blight leaf/early_blight_spots_l.jpg,Tomato Early blight leaf/01608_f9c1209dd47829d7.jpg,f9c1209dd47829d787c6562fb2bd0e184efd64e35891fed993c351ce56dc6dd5,e525536cedf79e7a,JPEG,RGB,400,300,20668,original,APPROVED_CANDIDATE
PlantDoc,5467f6012d78d1c446145d5f582da6096f852ae8,training_candidate,Tomato Early blight leaf,MATCHED,Tomato Early blight,train/Tomato Early blight leaf/early_blight_tomato.jpg,Tomato Early blight leaf/01609_17419a4b47683575.jpg,17419a4b47683575f01f06bc0e875bdd062ee735a3ed85230eec0b681eaae639,76787465189d8bd2,JPEG,RGB,1008,672,864888,original,APPROVED_CANDIDATE
PlantDoc,5467f6012d78d1c446145d5f582da6096f852ae8,training_candidate,Tomato Early blight leaf,MATCHED,Tomato Early blight,train/Tomato Early blight leaf/earlyblight.jpg,Tomato Early blight leaf/01610_39e0c2d686404169.jpg,39e0c2d68640416904d05c046689e81c8658e482b5fe9cd55f53e9f1bc51269a,9e9eaecb29382a8f,JPEG,RGB,298,246,13139,original,APPROVED_CANDIDATE
PlantDoc,5467f6012d78d1c446145d5f582da6096f852ae8,training_candidate,Tomato Early blight leaf,MATCHED,Tomato Early blight,train/Tomato Early blight leaf/earlyblightpotato.jpg,Tomato Early blight leaf/01611_d0c8a4d48ed9a3f9.jpg,d0c8a4d48ed9a3f9435d1affb82ac10e9a06adb0f2615ff62e83e21bdfa281fc,f76349cb524e4ac2,JPEG,RGB,465,350,146979,original,NEEDS_MANUAL_REVIEW
PlantDoc,5467f6012d78d1c446145d5f582da6096f852ae8,training_candidate,Tomato Early blight leaf,MATCHED,Tomato Early blight,train/Tomato Early blight leaf/earlyblightresize.jpg,Tomato Early blight leaf/01612_4c3dc3081f8fb2b1.jpg,4c3dc3081f8fb2b15d15c0ebc574e351c0f6463d5e86a77deb98bb70cd6097ee,42381e4ee8b38bab,JPEG,RGB,320,240,30321,original,APPROVED_CANDIDATE
PlantDoc,5467f6012d78d1c446145d5f582da6096f852ae8,training_candidate,Tomato Early blight leaf,MATCHED,Tomato Early blight,train/Tomato Early blight leaf/earlyblighttomato.jpg,Tomato Early blight leaf/01613_78ad69752fa5b5f0.jpg,78ad69752fa5b5f012d0d1af5afe205deabc3d28d480f381dc08a854e89af059,5b972e039f8f633a,JPEG,RGB,328,477,131207,original,APPROVED_CANDIDATE
PlantDoc,5467f6012d78d1c446145d5f582da6096f852ae8,training_candidate,Tomato Early blight leaf,MATCHED,Tomato Early blight,train/Tomato Early blight leaf/ebleafb.jpg,Tomato Early blight leaf/01614_3ca87b4295d2a7e0.jpg,3ca87b4295d2a7e082c988deb76e33b2a6f88c7f5e28c7810b39ef940b4ba3c5,a4961e67b5a93736,JPEG,RGB,600,400,20804,original,APPROVED_CANDIDATE
PlantDoc,5467f6012d78d1c446145d5f582da6096f852ae8,training_candidate,Tomato Early blight leaf,MATCHED,Tomato Early blight,train/Tomato Early blight leaf/eblight5.jpg,Tomato Early blight leaf/01615_f77bc6d3e2386c79.jpg,f77bc6d3e2386c79fad89927193f46133253ad6472295ace1b994fc6e97c51bb,0d1d2d8cc4cccece,JPEG,RGB,564,377,122285,original,APPROVED_CANDIDATE
PlantDoc,5467f6012d78d1c446145d5f582da6096f852ae8,training_candidate,Tomato Early blight leaf,MATCHED,Tomato Early blight,train/Tomato Early blight leaf/gn201410308259997ar-jpg.jpg,Tomato Early blight leaf/01616_b5e3b14290f95abf.jpg,b5e3b14290f95abf17305d6555fe1412b1f59b0331094d6da7e1a304d0e8cf65,81b46247e743c626,JPEG,RGB,804,604,224640,original,APPROVED_CANDIDATE
PlantDoc,5467f6012d78d1c446145d5f582da6096f852ae8,training_candidate,Tomato Early blight leaf,MATCHED,Tomato Early blight,train/Tomato Early blight leaf/halleck_tomato_earlyblight__inline-half.jpg,Tomato Early blight leaf/01617_dab4afc0ccde1fbb.jpg,dab4afc0ccde1fbb391f8c0e6f3da190ea3565eb66457ea7e2355f712c443e0e,b6840e0e1c3b5f98,JPEG,RGB,303,296,18137,original,APPROVED_CANDIDATE
PlantDoc,5467f6012d78d1c446145d5f582da6096f852ae8,training_candidate,Tomato Early blight leaf,MATCHED,Tomato Early blight,train/Tomato Early blight leaf/p1020083cs.jpg,Tomato Early blight leaf/01618_a218e87485e34603.jpg,a218e87485e3460381942c140ec90e1015e08885f990d9271606b9a33b4c8d09,4b0f4b7376fc995a,JPEG,RGB,800,597,232120,original,APPROVED_CANDIDATE
PlantDoc,5467f6012d78d1c446145d5f582da6096f852ae8,training_candidate,Tomato Early blight leaf,MATCHED,Tomato Early blight,train/Tomato Early blight leaf/p1020084s.jpg,Tomato Early blight leaf/01619_7a4acf69b4c2e400.jpg,7a4acf69b4c2e40021ae5c225a9e82b7a4d0a19977401033cff9c57771d3b439,114c4c4a2c39d9cd,JPEG,RGB,800,600,265403,original,NEEDS_MANUAL_REVIEW
PlantDoc,5467f6012d78d1c446145d5f582da6096f852ae8,training_candidate,Tomato Early blight leaf,MATCHED,Tomato Early blight,train/Tomato Early blight leaf/spotonleaf1.jpg,Tomato Early blight leaf/01620_17af9b933a654e3c.jpg,17af9b933a654e3c28adc7846816eac9a876183638fba8a86f339bfef2505f42,d9d99b179d2d2d05,JPEG,RGB,300,225,39305,original,APPROVED_CANDIDATE
PlantDoc,5467f6012d78d1c446145d5f582da6096f852ae8,training_candidate,Tomato Early blight leaf,MATCHED,Tomato Early blight,train/Tomato Early blight leaf/tomato-blight-phytophthora-infestans-early-stages-on-tomato-plant-b5n952.jpg,Tomato Early blight leaf/01621_c693d01fd09c567b.jpg,c693d01fd09c567b0dcd5697213681e0da16674d235733ef5e9801e4627fc8ff,a5a14b65d0622727,JPEG,RGB,347,540,79719,original,APPROVED_CANDIDATE
PlantDoc,5467f6012d78d1c446145d5f582da6096f852ae8,training_candidate,Tomato Early blight leaf,MATCHED,Tomato Early blight,train/Tomato Early blight leaf/tomato-blight-soil-treatment-early-tomato-blight-in-a-microcosm-lower-leaves-curl-up-and-die-bulls-eye-lesions-tomato-fungus-soil-treatment.jpg,Tomato Early blight leaf/01622_762de2450aca6ac3.jpg,762de2450aca6ac346d242404351d7c30f8e7e1be9574c09cd83e1323cf2665d,ff7a5a1613717933,JPEG,RGB,1063,734,96366,original,APPROVED_CANDIDATE
PlantDoc,5467f6012d78d1c446145d5f582da6096f852ae8,training_candidate,Tomato Early blight leaf,MATCHED,Tomato Early blight,train/Tomato Early blight leaf/tomato-early-blight-1.jpg,Tomato Early blight leaf/01623_00267e1c492f34fb.jpg,00267e1c492f34fbac534cd9994b7b1f039e8ef03d733ca4fcd429e5d4bfe105,c7c3e7c6d292dae8,JPEG,RGB,2048,1360,1656017,original,APPROVED_CANDIDATE
PlantDoc,5467f6012d78d1c446145d5f582da6096f852ae8,training_candidate,Tomato Early blight leaf,MATCHED,Tomato Early blight,train/Tomato Early blight leaf/tomato_D2b-Early-blight---RPitblado_zoom.jpg,Tomato Early blight leaf/01624_981da629d2a419a3.jpg,981da629d2a419a303eea0e707d0a07f86fc6ce9d802bdc77e1c3efb25ff2ee8,23633b3424535acd,JPEG,RGB,847,574,127625,original,NEEDS_MANUAL_REVIEW
PlantDoc,5467f6012d78d1c446145d5f582da6096f852ae8,training_candidate,Tomato Early blight leaf,MATCHED,Tomato Early blight,train/Tomato Early blight leaf/tomato_blight_early.jpg,Tomato Early blight leaf/01625_5bc940babd0563aa.jpg,5bc940babd0563aa3b07315884dcfed3aeba47e32c742cd633fb6b35be14eff6,cca4f4d88cbc74f2,JPEG,RGB,600,762,107207,original,APPROVED_CANDIDATE
PlantDoc,5467f6012d78d1c446145d5f582da6096f852ae8,training_candidate,Tomato Early blight leaf,MATCHED,Tomato Early blight,train/Tomato Early blight leaf/tomato_early-blight_02_zoom.jpg,Tomato Early blight leaf/01626_8d9382d0a81d0b6a.jpg,8d9382d0a81d0b6a2d7bab2426dbb801d491bc9f8b9c1a56ab9630e4ea79440e,3311546369494eb3,JPEG,RGB,900,675,142891,original,APPROVED_CANDIDATE
PlantDoc,5467f6012d78d1c446145d5f582da6096f852ae8,training_candidate,Tomato Early blight leaf,MATCHED,Tomato Early blight,train/Tomato Early blight leaf/tomato_early-blight_03_zoom.jpg,Tomato Early blight leaf/01627_f54d8cf627857c53.jpg,f54d8cf627857c535b768b40927f5fe54cad4aa546d0bb1ae91c5d78a30ab442,bec2aa9e8e8c9c19,JPEG,RGB,900,675,161058,original,APPROVED_CANDIDATE
PlantDoc,5467f6012d78d1c446145d5f582da6096f852ae8,training_candidate,Tomato Early blight leaf,MATCHED,Tomato Early blight,train/Tomato Early blight leaf/tomato_q1hq-early-blight-5052_zoom.jpg,Tomato Early blight leaf/01628_060e4aba444e9cc4.jpg,060e4aba444e9cc4fce4c102254449ab482bf289d20ee110cd5f6b49b8d5d92c,b12b2e1b1a44d0d0,JPEG,RGB,900,675,127099,original,APPROVED_CANDIDATE
PlantDoc,5467f6012d78d1c446145d5f582da6096f852ae8,training_candidate,Tomato Early blight leaf,MATCHED,Tomato Early blight,train/Tomato Early blight leaf/tomatoblight.jpg,Tomato Early blight leaf/01629_0d2d54e20fec032f.jpg,0d2d54e20fec032f1a9da367df05eb364e42cf1f18f83c0be6e86ed09f9b9abf,96962f3677371246,JPEG,RGB,300,450,185177,original,NEEDS_MANUAL_REVIEW
PlantDoc,5467f6012d78d1c446145d5f582da6096f852ae8,training_candidate,Tomato Early blight leaf,MATCHED,Tomato Early blight,train/Tomato Early blight leaf/tomatoearlyblight.jpg,Tomato Early blight leaf/01630_1a49e6707324fe52.jpg,1a49e6707324fe524abd939a7f812db75cbe48021c6b64de1357c80d50da3d86,5892a1a1759a1931,JPEG,RGB,448,336,86114,original,APPROVED_CANDIDATE
PlantDoc,5467f6012d78d1c446145d5f582da6096f852ae8,training_candidate,Tomato Early blight leaf,MATCHED,Tomato Early blight,train/Tomato Early blight leaf/web1_copy_early-blight-6-_0.jpg,Tomato Early blight leaf/01631_8bb6d80747eb3b69.jpg,8bb6d80747eb3b6987239685bd3aa19f6607c684eeaab2ca571a37f91a6b5763,5cac9ba71b4be5b0,JPEG,RGB,640,413,200840,original,APPROVED_CANDIDATE
PlantDoc,5467f6012d78d1c446145d5f582da6096f852ae8,training_candidate,Tomato Septoria leaf spot,MATCHED,Tomato Septoria leaf spot,train/Tomato Septoria leaf spot/128110613-56a6d3633df78cf7729070ad.jpg,Tomato Septoria leaf spot/01632_9b6ce8f0e3b4cfd7.jpg,9b6ce8f0e3b4cfd7bb9f4235ef5cff30f7a3d1da27be970612424a0ae1b3c5ef,796567e3cbcbcfc6,JPEG,RGB,960,643,92239,original,APPROVED_CANDIDATE
PlantDoc,5467f6012d78d1c446145d5f582da6096f852ae8,training_candidate,Tomato Septoria leaf spot,MATCHED,Tomato Septoria leaf spot,train/Tomato Septoria leaf spot/140714+%2811%29.JPG.jpg,Tomato Septoria leaf spot/01633_415d67394b5ba63e.jpg,415d67394b5ba63eeb5eb3e3c2b5bad457545ab95d36e371e668b932efc2fb54,0f12566c5b585d53,JPEG,RGB,1600,1200,430332,original,APPROVED_CANDIDATE
PlantDoc,5467f6012d78d1c446145d5f582da6096f852ae8,training_candidate,Tomato Septoria leaf spot,MATCHED,Tomato Septoria leaf spot,train/Tomato Septoria leaf spot/1b.jpg,Tomato Septoria leaf spot/01634_2ba273ad1fa959fd.jpg,2ba273ad1fa959fd5705eb4274baecadf5c39a55d54f39a4344edaedc4f53f7d,4b3d7c329a7e6ece,JPEG,RGB,480,360,96780,original,APPROVED_CANDIDATE
PlantDoc,5467f6012d78d1c446145d5f582da6096f852ae8,training_candidate,Tomato Septoria leaf spot,MATCHED,Tomato Septoria leaf spot,train/Tomato Septoria leaf spot/1c421500ddd390c90596ad2cf12d5429.jpg,Tomato Septoria leaf spot/01635_31a8c886603b4e14.jpg,31a8c886603b4e14ea3d20bb67ce59389da1b0f684b3284505621ecb7161e236,48b31a4bda9c9c0a,JPEG,RGB,240,208,19490,original,APPROVED_CANDIDATE
PlantDoc,5467f6012d78d1c446145d5f582da6096f852ae8,training_candidate,Tomato Septoria leaf spot,MATCHED,Tomato Septoria leaf spot,train/Tomato Septoria leaf spot/2010-jul-5-jul-9-03.jpg,Tomato Septoria leaf spot/01636_e76d5e8955ab51c5.jpg,e76d5e8955ab51c5e216640351088c0eba06a5cbf9a6476690d2e8a0673687a6,4c6c7371d5cf891a,JPEG,RGB,448,318,107330,original,APPROVED_CANDIDATE
PlantDoc,5467f6012d78d1c446145d5f582da6096f852ae8,training_candidate,Tomato Septoria leaf spot,MATCHED,Tomato Septoria leaf spot,train/Tomato Septoria leaf spot/20100824septoria.jpg,Tomato Septoria leaf spot/01637_743a2d395b8cc7ae.jpg,743a2d395b8cc7ae0193b3dc2e47e569f96becfc372a5b08b0a84bf6d1cd0ec8,697b53436b6b4a7b,JPEG,RGB,575,212,175145,original,APPROVED_CANDIDATE
PlantDoc,5467f6012d78d1c446145d5f582da6096f852ae8,training_candidate,Tomato Septoria leaf spot,MATCHED,Tomato Septoria leaf spot,train/Tomato Septoria leaf spot/2014-08-27%2B-%2BCloser%2BView%2Bof%2BSeptoria%2BLeaf%2BSpot.jpg,Tomato Septoria leaf spot/01638_ccf2197079cfbf3b.jpg,ccf2197079cfbf3b985e94df571096013f1bc3433d714fc633cc56388ef1921c,fbf7e7d9f7b3f8ec,JPEG,RGB,1380,1600,454985,original,APPROVED_CANDIDATE
PlantDoc,5467f6012d78d1c446145d5f582da6096f852ae8,training_candidate,Tomato Septoria leaf spot,MATCHED,Tomato Septoria leaf spot,train/Tomato Septoria leaf spot/20809116-standard.jpg,Tomato Septoria leaf spot/01639_68a214f97d997eb6.jpg,68a214f97d997eb65dc191ff009ef9cfe6dab7b6f569c4beac2cd2be4f8950f8,9a8e0d0e96688c1d,JPEG,RGB,199,340,18533,original,APPROVED_CANDIDATE
PlantDoc,5467f6012d78d1c446145d5f582da6096f852ae8,training_candidate,Tomato Septoria leaf spot,MATCHED,Tomato Septoria leaf spot,train/Tomato Septoria leaf spot/28018723549_3a16c1467b_b.jpg,Tomato Septoria leaf spot/01640_ec94d4babad81097.jpg,ec94d4babad810979b404e7fb19093de03ca06d10e37ee99af2cfc86eedc2277,d9eb3a33b46fc9b2,JPEG,RGB,1024,768,186069,original,APPROVED_CANDIDATE
PlantDoc,5467f6012d78d1c446145d5f582da6096f852ae8,training_candidate,Tomato Septoria leaf spot,MATCHED,Tomato Septoria leaf spot,train/Tomato Septoria leaf spot/3-septoria-leaf-blight-n.jpg,Tomato Septoria leaf spot/01641_808ce66ab051591c.jpg,808ce66ab051591c7b680fd295ee9f958e230a77cfa2b28761e1005a145e6d90,ccd8a88484a85c1c,JPEG,RGB,720,540,66201,original,APPROVED_CANDIDATE
PlantDoc,5467f6012d78d1c446145d5f582da6096f852ae8,training_candidate,Tomato Septoria leaf spot,MATCHED,Tomato Septoria leaf spot,train/Tomato Septoria leaf spot/32-Septoria-leaf-spot.jpg,Tomato Septoria leaf spot/01642_b62dde18182b1154.jpg,b62dde18182b1154cb86abf4a601d8ff4f86a0e3557c339995328c4d2c77bbfe,c6cb9b3105153377,JPEG,RGB,390,231,40337,original,APPROVED_CANDIDATE
PlantDoc,5467f6012d78d1c446145d5f582da6096f852ae8,training_candidate,Tomato Septoria leaf spot,MATCHED,Tomato Septoria leaf spot,train/Tomato Septoria leaf spot/3893.jpg,Tomato Septoria leaf spot/01643_333e2b6c72ee8d38.jpg,333e2b6c72ee8d38cfdcc59ef48593b68ab9499ed085fd7c88e38f0de557d5a4,efcf96374353138e,JPEG,RGB,1024,1486,169304,original,APPROVED_CANDIDATE
PlantDoc,5467f6012d78d1c446145d5f582da6096f852ae8,training_candidate,Tomato Septoria leaf spot,MATCHED,Tomato Septoria leaf spot,train/Tomato Septoria leaf spot/46-Septoria-leaf-spot.jpg,Tomato Septoria leaf spot/01644_1f4a189a12c8b7e3.jpg,1f4a189a12c8b7e3fe9eb39e588dd48387f946606bf03d8df472523f9dc59180,d2b272b2c8e0cc95,JPEG,RGB,400,506,44435,original,APPROVED_CANDIDATE
PlantDoc,5467f6012d78d1c446145d5f582da6096f852ae8,training_candidate,Tomato Septoria leaf spot,MATCHED,Tomato Septoria leaf spot,train/Tomato Septoria leaf spot/4853086777_bc41d29801.jpg,Tomato Septoria leaf spot/01645_7b44d0636ca3600d.jpg,7b44d0636ca3600d5b7dbeef3b51e251893067ac78b22e85440cb23815967598,b8bc9e9f957b1b9b,JPEG,RGB,500,333,159997,original,APPROVED_CANDIDATE
PlantDoc,5467f6012d78d1c446145d5f582da6096f852ae8,training_candidate,Tomato Septoria leaf spot,MATCHED,Tomato Septoria leaf spot,train/Tomato Septoria leaf spot/49-Septoria-leaf-spot.jpg,Tomato Septoria leaf spot/01646_fc1dd18fde4b5e52.jpg,fc1dd18fde4b5e52b40149547a94149c8248fe5d4735ad212ba5604a11953ac9,20989290e4c2cca6,JPEG,RGB,350,406,82656,original,APPROVED_CANDIDATE
PlantDoc,5467f6012d78d1c446145d5f582da6096f852ae8,training_candidate,Tomato Septoria leaf spot,MATCHED,Tomato Septoria leaf spot,train/Tomato Septoria leaf spot/5008922249_880e15c21f.jpg,Tomato Septoria leaf spot/01647_58d1e1c5162aa777.jpg,58d1e1c5162aa77793d860f9f2cb0ee45e4bf9123ac33980ab87719ca9ba3b4a,cc7872d28c840502,JPEG,RGB,394,486,123067,original,APPROVED_CANDIDATE
PlantDoc,5467f6012d78d1c446145d5f582da6096f852ae8,training_candidate,Tomato Septoria leaf spot,MATCHED,Tomato Septoria leaf spot,train/Tomato Septoria leaf spot/5315825271570432-600x272.jpeg.jpg,Tomato Septoria leaf spot/01648_0ba8d90f1122520d.jpg,0ba8d90f1122520d769a944f4e969dcb92a50cec6e28e72b214ddd6831140a86,2383a3e3230b2327,JPEG,RGB,600,272,110534,original,APPROVED_CANDIDATE
PlantDoc,5467f6012d78d1c446145d5f582da6096f852ae8,training_candidate,Tomato Septoria leaf spot,MATCHED,Tomato Septoria leaf spot,train/Tomato Septoria leaf spot/5315825271570432.jpeg.jpg,Tomato Septoria leaf spot/01649_6340fee78e5aa661.jpg,6340fee78e5aa661da4418f4afc43b802c972b436f4ede4094e1188798c3f83a,3d7bc3a72317cbe3,JPEG,RGB,600,800,145667,original,APPROVED_CANDIDATE
PlantDoc,5467f6012d78d1c446145d5f582da6096f852ae8,training_candidate,Tomato Septoria leaf spot,MATCHED,Tomato Septoria leaf spot,train/Tomato Septoria leaf spot/5336411888680960-600x272.jpeg.jpg,Tomato Septoria leaf spot/01650_1f39d9b00195324e.jpg,1f39d9b00195324e54e3438184a751c4ee6433ed2debe1c7f66b1bcadb7b83ea,c6a420607214b090,JPEG,RGB,600,272,102300,original,APPROVED_CANDIDATE
PlantDoc,5467f6012d78d1c446145d5f582da6096f852ae8,training_candidate,Tomato Septoria leaf spot,MATCHED,Tomato Septoria leaf spot,train/Tomato Septoria leaf spot/5454635393351680.jpeg.jpg,Tomato Septoria leaf spot/01651_2d1dd4ee62ac32d3.jpg,2d1dd4ee62ac32d32a27772ca50d261ad1d8484f7d2866fc378e4c82d2c9a183,c647031b0b0192a0,JPEG,RGB,800,600,137231,original,APPROVED_CANDIDATE
PlantDoc,5467f6012d78d1c446145d5f582da6096f852ae8,training_candidate,Tomato Septoria leaf spot,MATCHED,Tomato Septoria leaf spot,train/Tomato Septoria leaf spot/5516100468998144-600x272.jpeg.jpg,Tomato Septoria leaf spot/01652_bd09aee31743e02a.jpg,bd09aee31743e02a62003cc24e9c373fe9e4b44f4c4404682fcada58214e8d40,4e539bdbdbd9c56e,JPEG,RGB,600,272,102807,original,APPROVED_CANDIDATE
PlantDoc,5467f6012d78d1c446145d5f582da6096f852ae8,training_candidate,Tomato Septoria leaf spot,MATCHED,Tomato Septoria leaf spot,train/Tomato Septoria leaf spot/5516100468998144.jpeg.jpg,Tomato Septoria leaf spot/01653_5e4eff63c792eae8.jpg,5e4eff63c792eae80f4ba54122a3e1c91e97824cb7533899b1c5ebeb9cef9ee0,6e2c5e5bd96d8565,JPEG,RGB,600,800,177205,original,APPROVED_CANDIDATE
PlantDoc,5467f6012d78d1c446145d5f582da6096f852ae8,training_candidate,Tomato Septoria leaf spot,MATCHED,Tomato Septoria leaf spot,train/Tomato Septoria leaf spot/5579e3247db73.image.jpg,Tomato Septoria leaf spot/01654_2ccdc340d00f7423.jpg,2ccdc340d00f74233634705a3f0dee93c353bc9fbba6bedf43f977abdfb4b436,637474d068929394,JPEG,RGB,300,400,22247,original,APPROVED_CANDIDATE
PlantDoc,5467f6012d78d1c446145d5f582da6096f852ae8,training_candidate,Tomato Septoria leaf spot,MATCHED,Tomato Septoria leaf spot,train/Tomato Septoria leaf spot/5775225744523264-600x272.jpeg.jpg,Tomato Septoria leaf spot/01655_81afaf75b5ca0a17.jpg,81afaf75b5ca0a17ba18d778f17dbd0f01251ffed493faefbcb5df65e150d6f3,171d1b1a8bdb5636,JPEG,RGB,600,272,112332,original,APPROVED_CANDIDATE
PlantDoc,5467f6012d78d1c446145d5f582da6096f852ae8,training_candidate,Tomato Septoria leaf spot,MATCHED,Tomato Septoria leaf spot,train/Tomato Septoria leaf spot/5775225744523264.jpeg.jpg,Tomato Septoria leaf spot/01656_94a8ea8452cec254.jpg,94a8ea8452cec2540ead310d93a6375e371b9b7e5077b7614044ec430a03606e,2662241bda360466,JPEG,RGB,600,800,185393,original,APPROVED_CANDIDATE
PlantDoc,5467f6012d78d1c446145d5f582da6096f852ae8,training_candidate,Tomato Septoria leaf spot,MATCHED,Tomato Septoria leaf spot,train/Tomato Septoria leaf spot/5866245865865216.jpeg.jpg,Tomato Septoria leaf spot/01657_2eeff12c4b6713ac.jpg,2eeff12c4b6713ac39e44150ad91538626044a11610c33738c2b5ef4773ff70e,ceae3cb63636278e,JPEG,RGB,800,600,153578,original,APPROVED_CANDIDATE
PlantDoc,5467f6012d78d1c446145d5f582da6096f852ae8,training_candidate,Tomato Septoria leaf spot,MATCHED,Tomato Septoria leaf spot,train/Tomato Septoria leaf spot/5c77186a4ea326e5495c9d03cd89ce16.jpg,Tomato Septoria leaf spot/01658_4e8b0be6e1ebb25c.jpg,4e8b0be6e1ebb25c470537f1601dd510bf7aefe99e3236b70a3ec90e247d69f7,ccdc5cbed6e4a4a6,JPEG,RGB,575,609,116455,original,NEEDS_MANUAL_REVIEW
PlantDoc,5467f6012d78d1c446145d5f582da6096f852ae8,training_candidate,Tomato Septoria leaf spot,MATCHED,Tomato Septoria leaf spot,train/Tomato Septoria leaf spot/6+1+09+019.jpg,Tomato Septoria leaf spot/01659_d9970657c1755a2f.jpg,d9970657c1755a2ff6803e6f238a1a9a3d3ec835eda621404e22cff9ab8b153b,ac440a2b3d4b434e,JPEG,RGB,400,302,56507,original,APPROVED_CANDIDATE
PlantDoc,5467f6012d78d1c446145d5f582da6096f852ae8,training_candidate,Tomato Septoria leaf spot,MATCHED,Tomato Septoria leaf spot,train/Tomato Septoria leaf spot/6078710516023296-600x272.jpeg.jpg,Tomato Septoria leaf spot/01660_9cc86b01057bb454.jpg,9cc86b01057bb4542c061f00a8648f93d28a584614a3e9515092db1a0edf23ff,ae2f2d2c2a0b9938,JPEG,RGB,600,272,48933,original,APPROVED_CANDIDATE
PlantDoc,5467f6012d78d1c446145d5f582da6096f852ae8,training_candidate,Tomato Septoria leaf spot,MATCHED,Tomato Septoria leaf spot,train/Tomato Septoria leaf spot/6078710516023296.jpeg.jpg,Tomato Septoria leaf spot/01661_7da5d22387c0bed1.jpg,7da5d22387c0bed19befb6abef6adfafc3b790607594832d8a224a36a948b918,b2d3c72e1998b1b1,JPEG,RGB,600,800,148463,original,APPROVED_CANDIDATE
PlantDoc,5467f6012d78d1c446145d5f582da6096f852ae8,training_candidate,Tomato Septoria leaf spot,MATCHED,Tomato Septoria leaf spot,train/Tomato Septoria leaf spot/6134794031202304-600x272.jpeg.jpg,Tomato Septoria leaf spot/01662_422bb187b52d8d57.jpg,422bb187b52d8d573f4024b9c47fa28b88ddb150320ac4914fe35c4b468778a8,93929ebe3e1e1d17,JPEG,RGB,600,272,50243,original,APPROVED_CANDIDATE
PlantDoc,5467f6012d78d1c446145d5f582da6096f852ae8,training_candidate,Tomato Septoria leaf spot,MATCHED,Tomato Septoria leaf spot,train/Tomato Septoria leaf spot/6242739939180544.jpeg.jpg,Tomato Septoria leaf spot/01663_386c07ac0ead76fb.jpg,386c07ac0ead76fb91a38688798c9572dc4798693365a39f661e2618ac1476f7,ed34fee6cc5bde9e,JPEG,RGB,600,800,119193,original,APPROVED_CANDIDATE
PlantDoc,5467f6012d78d1c446145d5f582da6096f852ae8,training_candidate,Tomato Septoria leaf spot,MATCHED,Tomato Septoria leaf spot,train/Tomato Septoria leaf spot/6336392950972416.jpeg.jpg,Tomato Septoria leaf spot/01664_f97eba2bde35021e.jpg,f97eba2bde35021e63dda68ddcf0160aa8070142ed5654308bf58d411ebd26d7,bd571f979dcfca9a,JPEG,RGB,800,600,207780,original,APPROVED_CANDIDATE
PlantDoc,5467f6012d78d1c446145d5f582da6096f852ae8,training_candidate,Tomato Septoria leaf spot,MATCHED,Tomato Septoria leaf spot,train/Tomato Septoria leaf spot/66e7583ebe11cf0bd06435e4167bd4fd.jpg,Tomato Septoria leaf spot/01665_f1ede3912f700321.jpg,f1ede3912f70032173ebb896c3e9c8b58ba6b6bbaf9d2ce56750c01113163afe,5ec3b6b382c6cb6c,JPEG,RGB,590,443,41091,original,APPROVED_CANDIDATE
PlantDoc,5467f6012d78d1c446145d5f582da6096f852ae8,training_candidate,Tomato Septoria leaf spot,MATCHED,Tomato Septoria leaf spot,train/Tomato Septoria leaf spot/BCH%20medium%20thumbnail%20for%20upload%20%2861%29.jpg,Tomato Septoria leaf spot/01666_f645b9bf98b04eb4.jpg,f645b9bf98b04eb4b3b9eb676f0522b16717429d0e4ebd5837febd681bfdbd4c,713163cbd79acbcb,JPEG,RGB,375,300,52436,original,APPROVED_CANDIDATE
PlantDoc,5467f6012d78d1c446145d5f582da6096f852ae8,training_candidate,Tomato Septoria leaf spot,MATCHED,Tomato Septoria leaf spot,train/Tomato Septoria leaf spot/Bean-rust-on-leaves.jpg,Tomato Septoria leaf spot/01667_85b702cb6875f9eb.jpg,85b702cb6875f9eb76b00332ac5205d46056302b38618912090b3952a82f8779,c68117366e4f47c7,JPEG,RGB,257,196,10339,original,APPROVED_CANDIDATE
PlantDoc,5467f6012d78d1c446145d5f582da6096f852ae8,training_candidate,Tomato Septoria leaf spot,MATCHED,Tomato Septoria leaf spot,train/Tomato Septoria leaf spot/EPP-7625Fig-5-143x300.jpg,Tomato Septoria leaf spot/01668_bfbb800e869c5fd9.jpg,bfbb800e869c5fd99f08eba866fe7fd88264751038ca736e2208972dc31a8808,5cf8f4def87ccce0,JPEG,RGB,143,300,12427,original,APPROVED_CANDIDATE
PlantDoc,5467f6012d78d1c446145d5f582da6096f852ae8,training_candidate,Tomato Septoria leaf spot,MATCHED,Tomato Septoria leaf spot,train/Tomato Septoria leaf spot/IMG_0312_original.jpg,Tomato Septoria leaf spot/01669_8018221985aa039f.jpg,8018221985aa039f9d899aed3bc3012618cc1721fe6032642afaa12b87110f5c,dabe26cf4b2f9f9e,JPEG,RGB,1200,1600,585385,original,APPROVED_CANDIDATE
PlantDoc,5467f6012d78d1c446145d5f582da6096f852ae8,training_candidate,Tomato Septoria leaf spot,MATCHED,Tomato Septoria leaf spot,train/Tomato Septoria leaf spot/IMG_0863_1500x1500%253E.jpg,Tomato Septoria leaf spot/01670_8257029b90f9ee98.jpg,8257029b90f9ee984c2713f830afe4b053af8d122c771c00e63486120c5f4f6e,74b787263694494b,JPEG,RGB,1500,1125,675173,original,APPROVED_CANDIDATE
PlantDoc,5467f6012d78d1c446145d5f582da6096f852ae8,training_candidate,Tomato Septoria leaf spot,MATCHED,Tomato Septoria leaf spot,train/Tomato Septoria leaf spot/IMG_3175.jpg,Tomato Septoria leaf spot/01671_d87fd430a16f2eb4.jpg,d87fd430a16f2eb4521f1aab4345a3dd9f37d634a3dee04d9e2c89e900402cb3,99dac96138f6bb3a,JPEG,RGB,1000,667,83546,original,APPROVED_CANDIDATE
PlantDoc,5467f6012d78d1c446145d5f582da6096f852ae8,training_candidate,Tomato Septoria leaf spot,MATCHED,Tomato Septoria leaf spot,train/Tomato Septoria leaf spot/IMG_4452_1500x1500%253E.JPG?1407883119.jpg,Tomato Septoria leaf spot/01672_0a96b9d5f955b40b.jpg,0a96b9d5f955b40b19f23257bc6bf16ab4ac3fa09dc0726f715157a36c4134e9,64539ec36226741d,JPEG,RGB,1125,1500,543446,original,APPROVED_CANDIDATE
PlantDoc,5467f6012d78d1c446145d5f582da6096f852ae8,training_candidate,Tomato Septoria leaf spot,MATCHED,Tomato Septoria leaf spot,train/Tomato Septoria leaf spot/Leaf%20spot.jpg,Tomato Septoria leaf spot/01673_b9edb6c3261c549c.jpg,b9edb6c3261c549c1464a7e0fdd17d788df2f35ddea9cfdc53ca35e5cf4b77cb,0849cf365b4f979b,JPEG,RGB,500,333,36249,original,APPROVED_CANDIDATE
PlantDoc,5467f6012d78d1c446145d5f582da6096f852ae8,training_candidate,Tomato Septoria leaf spot,MATCHED,Tomato Septoria leaf spot,train/Tomato Septoria leaf spot/MPC105550.jpg.rendition.largest.550.jpg,Tomato Septoria leaf spot/01674_9d29d49bd39a44a7.jpg,9d29d49bd39a44a7c9f3dc663df9a18848d22de832995550ae37c7f8c01ff085,60d13d9dd52d2c74,JPEG,RGB,550,550,93209,original,NEEDS_MANUAL_REVIEW
PlantDoc,5467f6012d78d1c446145d5f582da6096f852ae8,training_candidate,Tomato Septoria leaf spot,MATCHED,Tomato Septoria leaf spot,train/Tomato Septoria leaf spot/PHOTO_1333642732277.jpg,Tomato Septoria leaf spot/01675_7da853e6dd4d3a78.jpg,7da853e6dd4d3a78447638a64e8addaba2a7d5fe053ef09056af81aff4f2722f,9f3f3f3f7f6b7979,JPEG,RGB,1600,902,326827,original,APPROVED_CANDIDATE
PlantDoc,5467f6012d78d1c446145d5f582da6096f852ae8,training_candidate,Tomato Septoria leaf spot,MATCHED,Tomato Septoria leaf spot,train/Tomato Septoria leaf spot/PHOTO_1333642740144.jpg,Tomato Septoria leaf spot/01676_96de8e01c001bb85.jpg,96de8e01c001bb855bfb8509a43d77f0b97a77bd730eebb99ca17bdba5bac46c,1f3494960d163631,JPEG,RGB,1600,902,324328,original,APPROVED_CANDIDATE
PlantDoc,5467f6012d78d1c446145d5f582da6096f852ae8,training_candidate,Tomato Septoria leaf spot,MATCHED,Tomato Septoria leaf spot,train/Tomato Septoria leaf spot/Sept9-300x225.jpg,Tomato Septoria leaf spot/01677_31fa261bb38e5f84.jpg,31fa261bb38e5f84a5beef2c39b7cc40ca55169641c4028fcb0bcb33bbbf10de,a4a4d543839f1e52,JPEG,RGB,300,225,31255,original,NEEDS_MANUAL_REVIEW
PlantDoc,5467f6012d78d1c446145d5f582da6096f852ae8,training_candidate,Tomato Septoria leaf spot,MATCHED,Tomato Septoria leaf spot,train/Tomato Septoria leaf spot/Septoria%2Bleaf%2Bspot.tomato.JPG.jpg,Tomato Septoria leaf spot/01678_5de483b529c1b8ed.jpg,5de483b529c1b8edb4399db92e531f16b1c82f8f7f204ec6afcafcdd0b066fe5,cccddcee3737e0cf,JPEG,RGB,300,400,65375,original,APPROVED_CANDIDATE
PlantDoc,5467f6012d78d1c446145d5f582da6096f852ae8,training_candidate,Tomato Septoria leaf spot,MATCHED,Tomato Septoria leaf spot,train/Tomato Septoria leaf spot/Septoria+Leaf+Spot.jpg,Tomato Septoria leaf spot/01679_db7621c315802b3a.jpg,db7621c315802b3a9a15c00a0d68519adebc8cc1bea0194853b79f0d726d4e78,d6572d399b93ccd8,JPEG,RGB,1056,720,65745,original,APPROVED_CANDIDATE
PlantDoc,5467f6012d78d1c446145d5f582da6096f852ae8,training_candidate,Tomato Septoria leaf spot,MATCHED,Tomato Septoria leaf spot,train/Tomato Septoria leaf spot/Septoria-461x346.jpg,Tomato Septoria leaf spot/01680_2ab4760580398c32.jpg,2ab4760580398c3294a11039a7c21a73b6c2becef277e18d2e630a48da5f431b,1f32bcee767c799b,JPEG,RGB,461,346,20815,original,APPROVED_CANDIDATE
PlantDoc,5467f6012d78d1c446145d5f582da6096f852ae8,training_candidate,Tomato Septoria leaf spot,MATCHED,Tomato Septoria leaf spot,train/Tomato Septoria leaf spot/Septoria-Tomato.jpg,Tomato Septoria leaf spot/01681_b332a01ba636102d.jpg,b332a01ba636102d634872008b157bcdbb8b6d8b15efdfb2e730d47cd27c11b0,cd69d8fc6aceeee7,JPEG,RGB,3872,2592,4886860,original,NEEDS_MANUAL_REVIEW
PlantDoc,5467f6012d78d1c446145d5f582da6096f852ae8,training_candidate,Tomato Septoria leaf spot,MATCHED,Tomato Septoria leaf spot,train/Tomato Septoria leaf spot/Septoria-leaf-spot-hc.jpg,Tomato Septoria leaf spot/01682_aded414795beadec.jpg,aded414795beadec507c6fc3051ba11ae1fd1c4f7c03465e1973b2311d876d6b,b9293c1844980e39,JPEG,RGB,504,386,21535,original,APPROVED_CANDIDATE
PlantDoc,5467f6012d78d1c446145d5f582da6096f852ae8,training_candidate,Tomato Septoria leaf spot,MATCHED,Tomato Septoria leaf spot,train/Tomato Septoria leaf spot/Septoria-leaf-spot-on-tomato-FOR-WEB.jpg,Tomato Septoria leaf spot/01683_01acc19e71444944.jpg,01acc19e714449444faa9159614e1a2e9af30ca52fa96060da06ac247de456bb,15152a938d872579,JPEG,RGB,590,332,43391,original,APPROVED_CANDIDATE
PlantDoc,5467f6012d78d1c446145d5f582da6096f852ae8,training_candidate,Tomato Septoria leaf spot,MATCHED,Tomato Septoria leaf spot,train/Tomato Septoria leaf spot/SeptoriaLeaf_T3.jpg,Tomato Septoria leaf spot/01684_43ce6333bcf08abd.jpg,43ce6333bcf08abd6f0e4a868ba76bd5fdcd3630e17fbd604affbde0501456e0,a9cc869494969ce4,JPEG,RGB,400,266,22734,original,APPROVED_CANDIDATE
PlantDoc,5467f6012d78d1c446145d5f582da6096f852ae8,training_candidate,Tomato Septoria leaf spot,MATCHED,Tomato Septoria leaf spot,train/Tomato Septoria leaf spot/SeptoriaTomato-B.jpg,Tomato Septoria leaf spot/01685_d7957bbfdb523ab7.jpg,d7957bbfdb523ab71b498b00787dbb799c4da9990513fc80defa6094a79738f0,1286865add1c9aa3,JPEG,RGB,3095,2455,2013657,original,APPROVED_CANDIDATE
PlantDoc,5467f6012d78d1c446145d5f582da6096f852ae8,training_candidate,Tomato Septoria leaf spot,MATCHED,Tomato Septoria leaf spot,train/Tomato Septoria leaf spot/Septoria_Leaf_Spot.jpg,Tomato Septoria leaf spot/01686_3cd0b232de9ffb2e.jpg,3cd0b232de9ffb2e3e7e4f49e3356c1ecfac43a7608d8e88b11efff11f2b00e4,5b1331f193cccc73,JPEG,RGB,208,228,57847,original,APPROVED_CANDIDATE
PlantDoc,5467f6012d78d1c446145d5f582da6096f852ae8,training_candidate,Tomato Septoria leaf spot,MATCHED,Tomato Septoria leaf spot,train/Tomato Septoria leaf spot/Septoria_Leaf_Spot_of_Tomato186.jpg,Tomato Septoria leaf spot/01687_4874eb88f8544a40.jpg,4874eb88f8544a40f723bec845086b8c471c353eb13685966c394950804cffb7,40ca8e9f9f8d2531,JPEG,RGB,800,533,188291,original,APPROVED_CANDIDATE
PlantDoc,5467f6012d78d1c446145d5f582da6096f852ae8,training_candidate,Tomato Septoria leaf spot,MATCHED,Tomato Septoria leaf spot,train/Tomato Septoria leaf spot/Septoria_Leaf_Spot_of_Tomato187.jpg,Tomato Septoria leaf spot/01688_38f5baba91e3ea14.jpg,38f5baba91e3ea14c45f02f1320137375db422c77eec313f44ad1c4bd99687e5,21438e0b2b1d170f,JPEG,RGB,800,600,56913,original,APPROVED_CANDIDATE
PlantDoc,5467f6012d78d1c446145d5f582da6096f852ae8,training_candidate,Tomato Septoria leaf spot,MATCHED,Tomato Septoria leaf spot,train/Tomato Septoria leaf spot/Septoria_Leaf_Spot_of_Tomato2241-450x300.jpg,Tomato Septoria leaf spot/01689_3a39d339478fc548.jpg,3a39d339478fc54847452cf6421ff93a8f7b4327eb138f89ddc5dc450f7ffca2,f6bd8d1d1f9e3e6e,JPEG,RGB,450,300,29319,original,APPROVED_CANDIDATE
PlantDoc,5467f6012d78d1c446145d5f582da6096f852ae8,training_candidate,Tomato Septoria leaf spot,MATCHED,Tomato Septoria leaf spot,train/Tomato Septoria leaf spot/Septoria_leaf_spot_tomato.jpg,Tomato Septoria leaf spot/01690_e44feb48461d2cea.jpg,e44feb48461d2cea164b0f093f991497031d0584105580b443b7ef0f18bd0aad,e4a4f6b6e6f2f9b0,JPEG,RGB,360,314,37674,original,APPROVED_CANDIDATE
PlantDoc,5467f6012d78d1c446145d5f582da6096f852ae8,training_candidate,Tomato Septoria leaf spot,MATCHED,Tomato Septoria leaf spot,train/Tomato Septoria leaf spot/Septoria_tomato_Margaret%20B_p8170755_0002_25004.jpg,Tomato Septoria leaf spot/01691_16b0c318d4b26a84.jpg,16b0c318d4b26a84aa8d974f97cd5abe30aa5500b55ac38d6b9f8daa66624060,0293743d4c444b1b,JPEG,RGB,600,400,88777,original,APPROVED_CANDIDATE
PlantDoc,5467f6012d78d1c446145d5f582da6096f852ae8,training_candidate,Tomato Septoria leaf spot,MATCHED,Tomato Septoria leaf spot,train/Tomato Septoria leaf spot/Tom_Sept1.jpg,Tomato Septoria leaf spot/01692_fce1bfc413bec680.jpg,fce1bfc413bec680efb6f36a57ef8ceb673c09a716b1ffbb26d55dcda2a1b0a2,8b9b90910d0d1e1a,JPEG,RGB,400,267,20901,original,APPROVED_CANDIDATE
PlantDoc,5467f6012d78d1c446145d5f582da6096f852ae8,training_candidate,Tomato Septoria leaf spot,MATCHED,Tomato Septoria leaf spot,train/Tomato Septoria leaf spot/Tom_Sept4.jpg,Tomato Septoria leaf spot/01693_781b001024db4b35.jpg,781b001024db4b35faae565d77d489006090d3ed9b75b26ac09020ed1b43b6e1,4c49c8c8c8c849d3,JPEG,RGB,400,276,23428,original,APPROVED_CANDIDATE
PlantDoc,5467f6012d78d1c446145d5f582da6096f852ae8,training_candidate,Tomato Septoria leaf spot,MATCHED,Tomato Septoria leaf spot,train/Tomato Septoria leaf spot/Tomato%20bacterial%20spot%20closeup-050S.JPG.jpg,Tomato Septoria leaf spot/01694_9a83f0507e08947c.jpg,9a83f0507e08947cb4c6563ba4b080d32bfec11253d66292c0241cbed810f458,752718f0852b532b,JPEG,RGB,640,480,58983,original,NEEDS_MANUAL_REVIEW
PlantDoc,5467f6012d78d1c446145d5f582da6096f852ae8,training_candidate,Tomato Septoria leaf spot,MATCHED,Tomato Septoria leaf spot,train/Tomato Septoria leaf spot/Tomato+Problems+Septoria+Leaf+Spot.jpg,Tomato Septoria leaf spot/01695_44fa15ec1a60faa0.jpg,44fa15ec1a60faa07d2e1b36692d07d9050716503ce2746a8a1cb1d982477a45,6890101490909098,JPEG,RGB,960,720,119091,original,APPROVED_CANDIDATE
PlantDoc,5467f6012d78d1c446145d5f582da6096f852ae8,training_candidate,Tomato Septoria leaf spot,MATCHED,Tomato Septoria leaf spot,train/Tomato Septoria leaf spot/Tomato+leaf+spot2.jpg,Tomato Septoria leaf spot/01696_b74478400d645250.jpg,b74478400d645250748d20ab0e829d5bb9a94d90e8d8c342d6be21902cc27e74,b90e1f1d19319dab,JPEG,RGB,612,723,234237,original,APPROVED_CANDIDATE
PlantDoc,5467f6012d78d1c446145d5f582da6096f852ae8,training_candidate,Tomato Septoria leaf spot,MATCHED,Tomato Septoria leaf spot,train/Tomato Septoria leaf spot/TomatoDisease_IMG_2744_2016Jul01_original.JPG?1472858324.jpg,Tomato Septoria leaf spot/01697_e3e94ea07f305a84.jpg,e3e94ea07f305a84b93b7f7e57a23348b0da059268cc369181fee32b6774d55a,c7c7c52d339c3014,JPEG,RGB,2448,3264,3283577,original,APPROVED_CANDIDATE
PlantDoc,5467f6012d78d1c446145d5f582da6096f852ae8,training_candidate,Tomato Septoria leaf spot,MATCHED,Tomato Septoria leaf spot,train/Tomato Septoria leaf spot/Tomato_Septoria_Leaf_Spot.jpg,Tomato Septoria leaf spot/01698_a74386fd3264b6d4.jpg,a74386fd3264b6d486a5676e87a00f27b0ba135adb4545bb75a68027b9cc90ca,3656536b69914163,JPEG,RGB,523,418,42133,original,APPROVED_CANDIDATE
PlantDoc,5467f6012d78d1c446145d5f582da6096f852ae8,training_candidate,Tomato Septoria leaf spot,MATCHED,Tomato Septoria leaf spot,train/Tomato Septoria leaf spot/b54d0e40027ff5e90e8ba7e1e9abf9bd.jpg,Tomato Septoria leaf spot/01699_d4ac24bc0922e6a6.jpg,d4ac24bc0922e6a642cfa1395b82d656190694bcda7e6d542ed44abac2c4f2e5,2703031d974e5cbb,JPEG,RGB,200,150,8092,original,NEEDS_MANUAL_REVIEW
PlantDoc,5467f6012d78d1c446145d5f582da6096f852ae8,training_candidate,Tomato Septoria leaf spot,MATCHED,Tomato Septoria leaf spot,train/Tomato Septoria leaf spot/b6ca3f80-cc10-4d4f-be0d-771deb9a4969.jpeg.jpg,Tomato Septoria leaf spot/01700_25d74b6b33d681dd.jpg,25d74b6b33d681dde40ecc404b655510b1c2dc763006d90fa8996dd8be2c7afe,ba1e1e3e3b0d4cf1,JPEG,RGB,198,143,12478,original,APPROVED_CANDIDATE
PlantDoc,5467f6012d78d1c446145d5f582da6096f852ae8,training_candidate,Tomato Septoria leaf spot,MATCHED,Tomato Septoria leaf spot,train/Tomato Septoria leaf spot/bd0b83af4c5e4b739ccc6c36fa66f141.jpg,Tomato Septoria leaf spot/01701_8fa88f78ba5550cb.jpg,8fa88f78ba5550cb2047961bf4a2cbe4ad6c5b693fa6e2e654f4f1ed4928f50e,cccd7c3973c31e2c,JPEG,RGB,236,314,14431,original,APPROVED_CANDIDATE
PlantDoc,5467f6012d78d1c446145d5f582da6096f852ae8,training_candidate,Tomato Septoria leaf spot,MATCHED,Tomato Septoria leaf spot,train/Tomato Septoria leaf spot/bed-4-tomatoes-23jun13.jpg,Tomato Septoria leaf spot/01702_61a8eafc5f116c0e.jpg,61a8eafc5f116c0e2d3ce62852f92b587963fc4e29e627a7edff06513d992601,3b07ede30dc9cbc4,JPEG,RGB,2448,3264,4220428,original,APPROVED_CANDIDATE
PlantDoc,5467f6012d78d1c446145d5f582da6096f852ae8,training_candidate,Tomato Septoria leaf spot,MATCHED,Tomato Septoria leaf spot,train/Tomato Septoria leaf spot/bigseptoria01.jpg,Tomato Septoria leaf spot/01703_db163bfa9d2b5b1d.jpg,db163bfa9d2b5b1d5f8131ee30b76920c772c19f736a8f7357a042d5cb70e5e1,45c2d29d1f0e4d79,JPEG,RGB,442,298,59721,original,APPROVED_CANDIDATE
PlantDoc,5467f6012d78d1c446145d5f582da6096f852ae8,training_candidate,Tomato Septoria leaf spot,MATCHED,Tomato Septoria leaf spot,train/Tomato Septoria leaf spot/bnX8Q.jpg,Tomato Septoria leaf spot/01704_6f781eddf9d4c49b.jpg,6f781eddf9d4c49bde14649f8aeda483fd084719a2db3e551427b3778024e592,86d8c98a8bc9c9c9,JPEG,RGB,480,320,51303,original,APPROVED_CANDIDATE
PlantDoc,5467f6012d78d1c446145d5f582da6096f852ae8,training_candidate,Tomato Septoria leaf spot,MATCHED,Tomato Septoria leaf spot,train/Tomato Septoria leaf spot/caf212ccf4696675469a0beaa9e57213.jpg,Tomato Septoria leaf spot/01705_909e493ee0f14f47.jpg,909e493ee0f14f4757b15c40f19bac1e81ae6b639087c7a3945f657d88bc2397,97868c84ae8d4cec,JPEG,RGB,640,480,52076,original,NEEDS_MANUAL_REVIEW
PlantDoc,5467f6012d78d1c446145d5f582da6096f852ae8,training_candidate,Tomato Septoria leaf spot,MATCHED,Tomato Septoria leaf spot,train/Tomato Septoria leaf spot/classic-septoria.jpg,Tomato Septoria leaf spot/01706_5a55c2e3d902ce5f.jpg,5a55c2e3d902ce5f9f89d1c1918e5bea818e5d8aaf3b8631c4174d8beff6fa4f,6631336335969444,JPEG,RGB,2304,3072,3218431,original,APPROVED_CANDIDATE
PlantDoc,5467f6012d78d1c446145d5f582da6096f852ae8,training_candidate,Tomato Septoria leaf spot,MATCHED,Tomato Septoria leaf spot,train/Tomato Septoria leaf spot/closeup-of-tomato-leaf-y4af51-1024x768.jpg,Tomato Septoria leaf spot/01707_06e8b9439cdd4e28.jpg,06e8b9439cdd4e28381d8e489bbfc35683743155db055b668e5f91eb39333b1a,8d47919c5cde9a8f,JPEG,RGB,1024,768,163958,original,APPROVED_CANDIDATE
PlantDoc,5467f6012d78d1c446145d5f582da6096f852ae8,training_candidate,Tomato Septoria leaf spot,MATCHED,Tomato Septoria leaf spot,train/Tomato Septoria leaf spot/confused-early-blight-septoria-zoom.jpg,Tomato Septoria leaf spot/01708_8909bd2eaf63b0cd.jpg,8909bd2eaf63b0cd388d2e1fe230b63143559fb06351bd234856486eb4042dbe,df534a4f1f9f5e3a,JPEG,RGB,453,417,55290,original,APPROVED_CANDIDATE
PlantDoc,5467f6012d78d1c446145d5f582da6096f852ae8,training_candidate,Tomato Septoria leaf spot,MATCHED,Tomato Septoria leaf spot,train/Tomato Septoria leaf spot/early+blight+on+leaf+yel+halo+IMG_2313.JPG.jpg,Tomato Septoria leaf spot/01709_3503ea91ae5be3ef.jpg,3503ea91ae5be3ef0c70f9cfb8b4cb0a585ffd8497fdba7be3a2334a3cbb2025,810101224c60300e,JPEG,RGB,898,1600,237591,original,APPROVED_CANDIDATE
PlantDoc,5467f6012d78d1c446145d5f582da6096f852ae8,training_candidate,Tomato Septoria leaf spot,MATCHED,Tomato Septoria leaf spot,train/Tomato Septoria leaf spot/early-blight-septoria-ls-fig-3.jpg,Tomato Septoria leaf spot/01710_93c989d8551209bf.jpg,93c989d8551209bf34d4002ee9fae48ddbf6ab66fc3c27466c0473bcc7c0a2b7,3e1e0c9c3d745c4d,JPEG,RGB,1500,1125,1178259,original,EXCLUDE_FROM_TRAINING
PlantDoc,5467f6012d78d1c446145d5f582da6096f852ae8,training_candidate,Tomato Septoria leaf spot,MATCHED,Tomato Septoria leaf spot,train/Tomato Septoria leaf spot/eb56b488e349c2de423ab6afbcc4bd5b.jpg,Tomato Septoria leaf spot/01711_ed7bb3ffc6866a36.jpg,ed7bb3ffc6866a36df769b79f7e54b47c7c45fdd955f25170664236e9abf9f6a,ccdc5cbec664a4a6,JPEG,RGB,500,635,77469,original,NEEDS_MANUAL_REVIEW
PlantDoc,5467f6012d78d1c446145d5f582da6096f852ae8,training_candidate,Tomato Septoria leaf spot,MATCHED,Tomato Septoria leaf spot,train/Tomato Septoria leaf spot/gray-leaf-spot.jpg,Tomato Septoria leaf spot/01712_30489d7ecc6cea95.jpg,30489d7ecc6cea95f58ffc7e286aba175a38b1c11ca4cc521bb17e667f9356b3,652e2325266bc6d3,JPEG,RGB,205,300,18653,original,NEEDS_MANUAL_REVIEW
PlantDoc,5467f6012d78d1c446145d5f582da6096f852ae8,training_candidate,Tomato Septoria leaf spot,MATCHED,Tomato Septoria leaf spot,train/Tomato Septoria leaf spot/img_6564.jpg,Tomato Septoria leaf spot/01713_c89cbf218f481c91.jpg,c89cbf218f481c914a1ac65226f540c1acd7db1f6ffb496a94d85610f482ab51,192545d28ccd899f,JPEG,RGB,3612,2365,5827001,original,APPROVED_CANDIDATE
PlantDoc,5467f6012d78d1c446145d5f582da6096f852ae8,training_candidate,Tomato Septoria leaf spot,MATCHED,Tomato Septoria leaf spot,train/Tomato Septoria leaf spot/leafspot-5aba8283642dca003687f6fa.jpg,Tomato Septoria leaf spot/01714_0a6432ca76944dc5.jpg,0a6432ca76944dc5fa8c7dd644914dd64b05a776131a27f5d9960c53ea97861a,3a2b492ca72b3b16,JPEG,RGB,425,424,35223,original,APPROVED_CANDIDATE
PlantDoc,5467f6012d78d1c446145d5f582da6096f852ae8,training_candidate,Tomato Septoria leaf spot,MATCHED,Tomato Septoria leaf spot,train/Tomato Septoria leaf spot/septoria+leaf+spota.jpg,Tomato Septoria leaf spot/01715_f7754135ce40bc78.jpg,f7754135ce40bc781997056901d752f942440f3021bec21239fddc3bc910ca20,0380899ddc9c9e9c,JPEG,RGB,1200,630,92562,original,APPROVED_CANDIDATE
PlantDoc,5467f6012d78d1c446145d5f582da6096f852ae8,training_candidate,Tomato Septoria leaf spot,MATCHED,Tomato Septoria leaf spot,train/Tomato Septoria leaf spot/septoria+on+rudbeckia.jpg,Tomato Septoria leaf spot/01716_0383527063025378.jpg,0383527063025378f7d6d254e2039dacbb9dd4a0b9557541a8535131a702ca5e,033371998a8e2d0d,JPEG,RGB,1200,630,222305,original,APPROVED_CANDIDATE
PlantDoc,5467f6012d78d1c446145d5f582da6096f852ae8,training_candidate,Tomato Septoria leaf spot,MATCHED,Tomato Septoria leaf spot,train/Tomato Septoria leaf spot/septoria+tomato.jpg,Tomato Septoria leaf spot/01717_77aa542226cc8a1d.jpg,77aa542226cc8a1d56ad3107ecdeb16a3fa38936c943ea2c14d4ca69672e53dc,18363373636a2868,JPEG,RGB,600,367,86081,original,APPROVED_CANDIDATE
PlantDoc,5467f6012d78d1c446145d5f582da6096f852ae8,training_candidate,Tomato Septoria leaf spot,MATCHED,Tomato Septoria leaf spot,train/Tomato Septoria leaf spot/septoria-leaf-spot-2.jpg,Tomato Septoria leaf spot/01718_3f38afcd692bc834.jpg,3f38afcd692bc834ca115fddd0d5f6711fe135ad155d38a0da7ea51743a29303,99188ce06a0d0909,JPEG,RGB,250,250,21482,original,APPROVED_CANDIDATE
PlantDoc,5467f6012d78d1c446145d5f582da6096f852ae8,training_candidate,Tomato Septoria leaf spot,MATCHED,Tomato Septoria leaf spot,train/Tomato Septoria leaf spot/septoria-leaf-spot-in-tomatoes.jpg,Tomato Septoria leaf spot/01719_aa232349743dbaf8.jpg,aa232349743dbaf811d19e952b01a883f79e2a701ff030fbce52f2a4d8ecc279,210d8c56f682ca4c,JPEG,RGB,600,900,86794,original,APPROVED_CANDIDATE
PlantDoc,5467f6012d78d1c446145d5f582da6096f852ae8,training_candidate,Tomato Septoria leaf spot,MATCHED,Tomato Septoria leaf spot,train/Tomato Septoria leaf spot/septoria-leaf-spot-on-tomato-1.jpg,Tomato Septoria leaf spot/01720_512395a4bf57a26d.jpg,512395a4bf57a26d61d905ed8abac9f2b8abdcb77a91ada0369ced54db7b45f0,c68458586161e1d3,JPEG,RGB,2996,3070,2309676,original,APPROVED_CANDIDATE
PlantDoc,5467f6012d78d1c446145d5f582da6096f852ae8,training_candidate,Tomato Septoria leaf spot,MATCHED,Tomato Septoria leaf spot,train/Tomato Septoria leaf spot/septoria-leaf-spot-tomato-1.jpg,Tomato Septoria leaf spot/01721_c2df9ef9cc05534a.jpg,c2df9ef9cc05534ad4855678f62bfe9d5312aa9dc0e53c0c5e8f5b13f69ab713,b93bd2fb9757d752,JPEG,RGB,300,200,15278,original,APPROVED_CANDIDATE
PlantDoc,5467f6012d78d1c446145d5f582da6096f852ae8,training_candidate,Tomato Septoria leaf spot,MATCHED,Tomato Septoria leaf spot,train/Tomato Septoria leaf spot/septoria-leaf-spot-tomatoes1x2400-17g2jzo.jpg,Tomato Septoria leaf spot/01722_6777b30efc94f214.jpg,6777b30efc94f2146669dac0f018912297da34cb0f8ecdcdf09655cdfe8aff3b,3861f29030787173,JPEG,RGB,2400,2205,2833976,original,APPROVED_CANDIDATE
PlantDoc,5467f6012d78d1c446145d5f582da6096f852ae8,training_candidate,Tomato Septoria leaf spot,MATCHED,Tomato Septoria leaf spot,train/Tomato Septoria leaf spot/septoria-leaf-spot-tomatoes2x2400-202yoxg.jpg,Tomato Septoria leaf spot/01723_880b93d1744261e8.jpg,880b93d1744261e885dd9827b55d60e330b521bda7a3c728c97921af986cf079,9286cd29c45c4c2f,JPEG,RGB,2400,2285,2650102,original,APPROVED_CANDIDATE
PlantDoc,5467f6012d78d1c446145d5f582da6096f852ae8,training_candidate,Tomato Septoria leaf spot,MATCHED,Tomato Septoria leaf spot,train/Tomato Septoria leaf spot/septoria-leaf-spot-treatment-leaf-spot-septoria-leaf-spot-soil-treatment-septoria-leaf-spot-tomato-organic-treatment.jpg,Tomato Septoria leaf spot/01724_8a1376011a0a8f09.jpg,8a1376011a0a8f09b29b6146b41bffdd225500a9ec3defdfb017db64d4ca9dc3,1700208002000707,JPEG,RGB,550,586,46598,original,APPROVED_CANDIDATE
PlantDoc,5467f6012d78d1c446145d5f582da6096f852ae8,training_candidate,Tomato Septoria leaf spot,MATCHED,Tomato Septoria leaf spot,train/Tomato Septoria leaf spot/septoria-leafspot-on-tomato-leaf-rp-c.jpg,Tomato Septoria leaf spot/01725_c1063a7a2fc3a62e.jpg,c1063a7a2fc3a62e77fc2ea93ac9dd63f71834d04bcbafe4394c214d60b2385c,ff775b4d3e9f5f34,JPEG,RGB,1861,1481,651334,original,APPROVED_CANDIDATE
PlantDoc,5467f6012d78d1c446145d5f582da6096f852ae8,training_candidate,Tomato Septoria leaf spot,MATCHED,Tomato Septoria leaf spot,train/Tomato Septoria leaf spot/septoria-lycopersici-ascomycota-common-fungal-leaf-disease-of-tomato-picture-id128110611.jpg,Tomato Septoria leaf spot/01726_eec8c9e2c33d1528.jpg,eec8c9e2c33d152882a9fcfbdba4c283ada9d8c999da31fbd5e244e08c59dbf2,ec8fa72f0b274ece,JPEG,RGB,686,1024,426393,original,APPROVED_CANDIDATE
PlantDoc,5467f6012d78d1c446145d5f582da6096f852ae8,training_candidate,Tomato Septoria leaf spot,MATCHED,Tomato Septoria leaf spot,train/Tomato Septoria leaf spot/septoria-tomato-leaf.jpg,Tomato Septoria leaf spot/01727_4706b8019fde4af3.jpg,4706b8019fde4af3189329ed50f24e0925b4609a667266b0697effa446601f01,932d367323263d49,JPEG,RGB,300,206,11227,original,APPROVED_CANDIDATE
PlantDoc,5467f6012d78d1c446145d5f582da6096f852ae8,training_candidate,Tomato Septoria leaf spot,MATCHED,Tomato Septoria leaf spot,train/Tomato Septoria leaf spot/septoria2_600px.jpg,Tomato Septoria leaf spot/01728_c272a95b8dba8347.jpg,c272a95b8dba8347ca7e4a69eec79e1f0aee9f1e912199249610b220d6e80e6b,53d3d3e270383373,JPEG,RGB,600,450,55849,original,APPROVED_CANDIDATE
PlantDoc,5467f6012d78d1c446145d5f582da6096f852ae8,training_candidate,Tomato Septoria leaf spot,MATCHED,Tomato Septoria leaf spot,train/Tomato Septoria leaf spot/septoria3.jpg,Tomato Septoria leaf spot/01729_a993f6dd6a40c5b1.jpg,a993f6dd6a40c5b1c83ffd08cd9ebd3375046698775efaafc539a5decc12e99e,5393aa871225839f,JPEG,RGB,562,363,119573,original,APPROVED_CANDIDATE
PlantDoc,5467f6012d78d1c446145d5f582da6096f852ae8,training_candidate,Tomato Septoria leaf spot,MATCHED,Tomato Septoria leaf spot,train/Tomato Septoria leaf spot/septoria5.jpg,Tomato Septoria leaf spot/01730_9d7f86bc562cc7dc.jpg,9d7f86bc562cc7dc2bcf670c807bd0ea95027da0a8c36b26f0737fd343d09445,77979f1e1e9e1f6c,JPEG,RGB,564,381,95578,original,APPROVED_CANDIDATE
PlantDoc,5467f6012d78d1c446145d5f582da6096f852ae8,training_candidate,Tomato Septoria leaf spot,MATCHED,Tomato Septoria leaf spot,train/Tomato Septoria leaf spot/septoria_leaf_spot_of_tomato-1500x750.jpg,Tomato Septoria leaf spot/01731_013981224e179d72.jpg,013981224e179d72c1538f59b7a226d2c7178d2bc4de61980db2d270ec74f3c9,26adcbdbcc4c6c4e,JPEG,RGB,1500,750,77399,original,APPROVED_CANDIDATE
PlantDoc,5467f6012d78d1c446145d5f582da6096f852ae8,training_candidate,Tomato Septoria leaf spot,MATCHED,Tomato Septoria leaf spot,train/Tomato Septoria leaf spot/septoria_tom_leaves1x1200.jpg,Tomato Septoria leaf spot/01732_c0ab32776c34a75a.jpg,c0ab32776c34a75a9a3bbc6f77f534f4dce0391046d8d0ca7ea57832469ea63f,a6b3cc9d97c3a303,JPEG,RGB,1200,1785,579588,original,APPROVED_CANDIDATE
PlantDoc,5467f6012d78d1c446145d5f582da6096f852ae8,training_candidate,Tomato Septoria leaf spot,MATCHED,Tomato Septoria leaf spot,train/Tomato Septoria leaf spot/septoria_tom_seedlings2x1200.jpg,Tomato Septoria leaf spot/01733_d709e378ca9bebb0.jpg,d709e378ca9bebb0492478c3648dd4675734ffbf06ccf40b8a5c39d9cecaab9a,e0c0cc76686426ba,JPEG,RGB,1200,900,303505,original,APPROVED_CANDIDATE
PlantDoc,5467f6012d78d1c446145d5f582da6096f852ae8,training_candidate,Tomato Septoria leaf spot,MATCHED,Tomato Septoria leaf spot,train/Tomato Septoria leaf spot/septoria_tom_seedlings5x1200.jpg,Tomato Septoria leaf spot/01734_c75c37f3f902135a.jpg,c75c37f3f902135a83735384659e2c2ecc233f999058bafffb96a50f05c5100a,76c283c1e20c6506,JPEG,RGB,1200,1017,381244,original,APPROVED_CANDIDATE
PlantDoc,5467f6012d78d1c446145d5f582da6096f852ae8,training_candidate,Tomato Septoria leaf spot,MATCHED,Tomato Septoria leaf spot,train/Tomato Septoria leaf spot/septoria_tomato.jpg,Tomato Septoria leaf spot/01735_e1a4559a490c394e.jpg,e1a4559a490c394e462b337028431b7db2345e348062e0d44bc7a80d2202d43c,a9685d9c3ddfb776,JPEG,RGB,1200,881,318745,original,APPROVED_CANDIDATE
PlantDoc,5467f6012d78d1c446145d5f582da6096f852ae8,training_candidate,Tomato Septoria leaf spot,MATCHED,Tomato Septoria leaf spot,train/Tomato Septoria leaf spot/septorialeafspot.jpg,Tomato Septoria leaf spot/01736_0ddc3ea895962352.jpg,0ddc3ea8959623524a385f58f77992ca5f93e71fbfb787bc91333ac067c5d95a,f8dade97c260a480,JPEG,RGB,300,305,25791,original,APPROVED_CANDIDATE
PlantDoc,5467f6012d78d1c446145d5f582da6096f852ae8,training_candidate,Tomato Septoria leaf spot,MATCHED,Tomato Septoria leaf spot,train/Tomato Septoria leaf spot/septorialeafspot2.jpg,Tomato Septoria leaf spot/01737_6f0d00fbc5b1c97c.jpg,6f0d00fbc5b1c97c4a79d8e4b9f071ccca7763f25e02b5115f0e52d8fa132e46,b1706cecdec8a0c2,JPEG,RGB,300,579,36973,original,APPROVED_CANDIDATE
PlantDoc,5467f6012d78d1c446145d5f582da6096f852ae8,training_candidate,Tomato Septoria leaf spot,MATCHED,Tomato Septoria leaf spot,train/Tomato Septoria leaf spot/septorialycopersici_small.jpg,Tomato Septoria leaf spot/01738_c1f4d67c957f396e.jpg,c1f4d67c957f396e859e4bab3ea560b018ee1f2da1c6037804146c00fb425d2f,04e0b0e4e2e2eafb,JPEG,RGB,1000,676,646632,original,APPROVED_CANDIDATE
PlantDoc,5467f6012d78d1c446145d5f582da6096f852ae8,training_candidate,Tomato Septoria leaf spot,MATCHED,Tomato Septoria leaf spot,train/Tomato Septoria leaf spot/slide21-n.jpg,Tomato Septoria leaf spot/01739_adcd00de1adbc1bb.jpg,adcd00de1adbc1bbd8ed0bf186c869af3888f7530ec3705fc6ed3d9e2b0317f2,ccf9f1e1e9e9c9c1,JPEG,RGB,720,540,37536,original,APPROVED_CANDIDATE
PlantDoc,5467f6012d78d1c446145d5f582da6096f852ae8,training_candidate,Tomato Septoria leaf spot,MATCHED,Tomato Septoria leaf spot,train/Tomato Septoria leaf spot/sls1.jpg,Tomato Septoria leaf spot/01740_094fcb904432cbf8.jpg,094fcb904432cbf854ac6691409fee5591aade7d7434112ba823e09ff2c59759,cbcf9e9697070367,JPEG,RGB,160,200,45075,original,APPROVED_CANDIDATE
PlantDoc,5467f6012d78d1c446145d5f582da6096f852ae8,training_candidate,Tomato Septoria leaf spot,MATCHED,Tomato Septoria leaf spot,train/Tomato Septoria leaf spot/tomato%2Bseptoria%2Bleaf%2Bspot2.JPG.jpg,Tomato Septoria leaf spot/01741_9f4f2b0a754f55cd.jpg,9f4f2b0a754f55cdeae8a4a44c0b978d31119b901db7d07902afe1ac210c9bf2,73a4403899b12327,JPEG,RGB,1600,1200,280587,original,APPROVED_CANDIDATE
PlantDoc,5467f6012d78d1c446145d5f582da6096f852ae8,training_candidate,Tomato Septoria leaf spot,MATCHED,Tomato Septoria leaf spot,train/Tomato Septoria leaf spot/tomato-badleaves.jpg,Tomato Septoria leaf spot/01742_be07cf2488183e3b.jpg,be07cf2488183e3b3d9d65acaf25482f69ddcd5aa49201975902c043779c8883,db9c3655b5674d8c,JPEG,RGB,1280,960,299176,original,APPROVED_CANDIDATE
PlantDoc,5467f6012d78d1c446145d5f582da6096f852ae8,training_candidate,Tomato Septoria leaf spot,MATCHED,Tomato Septoria leaf spot,train/Tomato Septoria leaf spot/tomato-blight-treatment-blight.jpg,Tomato Septoria leaf spot/01743_e1f6af6a0bea097b.jpg,e1f6af6a0bea097bf8c35931904c8def0b9c20305e57df6ea432223a31108095,0a284c74328a8689,JPEG,RGB,800,600,69799,original,NEEDS_MANUAL_REVIEW
PlantDoc,5467f6012d78d1c446145d5f582da6096f852ae8,training_candidate,Tomato Septoria leaf spot,MATCHED,Tomato Septoria leaf spot,train/Tomato Septoria leaf spot/tomato-disease-septoria-leaf-spot-d7e1x9.jpg,Tomato Septoria leaf spot/01744_5f2ebb041e3413ff.jpg,5f2ebb041e3413ffaba7b1308462732345bd25c7aab85db90f54e2783ddeec07,376f8e8f174dc9e2,JPEG,RGB,346,540,74324,original,APPROVED_CANDIDATE
PlantDoc,5467f6012d78d1c446145d5f582da6096f852ae8,training_candidate,Tomato Septoria leaf spot,MATCHED,Tomato Septoria leaf spot,train/Tomato Septoria leaf spot/tomato-disease-septoria-leaf-spot-d7e1xe.jpg,Tomato Septoria leaf spot/01745_2219b3e25a8ecdca.jpg,2219b3e25a8ecdca38d2e8cde9580ce658379857458fc1f1c85aa74eea99fbce,5c66239129cd8abb,JPEG,RGB,300,470,52816,original,APPROVED_CANDIDATE
PlantDoc,5467f6012d78d1c446145d5f582da6096f852ae8,training_candidate,Tomato Septoria leaf spot,MATCHED,Tomato Septoria leaf spot,train/Tomato Septoria leaf spot/tomato-disease-septoria-leaf-spot-d7e1xm.jpg,Tomato Septoria leaf spot/01746_1aab13079b63ee6f.jpg,1aab13079b63ee6f34a5d5a66299f2f5e945d1c9fae62c73e91b04558f2b6d12,528e8e96d252f2b1,JPEG,RGB,450,320,60276,original,APPROVED_CANDIDATE
PlantDoc,5467f6012d78d1c446145d5f582da6096f852ae8,training_candidate,Tomato Septoria leaf spot,MATCHED,Tomato Septoria leaf spot,train/Tomato Septoria leaf spot/tomato-diseases-1-638.jpg,Tomato Septoria leaf spot/01747_b967e48f77bd6ebe.jpg,b967e48f77bd6ebe103b0d8eff61a7aad1d35409ec83f7f721b775fe87829017,fff2b0b3337bf77c,JPEG,RGB,638,479,79437,original,APPROVED_CANDIDATE
PlantDoc,5467f6012d78d1c446145d5f582da6096f852ae8,training_candidate,Tomato Septoria leaf spot,MATCHED,Tomato Septoria leaf spot,train/Tomato Septoria leaf spot/tomato-early-blight-e1437503226856.jpg,Tomato Septoria leaf spot/01748_5e472048573ab64f.jpg,5e472048573ab64f5163fa321e78bfa7452c319d57212bb684bb4c44689e1e7d,5a11a745cb2796c7,JPEG,RGB,800,642,133798,original,APPROVED_CANDIDATE
PlantDoc,5467f6012d78d1c446145d5f582da6096f852ae8,training_candidate,Tomato Septoria leaf spot,MATCHED,Tomato Septoria leaf spot,train/Tomato Septoria leaf spot/tomato-leaf-spot-septoria-lycopersici-leaf-spotting-on-tomato-at9jap.jpg,Tomato Septoria leaf spot/01749_54bd8046658573fd.jpg,54bd8046658573fda3872cc82db065dd5559e8ea8cbf86fdf26bd3eadbfa311c,2e068e1e8e4606f6,JPEG,RGB,452,540,55418,original,APPROVED_CANDIDATE
PlantDoc,5467f6012d78d1c446145d5f582da6096f852ae8,training_candidate,Tomato Septoria leaf spot,MATCHED,Tomato Septoria leaf spot,train/Tomato Septoria leaf spot/tomato-leaf-spot-septoria-lycopersici-on-a-tomato-leaflet-acg9j5.jpg,Tomato Septoria leaf spot/01750_0d1dea67bf02b999.jpg,0d1dea67bf02b999b809385822443304782fb15f47c184d10ac23936fe0dbf88,8e86169686860c98,JPEG,RGB,446,540,55943,original,APPROVED_CANDIDATE
PlantDoc,5467f6012d78d1c446145d5f582da6096f852ae8,training_candidate,Tomato Septoria leaf spot,MATCHED,Tomato Septoria leaf spot,train/Tomato Septoria leaf spot/tomato-plant-is-infected-with-septoria-leaf-spot-1.jpg,Tomato Septoria leaf spot/01751_e409a55ef9717eeb.jpg,e409a55ef9717eeb960e447354dc3e90ceb6adfcf89193a8c984d254d8b4d4b0,cb2b59589c983424,JPEG,RGB,720,720,106744,original,APPROVED_CANDIDATE
PlantDoc,5467f6012d78d1c446145d5f582da6096f852ae8,training_candidate,Tomato Septoria leaf spot,MATCHED,Tomato Septoria leaf spot,train/Tomato Septoria leaf spot/tomato-plant-is-infected-with-septoria-leaf-spot.jpg,Tomato Septoria leaf spot/01752_1ce5964076a5b102.jpg,1ce5964076a5b102e0e10e3d9062853960710b3e6c2f8711dd493e5a4629a499,1c9d8c8c4c652d25,JPEG,RGB,3054,2036,623968,original,APPROVED_CANDIDATE
PlantDoc,5467f6012d78d1c446145d5f582da6096f852ae8,training_candidate,Tomato Septoria leaf spot,MATCHED,Tomato Septoria leaf spot,train/Tomato Septoria leaf spot/tomato-septoria-3-500x384.jpg,Tomato Septoria leaf spot/01753_46884e0ed799561e.jpg,46884e0ed799561eb222f9947328edb85bad1f147bf033db1c3dbe4cfb39302c,4c121a3fdd2e0f2f,JPEG,RGB,500,384,56175,original,NEEDS_MANUAL_REVIEW
PlantDoc,5467f6012d78d1c446145d5f582da6096f852ae8,training_candidate,Tomato Septoria leaf spot,MATCHED,Tomato Septoria leaf spot,train/Tomato Septoria leaf spot/tomato-septoria-3.jpg,Tomato Septoria leaf spot/01754_94dddabc3c29835b.jpg,94dddabc3c29835b9e2be96cf6a12440606c98ffa45aeb890369cd2434f6c287,4c121a3fdd2e0f2f,JPEG,RGB,1497,1152,408072,original,NEEDS_MANUAL_REVIEW
PlantDoc,5467f6012d78d1c446145d5f582da6096f852ae8,training_candidate,Tomato Septoria leaf spot,MATCHED,Tomato Septoria leaf spot,train/Tomato Septoria leaf spot/tomato-septoria-5-500x384.jpg,Tomato Septoria leaf spot/01755_2ad392423ff27602.jpg,2ad392423ff2760273e25387b398bf5e8118271879938be8b20643a55ca8d355,c94b0321a36f4f1e,JPEG,RGB,500,384,62769,original,NEEDS_MANUAL_REVIEW
PlantDoc,5467f6012d78d1c446145d5f582da6096f852ae8,training_candidate,Tomato Septoria leaf spot,MATCHED,Tomato Septoria leaf spot,train/Tomato Septoria leaf spot/tomato-septoria-5.jpg,Tomato Septoria leaf spot/01756_6dbdb4f99a753319.jpg,6dbdb4f99a7533193d70ebf7fdcabbacfcd3693a0a39546cde879a46b7ce8db5,c94b0321a36f4e16,JPEG,RGB,1500,1154,392709,original,NEEDS_MANUAL_REVIEW
PlantDoc,5467f6012d78d1c446145d5f582da6096f852ae8,training_candidate,Tomato Septoria leaf spot,MATCHED,Tomato Septoria leaf spot,train/Tomato Septoria leaf spot/tomato-septoria-leaf-spot--.jpg,Tomato Septoria leaf spot/01757_5de1dbc9ed87ae67.jpg,5de1dbc9ed87ae6713ba606b8852c0ffa3a7093e5bc05dcc11e5787041ea7258,6a9391f1f4b0e99a,JPEG,RGB,1200,900,688426,original,APPROVED_CANDIDATE
PlantDoc,5467f6012d78d1c446145d5f582da6096f852ae8,training_candidate,Tomato Septoria leaf spot,MATCHED,Tomato Septoria leaf spot,train/Tomato Septoria leaf spot/tomato-septoria-leaf-spot-.jpg,Tomato Septoria leaf spot/01758_3c0500015b9ee00e.jpg,3c0500015b9ee00e6c4a40038ae26e4e4fb2a50ba1e566103315983aaafabd41,b39991f6f0b4b2a9,JPEG,RGB,593,261,168643,original,APPROVED_CANDIDATE
PlantDoc,5467f6012d78d1c446145d5f582da6096f852ae8,training_candidate,Tomato Septoria leaf spot,MATCHED,Tomato Septoria leaf spot,train/Tomato Septoria leaf spot/tomato-septoria-leaf-spot-600.jpg,Tomato Septoria leaf spot/01759_0c373447b7d4126c.jpg,0c373447b7d4126ce863e4469a6e7dd198d607593e49b1073b06f6831445bb21,7878783a3e3e9ccc,JPEG,RGB,480,480,33458,original,APPROVED_CANDIDATE
PlantDoc,5467f6012d78d1c446145d5f582da6096f852ae8,training_candidate,Tomato Septoria leaf spot,MATCHED,Tomato Septoria leaf spot,train/Tomato Septoria leaf spot/tomato-septoria-leaf-spot.jpg,Tomato Septoria leaf spot/01760_de4287f7e68678a4.jpg,de4287f7e68678a481d5f874f3fd05d89ac6360b108aff3f3da1b11242c7b37d,2d4c52ebcbd3f52f,JPEG,RGB,150,150,4481,original,APPROVED_CANDIDATE
PlantDoc,5467f6012d78d1c446145d5f582da6096f852ae8,training_candidate,Tomato Septoria leaf spot,MATCHED,Tomato Septoria leaf spot,train/Tomato Septoria leaf spot/tomato_V8.jpg,Tomato Septoria leaf spot/01761_e23a29c94b58aac2.jpg,e23a29c94b58aac28e92f57f95eb6f53e99c874323cb2b90ebd327085721574e,f3e9d9c68acb29b6,JPEG,RGB,350,260,14032,original,EXCLUDE_FROM_TRAINING
PlantDoc,5467f6012d78d1c446145d5f582da6096f852ae8,training_candidate,Tomato Septoria leaf spot,MATCHED,Tomato Septoria leaf spot,train/Tomato Septoria leaf spot/tomato_leaf_spots_1500x1500%253E.jpg,Tomato Septoria leaf spot/01762_c77e8a3e008d722d.jpg,c77e8a3e008d722dafba242e5022b6f04b6dec4761b3587e417051817c7c50fa,a566535b56cecdc9,JPEG,RGB,1500,848,372057,original,APPROVED_CANDIDATE
PlantDoc,5467f6012d78d1c446145d5f582da6096f852ae8,training_candidate,Tomato Septoria leaf spot,MATCHED,Tomato Septoria leaf spot,train/Tomato Septoria leaf spot/tomato_leaves_300x300%2523.jpg,Tomato Septoria leaf spot/01763_9338c8b6dc6cc536.jpg,9338c8b6dc6cc536e345651c17fb42edd947076b4373069cc83312335db8d02b,9a3226694a4bd1a5,JPEG,RGB,300,300,85803,original,APPROVED_CANDIDATE
PlantDoc,5467f6012d78d1c446145d5f582da6096f852ae8,training_candidate,Tomato Septoria leaf spot,MATCHED,Tomato Septoria leaf spot,train/Tomato Septoria leaf spot/tomato_septoria_05_zoom.jpg,Tomato Septoria leaf spot/01764_7f061bfb7c8595d2.jpg,7f061bfb7c8595d299768535fe9823c732ff536fcab1408b30c04fdd42477f91,25b6964c24542ebe,JPEG,RGB,900,598,191119,original,APPROVED_CANDIDATE
PlantDoc,5467f6012d78d1c446145d5f582da6096f852ae8,training_candidate,Tomato Septoria leaf spot,MATCHED,Tomato Septoria leaf spot,train/Tomato Septoria leaf spot/tomato_septoria_alternaria_1.jpg,Tomato Septoria leaf spot/01765_566a63d77cac3d5b.jpg,566a63d77cac3d5b7966f8909f0884e85e2af8b20775cad0e0bfce0d5b751d74,3c34362e7971f131,JPEG,RGB,450,291,174407,original,APPROVED_CANDIDATE
PlantDoc,5467f6012d78d1c446145d5f582da6096f852ae8,training_candidate,Tomato Septoria leaf spot,MATCHED,Tomato Septoria leaf spot,train/Tomato Septoria leaf spot/tomatofactsheet.png.png,Tomato Septoria leaf spot/01766_3b380dcb84fff7ab.png,3b380dcb84fff7ab23c6f1e9787ada18367e6fdeb5cd0fb2087cff6b1cdd08fb,cd69d8fc6aceeee7,PNG,RGBA,355,240,189111,original,NEEDS_MANUAL_REVIEW
PlantDoc,5467f6012d78d1c446145d5f582da6096f852ae8,training_candidate,Tomato Septoria leaf spot,MATCHED,Tomato Septoria leaf spot,train/Tomato Septoria leaf spot/tomatoseptorialeafspotjpg-788d20798a3c74e7.jpg,Tomato Septoria leaf spot/01767_0cc5e519d218ddfe.jpg,0cc5e519d218ddfee4f39bd575b1780a2f863ee13eb9e9dcba33f92af2a6c0d6,dd8d47571774698b,JPEG,RGB,2048,1406,577563,original,APPROVED_CANDIDATE
PlantDoc,5467f6012d78d1c446145d5f582da6096f852ae8,training_candidate,Tomato Septoria leaf spot,MATCHED,Tomato Septoria leaf spot,train/Tomato Septoria leaf spot/vdu-tomato-sept-eb-285x300.jpg,Tomato Septoria leaf spot/01768_311f28f1f5e8fef3.jpg,311f28f1f5e8fef327ea3c52051efd8266a3f97a16ab06575bef74469da8f2b4,06362b9b8f2a2a0c,JPEG,RGB,166,137,9503,original,APPROVED_CANDIDATE
PlantDoc,5467f6012d78d1c446145d5f582da6096f852ae8,training_candidate,Tomato Septoria leaf spot,MATCHED,Tomato Septoria leaf spot,train/Tomato Septoria leaf spot/web1_copy_tomato-septoria-leaf-spot4.jpg,Tomato Septoria leaf spot/01769_de7f200bceaa19c4.jpg,de7f200bceaa19c462e2e8ea63015eb2cc95ef37ff60192b4e02b4c5b261ec16,383a29d846455c75,JPEG,RGB,640,480,197471,original,APPROVED_CANDIDATE
PlantDoc,5467f6012d78d1c446145d5f582da6096f852ae8,training_candidate,Tomato Septoria leaf spot,MATCHED,Tomato Septoria leaf spot,train/Tomato Septoria leaf spot/x3-most-common-types-tomato-blight.jpg.pagespeed.ic.5cLJi6TXEi.jpg,Tomato Septoria leaf spot/01770_400c86fb37df6aac.jpg,400c86fb37df6aac292264d32dfaa2fd033daeb9016bf45cdb9ad33458b8b753,6a66b6850415393f,JPEG,RGB,651,619,80299,original,APPROVED_CANDIDATE
PlantDoc,5467f6012d78d1c446145d5f582da6096f852ae8,training_candidate,Tomato Septoria leaf spot,MATCHED,Tomato Septoria leaf spot,train/Tomato Septoria leaf spot/xgray-leaf-spot.jpg.pagespeed.ic.ltF8KfKtQ1.jpg,Tomato Septoria leaf spot/01771_4f57d8bbe3c87498.jpg,4f57d8bbe3c8749886cf792b5cfd0852d2fecd51ecfa85f21ee97ae5b339cfdd,652e2325266bc6d3,JPEG,RGB,205,300,17447,original,NEEDS_MANUAL_REVIEW
PlantDoc,5467f6012d78d1c446145d5f582da6096f852ae8,training_candidate,Tomato leaf bacterial spot,MATCHED,Tomato Bacterial spot,train/Tomato leaf bacterial spot/05-069f1.jpg,Tomato leaf bacterial spot/01772_af89fc57e6dc5f10.jpg,af89fc57e6dc5f105682bf3366e601e41406817bbea5afe180f3562b4aab5114,e5c633262685c4ce,JPEG,RGB,326,196,20376,original,APPROVED_CANDIDATE
PlantDoc,5467f6012d78d1c446145d5f582da6096f852ae8,training_candidate,Tomato leaf bacterial spot,MATCHED,Tomato Bacterial spot,train/Tomato leaf bacterial spot/05-069f12.jpg,Tomato leaf bacterial spot/01773_95a9c6ab4bf076ba.jpg,95a9c6ab4bf076ba3f77c11e0a5b65b5cbda0924990158ddf04e995e9ad9b6f5,7e37dbad1e5f1c35,JPEG,RGB,326,235,18221,original,APPROVED_CANDIDATE
PlantDoc,5467f6012d78d1c446145d5f582da6096f852ae8,training_candidate,Tomato leaf bacterial spot,MATCHED,Tomato Bacterial spot,train/Tomato leaf bacterial spot/05-069f9.jpg,Tomato leaf bacterial spot/01774_ef8fbeff2c3c0638.jpg,ef8fbeff2c3c0638d7b16a232fcb5983851b3df4ec9a44010912089fd7211316,6d9699932e6c671b,JPEG,RGB,326,234,17521,original,APPROVED_CANDIDATE
PlantDoc,5467f6012d78d1c446145d5f582da6096f852ae8,training_candidate,Tomato leaf bacterial spot,MATCHED,Tomato Bacterial spot,train/Tomato leaf bacterial spot/10-3-bacterial-speck-on-tomato-RON.jpg,Tomato leaf bacterial spot/01775_509fcba9727f69d6.jpg,509fcba9727f69d69bc217dbfa7e8203e67b4739b8ae836d0b1978f008d7960d,98c7051ed9ca9f4f,JPEG,RGB,350,236,17531,original,APPROVED_CANDIDATE
PlantDoc,5467f6012d78d1c446145d5f582da6096f852ae8,training_candidate,Tomato leaf bacterial spot,MATCHED,Tomato Bacterial spot,train/Tomato leaf bacterial spot/110608-01-8356c-lg.jpg,Tomato leaf bacterial spot/01776_73715afcb46446f6.jpg,73715afcb46446f61d12cf201809f158c1cc62f0578cbe1ed1a1ed42bc269125,1c0c1c3c9a8b33da,JPEG,RGB,823,1024,97572,original,APPROVED_CANDIDATE
PlantDoc,5467f6012d78d1c446145d5f582da6096f852ae8,training_candidate,Tomato leaf bacterial spot,MATCHED,Tomato Bacterial spot,train/Tomato leaf bacterial spot/13582051_f520.jpg,Tomato leaf bacterial spot/01777_81bac0a41b4adeb1.jpg,81bac0a41b4adeb1264055b30f0c3910c7e915880fac3e52b29b38ca612f8456,105468c38c8c4a6f,JPEG,RGB,520,693,77146,original,APPROVED_CANDIDATE
PlantDoc,5467f6012d78d1c446145d5f582da6096f852ae8,training_candidate,Tomato leaf bacterial spot,MATCHED,Tomato Bacterial spot,train/Tomato leaf bacterial spot/250?cb=20100819110637.jpg,Tomato leaf bacterial spot/01778_2d25dc83d793494f.jpg,2d25dc83d793494f55bd1174b7f196ea0dd8ea9a2750ff1f58ceb6ccd4ed73d8,0f1b397d79131b1f,JPEG,RGB,250,375,14850,original,APPROVED_CANDIDATE
PlantDoc,5467f6012d78d1c446145d5f582da6096f852ae8,training_candidate,Tomato leaf bacterial spot,MATCHED,Tomato Bacterial spot,train/Tomato leaf bacterial spot/266914753eb19d87b80567baed1a0f66.jpg,Tomato leaf bacterial spot/01779_430fd0b508350dcb.jpg,430fd0b508350dcb3013fb773ea273b4efb6c1abca487a8a0686537c33be5e24,53539b1f0f0f4fc9,JPEG,RGB,736,552,85362,original,APPROVED_CANDIDATE
PlantDoc,5467f6012d78d1c446145d5f582da6096f852ae8,training_candidate,Tomato leaf bacterial spot,MATCHED,Tomato Bacterial spot,train/Tomato leaf bacterial spot/30290.jpg,Tomato leaf bacterial spot/01780_d8227ac67f714be5.jpg,d8227ac67f714be5fe44607769df4b670dd60c3df698737b45560243c40be457,8ebc2f2f0e8f8e4c,JPEG,RGB,1532,956,104300,original,APPROVED_CANDIDATE
PlantDoc,5467f6012d78d1c446145d5f582da6096f852ae8,training_candidate,Tomato leaf bacterial spot,MATCHED,Tomato Bacterial spot,train/Tomato leaf bacterial spot/3182.jpg,Tomato leaf bacterial spot/01781_90b0a3c33a0bf595.jpg,90b0a3c33a0bf595acbac5748fd97854690b27a80ac95e1bbdc95c5c8955112f,8203c69a0b8b8c8e,JPEG,RGB,1024,436,62061,original,APPROVED_CANDIDATE
PlantDoc,5467f6012d78d1c446145d5f582da6096f852ae8,training_candidate,Tomato leaf bacterial spot,MATCHED,Tomato Bacterial spot,train/Tomato leaf bacterial spot/38849847120_7ae02bd6c3_b.jpg,Tomato leaf bacterial spot/01782_246e987e63742f34.jpg,246e987e63742f3418af56e388bdf5d2bcb0ebdf284b51aad750886714835294,2e9c4daecad1a707,JPEG,RGB,1023,1024,201876,original,APPROVED_CANDIDATE
PlantDoc,5467f6012d78d1c446145d5f582da6096f852ae8,training_candidate,Tomato leaf bacterial spot,MATCHED,Tomato Bacterial spot,train/Tomato leaf bacterial spot/39765006175_e2f0da764d_b.jpg,Tomato leaf bacterial spot/01783_6b0da82469b58b76.jpg,6b0da82469b58b768b1a49d0bb00f710b8b90aacdafc860f3b79afa3263217e6,0191a301495b4798,JPEG,RGB,1023,1024,175738,original,APPROVED_CANDIDATE
PlantDoc,5467f6012d78d1c446145d5f582da6096f852ae8,training_candidate,Tomato leaf bacterial spot,MATCHED,Tomato Bacterial spot,train/Tomato leaf bacterial spot/3bacterial-canker1.jpg,Tomato leaf bacterial spot/01784_6800aeb5aa057948.jpg,6800aeb5aa057948a5e35a81c86797c864cb8d640efd6c53b2e80c09bd7cd755,ebc39d981ddde573,JPEG,RGB,320,240,29540,original,APPROVED_CANDIDATE
PlantDoc,5467f6012d78d1c446145d5f582da6096f852ae8,training_candidate,Tomato leaf bacterial spot,MATCHED,Tomato Bacterial spot,train/Tomato leaf bacterial spot/4-6%20Keep%20bacterial%20diseasesMARY%20-%20D.jpg,Tomato leaf bacterial spot/01785_0c8e75f2dd9733a2.jpg,0c8e75f2dd9733a21bfcd21d947261f8cc3b775e6840c21098c8951b4f2b0f1e,9216a6a81e0d3656,JPEG,RGB,288,195,66826,original,APPROVED_CANDIDATE
PlantDoc,5467f6012d78d1c446145d5f582da6096f852ae8,training_candidate,Tomato leaf bacterial spot,MATCHED,Tomato Bacterial spot,train/Tomato leaf bacterial spot/5114949114265600-600x272.jpeg.jpg,Tomato leaf bacterial spot/01786_1d5bb4242bc6a971.jpg,1d5bb4242bc6a9717124e5604408b3d8bdbd76a8d4d9bcc463421a9116d447c6,68b9a39a1cbca4d1,JPEG,RGB,600,272,52975,original,APPROVED_CANDIDATE
PlantDoc,5467f6012d78d1c446145d5f582da6096f852ae8,training_candidate,Tomato leaf bacterial spot,MATCHED,Tomato Bacterial spot,train/Tomato leaf bacterial spot/59380.jpg,Tomato leaf bacterial spot/01787_39f304b8ca118c55.jpg,39f304b8ca118c553846dcb91e5b63e472fdc91531d907199f788973e703527f,242c686138483191,JPEG,RGB,500,297,19867,original,APPROVED_CANDIDATE
PlantDoc,5467f6012d78d1c446145d5f582da6096f852ae8,training_candidate,Tomato leaf bacterial spot,MATCHED,Tomato Bacterial spot,train/Tomato leaf bacterial spot/71c944d61b08f6373a9a38d3c250cb2e.jpg,Tomato leaf bacterial spot/01788_0e85c5a4ff44b49c.jpg,0e85c5a4ff44b49c58499db420b64865edb02dd2a9b0ed42658f836268c08a98,882794203091232f,JPEG,RGB,236,314,18647,original,APPROVED_CANDIDATE
PlantDoc,5467f6012d78d1c446145d5f582da6096f852ae8,training_candidate,Tomato leaf bacterial spot,MATCHED,Tomato Bacterial spot,train/Tomato leaf bacterial spot/BCH%20medium%20thumbnail%20for%20upload%20%2814%29.jpg,Tomato leaf bacterial spot/01789_89dfb16890bdf8ea.jpg,89dfb16890bdf8ea7730d3d1e928782389d4fb0da4a1c4da0d04126b73971aaf,a60824a0c1613554,JPEG,RGB,375,300,49086,original,NEEDS_MANUAL_REVIEW
PlantDoc,5467f6012d78d1c446145d5f582da6096f852ae8,training_candidate,Tomato leaf bacterial spot,MATCHED,Tomato Bacterial spot,train/Tomato leaf bacterial spot/BCH%20small%20thumbnail%20for%20upload%20%2814%29.jpg,Tomato leaf bacterial spot/01790_612630455bbc59fd.jpg,612630455bbc59fd566931f32feea6b0fc4dd6e7ae86f52155d3e46c55fc840b,a60824a0c1603554,JPEG,RGB,187,150,21379,original,NEEDS_MANUAL_REVIEW
PlantDoc,5467f6012d78d1c446145d5f582da6096f852ae8,training_candidate,Tomato leaf bacterial spot,MATCHED,Tomato Bacterial spot,train/Tomato leaf bacterial spot/Bacterial+Speck+-+Tomatoes.jpg,Tomato leaf bacterial spot/01791_8b3e1b52d29f9be2.jpg,8b3e1b52d29f9be2c3bc12faa448c74321693e51a20933a1f1fe552a97907140,0c0cdcb426325183,JPEG,RGB,350,263,18480,original,APPROVED_CANDIDATE
PlantDoc,5467f6012d78d1c446145d5f582da6096f852ae8,training_candidate,Tomato leaf bacterial spot,MATCHED,Tomato Bacterial spot,train/Tomato leaf bacterial spot/Bacterial+Spot+-+Tomatoes.jpg,Tomato leaf bacterial spot/01792_f452e56a7e9f2c56.jpg,f452e56a7e9f2c56264af79f08e03b712ea538db7e0db0a7a4a4933ade79df00,189890d8f0707262,JPEG,RGB,319,225,13662,original,APPROVED_CANDIDATE
PlantDoc,5467f6012d78d1c446145d5f582da6096f852ae8,training_candidate,Tomato leaf bacterial spot,MATCHED,Tomato Bacterial spot,train/Tomato leaf bacterial spot/Bacterial-Leaf-Spot-2.jpg,Tomato leaf bacterial spot/01793_8fd0680f224379fd.jpg,8fd0680f224379fd2015aff82f4b3c6d50b11dbac1c584752977215d60cfa3f0,99c1302239634a98,JPEG,RGB,480,640,428127,original,APPROVED_CANDIDATE
PlantDoc,5467f6012d78d1c446145d5f582da6096f852ae8,training_candidate,Tomato leaf bacterial spot,MATCHED,Tomato Bacterial spot,train/Tomato leaf bacterial spot/Bacterial-Spot-of-Tomato-Img-2.jpg,Tomato leaf bacterial spot/01794_234c89af82c79888.jpg,234c89af82c798886e195ede818e0c906993f4f0095fb0e4fd6c1e5665320a68,5859cddb93939add,JPEG,RGB,285,286,131645,original,APPROVED_CANDIDATE
PlantDoc,5467f6012d78d1c446145d5f582da6096f852ae8,training_candidate,Tomato leaf bacterial spot,MATCHED,Tomato Bacterial spot,train/Tomato leaf bacterial spot/Bacterial-speck-tomato-leaves.jpg,Tomato leaf bacterial spot/01795_64c250e5e6b84952.jpg,64c250e5e6b84952903fd3516519b7cefc9364fb009fdb2c38905da4fe47205c,8e27335633965c11,JPEG,RGB,221,384,79682,original,APPROVED_CANDIDATE
PlantDoc,5467f6012d78d1c446145d5f582da6096f852ae8,training_candidate,Tomato leaf bacterial spot,MATCHED,Tomato Bacterial spot,train/Tomato leaf bacterial spot/Bacterial-spot-on-tomato-leaves.jpg,Tomato leaf bacterial spot/01796_95a50e78f47ddbb2.jpg,95a50e78f47ddbb2c69cf00b2f9637df19d90a56fa7d5790f25d0b6db20d1886,5859db93939acd49,JPEG,RGB,261,316,67415,original,APPROVED_CANDIDATE
PlantDoc,5467f6012d78d1c446145d5f582da6096f852ae8,training_candidate,Tomato leaf bacterial spot,MATCHED,Tomato Bacterial spot,train/Tomato leaf bacterial spot/Bacterial-spot-tomato.jpg,Tomato leaf bacterial spot/01797_c23fd68c480e7876.jpg,c23fd68c480e78766dbb690c82a7f10faeca9072018caef571b32ec4df5eabc0,369392c25609a2b4,JPEG,RGB,226,150,6923,original,APPROVED_CANDIDATE
PlantDoc,5467f6012d78d1c446145d5f582da6096f852ae8,training_candidate,Tomato leaf bacterial spot,MATCHED,Tomato Bacterial spot,train/Tomato leaf bacterial spot/BacterialSpot06.jpg,Tomato leaf bacterial spot/01798_d8a745f74c62f6fd.jpg,d8a745f74c62f6fd2bdd8f97c6c161626321099a50f4787f69c3e708f071642c,8723674ee96ccd8f,JPEG,RGB,520,320,68483,original,APPROVED_CANDIDATE
PlantDoc,5467f6012d78d1c446145d5f582da6096f852ae8,training_candidate,Tomato leaf bacterial spot,MATCHED,Tomato Bacterial spot,train/Tomato leaf bacterial spot/BacterialSpot07.jpg,Tomato leaf bacterial spot/01799_63bf08288e7cc6de.jpg,63bf08288e7cc6de71242214eb5f6a85c121164e249885073bedc8727e3236f8,a7666286a5e4cae4,JPEG,RGB,480,320,65720,original,APPROVED_CANDIDATE
PlantDoc,5467f6012d78d1c446145d5f582da6096f852ae8,training_candidate,Tomato leaf bacterial spot,MATCHED,Tomato Bacterial spot,train/Tomato leaf bacterial spot/Bacterial_spots1300.jpg,Tomato leaf bacterial spot/01800_143e79b428ac8068.jpg,143e79b428ac80688234e1a6fe330037f9a5f654a12d0ffcbd6d92af936147a3,199f97039f4cebe1,JPEG,RGB,800,600,63728,original,APPROVED_CANDIDATE
PlantDoc,5467f6012d78d1c446145d5f582da6096f852ae8,training_candidate,Tomato leaf bacterial spot,MATCHED,Tomato Bacterial spot,train/Tomato leaf bacterial spot/Bacterial_spots2276.jpg,Tomato leaf bacterial spot/01801_057c2d6ff63615ac.jpg,057c2d6ff63615ac373c811c518a8d6e795bb57cccc49b36341d26292216bdd1,2b811d2c87c8707f,JPEG,RGB,600,800,44805,original,APPROVED_CANDIDATE
PlantDoc,5467f6012d78d1c446145d5f582da6096f852ae8,training_candidate,Tomato leaf bacterial spot,MATCHED,Tomato Bacterial spot,train/Tomato leaf bacterial spot/Bacterial_spots2277.jpg,Tomato leaf bacterial spot/01802_12fa5ff9867b7a9c.jpg,12fa5ff9867b7a9cd249a3cf577016ad0af940a294fba39200e88fe8c91e1d7d,0fa1676626262667,JPEG,RGB,600,800,43299,original,APPROVED_CANDIDATE
PlantDoc,5467f6012d78d1c446145d5f582da6096f852ae8,training_candidate,Tomato leaf bacterial spot,MATCHED,Tomato Bacterial spot,train/Tomato leaf bacterial spot/Bacterial_spots562.jpg,Tomato leaf bacterial spot/01803_b5851a1c908a1cf5.jpg,b5851a1c908a1cf5186cef0d943e9f4118b42ee5e0087458351b6eb1e70e969a,6c50e89abcbadbd1,JPEG,RGB,800,600,56934,original,APPROVED_CANDIDATE
PlantDoc,5467f6012d78d1c446145d5f582da6096f852ae8,training_candidate,Tomato leaf bacterial spot,MATCHED,Tomato Bacterial spot,train/Tomato leaf bacterial spot/Bacterial_spots586.jpg,Tomato leaf bacterial spot/01804_3b3c286eb37d4956.jpg,3b3c286eb37d49560352b7f42e6eceda5ebae668732475cddf85d92e74b77248,68b63114162a0e14,JPEG,RGB,800,600,77888,original,APPROVED_CANDIDATE
PlantDoc,5467f6012d78d1c446145d5f582da6096f852ae8,training_candidate,Tomato leaf bacterial spot,MATCHED,Tomato Bacterial spot,train/Tomato leaf bacterial spot/Canker-GHTom-CAG-leaf-collapse-copy-50-QUALITY-1ur7cyk.jpg,Tomato leaf bacterial spot/01805_acf4c5d5333da695.jpg,acf4c5d5333da69596a651ee5166d454da37d0dbcdfb63d8f5118c77bdfb070e,459c8f0f2e2e3b33,JPEG,RGB,667,500,33867,original,APPROVED_CANDIDATE
PlantDoc,5467f6012d78d1c446145d5f582da6096f852ae8,training_candidate,Tomato leaf bacterial spot,MATCHED,Tomato Bacterial spot,train/Tomato leaf bacterial spot/CankerFoliar-copy-50-QUALITY-122b09b.jpg,Tomato leaf bacterial spot/01806_73c02738a8790322.jpg,73c02738a87903226353dbf2b4100561260719293df92d76fcbbe2f6f43efc4c,b73598884a529919,JPEG,RGB,667,500,56444,original,APPROVED_CANDIDATE
PlantDoc,5467f6012d78d1c446145d5f582da6096f852ae8,training_candidate,Tomato leaf bacterial spot,MATCHED,Tomato Bacterial spot,train/Tomato leaf bacterial spot/CankerRhiemsFiring1-copy-50-QUALITY-16lcw30.jpg,Tomato leaf bacterial spot/01807_f4a0d2b8c5763d4b.jpg,f4a0d2b8c5763d4b7b8774b9566cc74ec147001f735213053e640c7b1ff55cbe,27890b0d491410c0,JPEG,RGB,667,500,54826,original,APPROVED_CANDIDATE
PlantDoc,5467f6012d78d1c446145d5f582da6096f852ae8,training_candidate,Tomato leaf bacterial spot,MATCHED,Tomato Bacterial spot,train/Tomato leaf bacterial spot/FS547-4-big.jpg,Tomato leaf bacterial spot/01808_14b74849a64e5d7c.jpg,14b74849a64e5d7ce2af4d2bdb8a8850030cd225dcd6ed4ceeba1e0353e87a6a,a4a4d543839e1e52,JPEG,RGB,640,480,145062,original,NEEDS_MANUAL_REVIEW
PlantDoc,5467f6012d78d1c446145d5f582da6096f852ae8,training_candidate,Tomato leaf bacterial spot,MATCHED,Tomato Bacterial spot,train/Tomato leaf bacterial spot/Figure-1-6.jpg,Tomato leaf bacterial spot/01809_e9ec09e9936efea0.jpg,e9ec09e9936efea03fabe3d5662869171cfe33b024b3e9efa2879dc6ceabc74e,9d273ba0a8a43434,JPEG,RGB,2048,1536,992701,original,APPROVED_CANDIDATE
PlantDoc,5467f6012d78d1c446145d5f582da6096f852ae8,training_candidate,Tomato leaf bacterial spot,MATCHED,Tomato Bacterial spot,train/Tomato leaf bacterial spot/Figure-3-7.jpg,Tomato leaf bacterial spot/01810_ebe90dbada6168b8.jpg,ebe90dbada6168b83e0e57b2f3b16af9ea97c3ccef2598f14642fab68cbef708,36660f1763c75f57,JPEG,RGB,1117,827,113615,original,APPROVED_CANDIDATE
PlantDoc,5467f6012d78d1c446145d5f582da6096f852ae8,training_candidate,Tomato leaf bacterial spot,MATCHED,Tomato Bacterial spot,train/Tomato leaf bacterial spot/IMG_2348.jpg,Tomato leaf bacterial spot/01811_2c1d3ba3222a923e.jpg,2c1d3ba3222a923e4df7fe316da76962d9cfbb60c70047fdc53db15998a14b02,c8b97173322a38a1,JPEG,RGB,3264,2448,2190682,original,APPROVED_CANDIDATE
PlantDoc,5467f6012d78d1c446145d5f582da6096f852ae8,training_candidate,Tomato leaf bacterial spot,MATCHED,Tomato Bacterial spot,train/Tomato leaf bacterial spot/IN0335.jpg,Tomato leaf bacterial spot/01812_8ed227e49cc2cd3c.jpg,8ed227e49cc2cd3c7601cbb5e1502600f25d007f4315e00ba4f20a8a2bdf5fef,93cb93a3e363434f,JPEG,RGB,350,272,60356,original,APPROVED_CANDIDATE
PlantDoc,5467f6012d78d1c446145d5f582da6096f852ae8,training_candidate,Tomato leaf bacterial spot,MATCHED,Tomato Bacterial spot,train/Tomato leaf bacterial spot/Jeter%20Mtn%20Farm_7053.JPG.jpg,Tomato leaf bacterial spot/01813_5bf7255377055db5.jpg,5bf7255377055db576ed51466fbf39f34274c309a1c113215ae2fc208f669960,070d19337369c0d2,JPEG,RGB,600,450,63142,original,APPROVED_CANDIDATE
PlantDoc,5467f6012d78d1c446145d5f582da6096f852ae8,training_candidate,Tomato leaf bacterial spot,MATCHED,Tomato Bacterial spot,train/Tomato leaf bacterial spot/Leaf%2Bspot%2B1000.jpg,Tomato leaf bacterial spot/01814_8d9b07244b08ca32.jpg,8d9b07244b08ca32eb095d398288ea12a7c7f8b0e25e3fb3fc2cee6c8ff993d8,85342141e173a8b6,JPEG,RGB,917,588,209450,original,APPROVED_CANDIDATE
PlantDoc,5467f6012d78d1c446145d5f582da6096f852ae8,training_candidate,Tomato leaf bacterial spot,MATCHED,Tomato Bacterial spot,train/Tomato leaf bacterial spot/Leaf%2Bsymptoms%2BMDA.jpg,Tomato leaf bacterial spot/01815_167b0a6a5032756b.jpg,167b0a6a5032756b7445dd3595817fe78495e1bb7b4afec20d96997955fe1560,cc9d3a36666948c2,JPEG,RGB,1482,1600,405866,original,APPROVED_CANDIDATE
PlantDoc,5467f6012d78d1c446145d5f582da6096f852ae8,training_candidate,Tomato leaf bacterial spot,MATCHED,Tomato Bacterial spot,train/Tomato leaf bacterial spot/Leaf-Spot-300x253.jpg,Tomato leaf bacterial spot/01816_690e2cf32cd99012.jpg,690e2cf32cd990122c1263ef8e3d2ea2d23e874e25d5024981bac350a8215ee3,7252cece685c92d5,JPEG,RGB,300,253,22741,original,APPROVED_CANDIDATE
PlantDoc,5467f6012d78d1c446145d5f582da6096f852ae8,training_candidate,Tomato leaf bacterial spot,MATCHED,Tomato Bacterial spot,train/Tomato leaf bacterial spot/Leaf-spots-on-tomato-leaves-Credits-Hank-Dankers_Q320.jpg,Tomato leaf bacterial spot/01817_f55393b17cff9514.jpg,f55393b17cff9514c773890dbc6d9f4ffb1352c2387b29dfeebcaa6397e78369,0f871358dcc12736,JPEG,RGB,320,320,23567,original,APPROVED_CANDIDATE
PlantDoc,5467f6012d78d1c446145d5f582da6096f852ae8,training_candidate,Tomato leaf bacterial spot,MATCHED,Tomato Bacterial spot,train/Tomato leaf bacterial spot/Leafspotx450xBugwood.jpg,Tomato leaf bacterial spot/01818_cf3c1bb2ed7979b6.jpg,cf3c1bb2ed7979b619f77bd599e89205d6f307f1cecb394b938856272378b579,d05143723478d8c8,JPEG,RGB,450,210,32849,original,APPROVED_CANDIDATE
PlantDoc,5467f6012d78d1c446145d5f582da6096f852ae8,training_candidate,Tomato leaf bacterial spot,MATCHED,Tomato Bacterial spot,train/Tomato leaf bacterial spot/LyraEDISServlet.jpg,Tomato leaf bacterial spot/01819_2437e7f358c2c931.jpg,2437e7f358c2c9311dd9f7f3a79a8ba597b4e38b28f996d5eb04c499f09a0422,039348cc8c4a4965,JPEG,RGB,640,480,33326,original,APPROVED_CANDIDATE
PlantDoc,5467f6012d78d1c446145d5f582da6096f852ae8,training_candidate,Tomato leaf bacterial spot,MATCHED,Tomato Bacterial spot,train/Tomato leaf bacterial spot/Paret-Fig-1-tomato-bacterial-leaf-spot.jpg,Tomato leaf bacterial spot/01820_c546d8005cbe9654.jpg,c546d8005cbe9654518adcb3509ff260a52a0711c3d503fc1fd23292b153039e,f2cc8cce6a4f5d1a,JPEG,RGB,720,540,127901,original,APPROVED_CANDIDATE
PlantDoc,5467f6012d78d1c446145d5f582da6096f852ae8,training_candidate,Tomato leaf bacterial spot,MATCHED,Tomato Bacterial spot,train/Tomato leaf bacterial spot/Pest2371.jpg,Tomato leaf bacterial spot/01821_5ba63a06fd4ef582.jpg,5ba63a06fd4ef58279505f077614bc0e5afe4a8dcc9077f849a85cbcb73d5281,f7f9392ea7cb8e8f,JPEG,RGB,600,600,32717,original,APPROVED_CANDIDATE
PlantDoc,5467f6012d78d1c446145d5f582da6096f852ae8,training_candidate,Tomato leaf bacterial spot,MATCHED,Tomato Bacterial spot,train/Tomato leaf bacterial spot/RyBx7MH.jpg,Tomato leaf bacterial spot/01822_fb84453832854781.jpg,fb84453832854781de2b24f9c4ee552d95e6dfd9cb6fa5f52d4b307b7d6a4b81,752718f0852b532b,JPEG,RGB,259,194,7514,original,NEEDS_MANUAL_REVIEW
PlantDoc,5467f6012d78d1c446145d5f582da6096f852ae8,training_candidate,Tomato leaf bacterial spot,MATCHED,Tomato Bacterial spot,train/Tomato leaf bacterial spot/TC3.jpg,Tomato leaf bacterial spot/01823_eefe80b88434d8af.jpg,eefe80b88434d8af39f83253dfad60ebf811af6e0e8e31e8597d206ad1ce0b8b,dd6da7bcb66763d3,JPEG,RGB,920,725,513599,original,APPROVED_CANDIDATE
PlantDoc,5467f6012d78d1c446145d5f582da6096f852ae8,training_candidate,Tomato leaf bacterial spot,MATCHED,Tomato Bacterial spot,train/Tomato leaf bacterial spot/TC6-300x194.jpg,Tomato leaf bacterial spot/01824_eca702692f724d1e.jpg,eca702692f724d1edd237c76c3a5e4c5501cd11050c25b9fff6889d5e1d7105c,efcf9e9b1b1f5b6f,JPEG,RGB,300,194,25951,original,APPROVED_CANDIDATE
PlantDoc,5467f6012d78d1c446145d5f582da6096f852ae8,training_candidate,Tomato leaf bacterial spot,MATCHED,Tomato Bacterial spot,train/Tomato leaf bacterial spot/Tomato%20bacterial%20canker.JPG.jpg,Tomato leaf bacterial spot/01825_c85fc518bf59ebea.jpg,c85fc518bf59ebea7be385229293f4430561df7a3991b2b146a75835cf505230,90142ca92361343c,JPEG,RGB,1024,768,130259,original,APPROVED_CANDIDATE
PlantDoc,5467f6012d78d1c446145d5f582da6096f852ae8,training_candidate,Tomato leaf bacterial spot,MATCHED,Tomato Bacterial spot,train/Tomato leaf bacterial spot/Tomato%20greenhouse%20phythotoxicity03F.JPG.jpg,Tomato leaf bacterial spot/01826_ab09247c404a1b58.jpg,ab09247c404a1b58018980ceb0cfd8b9431a4ab5d9b90ca95d6a6dc69167eab4,89869b3a0488a143,JPEG,RGB,1024,768,215749,original,APPROVED_CANDIDATE
PlantDoc,5467f6012d78d1c446145d5f582da6096f852ae8,training_candidate,Tomato leaf bacterial spot,MATCHED,Tomato Bacterial spot,train/Tomato leaf bacterial spot/Tomato-Canker-Marginal-Necrosis-Leaf-GH-Guat-50-QUALITY-10e6dzu.jpg,Tomato leaf bacterial spot/01827_512944288e081596.jpg,512944288e08159638d526c7a85b279c323e6c5ec637e812d5ea7017b63645d5,1b5392030113e767,JPEG,RGB,667,500,34757,original,APPROVED_CANDIDATE
PlantDoc,5467f6012d78d1c446145d5f582da6096f852ae8,training_candidate,Tomato leaf bacterial spot,MATCHED,Tomato Bacterial spot,train/Tomato leaf bacterial spot/Tomato2_original.JPG?1472597932.jpg,Tomato leaf bacterial spot/01828_e2ce8eb4ef573f2b.jpg,e2ce8eb4ef573f2b1f2fbec16267623d84081cea140f08baf1cf5ec6800e55ae,cdcb26354c9292dc,JPEG,RGB,3648,2736,2471193,original,APPROVED_CANDIDATE
PlantDoc,5467f6012d78d1c446145d5f582da6096f852ae8,training_candidate,Tomato leaf bacterial spot,MATCHED,Tomato Bacterial spot,train/Tomato leaf bacterial spot/TomatoBacterialSpot2.jpg,Tomato leaf bacterial spot/01829_6049cbb5f75d6e73.jpg,6049cbb5f75d6e73d0327aa9f1ab0f893e019ef3234d26402abd1b96c79b39e2,9a6271f46634182e,JPEG,RGB,322,268,73179,original,NEEDS_MANUAL_REVIEW
PlantDoc,5467f6012d78d1c446145d5f582da6096f852ae8,training_candidate,Tomato leaf bacterial spot,MATCHED,Tomato Bacterial spot,train/Tomato leaf bacterial spot/a3fb24f84fe70e5d37352d13106531d6.jpg,Tomato leaf bacterial spot/01830_d3c345a04c242861.jpg,d3c345a04c24286122157d15f955bf6d80fc20632d8dab71ef8b67ff9f2ae0ed,24e882a38ecacaee,JPEG,RGB,638,479,60322,original,APPROVED_CANDIDATE
PlantDoc,5467f6012d78d1c446145d5f582da6096f852ae8,training_candidate,Tomato leaf bacterial spot,MATCHED,Tomato Bacterial spot,train/Tomato leaf bacterial spot/alter_cank2-150x150.jpg,Tomato leaf bacterial spot/01831_78065f098aabf749.jpg,78065f098aabf74969a0f42fe5a5c0657857235f7f894cd1e6b33672e1e8809d,1753429d35a34b3f,JPEG,RGB,150,150,12584,original,APPROVED_CANDIDATE
PlantDoc,5467f6012d78d1c446145d5f582da6096f852ae8,training_candidate,Tomato leaf bacterial spot,MATCHED,Tomato Bacterial spot,train/Tomato leaf bacterial spot/b-speck.jpg,Tomato leaf bacterial spot/01832_8adf89d08459ca67.jpg,8adf89d08459ca67ecb447e89058d090d7665af4c22763c65baceb687744b5cd,09213038662ebe76,JPEG,RGB,1920,1440,453664,original,APPROVED_CANDIDATE
PlantDoc,5467f6012d78d1c446145d5f582da6096f852ae8,training_candidate,Tomato leaf bacterial spot,MATCHED,Tomato Bacterial spot,train/Tomato leaf bacterial spot/bac-canker.jpg,Tomato leaf bacterial spot/01833_bcb83e8d547c0ba6.jpg,bcb83e8d547c0ba6eeb62842e55a0d6fb661c8dbf0c7f1e85e56a9fd46d7d0ec,5bc3cb64449a0a48,JPEG,RGB,800,903,103379,original,APPROVED_CANDIDATE
PlantDoc,5467f6012d78d1c446145d5f582da6096f852ae8,training_candidate,Tomato leaf bacterial spot,MATCHED,Tomato Bacterial spot,train/Tomato leaf bacterial spot/bac-spot.jpg,Tomato leaf bacterial spot/01834_f1fe3cf118567d85.jpg,f1fe3cf118567d855966bb36c0f02bf3d2b7e51ff2e6e01a4bc95276ac280a8c,cb486b5b33333beb,JPEG,RGB,788,597,61033,original,APPROVED_CANDIDATE
PlantDoc,5467f6012d78d1c446145d5f582da6096f852ae8,training_candidate,Tomato leaf bacterial spot,MATCHED,Tomato Bacterial spot,train/Tomato leaf bacterial spot/bac.jpg,Tomato leaf bacterial spot/01835_793c8877b549c9ae.jpg,793c8877b549c9ae1580a34f604a2d915b4f3ee7dde74d5020fca7042a35abf4,e2391961216353a7,JPEG,RGB,460,300,33656,original,APPROVED_CANDIDATE
PlantDoc,5467f6012d78d1c446145d5f582da6096f852ae8,training_candidate,Tomato leaf bacterial spot,MATCHED,Tomato Bacterial spot,train/Tomato leaf bacterial spot/bac_spot1-300x298.jpg,Tomato leaf bacterial spot/01836_306dd530d66ee2c8.jpg,306dd530d66ee2c88dfd1e4dc7474d4a9fff4807e79a60107f158a11e9576b30,1299793990c8cd8c,JPEG,RGB,300,298,20917,original,APPROVED_CANDIDATE
PlantDoc,5467f6012d78d1c446145d5f582da6096f852ae8,training_candidate,Tomato leaf bacterial spot,MATCHED,Tomato Bacterial spot,train/Tomato leaf bacterial spot/bac_spot_tomato_leaf_l.jpg,Tomato leaf bacterial spot/01837_e3367bee19c4c905.jpg,e3367bee19c4c90507c3f63ad8db2ac357feaf0bb502f557d3813fa029de9294,bcbcb78617cbc84e,JPEG,RGB,400,300,32527,original,APPROVED_CANDIDATE
PlantDoc,5467f6012d78d1c446145d5f582da6096f852ae8,training_candidate,Tomato leaf bacterial spot,MATCHED,Tomato Bacterial spot,train/Tomato leaf bacterial spot/bact-spot-leaf-big.jpg,Tomato leaf bacterial spot/01838_64a9974a6bb8ba89.jpg,64a9974a6bb8ba89c8a76ce2edbb25f8e6d38063c75badf2706fa720a91fdec3,9a6251f46734192e,JPEG,RGB,768,768,612922,original,NEEDS_MANUAL_REVIEW
PlantDoc,5467f6012d78d1c446145d5f582da6096f852ae8,training_candidate,Tomato leaf bacterial spot,MATCHED,Tomato Bacterial spot,train/Tomato leaf bacterial spot/bacterial%20leaf%20spot.jpg,Tomato leaf bacterial spot/01839_397531c283832ddf.jpg,397531c283832ddfa73d5cccfa25e8ab9b788863c6298ea9db2344953d1be0e7,d2c686d264d4d4c4,JPEG,RGB,765,531,376506,original,APPROVED_CANDIDATE
PlantDoc,5467f6012d78d1c446145d5f582da6096f852ae8,training_candidate,Tomato leaf bacterial spot,MATCHED,Tomato Bacterial spot,train/Tomato leaf bacterial spot/bacterial-canker3x2400-2ia1kgd.jpg,Tomato leaf bacterial spot/01840_9840822e5069579f.jpg,9840822e5069579f3b7a7608b69a77fdd8b477a9be85eb70524eff1ca7b191aa,4f4533999992d25b,JPEG,RGB,2400,2791,2292775,original,NEEDS_MANUAL_REVIEW
PlantDoc,5467f6012d78d1c446145d5f582da6096f852ae8,training_candidate,Tomato leaf bacterial spot,MATCHED,Tomato Bacterial spot,train/Tomato leaf bacterial spot/bacterial-canker4x640-1nz1vm7.jpg,Tomato leaf bacterial spot/01841_04f466fd99811ef1.jpg,04f466fd99811ef1e64049f95a78fb3709aeae4fe064cfc5913ab11f7666f3cc,ddadd1cfcd8e382c,JPEG,RGB,640,853,283246,original,APPROVED_CANDIDATE
PlantDoc,5467f6012d78d1c446145d5f582da6096f852ae8,training_candidate,Tomato leaf bacterial spot,MATCHED,Tomato Bacterial spot,train/Tomato leaf bacterial spot/bacterial-leaf-spot.jpg,Tomato leaf bacterial spot/01842_425d70338728b52a.jpg,425d70338728b52a54a02ac16ec7747d70e0cad0323be780b7332e076e322447,551797b1050f1c5e,JPEG,RGB,1024,685,121595,original,APPROVED_CANDIDATE
PlantDoc,5467f6012d78d1c446145d5f582da6096f852ae8,training_candidate,Tomato leaf bacterial spot,MATCHED,Tomato Bacterial spot,train/Tomato leaf bacterial spot/bacterial-speck-tomato-2.jpg,Tomato leaf bacterial spot/01843_dabcc346884a68ee.jpg,dabcc346884a68ee6fd9b0d356e3fd83e3aba2911497292807887f44714d68f8,3b7bfb839e3e9e0e,JPEG,RGB,3096,2097,2054102,original,APPROVED_CANDIDATE
PlantDoc,5467f6012d78d1c446145d5f582da6096f852ae8,training_candidate,Tomato leaf bacterial spot,MATCHED,Tomato Bacterial spot,train/Tomato leaf bacterial spot/bacterial-speck-tomato-3.jpg,Tomato leaf bacterial spot/01844_7aac501e5b78f1a4.jpg,7aac501e5b78f1a4320d95c6b23454968493302bd8a96d6013092359c497918d,da928c8dafcfe272,JPEG,RGB,3075,2067,2191129,original,APPROVED_CANDIDATE
PlantDoc,5467f6012d78d1c446145d5f582da6096f852ae8,training_candidate,Tomato leaf bacterial spot,MATCHED,Tomato Bacterial spot,train/Tomato leaf bacterial spot/bacterial-speck-tomato1x2400-275mmny.jpg,Tomato leaf bacterial spot/01845_ac2ac4e037fa3a21.jpg,ac2ac4e037fa3a21ab41ca613fd1d2825eb5b0d8f1d4392be928c048a94252b6,cd91a74608786064,JPEG,RGB,2400,1800,2331870,original,APPROVED_CANDIDATE
PlantDoc,5467f6012d78d1c446145d5f582da6096f852ae8,training_candidate,Tomato leaf bacterial spot,MATCHED,Tomato Bacterial spot,train/Tomato leaf bacterial spot/bacterial-spot-of-tomato-6-638.jpg,Tomato leaf bacterial spot/01846_be5cc97f01849c13.jpg,be5cc97f01849c13e763aff16bc607407956f784369ababf23443f9f5e938d04,30a4acacccaceec0,JPEG,RGB,638,479,96449,original,APPROVED_CANDIDATE
PlantDoc,5467f6012d78d1c446145d5f582da6096f852ae8,training_candidate,Tomato leaf bacterial spot,MATCHED,Tomato Bacterial spot,train/Tomato leaf bacterial spot/bacterial-spot-of-tomato-7-638.jpg,Tomato leaf bacterial spot/01847_14d3f91af6de22d0.jpg,14d3f91af6de22d0651f9b554794e279275cf0a59590e1ad8ad571b83fe9eec2,30b08cac8ca48480,JPEG,RGB,638,479,56123,original,APPROVED_CANDIDATE
PlantDoc,5467f6012d78d1c446145d5f582da6096f852ae8,training_candidate,Tomato leaf bacterial spot,MATCHED,Tomato Bacterial spot,train/Tomato leaf bacterial spot/bacterialLeafSpot04-xqxm03.jpg,Tomato leaf bacterial spot/01848_e9464d8cb003c8e7.jpg,e9464d8cb003c8e7d40288a343011041f6ea08292c64ed6f5cf7eb3eaaf8c21a,32af4d64643d9dce,JPEG,RGB,613,461,107846,original,APPROVED_CANDIDATE
PlantDoc,5467f6012d78d1c446145d5f582da6096f852ae8,training_candidate,Tomato leaf bacterial spot,MATCHED,Tomato Bacterial spot,train/Tomato leaf bacterial spot/bacterialLeafSpot07-2jqdlmz.jpg,Tomato leaf bacterial spot/01849_fef2605bedb32632.jpg,fef2605bedb326328d6a158423fd7e951582084b99dcbccc19ce662c88eee9e8,b2e3f77bfbb3bd30,JPEG,RGB,4000,3000,1121228,original,APPROVED_CANDIDATE
PlantDoc,5467f6012d78d1c446145d5f582da6096f852ae8,training_candidate,Tomato leaf bacterial spot,MATCHED,Tomato Bacterial spot,train/Tomato leaf bacterial spot/bacterialSpeck03510339f27656b-1scmgh1.jpg,Tomato leaf bacterial spot/01850_4074e20070c01055.jpg,4074e20070c01055c0cbc346ebdb21834ae5b3c556d35de34a6ada07d3db1e44,2555111c19d8cd99,JPEG,RGB,613,460,155778,original,APPROVED_CANDIDATE
PlantDoc,5467f6012d78d1c446145d5f582da6096f852ae8,training_candidate,Tomato leaf bacterial spot,MATCHED,Tomato Bacterial spot,train/Tomato leaf bacterial spot/bacterialspottomato2.jpg,Tomato leaf bacterial spot/01851_b65cd0980d34d543.jpg,b65cd0980d34d543899aac66f53b97f7955a3910e6b36472928abe8c502d8816,2e63cb9295038e8c,JPEG,RGB,300,400,41657,original,APPROVED_CANDIDATE
PlantDoc,5467f6012d78d1c446145d5f582da6096f852ae8,training_candidate,Tomato leaf bacterial spot,MATCHED,Tomato Bacterial spot,train/Tomato leaf bacterial spot/bc34aec4ea7f60a64e380fda44c2f380.jpg,Tomato leaf bacterial spot/01852_bcd349febf333b53.jpg,bcd349febf333b5364d94ebc60846f4969f8a2e8cdccfa2c139dd6873b5621a0,2829a59e0cad67ca,JPEG,RGB,499,666,56638,original,APPROVED_CANDIDATE
PlantDoc,5467f6012d78d1c446145d5f582da6096f852ae8,training_candidate,Tomato leaf bacterial spot,MATCHED,Tomato Bacterial spot,train/Tomato leaf bacterial spot/beg.jpg,Tomato leaf bacterial spot/01853_b5f14600296519c9.jpg,b5f14600296519c9c5e70f06c403453015ee84eec813a78fbaa32833ce71d7ea,9c195d2d3c54d972,JPEG,RGB,460,330,68749,original,APPROVED_CANDIDATE
PlantDoc,5467f6012d78d1c446145d5f582da6096f852ae8,training_candidate,Tomato leaf bacterial spot,MATCHED,Tomato Bacterial spot,train/Tomato leaf bacterial spot/clothes014.jpg,Tomato leaf bacterial spot/01854_46460cb6dfcf5d74.jpg,46460cb6dfcf5d740222a6de0bffe22634579ae6e948f546a5a43500023f8942,5657591e347ce96d,JPEG,RGB,800,600,64085,original,APPROVED_CANDIDATE
PlantDoc,5467f6012d78d1c446145d5f582da6096f852ae8,training_candidate,Tomato leaf bacterial spot,MATCHED,Tomato Bacterial spot,train/Tomato leaf bacterial spot/droppedImage_3.jpg,Tomato leaf bacterial spot/01855_3c9e15665975db77.jpg,3c9e15665975db7738686684a20015cc2bdd7dacea660e211f17f5badbcd9841,f72f1570b981ea6e,JPEG,RGB,800,561,82336,original,APPROVED_CANDIDATE
PlantDoc,5467f6012d78d1c446145d5f582da6096f852ae8,training_candidate,Tomato leaf bacterial spot,MATCHED,Tomato Bacterial spot,train/Tomato leaf bacterial spot/image3_original.JPG?1472755422.jpg,Tomato leaf bacterial spot/01856_e8b2babe7522e6b5.jpg,e8b2babe7522e6b57b4783f7d13bfcaac72285a5e54894e3de88bf391fe1d8af,66642d6b49adc5bd,JPEG,RGB,480,640,121988,original,APPROVED_CANDIDATE
PlantDoc,5467f6012d78d1c446145d5f582da6096f852ae8,training_candidate,Tomato leaf bacterial spot,MATCHED,Tomato Bacterial spot,train/Tomato leaf bacterial spot/image5_300x300%2523.JPG?1472755422.jpg,Tomato leaf bacterial spot/01857_6a50d7db4690347c.jpg,6a50d7db4690347c6ff4aab895988b40398c87190840f05645b2256a1405f0ee,4949090f1f12050d,JPEG,RGB,300,300,57602,original,APPROVED_CANDIDATE
PlantDoc,5467f6012d78d1c446145d5f582da6096f852ae8,training_candidate,Tomato leaf bacterial spot,MATCHED,Tomato Bacterial spot,train/Tomato leaf bacterial spot/kg32-beefsteak-tomatoes-08_lg.jpg,Tomato leaf bacterial spot/01858_8c628f0704bd538a.jpg,8c628f0704bd538ae34b45cb9fa01b797057644f30906c47f0f4ad81d0d09367,1195a6d6b7db0b3d,JPEG,RGB,430,258,26151,original,APPROVED_CANDIDATE
PlantDoc,5467f6012d78d1c446145d5f582da6096f852ae8,training_candidate,Tomato leaf bacterial spot,MATCHED,Tomato Bacterial spot,train/Tomato leaf bacterial spot/latest?cb=20100808132744.jpg,Tomato leaf bacterial spot/01859_594c664a38ad8def.jpg,594c664a38ad8def80b045c23495b6cc8d07178c34ade276ae3f1fe9919cdb2d,79f0b6bcbada1cd8,JPEG,RGB,450,419,83807,original,APPROVED_CANDIDATE
PlantDoc,5467f6012d78d1c446145d5f582da6096f852ae8,training_candidate,Tomato leaf bacterial spot,MATCHED,Tomato Bacterial spot,train/Tomato leaf bacterial spot/leaf-spot3-big.jpg,Tomato leaf bacterial spot/01860_f0c1e73eb30e53a2.jpg,f0c1e73eb30e53a2579216e1e6fb1662d844a18eb2553a08aa642f1a39c253f7,92a62327214929ab,JPEG,RGB,590,443,130873,original,APPROVED_CANDIDATE
PlantDoc,5467f6012d78d1c446145d5f582da6096f852ae8,training_candidate,Tomato leaf bacterial spot,MATCHED,Tomato Bacterial spot,train/Tomato leaf bacterial spot/my-plant-has-brown-spots-leaf-spot-and-canker-on-dogwood.jpg,Tomato leaf bacterial spot/01861_8667b3ef472b6ea8.jpg,8667b3ef472b6ea8054525579e3eba202c9535512aac120db2f0834c791ee811,cbe373138eb9f3c3,JPEG,RGB,600,423,54662,original,APPROVED_CANDIDATE
PlantDoc,5467f6012d78d1c446145d5f582da6096f852ae8,training_candidate,Tomato leaf bacterial spot,MATCHED,Tomato Bacterial spot,train/Tomato leaf bacterial spot/patarea-bacteriana-frunzelor-pseudomonas-syringae-maculicola-31_5_2.jpg,Tomato leaf bacterial spot/01862_b60d77e27972aca0.jpg,b60d77e27972aca02347583367649b43a69bff5814e861c69a490e5e01848186,def6cec6d7dedfdc,JPEG,RGB,419,625,388756,original,APPROVED_CANDIDATE
PlantDoc,5467f6012d78d1c446145d5f582da6096f852ae8,training_candidate,Tomato leaf bacterial spot,MATCHED,Tomato Bacterial spot,train/Tomato leaf bacterial spot/pddl-highlights-fig-1-bact-spot.jpg,Tomato leaf bacterial spot/01863_c0a818969d388757.jpg,c0a818969d3887573fe1aba95670582c87070140f6197508cd63eec4320d1a5f,4d766e0e969e1a9d,JPEG,RGB,1500,1000,1260317,original,APPROVED_CANDIDATE
PlantDoc,5467f6012d78d1c446145d5f582da6096f852ae8,training_candidate,Tomato leaf bacterial spot,MATCHED,Tomato Bacterial spot,train/Tomato leaf bacterial spot/photo-1.jpg,Tomato leaf bacterial spot/01864_6585d1ca2b10a114.jpg,6585d1ca2b10a114e94aaf91f28ae0a0adf282564133353d689f203f4133b2dd,37369c9d164fccd8,JPEG,RGB,1000,750,317703,original,APPROVED_CANDIDATE
PlantDoc,5467f6012d78d1c446145d5f582da6096f852ae8,training_candidate,Tomato leaf bacterial spot,MATCHED,Tomato Bacterial spot,train/Tomato leaf bacterial spot/photo-764060.JPG.jpg,Tomato leaf bacterial spot/01865_6a457c9c748f463f.jpg,6a457c9c748f463f5de97c370e8421044552e1bc0389989fc2cb0b5f2a1be1ce,a62c4a6c4e6ada60,JPEG,RGB,1280,960,236663,original,APPROVED_CANDIDATE
PlantDoc,5467f6012d78d1c446145d5f582da6096f852ae8,training_candidate,Tomato leaf bacterial spot,MATCHED,Tomato Bacterial spot,train/Tomato leaf bacterial spot/pp1244-05.jpeg.jpg,Tomato leaf bacterial spot/01866_3f167fbe44673ba9.jpg,3f167fbe44673ba9b0d9f0dbc78c43d4baf94eb25421cea18bdc41c9ee75aad2,545c6ac84eca56f7,JPEG,RGB,320,236,44720,original,APPROVED_CANDIDATE
PlantDoc,5467f6012d78d1c446145d5f582da6096f852ae8,training_candidate,Tomato leaf bacterial spot,MATCHED,Tomato Bacterial spot,train/Tomato leaf bacterial spot/stock-photo-bacterial-spot-on-tomato-559799107.jpg,Tomato leaf bacterial spot/01867_ec778407c403d080.jpg,ec778407c403d080f17d610b88ad918220e73cae44acfcbb1142dd86b4628557,942307418ccee6c0,JPEG,RGB,338,470,48448,original,APPROVED_CANDIDATE
PlantDoc,5467f6012d78d1c446145d5f582da6096f852ae8,training_candidate,Tomato leaf bacterial spot,MATCHED,Tomato Bacterial spot,train/Tomato leaf bacterial spot/tomato-plant-diseases-identification-leaf-spot-tomato-disease-tomato-plant-fungus-identification.jpg,Tomato leaf bacterial spot/01868_788de34f14003032.jpg,788de34f140030328d73add5aeb72f3b5a06fe4ec841ac86ec1d3dd2dc362b4f,5c5c0e3c9b988d62,JPEG,RGB,600,900,54556,original,APPROVED_CANDIDATE
PlantDoc,5467f6012d78d1c446145d5f582da6096f852ae8,training_candidate,Tomato leaf bacterial spot,MATCHED,Tomato Bacterial spot,train/Tomato leaf bacterial spot/tomato-plant-leaves-brown-spots-tomato-leaves-older-ones-with-spots.jpg,Tomato leaf bacterial spot/01869_e0feac443a0865fa.jpg,e0feac443a0865fae782f1070f3e38f3bf71c567dc4d0e667540932d1f69677a,91252e96367ae9b5,JPEG,RGB,450,800,125789,original,APPROVED_CANDIDATE
PlantDoc,5467f6012d78d1c446145d5f582da6096f852ae8,training_candidate,Tomato leaf bacterial spot,MATCHED,Tomato Bacterial spot,train/Tomato leaf bacterial spot/tomato1A.jpg,Tomato leaf bacterial spot/01870_f6558695a8d2a080.jpg,f6558695a8d2a080939612d111ecf67aca31cffc0ef1ee51def961eb37eded0f,766c6949d9c9e363,JPEG,RGB,460,349,85056,original,APPROVED_CANDIDATE
PlantDoc,5467f6012d78d1c446145d5f582da6096f852ae8,training_candidate,Tomato leaf bacterial spot,MATCHED,Tomato Bacterial spot,train/Tomato leaf bacterial spot/tomato_bacterial-speck_03_zoom.jpg,Tomato leaf bacterial spot/01871_9a4cfd952fd375ca.jpg,9a4cfd952fd375ca3a5f905e054ff7bc0da2cd8717b960843764ba3aa14e15f4,15192b89c1999595,JPEG,RGB,900,598,112927,original,APPROVED_CANDIDATE
PlantDoc,5467f6012d78d1c446145d5f582da6096f852ae8,training_candidate,Tomato leaf bacterial spot,MATCHED,Tomato Bacterial spot,train/Tomato leaf bacterial spot/tomato_xanthomonas_foliage.jpg,Tomato leaf bacterial spot/01872_1876c37fabde3924.jpg,1876c37fabde3924487b10fb71fa9e1749846296346e9755af18c756dd7b18ba,47664e6d543034ba,JPEG,RGB,264,209,80195,original,APPROVED_CANDIDATE
PlantDoc,5467f6012d78d1c446145d5f582da6096f852ae8,training_candidate,Tomato leaf late blight,MATCHED,Tomato Late blight,train/Tomato leaf late blight/118A_Tom_Late.jpg,Tomato leaf late blight/01873_3211680d3b880882.jpg,3211680d3b880882f4964b082ba6afece7e80dd36503487a1d465fdefafd70cd,29f1763024060c0d,JPEG,RGB,400,270,10864,original,APPROVED_CANDIDATE
PlantDoc,5467f6012d78d1c446145d5f582da6096f852ae8,training_candidate,Tomato leaf late blight,MATCHED,Tomato Late blight,train/Tomato leaf late blight/20150619d.jpg,Tomato leaf late blight/01874_04ff0d731573d592.jpg,04ff0d731573d592c97f73cd2219800dcc9b4e7337c8ed90de2ec2374013a9fa,87189ccc4ccece2e,JPEG,RGB,500,420,35580,original,NEEDS_MANUAL_REVIEW
PlantDoc,5467f6012d78d1c446145d5f582da6096f852ae8,training_candidate,Tomato leaf late blight,MATCHED,Tomato Late blight,train/Tomato leaf late blight/2017-08-27%2B-%2BLate%2BBlight%2Bon%2BGypsy%2B1.jpg,Tomato leaf late blight/01875_c18a445e03731ac9.jpg,c18a445e03731ac98592c37b62dc25f211275f4a241b2a6236a9b3d8562646f2,3eaea4044e6c3ce8,JPEG,RGB,1200,1600,278140,original,APPROVED_CANDIDATE
PlantDoc,5467f6012d78d1c446145d5f582da6096f852ae8,training_candidate,Tomato leaf late blight,MATCHED,Tomato Late blight,train/Tomato leaf late blight/5816170621_e1cce08736_z.jpg,Tomato leaf late blight/01876_40650f5dce684890.jpg,40650f5dce684890969418712fad8b7bfa646bc14b170e746b2ed7bfe2045648,d5d90e6c55127e65,JPEG,RGB,640,427,136662,original,APPROVED_CANDIDATE
PlantDoc,5467f6012d78d1c446145d5f582da6096f852ae8,training_candidate,Tomato leaf late blight,MATCHED,Tomato Late blight,train/Tomato leaf late blight/600.jpg,Tomato leaf late blight/01877_22e1e291eb9596ea.jpg,22e1e291eb9596eafefdfd9e8a2a754cf61097b6ea5704ff1936e7aa0be08e9d,3c7870f0f8ecf458,JPEG,RGB,300,336,22812,original,APPROVED_CANDIDATE
PlantDoc,5467f6012d78d1c446145d5f582da6096f852ae8,training_candidate,Tomato leaf late blight,MATCHED,Tomato Late blight,train/Tomato leaf late blight/7262-drought.jpg,Tomato leaf late blight/01878_8f4220ab82f3b826.jpg,8f4220ab82f3b8267deefc272098efbbfebc0dcbe6f1386fad7b4f698721fe10,29290d25238ecdcd,JPEG,RGB,300,400,46237,original,APPROVED_CANDIDATE
PlantDoc,5467f6012d78d1c446145d5f582da6096f852ae8,training_candidate,Tomato leaf late blight,MATCHED,Tomato Late blight,train/Tomato leaf late blight/924977LateBlightLeaf.jpg,Tomato leaf late blight/01879_5f45463b3311e0d1.jpg,5f45463b3311e0d105d5870a67144dfd7018d00584a07f15db811649d2b811f9,6571b33e6e73378f,JPEG,RGB,800,600,333544,original,NEEDS_MANUAL_REVIEW
PlantDoc,5467f6012d78d1c446145d5f582da6096f852ae8,training_candidate,Tomato leaf late blight,MATCHED,Tomato Late blight,train/Tomato leaf late blight/August-17-2012-Supplemental-6.jpg,Tomato leaf late blight/01880_98f661b5c89179fa.jpg,98f661b5c89179fa23616c810aa99108985c7aa064aa80f221327e7bff6c2f48,9109828e033858d4,JPEG,RGB,341,239,11980,original,APPROVED_CANDIDATE
PlantDoc,5467f6012d78d1c446145d5f582da6096f852ae8,training_candidate,Tomato leaf late blight,MATCHED,Tomato Late blight,train/Tomato leaf late blight/F%294.jpg,Tomato leaf late blight/01881_69cfc1a17079e20e.jpg,69cfc1a17079e20ebcbf1744e8d4a57fcb46105cfdfd32827820632096e0657c,9289cd35060c1a30,JPEG,RGB,400,258,14929,original,APPROVED_CANDIDATE
PlantDoc,5467f6012d78d1c446145d5f582da6096f852ae8,training_candidate,Tomato leaf late blight,MATCHED,Tomato Late blight,train/Tomato leaf late blight/FS547-6-big.jpg,Tomato leaf late blight/01882_392b0db6a6137327.jpg,392b0db6a61373279689516e69fc622f07a86fb656e3354b90022bd158787c05,213a32f2fcb898d3,JPEG,RGB,640,517,120891,original,APPROVED_CANDIDATE
PlantDoc,5467f6012d78d1c446145d5f582da6096f852ae8,training_candidate,Tomato leaf late blight,MATCHED,Tomato Late blight,train/Tomato leaf late blight/Fig.%2014_opta.jpg,Tomato leaf late blight/01883_c0a56dc465599772.jpg,c0a56dc465599772ddc4a3fa3077b521e6e67b963888a28342b99a5fbf2261e9,9e1e3153131f565a,JPEG,RGB,1388,992,256611,original,APPROVED_CANDIDATE
PlantDoc,5467f6012d78d1c446145d5f582da6096f852ae8,training_candidate,Tomato leaf late blight,MATCHED,Tomato Late blight,train/Tomato leaf late blight/IMG_1526.jpg,Tomato leaf late blight/01884_55895d4f6f86786b.jpg,55895d4f6f86786b98af334774d1a50e4e987bdbb4e204d67d43d94bd5a88601,cacedebf64bedc6c,JPEG,RGB,3264,2448,2262856,original,APPROVED_CANDIDATE
PlantDoc,5467f6012d78d1c446145d5f582da6096f852ae8,training_candidate,Tomato leaf late blight,MATCHED,Tomato Late blight,train/Tomato leaf late blight/IMG_2254.JPG.jpg,Tomato leaf late blight/01885_6769df3101a893e3.jpg,6769df3101a893e3d17a987aa33b296e1264927efd485e81227d7ab0c4345b2b,6af3666434343838,JPEG,RGB,1600,1067,120908,original,APPROVED_CANDIDATE
PlantDoc,5467f6012d78d1c446145d5f582da6096f852ae8,training_candidate,Tomato leaf late blight,MATCHED,Tomato Late blight,train/Tomato leaf late blight/IMG_4182.JPG.jpg,Tomato leaf late blight/01886_af8da915a9432b0f.jpg,af8da915a9432b0fd85003030f9a4373cd0cca6ace3dc0dc04eb5fe5f27a2ff9,6549c8860e4e4a52,JPEG,RGB,1024,768,148643,original,APPROVED_CANDIDATE
PlantDoc,5467f6012d78d1c446145d5f582da6096f852ae8,training_candidate,Tomato leaf late blight,MATCHED,Tomato Late blight,train/Tomato leaf late blight/IMG_5360.jpg,Tomato leaf late blight/01887_5118060f0790a20d.jpg,5118060f0790a20d309f5e181248777912a72453c63d18c2d5db05da9a723995,87189ccc4ccece2e,JPEG,RGB,500,420,35609,original,NEEDS_MANUAL_REVIEW
PlantDoc,5467f6012d78d1c446145d5f582da6096f852ae8,training_candidate,Tomato leaf late blight,MATCHED,Tomato Late blight,train/Tomato leaf late blight/IMG_5368.jpg,Tomato leaf late blight/01888_a3258472a0d67a56.jpg,a3258472a0d67a56458fd268f64ffa0b08164cf17cfa05cc5ae972e02a8cde68,9b9fa6a3a9e47c1c,JPEG,RGB,500,491,45524,original,APPROVED_CANDIDATE
PlantDoc,5467f6012d78d1c446145d5f582da6096f852ae8,training_candidate,Tomato leaf late blight,MATCHED,Tomato Late blight,train/Tomato leaf late blight/IMG_5813.jpg,Tomato leaf late blight/01889_1c2610d64ded9d26.jpg,1c2610d64ded9d26b2c5636d55d3acbf065e5ce346585bdacc81661e4e5484c9,4de4e6ee6ffffe6c,JPEG,RGB,4000,3000,1799525,original,NEEDS_MANUAL_REVIEW
PlantDoc,5467f6012d78d1c446145d5f582da6096f852ae8,training_candidate,Tomato leaf late blight,MATCHED,Tomato Late blight,train/Tomato leaf late blight/LB-2-225x300.jpg,Tomato leaf late blight/01890_8934b2adf56dea95.jpg,8934b2adf56dea95be7e3309de048d83f13f7e148c17b7f5ccfee667303d87be,a6908c2da6169dcc,JPEG,RGB,225,300,24696,original,APPROVED_CANDIDATE
PlantDoc,5467f6012d78d1c446145d5f582da6096f852ae8,training_candidate,Tomato leaf late blight,MATCHED,Tomato Late blight,train/Tomato leaf late blight/LBleaf2INIA_0.jpg,Tomato leaf late blight/01891_73c62c716108bb65.jpg,73c62c716108bb65142931eca09dbe47fee66d1b0366bae04ea455f6090df9b5,9b931b31732f1b9b,JPEG,RGB,2048,1536,679483,original,NEEDS_MANUAL_REVIEW
PlantDoc,5467f6012d78d1c446145d5f582da6096f852ae8,training_candidate,Tomato leaf late blight,MATCHED,Tomato Late blight,train/Tomato leaf late blight/Late%20blight%20tomato1.jpg,Tomato leaf late blight/01892_fe02c0e388c8495e.jpg,fe02c0e388c8495ed2634ba409116e3bce2e52590e06a60252bb86820fe76497,5d65793da9a965ed,JPEG,RGB,576,461,54376,original,APPROVED_CANDIDATE
PlantDoc,5467f6012d78d1c446145d5f582da6096f852ae8,training_candidate,Tomato leaf late blight,MATCHED,Tomato Late blight,train/Tomato leaf late blight/Late-Blight-A.jpg,Tomato leaf late blight/01893_f048eb4e88675df2.jpg,f048eb4e88675df2b8223cc8c6185668dbaf68974e85917b9fafe9f6204ce8df,3011e2175b4c4c2c,JPEG,RGB,261,389,22268,original,APPROVED_CANDIDATE
PlantDoc,5467f6012d78d1c446145d5f582da6096f852ae8,training_candidate,Tomato leaf late blight,MATCHED,Tomato Late blight,train/Tomato leaf late blight/Late-Blight-on-Tomato-4JDill.jpg,Tomato leaf late blight/01894_c13e63b73f74512f.jpg,c13e63b73f74512f9dddf4e5aa558d96eff7406164e5d22f0d17225027766576,f3e6c599b265fa2a,JPEG,RGB,960,720,112572,original,APPROVED_CANDIDATE
PlantDoc,5467f6012d78d1c446145d5f582da6096f852ae8,training_candidate,Tomato leaf late blight,MATCHED,Tomato Late blight,train/Tomato leaf late blight/Late-blight-foliar-leasion-on-tomato.jpg,Tomato leaf late blight/01895_9567fdeaa51c7770.jpg,9567fdeaa51c7770775c6a12d993ed54b8857bd7a7ce9a57d1d194d0e9acc3f4,33432be166c6cdb9,JPEG,RGB,480,640,173928,original,APPROVED_CANDIDATE
PlantDoc,5467f6012d78d1c446145d5f582da6096f852ae8,training_candidate,Tomato leaf late blight,MATCHED,Tomato Late blight,train/Tomato leaf late blight/Late-blight-on-a-tomato-leaf.jpg,Tomato leaf late blight/01896_f6734228a16bcb07.jpg,f6734228a16bcb0736284aa6dfcd6a0b1b2b8e3aa412820dc1a21dfd08f3473b,331d3730436729e9,JPEG,RGB,720,404,57572,original,APPROVED_CANDIDATE
PlantDoc,5467f6012d78d1c446145d5f582da6096f852ae8,training_candidate,Tomato leaf late blight,MATCHED,Tomato Late blight,train/Tomato leaf late blight/Late-blight-symptoms-on-tomato-leaves-1r3uhy2.jpg,Tomato leaf late blight/01897_23f1b3eb30a0a7a3.jpg,23f1b3eb30a0a7a33c0bca7a94d448820bbecba9d52d9c23723cb921d3265675,7535a14d195c1dbb,JPEG,RGB,2608,3370,1774865,original,APPROVED_CANDIDATE
PlantDoc,5467f6012d78d1c446145d5f582da6096f852ae8,training_candidate,Tomato leaf late blight,MATCHED,Tomato Late blight,train/Tomato leaf late blight/Late-blight-tomato-leaf-VikramBisht-MBag.jpg,Tomato leaf late blight/01898_eb5516991ec41a37.jpg,eb5516991ec41a37567f24067f33fa3af88485c807fde03ce09e7373cd334eb2,c764369e9b8f9696,JPEG,RGB,1000,1000,178147,original,APPROVED_CANDIDATE
PlantDoc,5467f6012d78d1c446145d5f582da6096f852ae8,training_candidate,Tomato leaf late blight,MATCHED,Tomato Late blight,train/Tomato leaf late blight/LateBlight-Leaflet-Large-Spot_9005-ROTATED-sbzntn.jpg,Tomato leaf late blight/01899_4fcf9d49b5a47364.jpg,4fcf9d49b5a47364965b175ad10266aebc75d32bb98e3f2f380d89c8cbd85c98,0d0e07130b5706a6,JPEG,RGB,1704,2272,287143,original,APPROVED_CANDIDATE
PlantDoc,5467f6012d78d1c446145d5f582da6096f852ae8,training_candidate,Tomato leaf late blight,MATCHED,Tomato Late blight,train/Tomato leaf late blight/LateBlight-Tomato-JJ-2009-17nxg4q.jpg,Tomato leaf late blight/01900_6a8ce87008be630a.jpg,6a8ce87008be630aaf9153b16e33bf11b427ea982f9c02a9af247d35193052cf,274fd793b32f3f38,JPEG,RGB,1280,960,100225,original,APPROVED_CANDIDATE
PlantDoc,5467f6012d78d1c446145d5f582da6096f852ae8,training_candidate,Tomato leaf late blight,MATCHED,Tomato Late blight,train/Tomato leaf late blight/LateBlightLeaf.jpg,Tomato leaf late blight/01901_e2a5a8fa44b40124.jpg,e2a5a8fa44b401240bc20e971371df722267115731d247373489258e78c54f3c,6571b33e6e73378f,JPEG,RGB,800,600,52315,original,NEEDS_MANUAL_REVIEW
PlantDoc,5467f6012d78d1c446145d5f582da6096f852ae8,training_candidate,Tomato leaf late blight,MATCHED,Tomato Late blight,train/Tomato leaf late blight/LateBlt09_05.jpg,Tomato leaf late blight/01902_c28b4fd36683fbf9.jpg,c28b4fd36683fbf9a582188c0b5e01d4ef79706316f6a0505a0316ba8051cc91,9b9884b1368511b9,JPEG,RGB,400,266,19429,original,APPROVED_CANDIDATE
PlantDoc,5467f6012d78d1c446145d5f582da6096f852ae8,training_candidate,Tomato leaf late blight,MATCHED,Tomato Late blight,train/Tomato leaf late blight/LateBlt_FromRusinek.jpg,Tomato leaf late blight/01903_623125f67831c838.jpg,623125f67831c8382451aa861828fb39805c1c4524262f68e1496397f6352ef7,2d696b73674ae828,JPEG,RGB,540,405,34135,original,APPROVED_CANDIDATE
PlantDoc,5467f6012d78d1c446145d5f582da6096f852ae8,training_candidate,Tomato leaf late blight,MATCHED,Tomato Late blight,train/Tomato leaf late blight/Late_Blight_2.jpg,Tomato leaf late blight/01904_821928ee1b5d9b44.jpg,821928ee1b5d9b44fd0530639c9954db0e5bcd231af659ee45aa6aac104813d0,5a581d34125c6d69,JPEG,RGB,563,285,217295,original,APPROVED_CANDIDATE
PlantDoc,5467f6012d78d1c446145d5f582da6096f852ae8,training_candidate,Tomato leaf late blight,MATCHED,Tomato Late blight,train/Tomato leaf late blight/Late_blight_on_tomato_leaf_%287871756748%29.jpg,Tomato leaf late blight/01905_c307edf59875fa67.jpg,c307edf59875fa677c15ecdad3b10230d96886942fda2f743ebda8880ad2882e,9381818c19372f5b,JPEG,RGB,3872,2592,3743976,original,APPROVED_CANDIDATE
PlantDoc,5467f6012d78d1c446145d5f582da6096f852ae8,training_candidate,Tomato leaf late blight,MATCHED,Tomato Late blight,train/Tomato leaf late blight/Pest2369.jpg,Tomato leaf late blight/01906_b031c7e4550ac090.jpg,b031c7e4550ac090c4f7f1cb2aa150bd5c45dd1225f44d2a3f6144b22a71f45c,fbc3c7d9d8e3e3b7,JPEG,RGB,600,600,26105,original,NEEDS_MANUAL_REVIEW
PlantDoc,5467f6012d78d1c446145d5f582da6096f852ae8,training_candidate,Tomato leaf late blight,MATCHED,Tomato Late blight,train/Tomato leaf late blight/TOMATO%20LATE%20BLIGHT%20ON%20LEAF.jpg,Tomato leaf late blight/01907_c063ea0c9ad3302c.jpg,c063ea0c9ad3302c45d414776d122f3f860c0b9307cfb84e03d843db7c67d4ec,4d333b0e11179edb,JPEG,RGB,818,550,43578,original,APPROVED_CANDIDATE
PlantDoc,5467f6012d78d1c446145d5f582da6096f852ae8,training_candidate,Tomato leaf late blight,MATCHED,Tomato Late blight,train/Tomato leaf late blight/ToamtoLateBlight3-Version-3-oohvze.jpg,Tomato leaf late blight/01908_8c70c4321a305ca3.jpg,8c70c4321a305ca3225768862b0ce55abbe3d2933016052d96c9d2752abb5815,ca982fe787c78bc3,JPEG,RGB,3235,2426,1087402,original,APPROVED_CANDIDATE
PlantDoc,5467f6012d78d1c446145d5f582da6096f852ae8,training_candidate,Tomato leaf late blight,MATCHED,Tomato Late blight,train/Tomato leaf late blight/Tomato%20late%20blight%20lesion%20closeup%2013F.JPG.jpg,Tomato leaf late blight/01909_dd0bd303b3b61cc7.jpg,dd0bd303b3b61cc75ce5f5c28b7d2d5a47e53851293bcfd0b39f84bbce973fee,383b1b1fbdf1b2b4,JPEG,RGB,604,561,66409,original,APPROVED_CANDIDATE
PlantDoc,5467f6012d78d1c446145d5f582da6096f852ae8,training_candidate,Tomato leaf late blight,MATCHED,Tomato Late blight,train/Tomato leaf late blight/Tomato-Late-BlightBM.jpg,Tomato leaf late blight/01910_13308923f530e5d1.jpg,13308923f530e5d174db26a36b92621f8e1df3cc4a1225bb94140afa2c0822e2,cd13316ce3133ce5,JPEG,RGB,2500,1660,2016968,original,APPROVED_CANDIDATE
PlantDoc,5467f6012d78d1c446145d5f582da6096f852ae8,training_candidate,Tomato leaf late blight,MATCHED,Tomato Late blight,train/Tomato leaf late blight/Tomato-late-blight-leaf-Margaret-McGrath-Cornell-Bugwood.jpg,Tomato leaf late blight/01911_7a077d03b215f85b.jpg,7a077d03b215f85b61b5290f391d68339e53f2fb3935997f90517b0bb5ebcb17,d931970e7697cc63,JPEG,RGB,768,576,48014,original,APPROVED_CANDIDATE
PlantDoc,5467f6012d78d1c446145d5f582da6096f852ae8,training_candidate,Tomato leaf late blight,MATCHED,Tomato Late blight,train/Tomato leaf late blight/TomatoBlight.JPG.jpg,Tomato leaf late blight/01912_bf46eefebb094817.jpg,bf46eefebb094817ad199cb5d84822f4dbd55213373185c38658adee34e8a7b3,988d0302d299b2a4,JPEG,RGB,1080,608,704498,original,APPROVED_CANDIDATE
PlantDoc,5467f6012d78d1c446145d5f582da6096f852ae8,training_candidate,Tomato leaf late blight,MATCHED,Tomato Late blight,train/Tomato leaf late blight/TomatoLateBlight-3-Underside-2ebj05b-300x225.jpg,Tomato leaf late blight/01913_e86b5c15a56efc7e.jpg,e86b5c15a56efc7e64f50af6bb7317cc2271c0067ed69371bb02aca7b43f0695,2e66771b27191b13,JPEG,RGB,300,225,20061,original,NEEDS_MANUAL_REVIEW
PlantDoc,5467f6012d78d1c446145d5f582da6096f852ae8,training_candidate,Tomato leaf late blight,MATCHED,Tomato Late blight,train/Tomato leaf late blight/TomatoLateBlightTop.jpg,Tomato leaf late blight/01914_8db3c1eaf91af244.jpg,8db3c1eaf91af244d4d19789a44d5f2e986b845c078e308173100ccf5c61aeb2,ceb6b464dcd9c085,JPEG,RGB,3111,2364,971509,original,APPROVED_CANDIDATE
PlantDoc,5467f6012d78d1c446145d5f582da6096f852ae8,training_candidate,Tomato leaf late blight,MATCHED,Tomato Late blight,train/Tomato leaf late blight/Tomato_Blight_Leaves.JPG.jpg,Tomato leaf late blight/01915_832994798f766962.jpg,832994798f766962c276db708f79bb66e019e6099356a9ef278f3d5f335a993b,b2b36ba22429696a,JPEG,RGB,1600,1200,317910,original,APPROVED_CANDIDATE
PlantDoc,5467f6012d78d1c446145d5f582da6096f852ae8,training_candidate,Tomato leaf late blight,MATCHED,Tomato Late blight,train/Tomato leaf late blight/a7710b5901ba1f8e9759ef7576cd9f09.jpg,Tomato leaf late blight/01916_5dcae1eb24088f57.jpg,5dcae1eb24088f5742e9ede12c476f59571827915f0424907c58b348ce26479f,cb67028acd921321,JPEG,RGB,2848,2136,984944,original,NEEDS_MANUAL_REVIEW
PlantDoc,5467f6012d78d1c446145d5f582da6096f852ae8,training_candidate,Tomato leaf late blight,MATCHED,Tomato Late blight,train/Tomato leaf late blight/dsc_4621c.jpg,Tomato leaf late blight/01917_d074496a736f4178.jpg,d074496a736f41783e0eb8b05f832102dcb07e9a4718d61374cbf2cf3884cc90,8486878fcecab16d,JPEG,RGB,1470,1164,553151,original,APPROVED_CANDIDATE
PlantDoc,5467f6012d78d1c446145d5f582da6096f852ae8,training_candidate,Tomato leaf late blight,MATCHED,Tomato Late blight,train/Tomato leaf late blight/dsc_4624s.jpg,Tomato leaf late blight/01918_f96cff195926f529.jpg,f96cff195926f529f8e96819368cc3e0a496e438220f0a80b67a984f8de2e2b9,98b349c7868689d9,JPEG,RGB,1501,997,500479,original,APPROVED_CANDIDATE
PlantDoc,5467f6012d78d1c446145d5f582da6096f852ae8,training_candidate,Tomato leaf late blight,MATCHED,Tomato Late blight,train/Tomato leaf late blight/dsc_8140cs.jpg,Tomato leaf late blight/01919_3a120425434f2887.jpg,3a120425434f28876d0cd77087454b02d97fa7c1653070998941d995b6bb7be4,5c5c5cb28d08489a,JPEG,RGB,1412,1132,857123,original,APPROVED_CANDIDATE
PlantDoc,5467f6012d78d1c446145d5f582da6096f852ae8,training_candidate,Tomato leaf late blight,MATCHED,Tomato Late blight,train/Tomato leaf late blight/gardening-moisture-lateblight-tomato-leaf.jpg,Tomato leaf late blight/01920_9b5dee113131e9f3.jpg,9b5dee113131e9f3b690b46e2a3e4eec551051d86c24decb4f68e57400e03f85,4b0d077232082632,JPEG,RGB,1738,2380,1040616,original,APPROVED_CANDIDATE
PlantDoc,5467f6012d78d1c446145d5f582da6096f852ae8,training_candidate,Tomato leaf late blight,MATCHED,Tomato Late blight,train/Tomato leaf late blight/late-blight-TomC2-10.jpg,Tomato leaf late blight/01921_0ce156b3c208b908.jpg,0ce156b3c208b908f8e47c549f026f509a48d70f9b4dfc891647ca703b88310e,62878392d8d9a93e,JPEG,RGB,4416,3312,3889531,original,APPROVED_CANDIDATE
PlantDoc,5467f6012d78d1c446145d5f582da6096f852ae8,training_candidate,Tomato leaf late blight,MATCHED,Tomato Late blight,train/Tomato leaf late blight/late-blight-fungicides.jpg,Tomato leaf late blight/01922_a2432f3a03afc905.jpg,a2432f3a03afc9057495bd436dfb4f3138d7bc87fdada0ccc49eadf208b40beb,f4dcf97bf9f9f8fd,JPEG,RGB,2400,1800,858649,original,APPROVED_CANDIDATE
PlantDoc,5467f6012d78d1c446145d5f582da6096f852ae8,training_candidate,Tomato leaf late blight,MATCHED,Tomato Late blight,train/Tomato leaf late blight/late-blight-phytophthora-infestans-damage-to-tomato-leaves-and-fruit-cmnxnf.jpg,Tomato leaf late blight/01923_c36fe8b9a70a7d4c.jpg,c36fe8b9a70a7d4c9a9409f43e03d5ec948f373957ee4ba6924a6644c73546fc,191f26249e9f9db9,JPEG,RGB,513,540,106472,original,APPROVED_CANDIDATE
PlantDoc,5467f6012d78d1c446145d5f582da6096f852ae8,training_candidate,Tomato leaf late blight,MATCHED,Tomato Late blight,train/Tomato leaf late blight/late-blight-tom-leaf.jpg,Tomato leaf late blight/01924_ce975865aef9f1e1.jpg,ce975865aef9f1e1e161f3d998eb85d8d3400dd4a1cfa963d634e352c2a4c5c2,04346ced736165e3,JPEG,RGB,768,521,265042,original,APPROVED_CANDIDATE
PlantDoc,5467f6012d78d1c446145d5f582da6096f852ae8,training_candidate,Tomato leaf late blight,MATCHED,Tomato Late blight,train/Tomato leaf late blight/late-blight-tomato-leaf.jpg,Tomato leaf late blight/01925_8521706261f62e3a.jpg,8521706261f62e3a32a60d55c0c0af9a3faac498a3b00b72527674758082d6bc,c2b131ccea9a5cde,JPEG,RGB,680,440,99289,original,APPROVED_CANDIDATE
PlantDoc,5467f6012d78d1c446145d5f582da6096f852ae8,training_candidate,Tomato leaf late blight,MATCHED,Tomato Late blight,train/Tomato leaf late blight/late-blight-tomato.jpg,Tomato leaf late blight/01926_60aeb91bde37f4f5.jpg,60aeb91bde37f4f5704818424a3672babbe9997a18f4fd34cc9ea1aa54943b1e,533333eb32464bd3,JPEG,RGB,600,600,66968,original,APPROVED_CANDIDATE
PlantDoc,5467f6012d78d1c446145d5f582da6096f852ae8,training_candidate,Tomato leaf late blight,MATCHED,Tomato Late blight,train/Tomato leaf late blight/late_blight1.jpg,Tomato leaf late blight/01927_3230695e2d8b1815.jpg,3230695e2d8b18154ab2514dacdc3dca3249c8ef0559c255b958d3b62873e382,e3c74f871b274ecc,JPEG,RGB,600,438,75467,original,NEEDS_MANUAL_REVIEW
PlantDoc,5467f6012d78d1c446145d5f582da6096f852ae8,training_candidate,Tomato leaf late blight,MATCHED,Tomato Late blight,train/Tomato leaf late blight/late_blight_2013_longisland1x1200.jpg,Tomato leaf late blight/01928_bc3c39f11fff5234.jpg,bc3c39f11fff5234ce39bd0c36613ce4546e1e75e205119b2d459f397b0a20db,0b862c282828dcd9,JPEG,RGB,1200,936,324553,original,APPROVED_CANDIDATE
PlantDoc,5467f6012d78d1c446145d5f582da6096f852ae8,training_candidate,Tomato leaf late blight,MATCHED,Tomato Late blight,train/Tomato leaf late blight/late_blight_2013_longisland2x1200.jpg,Tomato leaf late blight/01929_a10e343751d2ff44.jpg,a10e343751d2ff445cd22c93d92140da735ef533b10c45795ea85d4c2d67ab10,3df793d3a7273ebc,JPEG,RGB,1200,925,287131,original,APPROVED_CANDIDATE
PlantDoc,5467f6012d78d1c446145d5f582da6096f852ae8,training_candidate,Tomato leaf late blight,MATCHED,Tomato Late blight,train/Tomato leaf late blight/late_blight_drought_leaves1x1200.jpg,Tomato leaf late blight/01930_9a1408769ef9d069.jpg,9a1408769ef9d069a31ec50cf9cfe591962a84159c32064b5d43b694abff1636,5c5b349ccff5cc73,JPEG,RGB,1200,900,309122,original,APPROVED_CANDIDATE
PlantDoc,5467f6012d78d1c446145d5f582da6096f852ae8,training_candidate,Tomato leaf late blight,MATCHED,Tomato Late blight,train/Tomato leaf late blight/late_blight_drought_leavescuux1200.jpg,Tomato leaf late blight/01931_bdbe542bd9b254a4.jpg,bdbe542bd9b254a4e96aaa4fef0c134cbea83f385876dd652d4da7d009e8ba48,73593965dd988d8c,JPEG,RGB,2964,2184,2036994,original,APPROVED_CANDIDATE
PlantDoc,5467f6012d78d1c446145d5f582da6096f852ae8,training_candidate,Tomato leaf late blight,MATCHED,Tomato Late blight,train/Tomato leaf late blight/late_blight_tomato_leaf.jpg,Tomato leaf late blight/01932_e4c76f512198fc74.jpg,e4c76f512198fc742905de176ec4f2f5611df51eddff2fc5f1ee9d2ebe479ef3,84e7b984773b87c7,JPEG,RGB,250,249,25442,original,APPROVED_CANDIDATE
PlantDoc,5467f6012d78d1c446145d5f582da6096f852ae8,training_candidate,Tomato leaf late blight,MATCHED,Tomato Late blight,train/Tomato leaf late blight/late_blight_tomato_leaf1x1200.jpg,Tomato leaf late blight/01933_cac2ef0738add23e.jpg,cac2ef0738add23eedf74b476e5483911d19d8035a9c076a4f92c8a8ea511362,cc6870f1194e0c3d,JPEG,RGB,1200,900,295573,original,APPROVED_CANDIDATE
PlantDoc,5467f6012d78d1c446145d5f582da6096f852ae8,training_candidate,Tomato leaf late blight,MATCHED,Tomato Late blight,train/Tomato leaf late blight/late_blight_tomato_leaf5x12001-650x305.jpg,Tomato leaf late blight/01934_bd87613068228f04.jpg,bd87613068228f0493aed0545b456d7a32905e88914c215a5802a396f2802bc9,1f1f171a0e058587,JPEG,RGB,650,305,52638,original,APPROVED_CANDIDATE
PlantDoc,5467f6012d78d1c446145d5f582da6096f852ae8,training_candidate,Tomato leaf late blight,MATCHED,Tomato Late blight,train/Tomato leaf late blight/late_blight_tomato_leaf5x12001.jpg,Tomato leaf late blight/01935_7f45f20fb269dd24.jpg,7f45f20fb269dd24ed5e94e216a0dbdfb8a8c8676864f760c4b37abd68410f74,39fb1f1f850707c3,JPEG,RGB,1200,1600,287763,original,APPROVED_CANDIDATE
PlantDoc,5467f6012d78d1c446145d5f582da6096f852ae8,training_candidate,Tomato leaf late blight,MATCHED,Tomato Late blight,train/Tomato leaf late blight/late_blight_tomato_leaf_.jpg,Tomato leaf late blight/01936_35c7c59a82e0e7bc.jpg,35c7c59a82e0e7bce9309fa4ae258da0ab4c02fb3cdfeed7a1a8131422e4e17c,2e8a968d86b64e6a,JPEG,RGB,1200,900,264012,original,APPROVED_CANDIDATE
PlantDoc,5467f6012d78d1c446145d5f582da6096f852ae8,training_candidate,Tomato leaf late blight,MATCHED,Tomato Late blight,train/Tomato leaf late blight/late_blight_tomato_leaf_sporex1200.jpg,Tomato leaf late blight/01937_b06427f875a54908.jpg,b06427f875a549080239281621541ecadb1e8d2c47860b4e7d0f5032d1dbdaa9,79514531db7ef61b,JPEG,RGB,1200,900,229569,original,APPROVED_CANDIDATE
PlantDoc,5467f6012d78d1c446145d5f582da6096f852ae8,training_candidate,Tomato leaf late blight,MATCHED,Tomato Late blight,train/Tomato leaf late blight/late_blight_tomato_leavesx500.jpg,Tomato leaf late blight/01938_ff030db45790d99d.jpg,ff030db45790d99d7a286d17055dd9374525cebd05dec31e319a093602bd0c1e,6766e651b30cd393,JPEG,RGB,500,375,136365,original,APPROVED_CANDIDATE
PlantDoc,5467f6012d78d1c446145d5f582da6096f852ae8,training_candidate,Tomato leaf late blight,MATCHED,Tomato Late blight,train/Tomato leaf late blight/late_blight_tomato_transplant2x1200.jpg,Tomato leaf late blight/01939_6966160097c74973.jpg,6966160097c74973e47af258ad4fcd63a4790f8efeda4c2feb6de15285e761b9,f35a1e1b130ecc3c,JPEG,RGB,1200,1507,388674,original,APPROVED_CANDIDATE
PlantDoc,5467f6012d78d1c446145d5f582da6096f852ae8,training_candidate,Tomato leaf late blight,MATCHED,Tomato Late blight,train/Tomato leaf late blight/late_blight_tomato_unusual-symptomsx1200.jpg,Tomato leaf late blight/01940_daaa8f3f6b7dc8c7.jpg,daaa8f3f6b7dc8c79aafee2832574a300f8a3b30b0263c13670067d8a87dd183,112824b7a54d5d8c,JPEG,RGB,1200,900,533704,original,APPROVED_CANDIDATE
PlantDoc,5467f6012d78d1c446145d5f582da6096f852ae8,training_candidate,Tomato leaf late blight,MATCHED,Tomato Late blight,train/Tomato leaf late blight/lateblight2.jpg,Tomato leaf late blight/01941_7f67e36d10f1fc66.jpg,7f67e36d10f1fc66a73b4153746e4b5aeda408230734c399eac8b383d5c8440b,7bcf8d2617cb839c,JPEG,RGB,800,600,155578,original,APPROVED_CANDIDATE
PlantDoc,5467f6012d78d1c446145d5f582da6096f852ae8,training_candidate,Tomato leaf late blight,MATCHED,Tomato Late blight,train/Tomato leaf late blight/lateblightTom_lesion.jpg,Tomato leaf late blight/01942_d89d0b34579e6551.jpg,d89d0b34579e6551c854e72a0f5b59389cffc59ee0ebee3bb98c95ce19029f64,ad238e1e0c4e4ce8,JPEG,RGB,640,480,43358,original,APPROVED_CANDIDATE
PlantDoc,5467f6012d78d1c446145d5f582da6096f852ae8,training_candidate,Tomato leaf late blight,MATCHED,Tomato Late blight,train/Tomato leaf late blight/lateblightTom_lesion3.jpg,Tomato leaf late blight/01943_5c1914d9fb471460.jpg,5c1914d9fb4714604f97b77a58c55154e6bc48a5f584187f2309b6d387e6094c,4b6df44c4c1d4d4c,JPEG,RGB,1024,768,297103,original,APPROVED_CANDIDATE
PlantDoc,5467f6012d78d1c446145d5f582da6096f852ae8,training_candidate,Tomato leaf late blight,MATCHED,Tomato Late blight,train/Tomato leaf late blight/lb2.jpg,Tomato leaf late blight/01944_47d998904f74d612.jpg,47d998904f74d6126480b71ac31ca58edaac43bac6b6d0ecab962fd86a9f9e76,b6b6c9c9e0646d0c,JPEG,RGB,802,604,54683,original,APPROVED_CANDIDATE
PlantDoc,5467f6012d78d1c446145d5f582da6096f852ae8,training_candidate,Tomato leaf late blight,MATCHED,Tomato Late blight,train/Tomato leaf late blight/lb_leaf_lesions2x1200.jpg,Tomato leaf late blight/01945_9002d48a4f1e2893.jpg,9002d48a4f1e28933902689bb9aad944121c82b94ea9492371f91f31fe1b1534,337f3776568e8343,JPEG,RGB,1200,1600,381933,original,APPROVED_CANDIDATE
PlantDoc,5467f6012d78d1c446145d5f582da6096f852ae8,training_candidate,Tomato leaf late blight,MATCHED,Tomato Late blight,train/Tomato leaf late blight/lb_leaf_lesions3x1200.jpg,Tomato leaf late blight/01946_839eccecbdcf2adc.jpg,839eccecbdcf2adc73893431d878de68573b1e12b13fb40ca56e5f71e30ed63b,3f1f3a3a2f371c99,JPEG,RGB,1200,900,200928,original,APPROVED_CANDIDATE
PlantDoc,5467f6012d78d1c446145d5f582da6096f852ae8,training_candidate,Tomato leaf late blight,MATCHED,Tomato Late blight,train/Tomato leaf late blight/lb_leaf_lesions4x1200.jpg,Tomato leaf late blight/01947_e0cb8e337b7ccffe.jpg,e0cb8e337b7ccffef5c9ffadd988ca0cde1d6b698f721cdd0bb6cc54f674b681,3634349b9b171b13,JPEG,RGB,1200,1600,312787,original,APPROVED_CANDIDATE
PlantDoc,5467f6012d78d1c446145d5f582da6096f852ae8,training_candidate,Tomato leaf late blight,MATCHED,Tomato Late blight,train/Tomato leaf late blight/lbleaf.jpg,Tomato leaf late blight/01948_12508fa6409708ca.jpg,12508fa6409708ca9905a4a32523119ae325a7c93e951f3893a01e12a7e746ef,cf9595cd252c2e39,JPEG,RGB,500,375,78223,original,APPROVED_CANDIDATE
PlantDoc,5467f6012d78d1c446145d5f582da6096f852ae8,training_candidate,Tomato leaf late blight,MATCHED,Tomato Late blight,train/Tomato leaf late blight/p1020076cs.jpg,Tomato leaf late blight/01949_be9b106043b7d340.jpg,be9b106043b7d340ffaa915fcda01d7b1966100e3df8337a281f48df9ee80bc0,210f38fc8df0f2e2,JPEG,RGB,1235,1051,676892,original,APPROVED_CANDIDATE
PlantDoc,5467f6012d78d1c446145d5f582da6096f852ae8,training_candidate,Tomato leaf late blight,MATCHED,Tomato Late blight,train/Tomato leaf late blight/photo-2.jpg,Tomato leaf late blight/01950_78dcc9dabb2b57e9.jpg,78dcc9dabb2b57e9e51c28e765e112f52a5eb3ab06623c4a67f602bd04d8756b,cd9e99397b39b3db,JPEG,RGB,1536,2048,353837,original,APPROVED_CANDIDATE
PlantDoc,5467f6012d78d1c446145d5f582da6096f852ae8,training_candidate,Tomato leaf late blight,MATCHED,Tomato Late blight,train/Tomato leaf late blight/photo-9.jpg,Tomato leaf late blight/01951_7cea9a9ccb996089.jpg,7cea9a9ccb996089155d01fd649859ff3ab224501be089ce0ee11a29c8ab873f,e0266767e6969f8b,JPEG,RGB,1536,2048,424635,original,APPROVED_CANDIDATE
PlantDoc,5467f6012d78d1c446145d5f582da6096f852ae8,training_candidate,Tomato leaf late blight,MATCHED,Tomato Late blight,train/Tomato leaf late blight/stock-photo-tomato-plants-infected-by-the-late-blight-plant-pathogen-phytophthora-infestans-macro-539209615.jpg,Tomato leaf late blight/01952_fed4412559d6f193.jpg,fed4412559d6f193eed1b2fe45639d1d7fb7ef996dbba2723f8b40200b95c61c,6fcc0cb7865c60d2,JPEG,RGB,450,320,36651,original,APPROVED_CANDIDATE
PlantDoc,5467f6012d78d1c446145d5f582da6096f852ae8,training_candidate,Tomato leaf late blight,MATCHED,Tomato Late blight,train/Tomato leaf late blight/symptoms_of_late_blight.jpg2__0.jpg,Tomato leaf late blight/01953_dcd4897d6b910e92.jpg,dcd4897d6b910e92ef0cb35e3af59be9492fe1e2491717d2a634b2fba5792a40,2e66771b27191b13,JPEG,RGB,1431,1073,385084,original,NEEDS_MANUAL_REVIEW
PlantDoc,5467f6012d78d1c446145d5f582da6096f852ae8,training_candidate,Tomato leaf late blight,MATCHED,Tomato Late blight,train/Tomato leaf late blight/symptoms_of_late_blight_0.jpg,Tomato leaf late blight/01954_6c87b6a1b27d8526.jpg,6c87b6a1b27d85267538a304e1359b82f00db3421d58ae79e77e98806dec3ccb,b69a99a5650a2a26,JPEG,RGB,814,1085,245625,original,NEEDS_MANUAL_REVIEW
PlantDoc,5467f6012d78d1c446145d5f582da6096f852ae8,training_candidate,Tomato leaf late blight,MATCHED,Tomato Late blight,train/Tomato leaf late blight/tomato+blight.jpg,Tomato leaf late blight/01955_d07a6ae85ac6ecf4.jpg,d07a6ae85ac6ecf494238951289024e7914aefae62f1f90ce8537d3cdc129ff2,c1ebead2d2d3dbdb,JPEG,RGB,1200,421,63028,original,APPROVED_CANDIDATE
PlantDoc,5467f6012d78d1c446145d5f582da6096f852ae8,training_candidate,Tomato leaf late blight,MATCHED,Tomato Late blight,train/Tomato leaf late blight/tomato-blight-phytophthora-infestans-close-up-of-infected-leaf-b5n95x.jpg,Tomato leaf late blight/01956_6aa903fc900a1c83.jpg,6aa903fc900a1c830823518655c5685ca00dc204be908bad5a4fd16e7191e5e0,0bafcf8fcb2f076b,JPEG,RGB,347,540,63546,original,APPROVED_CANDIDATE
PlantDoc,5467f6012d78d1c446145d5f582da6096f852ae8,training_candidate,Tomato leaf late blight,MATCHED,Tomato Late blight,train/Tomato leaf late blight/tomato-late-blight-conn-2015-137c.jpg,Tomato leaf late blight/01957_6c402224e255ad21.jpg,6c402224e255ad2119dc600ac2714f207a4f59ab9192a588fe6c8f15bd2ce020,7ebf8d6fc5870d1d,JPEG,RGB,1755,1192,726558,original,APPROVED_CANDIDATE
PlantDoc,5467f6012d78d1c446145d5f582da6096f852ae8,training_candidate,Tomato leaf late blight,MATCHED,Tomato Late blight,train/Tomato leaf late blight/tomato-late-blight-conn-2015-139rcs.jpg,Tomato leaf late blight/01958_2821453ff5feca11.jpg,2821453ff5feca11667f93871ce358cfe05ab431cf0c95910a1ba527f6902632,d3c296b8ccc627ac,JPEG,RGB,1616,1145,450521,original,APPROVED_CANDIDATE
PlantDoc,5467f6012d78d1c446145d5f582da6096f852ae8,training_candidate,Tomato leaf late blight,MATCHED,Tomato Late blight,train/Tomato leaf late blight/tomato-late-blight-foliar-lesions_Scot-Nelson_CC-BY-SA-2.0.jpg,Tomato leaf late blight/01959_845e3cfb95badfa9.jpg,845e3cfb95badfa9fa06675c134833b9849915083bafff579e3b14d251938f0e,96cc9d97948cd958,JPEG,RGB,683,1024,329352,original,NEEDS_MANUAL_REVIEW
PlantDoc,5467f6012d78d1c446145d5f582da6096f852ae8,training_candidate,Tomato leaf late blight,MATCHED,Tomato Late blight,train/Tomato leaf late blight/tomato-late-blight-leaf-61-3x32.jpg,Tomato leaf late blight/01960_9f0339e9851df574.jpg,9f0339e9851df57480c749fa2b5e9879cae89cc96d8a6e1a846dfbc472b4fac9,979ff7e78386fcf0,JPEG,RGB,300,154,46412,original,APPROVED_CANDIDATE
PlantDoc,5467f6012d78d1c446145d5f582da6096f852ae8,training_candidate,Tomato leaf late blight,MATCHED,Tomato Late blight,train/Tomato leaf late blight/tomato-late-blight-phytophthora-infestans-lesions-and-damage-on-tomato-bh3w9j.jpg,Tomato leaf late blight/01961_5e5cf62f64af5188.jpg,5e5cf62f64af518859c4aa2196db554b95022b8036832da21dd8fcf8cba69a61,26272f8f841e87c3,JPEG,RGB,512,540,106167,original,APPROVED_CANDIDATE
PlantDoc,5467f6012d78d1c446145d5f582da6096f852ae8,training_candidate,Tomato leaf late blight,MATCHED,Tomato Late blight,train/Tomato leaf late blight/tomato-late-blight-phytophthora-infestans-lesions-on-greenhouse-grown-ATA11J.jpg,Tomato leaf late blight/01962_9c05a58a8da9096b.jpg,9c05a58a8da9096be59351957f35541c3326562d2fbcad4a9f404406cda7b224,8ccc392cccc99dfc,JPEG,RGB,1104,1390,198616,original,APPROVED_CANDIDATE
PlantDoc,5467f6012d78d1c446145d5f582da6096f852ae8,training_candidate,Tomato leaf late blight,MATCHED,Tomato Late blight,train/Tomato leaf late blight/tomato-late-blight-phytophthora-infestans-mycelium-and-lesions-on-a15yr2.jpg,Tomato leaf late blight/01963_dd593011c07e1b86.jpg,dd593011c07e1b866b6f9d9d7549937fa7e56f7a488ea2436b1648b43d3b5dca,bc4f575f331f787a,JPEG,RGB,512,540,85809,original,APPROVED_CANDIDATE
PlantDoc,5467f6012d78d1c446145d5f582da6096f852ae8,training_candidate,Tomato leaf late blight,MATCHED,Tomato Late blight,train/Tomato leaf late blight/tomato-late-blight-phytophthora-infestans-necrosis-sporulation-on-a-tomato-leaf-underside-X5YDDP.jpg,Tomato leaf late blight/01964_f7474217b5b29e55.jpg,f7474217b5b29e55fa6f21a4fd4a3085e24e98cda9a5434d3124d5793e6c988d,5a093979232713bb,JPEG,RGB,1300,1346,246683,original,APPROVED_CANDIDATE
PlantDoc,5467f6012d78d1c446145d5f582da6096f852ae8,training_candidate,Tomato leaf late blight,MATCHED,Tomato Late blight,train/Tomato leaf late blight/tomato-late-blight-phytophthora-infestans-necrosis-sporulation-on-a-tomato-leaf-underside-XA233C.jpg,Tomato leaf late blight/01965_2ad3b5105d22190f.jpg,2ad3b5105d22190fbfae4798ab4aec20e3d5d1fd467ebb3e3f51198ffdd3d95b,e4c39307063d5a1c,JPEG,RGB,1300,1304,235715,original,APPROVED_CANDIDATE
PlantDoc,5467f6012d78d1c446145d5f582da6096f852ae8,training_candidate,Tomato leaf late blight,MATCHED,Tomato Late blight,train/Tomato leaf late blight/tomato-late-blight-phytophthora-infestans-on-tomato-leaves-a15ym0.jpg,Tomato leaf late blight/01966_d8d94a853181a1e2.jpg,d8d94a853181a1e2d14ce6e5507a995c89778bee0db442f065f14c72d0da15bd,1b576723674e52d5,JPEG,RGB,640,484,94093,original,APPROVED_CANDIDATE
PlantDoc,5467f6012d78d1c446145d5f582da6096f852ae8,training_candidate,Tomato leaf late blight,MATCHED,Tomato Late blight,train/Tomato leaf late blight/tomato-late-blight-sporulation-on-a-tomato-leaflet-picture-id81781370?s=612x612.jpg,Tomato leaf late blight/01967_69494f416ce48032.jpg,69494f416ce4803218604f78256ac454df38b990df9c97398f276a387e9fe99e,23488f971adbc012,JPEG,RGB,612,529,36524,original,APPROVED_CANDIDATE
PlantDoc,5467f6012d78d1c446145d5f582da6096f852ae8,training_candidate,Tomato leaf late blight,MATCHED,Tomato Late blight,train/Tomato leaf late blight/tomato.early.blightH.jpg,Tomato leaf late blight/01968_380dd06e71b1aecc.jpg,380dd06e71b1aeccbc9255ebad6672a7bf51a333a233490ac099c546922c49dd,28161a6a673399c9,JPEG,RGB,582,424,124786,original,APPROVED_CANDIDATE
PlantDoc,5467f6012d78d1c446145d5f582da6096f852ae8,training_candidate,Tomato leaf late blight,MATCHED,Tomato Late blight,train/Tomato leaf late blight/tomato_D33a-Late-blight-015-OMAFHRT_zoom.jpg,Tomato leaf late blight/01969_d2a1b4541f4c3b20.jpg,d2a1b4541f4c3b20eeb0e30499c75f4c9ebeb1e7a90c01b8c26472cbed2f7415,10b6260c1c1b5f6e,JPEG,RGB,662,444,73659,original,APPROVED_CANDIDATE
PlantDoc,5467f6012d78d1c446145d5f582da6096f852ae8,training_candidate,Tomato leaf late blight,MATCHED,Tomato Late blight,train/Tomato leaf late blight/tomato_late-blight_01_zoom.jpg,Tomato leaf late blight/01970_f336ee6b656ac4d9.jpg,f336ee6b656ac4d98edb97e713a323db08f66b086da4169751e9d685ea67906f,9c9d4d444c9cb6b6,JPEG,RGB,900,598,176818,original,APPROVED_CANDIDATE
PlantDoc,5467f6012d78d1c446145d5f582da6096f852ae8,training_candidate,Tomato leaf late blight,MATCHED,Tomato Late blight,train/Tomato leaf late blight/tomato_late-blight_03_zoom.jpg,Tomato leaf late blight/01971_8c9916076137fab7.jpg,8c9916076137fab755c95f7b9f9379544c458885416aa9661230038875da40da,961a9f0f064fef7c,JPEG,RGB,900,675,120073,original,APPROVED_CANDIDATE
PlantDoc,5467f6012d78d1c446145d5f582da6096f852ae8,training_candidate,Tomato leaf late blight,MATCHED,Tomato Late blight,train/Tomato leaf late blight/tomato_late-blight_04_zoom.jpg,Tomato leaf late blight/01972_114e5d0090cd63ad.jpg,114e5d0090cd63ad9e176375c2fde3a48f01d88af3bd1dd44909b2ecefa70a49,114c4c4a2c39d9cd,JPEG,RGB,900,675,188483,original,NEEDS_MANUAL_REVIEW
PlantDoc,5467f6012d78d1c446145d5f582da6096f852ae8,training_candidate,Tomato leaf late blight,MATCHED,Tomato Late blight,train/Tomato leaf late blight/tomato_late-blight_05_zoom.jpg,Tomato leaf late blight/01973_bc0b6524c8ba90d6.jpg,bc0b6524c8ba90d6852131511f257ba04acd04152169409e7ffe730ed69e3199,0643410a86070706,JPEG,RGB,900,1200,175067,original,APPROVED_CANDIDATE
PlantDoc,5467f6012d78d1c446145d5f582da6096f852ae8,training_candidate,Tomato leaf mosaic virus,MATCHED,Tomato mosaic virus,train/Tomato leaf mosaic virus/1422_0.jpeg.jpg,Tomato leaf mosaic virus/01974_385a96f98a1986cc.jpg,385a96f98a1986ccdac704af3fc0215a26632bd0a0490bf2f2ecc20a17d5ddaa,1c1d8d67bf4f36b3,JPEG,RGB,640,480,93622,original,APPROVED_CANDIDATE
PlantDoc,5467f6012d78d1c446145d5f582da6096f852ae8,training_candidate,Tomato leaf mosaic virus,MATCHED,Tomato mosaic virus,train/Tomato leaf mosaic virus/3-tomato-mosaic-virus_web.jpg,Tomato leaf mosaic virus/01975_0859fe0db82e2eb1.jpg,0859fe0db82e2eb1ccb6d8caf2fc6ed7030b2771baa2f744490683ea5fd1fdb4,3f172f4ea337330c,JPEG,RGB,848,1131,197360,original,APPROVED_CANDIDATE
PlantDoc,5467f6012d78d1c446145d5f582da6096f852ae8,training_candidate,Tomato leaf mosaic virus,MATCHED,Tomato mosaic virus,train/Tomato leaf mosaic virus/4b0bfd_df5a85f728c74cecbe908a24feadab02.jpg,Tomato leaf mosaic virus/01976_bca664400713e0e4.jpg,bca664400713e0e49d34f9915b0bc860433343d1c532f538496472182a157c71,59716161158fdcb3,JPEG,RGB,173,244,12638,original,APPROVED_CANDIDATE
PlantDoc,5467f6012d78d1c446145d5f582da6096f852ae8,training_candidate,Tomato leaf mosaic virus,MATCHED,Tomato mosaic virus,train/Tomato leaf mosaic virus/51196-004-61703A1B.jpg,Tomato leaf mosaic virus/01977_ef435579510d841b.jpg,ef435579510d841b901745acaff97db59f6ef7f145dcc88b53f6e3d7a618f442,f4f676efcd255fcf,JPEG,RGB,449,450,36259,original,APPROVED_CANDIDATE
PlantDoc,5467f6012d78d1c446145d5f582da6096f852ae8,training_candidate,Tomato leaf mosaic virus,MATCHED,Tomato mosaic virus,train/Tomato leaf mosaic virus/5Tomato+Mosaic+Virus.jpg,Tomato leaf mosaic virus/01978_c584e26d61f82e9d.jpg,c584e26d61f82e9d5afa7772c797d3d494ab4646b543c93297ff7a24f6d9bdbd,5331b2c46cccd861,JPEG,RGB,213,320,18245,original,APPROVED_CANDIDATE
PlantDoc,5467f6012d78d1c446145d5f582da6096f852ae8,training_candidate,Tomato leaf mosaic virus,MATCHED,Tomato mosaic virus,train/Tomato leaf mosaic virus/DSC02246.JPG.jpg,Tomato leaf mosaic virus/01979_127fdff8c60e482f.jpg,127fdff8c60e482ffe68d40d529689dd8da5a02be3e6bd3738820c7752468fb7,19445396ac999d97,JPEG,RGB,1600,1200,197518,original,APPROVED_CANDIDATE
PlantDoc,5467f6012d78d1c446145d5f582da6096f852ae8,training_candidate,Tomato leaf mosaic virus,MATCHED,Tomato mosaic virus,train/Tomato leaf mosaic virus/TMV-3.jpg,Tomato leaf mosaic virus/01980_290d3c6a123aa77b.jpg,290d3c6a123aa77b9ec8564578dbd0a9ce70663fa903c1f550e7c7ed68500d30,e0ecceccac6cdbd3,JPEG,RGB,450,307,143373,original,APPROVED_CANDIDATE
PlantDoc,5467f6012d78d1c446145d5f582da6096f852ae8,training_candidate,Tomato leaf mosaic virus,MATCHED,Tomato mosaic virus,train/Tomato leaf mosaic virus/TNRV2.jpg,Tomato leaf mosaic virus/01981_0cbec55eb4a499f9.jpg,0cbec55eb4a499f910b5791f033868e462be24245a02e7e54e474d4f51e69a07,d38b057635e6c2b2,JPEG,RGB,287,217,13941,original,APPROVED_CANDIDATE
PlantDoc,5467f6012d78d1c446145d5f582da6096f852ae8,training_candidate,Tomato leaf mosaic virus,MATCHED,Tomato mosaic virus,train/Tomato leaf mosaic virus/Tomato%2Bmosaic%2Bvirus.jpg,Tomato leaf mosaic virus/01982_b37ec98ff05367c2.jpg,b37ec98ff05367c2a163ddd34b7d9d19bf6150f4b309810a50cfc09ca25c3970,9f5838a426236363,JPEG,RGB,1200,630,141591,original,APPROVED_CANDIDATE
PlantDoc,5467f6012d78d1c446145d5f582da6096f852ae8,training_candidate,Tomato leaf mosaic virus,MATCHED,Tomato mosaic virus,train/Tomato leaf mosaic virus/Tomato+mosaic+virus.jpg,Tomato leaf mosaic virus/01983_ecf4813279856da6.jpg,ecf4813279856da6139d466fca3a00a792df7a0657324fe078e7d58ec5b2c8c6,3a364d49534f6436,JPEG,RGB,179,150,11539,original,APPROVED_CANDIDATE
PlantDoc,5467f6012d78d1c446145d5f582da6096f852ae8,training_candidate,Tomato leaf mosaic virus,MATCHED,Tomato mosaic virus,train/Tomato leaf mosaic virus/Tomato-brown-rugose-fruit-virus-ToBRFV-infected-tomato-Solanum-lycopersicum-plants_Q320.jpg,Tomato leaf mosaic virus/01984_c092b2591bd11975.jpg,c092b2591bd11975a88dca500806f115918d50d60169ca949ce1f64bd4c35aa0,551bab4c9094ece4,JPEG,RGB,320,320,33605,original,APPROVED_CANDIDATE
PlantDoc,5467f6012d78d1c446145d5f582da6096f852ae8,training_candidate,Tomato leaf mosaic virus,MATCHED,Tomato mosaic virus,train/Tomato leaf mosaic virus/ab40cce958c60d8b6e0ec2e4fdb8f526.jpg,Tomato leaf mosaic virus/01985_1a1cf0be9bdeae64.jpg,1a1cf0be9bdeae64a59ba65d0a08890633030342a9dff6603166a8de9445ae88,d95bf35366f61244,JPEG,RGB,300,321,29169,original,NEEDS_MANUAL_REVIEW
PlantDoc,5467f6012d78d1c446145d5f582da6096f852ae8,training_candidate,Tomato leaf mosaic virus,MATCHED,Tomato mosaic virus,train/Tomato leaf mosaic virus/d41c86a650e49b8066d6b347d8e9d3ad.jpg,Tomato leaf mosaic virus/01986_987317e1cef2c756.jpg,987317e1cef2c7563cb158f08bc271f2800b3bea6013a094cafcdc1088342c75,b0b093b98dab111f,JPEG,RGB,205,216,27543,original,APPROVED_CANDIDATE
PlantDoc,5467f6012d78d1c446145d5f582da6096f852ae8,training_candidate,Tomato leaf mosaic virus,MATCHED,Tomato mosaic virus,train/Tomato leaf mosaic virus/dahliaviralsymptoms2lowresjpg.jpg,Tomato leaf mosaic virus/01987_daef774b7c3f8632.jpg,daef774b7c3f8632b47b5740e00051fb9a28066bb934307c82d930e047d1e358,632713517b133624,JPEG,RGB,410,307,48253,original,APPROVED_CANDIDATE
PlantDoc,5467f6012d78d1c446145d5f582da6096f852ae8,training_candidate,Tomato leaf mosaic virus,MATCHED,Tomato mosaic virus,train/Tomato leaf mosaic virus/dummen-tmv.jpg,Tomato leaf mosaic virus/01988_ceb08f12a2d062e8.jpg,ceb08f12a2d062e81d23507a632a1fd63b67410100390310c3879cb641f37304,3454f8391a1b3776,JPEG,RGB,300,297,16830,original,APPROVED_CANDIDATE
PlantDoc,5467f6012d78d1c446145d5f582da6096f852ae8,training_candidate,Tomato leaf mosaic virus,MATCHED,Tomato mosaic virus,train/Tomato leaf mosaic virus/fig1-2k11-163-165.jpg,Tomato leaf mosaic virus/01989_7882f74fc0969d1d.jpg,7882f74fc0969d1d52c78d92b2600cb016c5e8861b83fbf372f620d4397fc5a5,c86160c4f8346569,JPEG,RGB,231,247,17840,original,APPROVED_CANDIDATE
PlantDoc,5467f6012d78d1c446145d5f582da6096f852ae8,training_candidate,Tomato leaf mosaic virus,MATCHED,Tomato mosaic virus,train/Tomato leaf mosaic virus/fig2-2k11-1-12.jpg,Tomato leaf mosaic virus/01990_badccfa1a3aca75d.jpg,badccfa1a3aca75d7098c43d45c894895060eaab65dbed25e2575afccf062e89,2e2e3c384c427654,JPEG,RGB,248,212,12092,original,APPROVED_CANDIDATE
PlantDoc,5467f6012d78d1c446145d5f582da6096f852ae8,training_candidate,Tomato leaf mosaic virus,MATCHED,Tomato mosaic virus,train/Tomato leaf mosaic virus/image018.jpg,Tomato leaf mosaic virus/01991_3b3183d447bcf942.jpg,3b3183d447bcf9427d4ac8d2ef36ab2e3c441c10b7cbf86f55a5a61c133dc4a6,5cbc3dcf95899633,JPEG,RGB,341,256,16213,original,APPROVED_CANDIDATE
PlantDoc,5467f6012d78d1c446145d5f582da6096f852ae8,training_candidate,Tomato leaf mosaic virus,MATCHED,Tomato mosaic virus,train/Tomato leaf mosaic virus/image022.jpg,Tomato leaf mosaic virus/01992_1e1eaac19252fc29.jpg,1e1eaac19252fc29b868ce89c2808b5eeb962e14327b3fee3c351657ed06f115,2d03cf8e8a8a2dcd,JPEG,RGB,341,256,16871,original,APPROVED_CANDIDATE
PlantDoc,5467f6012d78d1c446145d5f582da6096f852ae8,training_candidate,Tomato leaf mosaic virus,MATCHED,Tomato mosaic virus,train/Tomato leaf mosaic virus/image024.jpg,Tomato leaf mosaic virus/01993_e7f67c86efd4d328.jpg,e7f67c86efd4d32885e40f88f8b087c44ba68930937b56b0c965b861c5c7d896,0f8d078b09868e2c,JPEG,RGB,341,256,16158,original,APPROVED_CANDIDATE
PlantDoc,5467f6012d78d1c446145d5f582da6096f852ae8,training_candidate,Tomato leaf mosaic virus,MATCHED,Tomato mosaic virus,train/Tomato leaf mosaic virus/mosaic-virus-foliage.jpg,Tomato leaf mosaic virus/01994_fb579582240fce42.jpg,fb579582240fce42338f4de48b6c73df73f190909d648af0a401ede993c5f3d9,1c978d2643e7d0b2,JPEG,RGB,600,600,68432,original,APPROVED_CANDIDATE
PlantDoc,5467f6012d78d1c446145d5f582da6096f852ae8,training_candidate,Tomato leaf mosaic virus,MATCHED,Tomato mosaic virus,train/Tomato leaf mosaic virus/mosaic_virus_tomato.jpg,Tomato leaf mosaic virus/01995_523c300d0340891e.jpg,523c300d0340891e11ff4df32404c9e4cd0fdc915ba4fdcaba544afd36165648,349a305044cd9d87,JPEG,RGB,756,575,117059,original,APPROVED_CANDIDATE
PlantDoc,5467f6012d78d1c446145d5f582da6096f852ae8,training_candidate,Tomato leaf mosaic virus,MATCHED,Tomato mosaic virus,train/Tomato leaf mosaic virus/mosaic_virus_tomato_small.jpg,Tomato leaf mosaic virus/01996_35f9d381bd7fb68d.jpg,35f9d381bd7fb68db5d980c203413779367a939a9c69888076efbaea8e872fd3,c6c6464c189a97ce,JPEG,RGB,150,138,7425,original,APPROVED_CANDIDATE
PlantDoc,5467f6012d78d1c446145d5f582da6096f852ae8,training_candidate,Tomato leaf mosaic virus,MATCHED,Tomato mosaic virus,train/Tomato leaf mosaic virus/mosiac-virus3.jpg,Tomato leaf mosaic virus/01997_5f4d0e00d88da37a.jpg,5f4d0e00d88da37a7a97c55b885dc80b6eb7a87ad2993f24e488984111e8a2e5,a3d1236319296df2,JPEG,RGB,800,533,111784,original,APPROVED_CANDIDATE
PlantDoc,5467f6012d78d1c446145d5f582da6096f852ae8,training_candidate,Tomato leaf mosaic virus,MATCHED,Tomato mosaic virus,train/Tomato leaf mosaic virus/stock-photo-tomato-mosaic-virus-disease-on-tomato-559799668.jpg,Tomato leaf mosaic virus/01998_8e644164293e7c32.jpg,8e644164293e7c32e8cb270c2d517d0988f3851f2ca4bfc7bad3d73745148960,2b592dddd3f66575,JPEG,RGB,450,358,45066,original,APPROVED_CANDIDATE
PlantDoc,5467f6012d78d1c446145d5f582da6096f852ae8,training_candidate,Tomato leaf mosaic virus,MATCHED,Tomato mosaic virus,train/Tomato leaf mosaic virus/thumb-500.jpg,Tomato leaf mosaic virus/01999_253abd1f7b183bae.jpg,253abd1f7b183baeeeb79cf76672b2be334a30d50b82aa6bcfcb79375b8e2fdb,469e9ee2e7c90a2e,JPEG,RGB,500,500,38007,original,APPROVED_CANDIDATE
PlantDoc,5467f6012d78d1c446145d5f582da6096f852ae8,training_candidate,Tomato leaf mosaic virus,MATCHED,Tomato mosaic virus,train/Tomato leaf mosaic virus/tmv-tomato-16.jpg,Tomato leaf mosaic virus/02000_84bf9933d581cd35.jpg,84bf9933d581cd350fa433fec46cf554d28bd0e7b5971c22db912d93a8a42dfa,9777298ed488898c,JPEG,RGB,3648,2736,2285878,original,APPROVED_CANDIDATE
PlantDoc,5467f6012d78d1c446145d5f582da6096f852ae8,training_candidate,Tomato leaf mosaic virus,MATCHED,Tomato mosaic virus,train/Tomato leaf mosaic virus/tomato-fern-leaf-a-symptom-of-tmv-cmv-or-pepmv-virus-on-tomato-plants-h6ey8w.jpg,Tomato leaf mosaic virus/02001_963b5bdd274ff1e7.jpg,963b5bdd274ff1e7eac1266c22c1c9fcc0206b5e1363c13e4513655b0c5c27a3,186c1031b8a96888,JPEG,RGB,640,456,51540,original,APPROVED_CANDIDATE
PlantDoc,5467f6012d78d1c446145d5f582da6096f852ae8,training_candidate,Tomato leaf mosaic virus,MATCHED,Tomato mosaic virus,train/Tomato leaf mosaic virus/tomato-leaf-herbicide-damage.jpg,Tomato leaf mosaic virus/02002_5cbc915291c7946a.jpg,5cbc915291c7946a498f59556998d9920505ac61d6be54136c7a405e8a90d755,8bd3c6c2ca091446,JPEG,RGB,500,375,265828,original,APPROVED_CANDIDATE
PlantDoc,5467f6012d78d1c446145d5f582da6096f852ae8,training_candidate,Tomato leaf mosaic virus,MATCHED,Tomato mosaic virus,train/Tomato leaf mosaic virus/tomato-leaves-260nw-670831669.jpg,Tomato leaf mosaic virus/02003_16f38c97aeccda79.jpg,16f38c97aeccda79951590d8a1ecd4efe5e4ba07f5e21b51349cdcc814598250,2eee5b4b4c4dcdcd,JPEG,RGB,390,280,26806,original,APPROVED_CANDIDATE
PlantDoc,5467f6012d78d1c446145d5f582da6096f852ae8,training_candidate,Tomato leaf mosaic virus,MATCHED,Tomato mosaic virus,train/Tomato leaf mosaic virus/tomato-mosaic-virus-1.jpg,Tomato leaf mosaic virus/02004_ced9a9a45f8c0006.jpg,ced9a9a45f8c00063d3c8d62b1bd406d2fc4adc8638f087ebfa48d15c8a1963d,248c1c24cc751937,JPEG,RGB,300,400,29573,original,APPROVED_CANDIDATE
PlantDoc,5467f6012d78d1c446145d5f582da6096f852ae8,training_candidate,Tomato leaf mosaic virus,MATCHED,Tomato mosaic virus,train/Tomato leaf mosaic virus/tomato-mosaic-virus-F0BA26.jpg,Tomato leaf mosaic virus/02005_8376860b71202001.jpg,8376860b7120200152fe6e8733b202ed6c2f585b9561a0222045044883270b6a,92d3c99882f2d15d,JPEG,RGB,870,1390,151722,original,APPROVED_CANDIDATE
PlantDoc,5467f6012d78d1c446145d5f582da6096f852ae8,training_candidate,Tomato leaf mosaic virus,MATCHED,Tomato mosaic virus,train/Tomato leaf mosaic virus/tomato-mosaic-virus-disease-on-260nw-559799638.jpg,Tomato leaf mosaic virus/02006_60a14312d287d854.jpg,60a14312d287d8547d2107ba4002cd898938cf506bb49d6b8e144dc1db6d737b,2e659bd85365a32b,JPEG,RGB,347,280,36189,original,APPROVED_CANDIDATE
PlantDoc,5467f6012d78d1c446145d5f582da6096f852ae8,training_candidate,Tomato leaf mosaic virus,MATCHED,Tomato mosaic virus,train/Tomato leaf mosaic virus/tomato-mosaic-virus-disease-on-260nw-625499771.jpg,Tomato leaf mosaic virus/02007_46eb40c4f332e830.jpg,46eb40c4f332e830bc8d159774b2b34984313b084889b0a032c6c71582edf14e,69888424000189c9,JPEG,RGB,347,280,26142,original,APPROVED_CANDIDATE
PlantDoc,5467f6012d78d1c446145d5f582da6096f852ae8,training_candidate,Tomato leaf mosaic virus,MATCHED,Tomato mosaic virus,train/Tomato leaf mosaic virus/tomato-mosaic-virus-disease-on-260nw-625499777.jpg,Tomato leaf mosaic virus/02008_77d5e7560f62bab2.jpg,77d5e7560f62bab2bc5702aa76407013d9b6abd927a560d69c99055da25ec3d5,421b1a2c2b9686ce,JPEG,RGB,347,280,32592,original,APPROVED_CANDIDATE
PlantDoc,5467f6012d78d1c446145d5f582da6096f852ae8,training_candidate,Tomato leaf mosaic virus,MATCHED,Tomato mosaic virus,train/Tomato leaf mosaic virus/tomato-mosaic-virus-disease-on-260nw-625499780.jpg,Tomato leaf mosaic virus/02009_fa65fac0427a9ab7.jpg,fa65fac0427a9ab7e5a7b3765c2dd44c10b2557799dcdf10ab7af244b6cd9e8e,fcd579434b49dad8,JPEG,RGB,347,280,26388,original,APPROVED_CANDIDATE
PlantDoc,5467f6012d78d1c446145d5f582da6096f852ae8,training_candidate,Tomato leaf mosaic virus,MATCHED,Tomato mosaic virus,train/Tomato leaf mosaic virus/tomato-mosaic-virus-leaf.jpg,Tomato leaf mosaic virus/02010_daff886c16c22489.jpg,daff886c16c22489d7fc21cf10a62eec5dd06d41b68eb1426449a77307b11ab4,67e1c09c30342c09,JPEG,RGB,480,404,40934,original,APPROVED_CANDIDATE
PlantDoc,5467f6012d78d1c446145d5f582da6096f852ae8,training_candidate,Tomato leaf mosaic virus,MATCHED,Tomato mosaic virus,train/Tomato leaf mosaic virus/tomato-mosaic-virus.jpg,Tomato leaf mosaic virus/02011_b2916e4342627b04.jpg,b2916e4342627b04c40f4d4bb45516b9e31a698b7c9f31985865a99b56d2bf65,491027b97cb2cc6d,JPEG,RGB,150,150,4474,original,APPROVED_CANDIDATE
PlantDoc,5467f6012d78d1c446145d5f582da6096f852ae8,training_candidate,Tomato leaf mosaic virus,MATCHED,Tomato mosaic virus,train/Tomato leaf mosaic virus/tomato_leaf_curl_ND_on_luffah_KC3701030-3.jpg,Tomato leaf mosaic virus/02012_06abb18e0d50ff30.jpg,06abb18e0d50ff3033bfad357f0ba2ddee85f27f0f40127c5ff9a2a19ed352b4,3123321a030b8d75,JPEG,RGB,190,148,36098,original,APPROVED_CANDIDATE
PlantDoc,5467f6012d78d1c446145d5f582da6096f852ae8,training_candidate,Tomato leaf mosaic virus,MATCHED,Tomato mosaic virus,train/Tomato leaf mosaic virus/tomato_mosaic_virus.jpg,Tomato leaf mosaic virus/02013_71a136af75b02198.jpg,71a136af75b0219869cc396ef374f28c8ff0fc136d15d5e715342e2484d22f45,4753474644d45cdc,JPEG,RGB,550,413,111506,original,APPROVED_CANDIDATE
PlantDoc,5467f6012d78d1c446145d5f582da6096f852ae8,training_candidate,Tomato leaf mosaic virus,MATCHED,Tomato mosaic virus,train/Tomato leaf mosaic virus/tomato_virus_01_zoom.jpg,Tomato leaf mosaic virus/02014_b8c5d419d9e6fbd4.jpg,b8c5d419d9e6fbd49c133a51067dfb0db643dc331dd65656ac6f209d3edf2fa0,5d1ca92b7616dacf,JPEG,RGB,386,263,36062,original,APPROVED_CANDIDATE
PlantDoc,5467f6012d78d1c446145d5f582da6096f852ae8,training_candidate,Tomato leaf mosaic virus,MATCHED,Tomato mosaic virus,train/Tomato leaf mosaic virus/tomato_virus_06_zoom.jpg,Tomato leaf mosaic virus/02015_91dba347002d8cc2.jpg,91dba347002d8cc2f70f1453543ddd43f8c38abd8580e1b8a3141c57e501f50d,c4ecc949e5d4d4c4,JPEG,RGB,900,675,133711,original,APPROVED_CANDIDATE
PlantDoc,5467f6012d78d1c446145d5f582da6096f852ae8,training_candidate,Tomato leaf mosaic virus,MATCHED,Tomato mosaic virus,train/Tomato leaf mosaic virus/tomatodisease001sm.jpg,Tomato leaf mosaic virus/02016_1b60589d77d5417f.jpg,1b60589d77d5417f318a56edd9e9c32f0396031fe760dab43837722543a69306,aa261b0bcfcf1332,JPEG,RGB,700,467,240549,original,APPROVED_CANDIDATE
PlantDoc,5467f6012d78d1c446145d5f582da6096f852ae8,training_candidate,Tomato leaf mosaic virus,MATCHED,Tomato mosaic virus,train/Tomato leaf mosaic virus/wd0phb4.jpg,Tomato leaf mosaic virus/02017_14780c43b71f96ca.jpg,14780c43b71f96ca81aa2c9c2bddca1fd23aac9e57a95e30a2948d1c8ae3ccc2,80042c480c081200,JPEG,RGB,478,640,100762,original,APPROVED_CANDIDATE
PlantDoc,5467f6012d78d1c446145d5f582da6096f852ae8,training_candidate,Tomato leaf yellow virus,AMBIGUOUS,,train/Tomato leaf yellow virus/072.jpg,Tomato leaf yellow virus/02018_d5a29a3d4e5b4084.jpg,d5a29a3d4e5b408497112e580fe4744fe6ac635a74b5443c972f74096c051530,6424d9d3962d4f11,JPEG,RGB,405,393,75567,original,AMBIGUOUS
PlantDoc,5467f6012d78d1c446145d5f582da6096f852ae8,training_candidate,Tomato leaf yellow virus,AMBIGUOUS,,train/Tomato leaf yellow virus/1342017-162221-44540.jpg,Tomato leaf yellow virus/02019_b740cb9aa39a521b.jpg,b740cb9aa39a521b544c25b581c6c6f9f4a70f4467511e739920b262c17a4e68,77de9e8e87f1c747,JPEG,RGB,515,750,66783,original,AMBIGUOUS
PlantDoc,5467f6012d78d1c446145d5f582da6096f852ae8,training_candidate,Tomato leaf yellow virus,AMBIGUOUS,,train/Tomato leaf yellow virus/14456.img.jpg,Tomato leaf yellow virus/02020_d675744c6427a180.jpg,d675744c6427a1801410f790e6f340d06c6aac9b8d676193fdcb28b57759dcb1,3c0d8c2f6339595e,JPEG,RGB,600,400,70693,original,AMBIGUOUS
PlantDoc,5467f6012d78d1c446145d5f582da6096f852ae8,training_candidate,Tomato leaf yellow virus,AMBIGUOUS,,train/Tomato leaf yellow virus/18071.img.jpg,Tomato leaf yellow virus/02021_8916a647f4ea7442.jpg,8916a647f4ea7442da7bc43d260becd42ba28f05ae153aa49b382a2e2aa94275,9d05514a66292120,JPEG,RGB,600,400,100346,original,AMBIGUOUS
PlantDoc,5467f6012d78d1c446145d5f582da6096f852ae8,training_candidate,Tomato leaf yellow virus,AMBIGUOUS,,train/Tomato leaf yellow virus/2.--Virused-tomato-leaves-versus.jpg,Tomato leaf yellow virus/02022_7d74f2687d0bf3ca.jpg,7d74f2687d0bf3ca63e83dba705833a960a1f5ffccc669afaef72939cc1b3d1e,6434384ca0899030,JPEG,RGB,1800,903,546658,original,AMBIGUOUS
PlantDoc,5467f6012d78d1c446145d5f582da6096f852ae8,training_candidate,Tomato leaf yellow virus,AMBIGUOUS,,train/Tomato leaf yellow virus/28619919393_7ef44acccc_b.jpg,Tomato leaf yellow virus/02023_655f79d06c2708fe.jpg,655f79d06c2708fe51e02c7bc27647d3dacdc711a1436d7e76593cfa9a8c726f,0730a10c3255b199,JPEG,RGB,576,1024,236890,original,AMBIGUOUS
PlantDoc,5467f6012d78d1c446145d5f582da6096f852ae8,training_candidate,Tomato leaf yellow virus,AMBIGUOUS,,train/Tomato leaf yellow virus/29994445671_b6914b44d0_b.jpg,Tomato leaf yellow virus/02024_aa37cb4e626c9ca8.jpg,aa37cb4e626c9ca86054d4e701cf588a78134526a285817f454af57a8de158c9,46c62b1a91713a6a,JPEG,RGB,1024,731,253141,original,AMBIGUOUS
PlantDoc,5467f6012d78d1c446145d5f582da6096f852ae8,training_candidate,Tomato leaf yellow virus,AMBIGUOUS,,train/Tomato leaf yellow virus/36ca1410e232eec4a8003fe411246820.jpg,Tomato leaf yellow virus/02025_8801389d787f9ddd.jpg,8801389d787f9ddd62006e6f4d874f085f0fe5cb6a1ece4ed5ebb159c4df5865,554a040e4b47e1ad,JPEG,RGB,300,235,25336,original,AMBIGUOUS
PlantDoc,5467f6012d78d1c446145d5f582da6096f852ae8,training_candidate,Tomato leaf yellow virus,AMBIGUOUS,,train/Tomato leaf yellow virus/5146.jpg,Tomato leaf yellow virus/02026_a106294e08939b03.jpg,a106294e08939b033e64d93478f3da91dbd67c8f2d04952fcf92c15b04d734b8,e38a9fb3b374313b,JPEG,RGB,1024,1365,179709,original,AMBIGUOUS
PlantDoc,5467f6012d78d1c446145d5f582da6096f852ae8,training_candidate,Tomato leaf yellow virus,AMBIGUOUS,,train/Tomato leaf yellow virus/534ddf3a932e62dd929a3ac1b29bfa29.jpg,Tomato leaf yellow virus/02027_44334af721ac01e6.jpg,44334af721ac01e60cf42e1e0c83a047d25b63ce22bb8596b2af39da54ed6a89,5347cf2556cecece,JPEG,RGB,4320,3240,1644589,original,AMBIGUOUS
PlantDoc,5467f6012d78d1c446145d5f582da6096f852ae8,training_candidate,Tomato leaf yellow virus,AMBIGUOUS,,train/Tomato leaf yellow virus/7585001780_4b89e826b7.jpg,Tomato leaf yellow virus/02028_30a64ad565fe10d2.jpg,30a64ad565fe10d2a6762e744cd91ac80ef0f256f12d1b94f18c341ab18e5d0b,2d4e579137d65a4d,JPEG,RGB,323,218,34414,original,AMBIGUOUS
PlantDoc,5467f6012d78d1c446145d5f582da6096f852ae8,training_candidate,Tomato leaf yellow virus,AMBIGUOUS,,"train/Tomato leaf yellow virus/8.--Virus-Damaged-foliage-at-top-versus-healthy,-non-infected-bottom-foliage.jpg",Tomato leaf yellow virus/02029_994c9b80e8b4aad0.jpg,994c9b80e8b4aad0e4a61c92e1bfafe3665aeafdf6eca2a30b539838fb743375,ad6f1dbe5b5b3b89,JPEG,RGB,1800,1200,480536,original,AMBIGUOUS
PlantDoc,5467f6012d78d1c446145d5f582da6096f852ae8,training_candidate,Tomato leaf yellow virus,AMBIGUOUS,,train/Tomato leaf yellow virus/8226402609_62d16884a7_b.jpg,Tomato leaf yellow virus/02030_b05941ce07170840.jpg,b05941ce07170840059f1515cda11131afc18a5d4f74a6281ad2c2fdc5a7801b,c972beb70e173676,JPEG,RGB,1024,685,200530,original,AMBIGUOUS
PlantDoc,5467f6012d78d1c446145d5f582da6096f852ae8,training_candidate,Tomato leaf yellow virus,AMBIGUOUS,,train/Tomato leaf yellow virus/8227475116_0d40e8f21c_b.jpg,Tomato leaf yellow virus/02031_fdb84aa6b584ecf6.jpg,fdb84aa6b584ecf65151e1682a0c6c2cee2fefb257851b21d43bb5550011bde8,a4e75a1313865313,JPEG,RGB,683,1024,329150,original,AMBIGUOUS
PlantDoc,5467f6012d78d1c446145d5f582da6096f852ae8,training_candidate,Tomato leaf yellow virus,AMBIGUOUS,,train/Tomato leaf yellow virus/8e60bae9f613f360403943f108a03083.jpg,Tomato leaf yellow virus/02032_8367836a69149f89.jpg,8367836a69149f8938b85c84576f435ffd2866689aa9dc3bb95d9bcc62a31268,bc78d2c201306c60,JPEG,RGB,684,702,61485,original,AMBIGUOUS
PlantDoc,5467f6012d78d1c446145d5f582da6096f852ae8,training_candidate,Tomato leaf yellow virus,AMBIGUOUS,,train/Tomato leaf yellow virus/DSC01999.JPG.jpg,Tomato leaf yellow virus/02033_a44a1569b55e43cb.jpg,a44a1569b55e43cbeae94729f9f3cc4281916ea8d0ddeb8834715718376ed53a,899c6c0c64267264,JPEG,RGB,1024,768,114975,original,AMBIGUOUS
PlantDoc,5467f6012d78d1c446145d5f582da6096f852ae8,training_candidate,Tomato leaf yellow virus,AMBIGUOUS,,train/Tomato leaf yellow virus/DSC02006.JPG.jpg,Tomato leaf yellow virus/02034_99df382ea02636b7.jpg,99df382ea02636b7210ee1b6b65ee5974958922ac48c5b784f16ac6464cec71a,eee3e2c6a76e4c7f,JPEG,RGB,1024,768,99443,original,AMBIGUOUS
PlantDoc,5467f6012d78d1c446145d5f582da6096f852ae8,training_candidate,Tomato leaf yellow virus,AMBIGUOUS,,train/Tomato leaf yellow virus/DSC02007.JPG.jpg,Tomato leaf yellow virus/02035_03d6b16ddcf13050.jpg,03d6b16ddcf13050eca9c1cac9f66b030893c8a29cf72f299498975ec507e6a0,26299327277edcf5,JPEG,RGB,1024,768,89133,original,AMBIGUOUS
PlantDoc,5467f6012d78d1c446145d5f582da6096f852ae8,training_candidate,Tomato leaf yellow virus,AMBIGUOUS,,train/Tomato leaf yellow virus/DSC_3019_320x209.jpg,Tomato leaf yellow virus/02036_75ec9c9314a07b76.jpg,75ec9c9314a07b7610675ec4c8f16fc2d0c37370cee51db16e6856fd9af159fb,6031158f1f190dc5,JPEG,RGB,209,320,22657,original,AMBIGUOUS
PlantDoc,5467f6012d78d1c446145d5f582da6096f852ae8,training_candidate,Tomato leaf yellow virus,AMBIGUOUS,,train/Tomato leaf yellow virus/Figure-4.jpg,Tomato leaf yellow virus/02037_016a221f4a8625c8.jpg,016a221f4a8625c858da4b081b4a6e9887c1b31e5e361d204ad0f7b12a785ffb,e70684c8ccd6f0f0,JPEG,RGB,2554,3405,2117380,original,AMBIGUOUS
PlantDoc,5467f6012d78d1c446145d5f582da6096f852ae8,training_candidate,Tomato leaf yellow virus,AMBIGUOUS,,train/Tomato leaf yellow virus/IMG_2684.JPG.jpg,Tomato leaf yellow virus/02038_f6ae6dee46b5c47d.jpg,f6ae6dee46b5c47dc3eaaf472ec2b6dd00d6d8083c5e854afae707c345b6e854,12323080cc4214f0,JPEG,RGB,1200,1600,287826,original,AMBIGUOUS
PlantDoc,5467f6012d78d1c446145d5f582da6096f852ae8,training_candidate,Tomato leaf yellow virus,AMBIGUOUS,,train/Tomato leaf yellow virus/IMG_2686.JPG.jpg,Tomato leaf yellow virus/02039_11888b0057ec6cc2.jpg,11888b0057ec6cc2857385883a5e479d70e6e61f0f88b9d8e66a8a15e44169bf,fcdadfd7f5f7f6f1,JPEG,RGB,1600,1200,205347,original,AMBIGUOUS
PlantDoc,5467f6012d78d1c446145d5f582da6096f852ae8,training_candidate,Tomato leaf yellow virus,AMBIGUOUS,,train/Tomato leaf yellow virus/IMG_2687.JPG.jpg,Tomato leaf yellow virus/02040_9edbc0c343fc0c0a.jpg,9edbc0c343fc0c0a21f1d0e3afea684a3e63cdd3958ba0ba5ce2f05ddd002219,07c9b0d35b9fcc6c,JPEG,RGB,1200,1600,205696,original,AMBIGUOUS
PlantDoc,5467f6012d78d1c446145d5f582da6096f852ae8,training_candidate,Tomato leaf yellow virus,AMBIGUOUS,,train/Tomato leaf yellow virus/IU-TYLCV_img_6.jpg,Tomato leaf yellow virus/02041_958fb18f4704decf.jpg,958fb18f4704decf96ffcdb740b3376f6852ca160d8b5cb0a62c46e443e22a6d,a6ab2727ac2c2c2e,JPEG,RGB,675,512,146470,original,AMBIGUOUS
PlantDoc,5467f6012d78d1c446145d5f582da6096f852ae8,training_candidate,Tomato leaf yellow virus,AMBIGUOUS,,train/Tomato leaf yellow virus/IU-TYLCV_img_8.jpg,Tomato leaf yellow virus/02042_10e985c34d898cb6.jpg,10e985c34d898cb65e3086d9a06804591190684f9da4bf0568315d1689aa5019,2527333356466535,JPEG,RGB,250,313,50951,original,AMBIGUOUS
PlantDoc,5467f6012d78d1c446145d5f582da6096f852ae8,training_candidate,Tomato leaf yellow virus,AMBIGUOUS,,train/Tomato leaf yellow virus/TYLCV-tomate-DB-441-170.jpg,Tomato leaf yellow virus/02043_6e0953f98c871f09.jpg,6e0953f98c871f098ad1828bc200f33d1afde027bcd5d6a0c25449f08bae6c58,1bcb8d9b0b339335,JPEG,RGB,693,520,198522,original,AMBIGUOUS
PlantDoc,5467f6012d78d1c446145d5f582da6096f852ae8,training_candidate,Tomato leaf yellow virus,AMBIGUOUS,,train/Tomato leaf yellow virus/TYLCV-tomate-DB-442-167.jpg,Tomato leaf yellow virus/02044_51d8c2172f40b0a6.jpg,51d8c2172f40b0a612f688ff03363c7250040c329a00ae6ce2674e85286dd43c,45b3e3d752baf171,JPEG,RGB,544,520,177179,original,AMBIGUOUS
PlantDoc,5467f6012d78d1c446145d5f582da6096f852ae8,training_candidate,Tomato leaf yellow virus,AMBIGUOUS,,train/Tomato leaf yellow virus/TYLCV-tomate-DB-445-171.jpg,Tomato leaf yellow virus/02045_e542b62498c57a17.jpg,e542b62498c57a17612600587c77eefdfb072a80561f79fedb48b5899fd35365,e421197b338a76f4,JPEG,RGB,700,520,181363,original,AMBIGUOUS
PlantDoc,5467f6012d78d1c446145d5f582da6096f852ae8,training_candidate,Tomato leaf yellow virus,AMBIGUOUS,,train/Tomato leaf yellow virus/TYLCV1.jpg,Tomato leaf yellow virus/02046_e6a64e04b9a21cb6.jpg,e6a64e04b9a21cb6765c15bdb7dc122b4521e3d24ed004c6a2307e40c836a0ad,464e4e6c115a1ba5,JPEG,RGB,480,423,125788,original,AMBIGUOUS
PlantDoc,5467f6012d78d1c446145d5f582da6096f852ae8,training_candidate,Tomato leaf yellow virus,AMBIGUOUS,,train/Tomato leaf yellow virus/TYLCV2.jpg,Tomato leaf yellow virus/02047_9f2147ccce07965a.jpg,9f2147ccce07965ae1a994545740f8b728845bcf1a1c69fbd5bbbfebfde47e8e,87866f5d2d37535e,JPEG,RGB,480,419,168865,original,AMBIGUOUS
PlantDoc,5467f6012d78d1c446145d5f582da6096f852ae8,training_candidate,Tomato leaf yellow virus,AMBIGUOUS,,train/Tomato leaf yellow virus/TYLCV4.jpg,Tomato leaf yellow virus/02048_2004585c72eecfff.jpg,2004585c72eecfff767542e7626752da17c2739fe4aaa1b9b125f6dfd8e52928,d9c86662282968c8,JPEG,RGB,549,520,142021,original,AMBIGUOUS
PlantDoc,5467f6012d78d1c446145d5f582da6096f852ae8,training_candidate,Tomato leaf yellow virus,AMBIGUOUS,,train/Tomato leaf yellow virus/TYLCVDFerrinlr.jpg,Tomato leaf yellow virus/02049_810149d0e1363f92.jpg,810149d0e1363f92d855bdd95054d9eb62be06f79bfa6aa07c65710139dcb55d,2f1c12dd8a3532cb,JPEG,RGB,500,438,125572,original,AMBIGUOUS
PlantDoc,5467f6012d78d1c446145d5f582da6096f852ae8,training_candidate,Tomato leaf yellow virus,AMBIGUOUS,,train/Tomato leaf yellow virus/Tomato2.jpg,Tomato leaf yellow virus/02050_b84c3a3d7e85450f.jpg,b84c3a3d7e85450f1a10d9c3c0b0124a1dff13649d472d3717b99616ef249152,d95bf35366f61244,JPEG,RGB,700,749,196634,original,AMBIGUOUS
PlantDoc,5467f6012d78d1c446145d5f582da6096f852ae8,training_candidate,Tomato leaf yellow virus,AMBIGUOUS,,train/Tomato leaf yellow virus/art_15017325188173_a24a66.jpg,Tomato leaf yellow virus/02051_526b9ad2d2185d29.jpg,526b9ad2d2185d29e43c923c53dc91aa67ebbf7a71f80033a3393f6089e73d06,422ea49827616dac,JPEG,RGB,550,412,222181,original,AMBIGUOUS
PlantDoc,5467f6012d78d1c446145d5f582da6096f852ae8,training_candidate,Tomato leaf yellow virus,AMBIGUOUS,,train/Tomato leaf yellow virus/dscn1652cropped.jpg,Tomato leaf yellow virus/02052_609f895a483119f7.jpg,609f895a483119f7c04b33456fc2c190f107a5dd179076250703c7b43a94f8b3,3e16134313315c6a,JPEG,RGB,1921,1809,797326,original,AMBIGUOUS
PlantDoc,5467f6012d78d1c446145d5f582da6096f852ae8,training_candidate,Tomato leaf yellow virus,AMBIGUOUS,,train/Tomato leaf yellow virus/illustration-thematique-urbino-fig5.plante%20tylcv.jpg,Tomato leaf yellow virus/02053_f77005b5006c45c3.jpg,f77005b5006c45c3c27b3138953863da51b407f4bf45536fe67aecadcece2d96,72049c0d4d075b4b,JPEG,RGB,2592,1944,916416,original,AMBIGUOUS
PlantDoc,5467f6012d78d1c446145d5f582da6096f852ae8,training_candidate,Tomato leaf yellow virus,AMBIGUOUS,,train/Tomato leaf yellow virus/latest?cb=20100719124603.jpg,Tomato leaf yellow virus/02054_2992b5bd1a6b448a.jpg,2992b5bd1a6b448a617f3450ffb27320dc5e2c3f4e0c40b820aed9f98d82e6aa,cd6c6c4d2951291b,JPEG,RGB,768,499,292081,original,AMBIGUOUS
PlantDoc,5467f6012d78d1c446145d5f582da6096f852ae8,training_candidate,Tomato leaf yellow virus,AMBIGUOUS,,train/Tomato leaf yellow virus/leaf%20curl_3.jpg,Tomato leaf yellow virus/02055_39f8901f64df7fed.jpg,39f8901f64df7fed1080ef1a031da617ba81c5cfe263fb6046e78f1b283b9cc5,2f8d2b1523294ccc,JPEG,RGB,259,194,9974,original,AMBIGUOUS
PlantDoc,5467f6012d78d1c446145d5f582da6096f852ae8,training_candidate,Tomato leaf yellow virus,AMBIGUOUS,,train/Tomato leaf yellow virus/leaves-curling-on-tomato-plant-characteristic-symptoms-tomato-plants-leaves-curling-down-on-tomato-plant.jpg,Tomato leaf yellow virus/02056_91f3a1be11bc0954.jpg,91f3a1be11bc09543882acf350eab3b306d3c4143e8b04eba31b96b5bc826b64,5fd9d0f9b85450b0,JPEG,RGB,567,393,46187,original,AMBIGUOUS
PlantDoc,5467f6012d78d1c446145d5f582da6096f852ae8,training_candidate,Tomato leaf yellow virus,AMBIGUOUS,,train/Tomato leaf yellow virus/leaves-on-tomato-plant-turning-yellow-what-does-it-mean-when-your-plant-leaves-turn-yellow-tomato-leaf-problems-a-guide-to-leaves-tomato-plant-turning-yellow.jpg,Tomato leaf yellow virus/02057_d199da4ee70fcc85.jpg,d199da4ee70fcc8513d84bde894c739a17876ed15a123934ea5fe3b4e4348e78,bfd6b65051d1d49e,JPEG,RGB,810,450,67016,original,AMBIGUOUS
PlantDoc,5467f6012d78d1c446145d5f582da6096f852ae8,training_candidate,Tomato leaf yellow virus,AMBIGUOUS,,train/Tomato leaf yellow virus/psyllid-yellows.jpg,Tomato leaf yellow virus/02058_707631d95ce631b5.jpg,707631d95ce631b52399019c4c20dad88f602c860135eb85e393d8bef17c106a,0d4d4e4f8f95d3a6,JPEG,RGB,2780,1846,364283,original,AMBIGUOUS
PlantDoc,5467f6012d78d1c446145d5f582da6096f852ae8,training_candidate,Tomato leaf yellow virus,AMBIGUOUS,,train/Tomato leaf yellow virus/r_tomato.jpg,Tomato leaf yellow virus/02059_dcca45cb6cf329c9.jpg,dcca45cb6cf329c90a4e05747af3f37abd88d42f9a97a641bbb96853e38ae0fe,3623515c2e3351d3,JPEG,RGB,288,198,21987,original,AMBIGUOUS
PlantDoc,5467f6012d78d1c446145d5f582da6096f852ae8,training_candidate,Tomato leaf yellow virus,AMBIGUOUS,,train/Tomato leaf yellow virus/role-of-whitefly-in-plant-virus-transmission-by-pmanikandan-13-638.jpg,Tomato leaf yellow virus/02060_0305c095f6b03876.jpg,0305c095f6b03876da91a864dc3b3546a6ca9e3fec3c408a45be9b577e93251d,98e6a6aa8ea6b6ce,JPEG,RGB,638,479,119044,original,AMBIGUOUS
PlantDoc,5467f6012d78d1c446145d5f582da6096f852ae8,training_candidate,Tomato leaf yellow virus,AMBIGUOUS,,train/Tomato leaf yellow virus/role-of-whitefly-in-plant-virus-transmission-by-pmanikandan-25-638.jpg,Tomato leaf yellow virus/02061_365420ddc129fe41.jpg,365420ddc129fe419d78cc6d5155e66cef1321379ba7e63717f4ebdfe0788cf1,c8b4d2b8bcdc8ca4,JPEG,RGB,638,479,131405,original,AMBIGUOUS
PlantDoc,5467f6012d78d1c446145d5f582da6096f852ae8,training_candidate,Tomato leaf yellow virus,AMBIGUOUS,,train/Tomato leaf yellow virus/s-prasanth-kumar-young-scientist-awarded-presentation-2-728.jpg,Tomato leaf yellow virus/02062_53c1b579e2a3440f.jpg,53c1b579e2a3440f39771ca845d7ae166c59670df9da37fb335e52b9317a89ec,2f26940b6c256426,JPEG,RGB,320,159,31040,original,AMBIGUOUS
PlantDoc,5467f6012d78d1c446145d5f582da6096f852ae8,training_candidate,Tomato leaf yellow virus,AMBIGUOUS,,train/Tomato leaf yellow virus/tj5itxzunn3k.jpg,Tomato leaf yellow virus/02063_f626f9c37fd1c411.jpg,f626f9c37fd1c411df46e626df1427b0bffad1128a47fce285cda22cdb1d2183,8c8606090b1b1137,JPEG,RGB,1280,960,218870,original,AMBIGUOUS
PlantDoc,5467f6012d78d1c446145d5f582da6096f852ae8,training_candidate,Tomato leaf yellow virus,AMBIGUOUS,,train/Tomato leaf yellow virus/tlcv-tomato-leaf-curl-virus-symptoms-on-a-glasshouse-tomato-plant-ACGAG6.jpg,Tomato leaf yellow virus/02064_467bf263b87ad1eb.jpg,467bf263b87ad1eb33df08b6d52c9534db65f06869fb4345ded927926a499b3d,3c5fc7d726b7f766,JPEG,RGB,1300,1299,202820,original,AMBIGUOUS
PlantDoc,5467f6012d78d1c446145d5f582da6096f852ae8,training_candidate,Tomato leaf yellow virus,AMBIGUOUS,,train/Tomato leaf yellow virus/tlcv-tomato-leaf-curl-virus-symptoms-on-a-glasshouse-tomato-plant-bmyh62.jpg,Tomato leaf yellow virus/02065_90c5fc48c9795258.jpg,90c5fc48c9795258c3b989f9d9c0d29a11280e9d3298552229f67575311222b6,7363165ba6b6db59,JPEG,RGB,510,540,99576,original,AMBIGUOUS
PlantDoc,5467f6012d78d1c446145d5f582da6096f852ae8,training_candidate,Tomato leaf yellow virus,AMBIGUOUS,,train/Tomato leaf yellow virus/tomato-plant-virus-tomato-yellow-leaf-curl-virus-tomato-plant-disease-mosaic-virus.jpg,Tomato leaf yellow virus/02066_a9a2a8fb11e81b38.jpg,a9a2a8fb11e81b38fdf434db1711e1261d5e15033e3845ed58941affeacc84ba,6f1c12dd8a3732cb,JPEG,RGB,500,438,54279,original,AMBIGUOUS
PlantDoc,5467f6012d78d1c446145d5f582da6096f852ae8,training_candidate,Tomato leaf yellow virus,AMBIGUOUS,,train/Tomato leaf yellow virus/tomato-yellow-closeup-2.jpg,Tomato leaf yellow virus/02067_f81eda8aa9fe987c.jpg,f81eda8aa9fe987c3e3be0f0dbc238f2052143fd4c2aa3bc2e93d940bbdd6b5e,054757260e4f0b0d,JPEG,RGB,500,375,118666,original,AMBIGUOUS
PlantDoc,5467f6012d78d1c446145d5f582da6096f852ae8,training_candidate,Tomato leaf yellow virus,AMBIGUOUS,,train/Tomato leaf yellow virus/tomato-yellow-closeup-3.jpg,Tomato leaf yellow virus/02068_dab4632af6f75737.jpg,dab4632af6f75737b364a57e523239a602e50e4fe164b1b6b216b9ed91b155fb,03115b0b8d19090d,JPEG,RGB,500,375,68000,original,AMBIGUOUS
PlantDoc,5467f6012d78d1c446145d5f582da6096f852ae8,training_candidate,Tomato leaf yellow virus,AMBIGUOUS,,train/Tomato leaf yellow virus/tomato-yellow-closeup-4.jpg,Tomato leaf yellow virus/02069_82e3fc465df0da8b.jpg,82e3fc465df0da8b63ab0857ff25eacc2f9f2818cf623992d4f499e77be3a549,a5cd95b737878626,JPEG,RGB,500,375,117191,original,AMBIGUOUS
PlantDoc,5467f6012d78d1c446145d5f582da6096f852ae8,training_candidate,Tomato leaf yellow virus,AMBIGUOUS,,train/Tomato leaf yellow virus/tomato-yellow-leaf-curl-disease-260nw-1006958086.jpg,Tomato leaf yellow virus/02070_c5af008b8a552f07.jpg,c5af008b8a552f07528bbaa43a84ce4be90d2113bb24e8588938b363b4296f4c,6763298dcf1b5264,JPEG,RGB,347,280,16076,original,AMBIGUOUS
PlantDoc,5467f6012d78d1c446145d5f582da6096f852ae8,training_candidate,Tomato leaf yellow virus,AMBIGUOUS,,train/Tomato leaf yellow virus/tomato-yellow-leaf-curl-disease-260nw-1072448252.jpg,Tomato leaf yellow virus/02071_4b64971d72a35091.jpg,4b64971d72a35091a10e23590b3daf8594380a36919f85ff96ea4031c9342d48,716d6e7bdbe56848,JPEG,RGB,347,280,32944,original,AMBIGUOUS
PlantDoc,5467f6012d78d1c446145d5f582da6096f852ae8,training_candidate,Tomato leaf yellow virus,AMBIGUOUS,,train/Tomato leaf yellow virus/tomato-yellow-leaf-curl-disease.jpg,Tomato leaf yellow virus/02072_f70e3c148a247224.jpg,f70e3c148a2472243d50b1f63006e2e28c0fa60d19171ed3e0a05133593c61a0,6866656e28313636,JPEG,RGB,798,605,75370,original,AMBIGUOUS
PlantDoc,5467f6012d78d1c446145d5f582da6096f852ae8,training_candidate,Tomato leaf yellow virus,AMBIGUOUS,,train/Tomato leaf yellow virus/tomato-yellow-leaf-curl-virus-pdf-78kb.jpg,Tomato leaf yellow virus/02073_77693a1305915f3c.jpg,77693a1305915f3c982ec7e9b17b2e38d51bd05ff3a4d8b1e07a5e93f1b654fa,a6ccccd8ccccccdc,JPEG,RGB,358,253,22305,original,AMBIGUOUS
PlantDoc,5467f6012d78d1c446145d5f582da6096f852ae8,training_candidate,Tomato leaf yellow virus,AMBIGUOUS,,train/Tomato leaf yellow virus/tomato-yellow-leaf-curl-virus-symptoms-on-tomato-leaves-on-plants-ACGAME.jpg,Tomato leaf yellow virus/02074_797808e307fc90f3.jpg,797808e307fc90f3d526f5209a8e4ae3811e6d6bb17368759c202ea606073563,cf4e2b33346def96,JPEG,RGB,1199,1390,249683,original,AMBIGUOUS
PlantDoc,5467f6012d78d1c446145d5f582da6096f852ae8,training_candidate,Tomato leaf yellow virus,AMBIGUOUS,,train/Tomato leaf yellow virus/tomato-yellow-leaf-curl-virus-symptoms-on-tomato-leaves-on-plants-AXKWFY.jpg,Tomato leaf yellow virus/02075_b779bef4681983f6.jpg,b779bef4681983f60de97786f4d954ff76b6a18635cc853f54b99aecac986699,638cccdc5dc93d39,JPEG,RGB,1300,1099,200537,original,AMBIGUOUS
PlantDoc,5467f6012d78d1c446145d5f582da6096f852ae8,training_candidate,Tomato leaf yellow virus,AMBIGUOUS,,train/Tomato leaf yellow virus/tomato-yellow-leaf-curl-virus-tomato-1.jpg,Tomato leaf yellow virus/02076_190c8596f5604d0e.jpg,190c8596f5604d0eb313dab98ad8deff97e63ba3f443047ea36d0a3d0101d3e1,0942138dc9332be9,JPEG,RGB,300,450,39995,original,AMBIGUOUS
PlantDoc,5467f6012d78d1c446145d5f582da6096f852ae8,training_candidate,Tomato leaf yellow virus,AMBIGUOUS,,train/Tomato leaf yellow virus/tomato-yellow-leaf-curl-virus-tylcv_950983.jpg,Tomato leaf yellow virus/02077_1c40a0b320e344ba.jpg,1c40a0b320e344baff7543419dea43b0b85ff0bb55edf45f20d9fedc1dedf0ce,94b6871c5c363963,JPEG,RGB,620,273,32655,original,AMBIGUOUS
PlantDoc,5467f6012d78d1c446145d5f582da6096f852ae8,training_candidate,Tomato leaf yellow virus,AMBIGUOUS,,train/Tomato leaf yellow virus/tomato-yellow-leaf-curl-virus-tylvcv-symptoms-on-a-tomato-plant-under-BMYHXY.jpg,Tomato leaf yellow virus/02078_afc9fd1ae50ad1c2.jpg,afc9fd1ae50ad1c2151a64638307571f21f6d96f7d26a4d0898491cb68040ed5,c42727af67260ecd,JPEG,RGB,1050,1390,211066,original,AMBIGUOUS
PlantDoc,5467f6012d78d1c446145d5f582da6096f852ae8,training_candidate,Tomato leaf yellow virus,AMBIGUOUS,,train/Tomato leaf yellow virus/tomato_leaf_roll.JPG.jpg,Tomato leaf yellow virus/02079_c8ed5863a73ff3ab.jpg,c8ed5863a73ff3aba0bbff702fa25ea7dfa6c2ec391aa424c3a3b8438ec91a83,15df0c3698190616,JPEG,RGB,115,170,8206,original,AMBIGUOUS
PlantDoc,5467f6012d78d1c446145d5f582da6096f852ae8,training_candidate,Tomato leaf yellow virus,AMBIGUOUS,,train/Tomato leaf yellow virus/tomato_yellow_leaf_curl_virus.jpg,Tomato leaf yellow virus/02080_04983f2d6712c636.jpg,04983f2d6712c63691750cadcc1fef54ad898ebff46f5f31e1b774689ff56ade,7b1904a341336766,JPEG,RGB,1500,750,256643,original,AMBIGUOUS
PlantDoc,5467f6012d78d1c446145d5f582da6096f852ae8,training_candidate,Tomato leaf yellow virus,AMBIGUOUS,,train/Tomato leaf yellow virus/tomatoyellowleafcurlcropped.jpg,Tomato leaf yellow virus/02081_f3856815a06e4465.jpg,f3856815a06e4465036ae051553878fe74a6eae1f19a709e01241ed644491bf5,9e9b974da3e36333,JPEG,RGB,2315,2083,951254,original,AMBIGUOUS
PlantDoc,5467f6012d78d1c446145d5f582da6096f852ae8,training_candidate,Tomato leaf yellow virus,AMBIGUOUS,,train/Tomato leaf yellow virus/tylcv-seminar-1-638.jpg,Tomato leaf yellow virus/02082_3c52144e19e95cc3.jpg,3c52144e19e95cc3d4170407eaf729d0981b934615eaa183f7f5aa29d8ef265a,84b0cecccccc8e8e,JPEG,RGB,638,479,69933,original,AMBIGUOUS
PlantDoc,5467f6012d78d1c446145d5f582da6096f852ae8,training_candidate,Tomato leaf yellow virus,AMBIGUOUS,,train/Tomato leaf yellow virus/tylcv.jpg,Tomato leaf yellow virus/02083_b1d9a44da350fc13.jpg,b1d9a44da350fc13c0031a1a76017c017f4cd8f2242b29e9cd566230fdaf9599,aa88872d1d428b9b,JPEG,RGB,497,369,293387,original,AMBIGUOUS
PlantDoc,5467f6012d78d1c446145d5f582da6096f852ae8,training_candidate,Tomato leaf yellow virus,AMBIGUOUS,,train/Tomato leaf yellow virus/tylcv1-.jpg,Tomato leaf yellow virus/02084_b7105e6d1cbc110d.jpg,b7105e6d1cbc110d122447c079e53804a329a468af94a69fb516aa31b2150a64,4e8a535b998d2c33,JPEG,RGB,3264,2448,924552,original,AMBIGUOUS
PlantDoc,5467f6012d78d1c446145d5f582da6096f852ae8,training_candidate,Tomato leaf yellow virus,AMBIGUOUS,,train/Tomato leaf yellow virus/virus1.jpg,Tomato leaf yellow virus/02085_32120540875aa9e0.jpg,32120540875aa9e0c1e7f6a5d6fef7bb575049c3c7e65c6dc8de91b159e300dc,e0c4e0e4ece4ccf8,JPEG,RGB,460,345,34804,original,AMBIGUOUS
PlantDoc,5467f6012d78d1c446145d5f582da6096f852ae8,training_candidate,Tomato leaf yellow virus,AMBIGUOUS,,train/Tomato leaf yellow virus/virus2.jpg,Tomato leaf yellow virus/02086_f2c2b92054976374.jpg,f2c2b92054976374066eaf93c021a71b1d09d7d237075b2317b7b8c497e76b08,961d1472a756d4e5,JPEG,RGB,460,345,69824,original,AMBIGUOUS
PlantDoc,5467f6012d78d1c446145d5f582da6096f852ae8,training_candidate,Tomato leaf yellow virus,AMBIGUOUS,,train/Tomato leaf yellow virus/yellowing.JPG.jpg,Tomato leaf yellow virus/02087_f0a4a07ddc0a0b43.jpg,f0a4a07ddc0a0b43e0a66ad62cd192d7f4e8f78cd4cb460078021645b98d464a,7dd73319c9f3cbdb,JPEG,RGB,295,320,30667,original,AMBIGUOUS
PlantDoc,5467f6012d78d1c446145d5f582da6096f852ae8,training_candidate,Tomato leaf,AMBIGUOUS,,train/Tomato leaf/003.JPG.jpg,Tomato leaf/02088_b070fe8ff66dc807.jpg,b070fe8ff66dc8071997ee06f13d31ff5bf7c5348eab09a9f5ef39b76861b50f,8889993da5a52ccb,JPEG,RGB,1600,1200,317946,original,AMBIGUOUS
PlantDoc,5467f6012d78d1c446145d5f582da6096f852ae8,training_candidate,Tomato leaf,AMBIGUOUS,,train/Tomato leaf/009-e1373768789869.jpg,Tomato leaf/02089_81c48f1873998fb9.jpg,81c48f1873998fb9ea1f5262bbecf6271dc142c5fe668fa4af7c5df4b5186710,8e916361239996b4,JPEG,RGB,997,977,219260,original,AMBIGUOUS
PlantDoc,5467f6012d78d1c446145d5f582da6096f852ae8,training_candidate,Tomato leaf,AMBIGUOUS,,train/Tomato leaf/100_8283.jpg,Tomato leaf/02090_2e6dc8d894d71a2b.jpg,2e6dc8d894d71a2b75362f3edacf4f0caf9e27ce68bb85508f4e4f86511970d7,b6160f474d1f1b1b,JPEG,RGB,1932,2576,1816775,original,AMBIGUOUS
PlantDoc,5467f6012d78d1c446145d5f582da6096f852ae8,training_candidate,Tomato leaf,AMBIGUOUS,,train/Tomato leaf/15481477375.jpg,Tomato leaf/02091_c0edbf21a0c7ab34.jpg,c0edbf21a0c7ab349f0b801f886d1e4e090476e06b3926f18d23bd17ed1ddd49,474b094927979b07,JPEG,RGB,1600,1205,173046,original,AMBIGUOUS
PlantDoc,5467f6012d78d1c446145d5f582da6096f852ae8,training_candidate,Tomato leaf,AMBIGUOUS,,train/Tomato leaf/1686.jpg,Tomato leaf/02092_3edba79d62424519.jpg,3edba79d624245191fc0036f231358ea60b2cc8e35645b2c54cc891892073027,998e0e25965e4686,JPEG,RGB,1024,1365,293399,original,AMBIGUOUS
PlantDoc,5467f6012d78d1c446145d5f582da6096f852ae8,training_candidate,Tomato leaf,AMBIGUOUS,,train/Tomato leaf/1688.jpg,Tomato leaf/02093_9f0ee97e32949978.jpg,9f0ee97e32949978c323ff62e2e70788b3c6ab7a2248762328a46099bb7519d5,1d8b8141a388ce6b,JPEG,RGB,1024,768,139906,original,AMBIGUOUS
PlantDoc,5467f6012d78d1c446145d5f582da6096f852ae8,training_candidate,Tomato leaf,AMBIGUOUS,,train/Tomato leaf/17371378-tomato-leaf.jpg,Tomato leaf/02094_da315866780e76ac.jpg,da315866780e76ac36b5cee1dab4d5d3c2432f8d4f9cd3c93410dfd6ef46044f,10b2b27260f0f230,JPEG,RGB,800,800,71699,original,AMBIGUOUS
PlantDoc,5467f6012d78d1c446145d5f582da6096f852ae8,training_candidate,Tomato leaf,AMBIGUOUS,,train/Tomato leaf/2013-08-20-03.jpg,Tomato leaf/02095_5e2472f415aeb8e7.jpg,5e2472f415aeb8e7cc254db1f17b2d14a4f2daae70b685ee8a70a29f0f99308a,c7cc1662c70ba974,JPEG,RGB,1600,1200,163165,original,AMBIGUOUS
PlantDoc,5467f6012d78d1c446145d5f582da6096f852ae8,training_candidate,Tomato leaf,AMBIGUOUS,,train/Tomato leaf/2013-08-20-04.jpg,Tomato leaf/02096_50e8f7928017878f.jpg,50e8f7928017878f7f020bb8f52b61f99d74f3db1d20c80d41a612e04695d32d,18591b174b436d7d,JPEG,RGB,1600,1200,205485,original,AMBIGUOUS
PlantDoc,5467f6012d78d1c446145d5f582da6096f852ae8,training_candidate,Tomato leaf,AMBIGUOUS,,train/Tomato leaf/20130609_151253_zpsc7d93f62.jpg,Tomato leaf/02097_887ceedf22efce49.jpg,887ceedf22efce49400c63d57e1512418f874ad3409548cc41a64508e4a5abef,9490043232287891,JPEG,RGB,1024,768,267742,original,AMBIGUOUS
PlantDoc,5467f6012d78d1c446145d5f582da6096f852ae8,training_candidate,Tomato leaf,AMBIGUOUS,,train/Tomato leaf/20140818-tomato-sauce-vicky-wasik-1.jpg,Tomato leaf/02098_b841720c688db5f8.jpg,b841720c688db5f8a1989394b8f5aaf59c1a9ce5a855d66ad843be928db7c41a,262527499dbbafcd,JPEG,RGB,1500,1125,153154,original,AMBIGUOUS
PlantDoc,5467f6012d78d1c446145d5f582da6096f852ae8,training_candidate,Tomato leaf,AMBIGUOUS,,train/Tomato leaf/2015-09-17-01.jpg,Tomato leaf/02099_1c73f9e07e567ca8.jpg,1c73f9e07e567ca8d697f013806b9fdafad0520bc096967218fc6cecd417caf4,7363659f67272d2d,JPEG,RGB,1200,900,176737,original,AMBIGUOUS
PlantDoc,5467f6012d78d1c446145d5f582da6096f852ae8,training_candidate,Tomato leaf,AMBIGUOUS,,train/Tomato leaf/20160428_080421.jpg,Tomato leaf/02100_1754285bb8b6b101.jpg,1754285bb8b6b101871ab40be539419c2ea1931aa98f236c9eecd00a29360444,61b4efa5232b2c96,JPEG,RGB,1036,1200,224251,original,AMBIGUOUS
PlantDoc,5467f6012d78d1c446145d5f582da6096f852ae8,training_candidate,Tomato leaf,AMBIGUOUS,,train/Tomato leaf/9bfac1dea7f401e3b379dab33f535bb4.jpg,Tomato leaf/02101_d069fbe08ea07926.jpg,d069fbe08ea07926e4213ab277f528888d1e6288a838231283e830c1c606a3de,2aaa58aa685a2e66,JPEG,RGB,1037,1066,126198,original,AMBIGUOUS
PlantDoc,5467f6012d78d1c446145d5f582da6096f852ae8,training_candidate,Tomato leaf,AMBIGUOUS,,train/Tomato leaf/Bacterial-leaf-spot-transplants1.jpg,Tomato leaf/02102_d1b2bfca29dfba94.jpg,d1b2bfca29dfba94c27127b2f7f0dc7ef73a753d36d565ca6c55d49d21ca2364,e36136461a338608,JPEG,RGB,522,480,82917,original,AMBIGUOUS
PlantDoc,5467f6012d78d1c446145d5f582da6096f852ae8,training_candidate,Tomato leaf,AMBIGUOUS,,train/Tomato leaf/Basil%2Binfected%2Bby%2BTomato%2BSpotted%2BWilt%2BVirus.jpg,Tomato leaf/02103_9b0207d6b0db32bf.jpg,9b0207d6b0db32bf77b33ad7efdd5f9cbed2f4e085d8ad86f335e5485543e08f,6c2c2d464d993939,JPEG,RGB,1024,682,136107,original,AMBIGUOUS
PlantDoc,5467f6012d78d1c446145d5f582da6096f852ae8,training_candidate,Tomato leaf,AMBIGUOUS,,train/Tomato leaf/CTG514794.jpg,Tomato leaf/02104_02b4ea0990e9f4aa.jpg,02b4ea0990e9f4aa7fc87781695d40a5d42a38e3c8461790bb65764c0e74d03e,022b39091e5e1b10,JPEG,RGB,550,733,144020,original,AMBIGUOUS
PlantDoc,5467f6012d78d1c446145d5f582da6096f852ae8,training_candidate,Tomato leaf,AMBIGUOUS,,train/Tomato leaf/DSCN1016.JPG.jpg,Tomato leaf/02105_8d84fa7ef2daea72.jpg,8d84fa7ef2daea720ba5121a277f493208167bdd76e2dc0718968be6d9b7dfb0,086b737327b2272e,JPEG,RGB,1600,1200,251834,original,AMBIGUOUS
PlantDoc,5467f6012d78d1c446145d5f582da6096f852ae8,training_candidate,Tomato leaf,AMBIGUOUS,,train/Tomato leaf/Fig-2.jpg,Tomato leaf/02106_75bcfcb736bcdabb.jpg,75bcfcb736bcdabbf38a590620688985893c366548978ce1cee9e77d62e881a9,e1b4b26d47c36262,JPEG,RGB,2048,1536,779321,original,AMBIGUOUS
PlantDoc,5467f6012d78d1c446145d5f582da6096f852ae8,training_candidate,Tomato leaf,AMBIGUOUS,,train/Tomato leaf/IMG_2061.JPG.jpg,Tomato leaf/02107_3939bedbdd597ee3.jpg,3939bedbdd597ee39fc74bf1a76772765082e4586ca4029a3169feadee1506a5,5b9a9ff5d59514e4,JPEG,RGB,1600,1200,316343,original,AMBIGUOUS
PlantDoc,5467f6012d78d1c446145d5f582da6096f852ae8,training_candidate,Tomato leaf,AMBIGUOUS,,train/Tomato leaf/IMG_3011.jpg,Tomato leaf/02108_a07add095885e0cb.jpg,a07add095885e0cb5193781fe287542029fdbfca1d73ab3f5acfb2532a3a4eaa,9b9d9fbf75b3cccc,JPEG,RGB,1023,735,614011,original,AMBIGUOUS
PlantDoc,5467f6012d78d1c446145d5f582da6096f852ae8,training_candidate,Tomato leaf,AMBIGUOUS,,train/Tomato leaf/IMG_3192.JPG.jpg,Tomato leaf/02109_0fe6f9b56e0bfadf.jpg,0fe6f9b56e0bfadf748293f8dc6e9328027e736b8198f4c543ff5f878196e11a,32656d8c2c6e4a36,JPEG,RGB,1600,1600,568283,original,AMBIGUOUS
PlantDoc,5467f6012d78d1c446145d5f582da6096f852ae8,training_candidate,Tomato leaf,AMBIGUOUS,,train/Tomato leaf/L.peruv-assort.jpg,Tomato leaf/02110_22d3021cc9be391a.jpg,22d3021cc9be391aad356bb3c4dc0de6239e6210da8b1d615776cefbaa73a02f,ece8eab69c2cc6b4,JPEG,RGB,450,273,37185,original,AMBIGUOUS
PlantDoc,5467f6012d78d1c446145d5f582da6096f852ae8,training_candidate,Tomato leaf,AMBIGUOUS,,train/Tomato leaf/Leaves-of-Tomato.jpg,Tomato leaf/02111_356f9de00f0ef794.jpg,356f9de00f0ef794de790bcd76200255fe2dbbf027ebdc2fb23607dde218141b,f7373a3e5dc5a5d4,JPEG,RGB,700,465,246457,original,AMBIGUOUS
PlantDoc,5467f6012d78d1c446145d5f582da6096f852ae8,training_candidate,Tomato leaf,AMBIGUOUS,,train/Tomato leaf/PxWBE.jpg,Tomato leaf/02112_4b85bc7f2190422d.jpg,4b85bc7f2190422db15545e957571a2565341a932f7359eb02064b7b845b394d,b94d6eb6737925a6,JPEG,RGB,2520,3780,695837,original,AMBIGUOUS
PlantDoc,5467f6012d78d1c446145d5f582da6096f852ae8,training_candidate,Tomato leaf,AMBIGUOUS,,train/Tomato leaf/Tomato%2Bleaf.jpg,Tomato leaf/02113_d052c3663489cf27.jpg,d052c3663489cf27b32d2e62284f5200afa43c42c67f3d3517e1e792c6612a73,367e48e97f6c6663,JPEG,RGB,401,422,44060,original,AMBIGUOUS
PlantDoc,5467f6012d78d1c446145d5f582da6096f852ae8,training_candidate,Tomato leaf,AMBIGUOUS,,train/Tomato leaf/curling-issues.jpg,Tomato leaf/02114_3497d19ccb856dd2.jpg,3497d19ccb856dd22150a590b6ea43bb3eba0207243e1893bd1e704ffc27aeb0,85871a4c43c96500,JPEG,RGB,3888,2592,2468465,original,AMBIGUOUS
PlantDoc,5467f6012d78d1c446145d5f582da6096f852ae8,training_candidate,Tomato leaf,AMBIGUOUS,,train/Tomato leaf/depositphotos_120361722-stock-photo-tomato-leaf-closeup.jpg,Tomato leaf/02115_db5f8daa4219ec01.jpg,db5f8daa4219ec01e73c7e9fc3bad8a67258d6e7d2fce16cd36d6297a070d411,228e9c9192d2f969,JPEG,RGB,1024,720,76344,original,AMBIGUOUS
PlantDoc,5467f6012d78d1c446145d5f582da6096f852ae8,training_candidate,Tomato leaf,AMBIGUOUS,,train/Tomato leaf/depositphotos_143371585-stock-photo-tomato-leaf-closeup-isolated-on.jpg,Tomato leaf/02116_e9fafd192f2d98d4.jpg,e9fafd192f2d98d467fcf9615637f6163a5b6603c22f050e9d3223b29fc00184,70187864e2c948f5,JPEG,RGB,1600,1212,162791,original,AMBIGUOUS
PlantDoc,5467f6012d78d1c446145d5f582da6096f852ae8,training_candidate,Tomato leaf,AMBIGUOUS,,train/Tomato leaf/depositphotos_7182856-stock-photo-tomato-leaf.jpg,Tomato leaf/02117_8f1cab1969de06a5.jpg,8f1cab1969de06a57c663fffe5464aeb75ed3b38d7ee737783e98aab07a6dbc6,0274d0d026685932,JPEG,RGB,1023,735,76313,original,AMBIGUOUS
PlantDoc,5467f6012d78d1c446145d5f582da6096f852ae8,training_candidate,Tomato leaf,AMBIGUOUS,,train/Tomato leaf/flies.jpg,Tomato leaf/02118_9065172ad0176788.jpg,9065172ad0176788c4341230bbd34e13434039e41fdca01da77cc962dea8f128,9b7466c3d6b7278e,JPEG,RGB,3888,2592,3234767,original,AMBIGUOUS
PlantDoc,5467f6012d78d1c446145d5f582da6096f852ae8,training_candidate,Tomato leaf,AMBIGUOUS,,train/Tomato leaf/fpls-08-01602-g001.jpg,Tomato leaf/02119_7de4d88e344f8f72.jpg,7de4d88e344f8f72f5b21472721f7c4df25deb57039a83e18ebe45c93a62955b,b072e1d87892cc70,JPEG,RGB,560,948,59728,original,AMBIGUOUS
PlantDoc,5467f6012d78d1c446145d5f582da6096f852ae8,training_candidate,Tomato leaf,AMBIGUOUS,,train/Tomato leaf/happier-inside.jpg,Tomato leaf/02120_1a460f7033ec027d.jpg,1a460f7033ec027d766a9758cb20df96eeac417d3dd9bcc63759286f2252ef94,89ad171a3044c83a,JPEG,RGB,3888,2592,4667346,original,AMBIGUOUS
PlantDoc,5467f6012d78d1c446145d5f582da6096f852ae8,training_candidate,Tomato leaf,AMBIGUOUS,,train/Tomato leaf/img_1028.jpg,Tomato leaf/02121_f6443987dc175b21.jpg,f6443987dc175b21fd7f3864129e37980208ac2f5b64c33148b3e9b9e43a8b48,0b0519191fde9929,JPEG,RGB,3264,2448,1502957,original,AMBIGUOUS
PlantDoc,5467f6012d78d1c446145d5f582da6096f852ae8,training_candidate,Tomato leaf,AMBIGUOUS,,train/Tomato leaf/img_6635.jpg,Tomato leaf/02122_1dd93dc7abcf3b05.jpg,1dd93dc7abcf3b05cc0f68d372573886450c49a03c324eb4cf8539bb97f6a2ae,9f9d553155491a2e,JPEG,RGB,4000,3000,4450384,original,AMBIGUOUS
PlantDoc,5467f6012d78d1c446145d5f582da6096f852ae8,training_candidate,Tomato leaf,AMBIGUOUS,,train/Tomato leaf/late_blight_tomato_leaf4x1200.jpg,Tomato leaf/02123_7ed2e67e726be123.jpg,7ed2e67e726be123b973849cea4620092f35573c5156c779c1c5fef87d9ccaec,0d24e7cf998aa6d4,JPEG,RGB,1200,953,372237,original,AMBIGUOUS
PlantDoc,5467f6012d78d1c446145d5f582da6096f852ae8,training_candidate,Tomato leaf,AMBIGUOUS,,train/Tomato leaf/mortgage-lifter-yellow-leaves-2.jpg,Tomato leaf/02124_a45ec8de626e95ba.jpg,a45ec8de626e95baf390eff6b2e5ccb14d4491bbe09dab53311ceb6150d7fe30,92898e0e19a838e1,JPEG,RGB,968,1296,1248157,original,AMBIGUOUS
PlantDoc,5467f6012d78d1c446145d5f582da6096f852ae8,training_candidate,Tomato leaf,AMBIGUOUS,,train/Tomato leaf/p1011399.jpg,Tomato leaf/02125_5ef0155f9cf25443.jpg,5ef0155f9cf25443d13bc35d71c659d0c7dbdfdad02d1d12573142dc2ce95c67,f1f9c9a04e48d9d1,JPEG,RGB,2000,2667,1971822,original,AMBIGUOUS
PlantDoc,5467f6012d78d1c446145d5f582da6096f852ae8,training_candidate,Tomato leaf,AMBIGUOUS,,train/Tomato leaf/russian-2-319-dt-2010-leaves-high-tunnel-9-29-2014-c.jpg,Tomato leaf/02126_67fee2ee91add537.jpg,67fee2ee91add5373f3bdd4c52f92adb15277864c2f8f416c53be446f30ead2e,f23a2ba6bd2c6d4d,JPEG,RGB,2758,1566,2419933,original,AMBIGUOUS
PlantDoc,5467f6012d78d1c446145d5f582da6096f852ae8,training_candidate,Tomato leaf,AMBIGUOUS,,train/Tomato leaf/single-a-green-leaf-of-tomato-picture-id496662675?k=6&m=496662675&s=612x612&w=0&h=6zKfv022H_9cLQSIR_kpcOAlTeg1eIVtLBbc80PQA7Y=.jpg,Tomato leaf/02127_91a7140dcd6cf50e.jpg,91a7140dcd6cf50ee2e7e89095b4b10da2554276c751bef20363a543e60172a7,08e8e9f2f4195010,JPEG,RGB,612,508,39972,original,AMBIGUOUS
PlantDoc,5467f6012d78d1c446145d5f582da6096f852ae8,training_candidate,Tomato leaf,AMBIGUOUS,,train/Tomato leaf/stock-photo-leaves-of-tomato-plant-isolated-on-white-12085288.jpg,Tomato leaf/02128_d74f68edff7e6422.jpg,d74f68edff7e6422ce148d1a574044649cb95c86bda82f951406d812682b6718,8d6ceae6ac0e0e69,JPEG,RGB,1500,1101,410719,original,AMBIGUOUS
PlantDoc,5467f6012d78d1c446145d5f582da6096f852ae8,training_candidate,Tomato leaf,AMBIGUOUS,,train/Tomato leaf/stock-photo-tomato-leaf-isolated-on-white-background-580281301.jpg,Tomato leaf/02129_1928c2ab76e67e8b.jpg,1928c2ab76e67e8b653f054e4b930f5d23911d50c48231ec7fd4d6fbe7a463fa,8462e9fc34a0a478,JPEG,RGB,450,360,21773,original,AMBIGUOUS
PlantDoc,5467f6012d78d1c446145d5f582da6096f852ae8,training_candidate,Tomato leaf,AMBIGUOUS,,train/Tomato leaf/stock-photo-tomato-leaves-close-up-macro-shot-isolated-on-white-background-78796204.jpg,Tomato leaf/02130_1f4c83af039d3ffa.jpg,1f4c83af039d3ffa8d0e40c482b09502d280265e5f3d8fad32f681679e2300b7,9cd8f64cc89c38f2,JPEG,RGB,450,470,46339,original,AMBIGUOUS
PlantDoc,5467f6012d78d1c446145d5f582da6096f852ae8,training_candidate,Tomato leaf,AMBIGUOUS,,train/Tomato leaf/stock-vector-set-of-vector-elements-for-your-design-red-ripe-tomatoes-with-water-drops-tomato-leaves-and-tomato-203297116.jpg,Tomato leaf/02131_66f230d72907366f.jpg,66f230d72907366fb6f4955def968a131228ddbfd974a3f91d1dd06698a3975a,c2cecccadaccc8ca,JPEG,RGB,450,470,53307,original,AMBIGUOUS
PlantDoc,5467f6012d78d1c446145d5f582da6096f852ae8,training_candidate,Tomato leaf,AMBIGUOUS,,train/Tomato leaf/tomato-leaf-20728368.jpg,Tomato leaf/02132_2cbbe5c2398deec1.jpg,2cbbe5c2398deec190a81edb0f5c3ee63e483586a0ecdf6d39d74e34cd703e4c,c4d9746c7974760b,JPEG,RGB,1300,957,125011,original,AMBIGUOUS
PlantDoc,5467f6012d78d1c446145d5f582da6096f852ae8,training_candidate,Tomato leaf,AMBIGUOUS,,train/Tomato leaf/tomato-leaf-26180166.jpg,Tomato leaf/02133_0107bd4cb932f1ab.jpg,0107bd4cb932f1ab7e56701dcd5d8de0a8bf59dacca6332d6245ff42832702e1,d0a428d2d0ac2c03,JPEG,RGB,1300,1003,93598,original,AMBIGUOUS
PlantDoc,5467f6012d78d1c446145d5f582da6096f852ae8,training_candidate,Tomato leaf,AMBIGUOUS,,train/Tomato leaf/tomato-leaf-6291945.jpg,Tomato leaf/02134_19a4c21f943ad7cd.jpg,19a4c21f943ad7cd4748ddc3e5a095e7920188033c65b7312e1d38904ff45284,9333f1d898d825a3,JPEG,RGB,862,1300,97213,original,AMBIGUOUS
PlantDoc,5467f6012d78d1c446145d5f582da6096f852ae8,training_candidate,Tomato leaf,AMBIGUOUS,,train/Tomato leaf/tomato-leaf-6424287.jpg,Tomato leaf/02135_ea9330cbbc2ad244.jpg,ea9330cbbc2ad244f89a7484e5516abf711425aa2002916ac8222415fa48792b,30f0f17969c9ca26,JPEG,RGB,1300,960,87129,original,AMBIGUOUS
PlantDoc,5467f6012d78d1c446145d5f582da6096f852ae8,training_candidate,Tomato leaf,AMBIGUOUS,,train/Tomato leaf/tomato-leaf-close-up.jpg,Tomato leaf/02136_83ba49f39d83eb90.jpg,83ba49f39d83eb903b9fdec333503d8f1fee102ba20da4e6c931990517f39a05,35538b2f49e4b1c9,JPEG,RGB,3264,2448,2294298,original,AMBIGUOUS
PlantDoc,5467f6012d78d1c446145d5f582da6096f852ae8,training_candidate,Tomato leaf,AMBIGUOUS,,train/Tomato leaf/tomato-leaf-isolated-white-34309524.jpg,Tomato leaf/02137_b5719cc0600fb92d.jpg,b5719cc0600fb92d4884f2d2b38edb05b37006203af26a740ba5b2498b46af0b,4b657151909871b1,JPEG,RGB,987,1300,82922,original,AMBIGUOUS
PlantDoc,5467f6012d78d1c446145d5f582da6096f852ae8,training_candidate,Tomato leaf,AMBIGUOUS,,train/Tomato leaf/tomato-leaf.jpg,Tomato leaf/02138_2395bf9a596792fa.jpg,2395bf9a596792fab2c36473e68a899531bcaee99af03ffd5664db8b083338ba,20c8c4f1d9f47881,JPEG,RGB,1200,900,91103,original,AMBIGUOUS
PlantDoc,5467f6012d78d1c446145d5f582da6096f852ae8,training_candidate,Tomato leaf,AMBIGUOUS,,train/Tomato leaf/tomato-leaves-17427786.jpg,Tomato leaf/02139_d32b8374e798fb70.jpg,d32b8374e798fb701fb46a06b2744062d853b9b5077884811ac208123c18e14f,d29888e646e6bc0a,JPEG,RGB,1300,1175,162895,original,AMBIGUOUS
PlantDoc,5467f6012d78d1c446145d5f582da6096f852ae8,training_candidate,Tomato leaf,AMBIGUOUS,,train/Tomato leaf/tomato-leaves-9025906.jpg,Tomato leaf/02140_dcdedb1003e4f57f.jpg,dcdedb1003e4f57fbf236ee2009af392bb08ef2fe049db1c83d307a49e9f6251,04d41dcbf514740a,JPEG,RGB,1300,957,98881,original,AMBIGUOUS
PlantDoc,5467f6012d78d1c446145d5f582da6096f852ae8,training_candidate,Tomato leaf,AMBIGUOUS,,train/Tomato leaf/tomato-leaves.jpg,Tomato leaf/02141_d18871798c866d45.jpg,d18871798c866d452749fc1b54a53eff916e997ccd663622f17077fc375d480b,59c9cba434326a6c,JPEG,RGB,3872,2592,3587732,original,AMBIGUOUS
PlantDoc,5467f6012d78d1c446145d5f582da6096f852ae8,training_candidate,Tomato leaf,AMBIGUOUS,,train/Tomato leaf/tomato-vine-ripe-leaves-isolated-against-white-34863029.jpg,Tomato leaf/02142_85ac7dbc490ace61.jpg,85ac7dbc490ace616bd3fe512bbfda51d4b46e106204dc7b434b3c0da9727000,259394b0b833b303,JPEG,RGB,953,1300,99079,original,AMBIGUOUS
PlantDoc,5467f6012d78d1c446145d5f582da6096f852ae8,training_candidate,Tomato mold leaf,MATCHED,Tomato Leaf Mold,train/Tomato mold leaf/100_4542.jpg,Tomato mold leaf/02143_5d4b2e0d528b3913.jpg,5d4b2e0d528b39131e2d53f733ca64a43a81c21766ddd63c209dbcac779f0506,949c1d8f83e36399,JPEG,RGB,2160,1440,832728,original,APPROVED_CANDIDATE
PlantDoc,5467f6012d78d1c446145d5f582da6096f852ae8,training_candidate,Tomato mold leaf,MATCHED,Tomato Leaf Mold,train/Tomato mold leaf/119B_Tom_Mold.jpg,Tomato mold leaf/02144_72dd1fea03f3c3e1.jpg,72dd1fea03f3c3e1b0574c39300ae45e0b58a1076f924fa466499d5854da5ec5,ff7fcf9f9ff7f7fd,JPEG,RGB,400,275,10102,original,APPROVED_CANDIDATE
PlantDoc,5467f6012d78d1c446145d5f582da6096f852ae8,training_candidate,Tomato mold leaf,MATCHED,Tomato Leaf Mold,train/Tomato mold leaf/2195890.jpg,Tomato mold leaf/02145_744e9a50fb8fa045.jpg,744e9a50fb8fa0459727b8a500d8018ed8c5acd58591450999af3a5c425d75c5,b1921929164dc5cc,JPEG,RGB,500,375,65536,original,APPROVED_CANDIDATE
PlantDoc,5467f6012d78d1c446145d5f582da6096f852ae8,training_candidate,Tomato mold leaf,MATCHED,Tomato Leaf Mold,train/Tomato mold leaf/23600077_1572609202782510_2145699867_o.jpg,Tomato mold leaf/02146_277ffa6f7c532123.jpg,277ffa6f7c532123a3f815335dbe9016f1492f9a642ded818f53989a1c52853e,52cee48c3a372961,JPEG,RGB,1440,1920,180102,original,APPROVED_CANDIDATE
PlantDoc,5467f6012d78d1c446145d5f582da6096f852ae8,training_candidate,Tomato mold leaf,MATCHED,Tomato Leaf Mold,train/Tomato mold leaf/23601051_1572608349449262_2029169498_o.jpg,Tomato mold leaf/02147_881683b24a9d1ccd.jpg,881683b24a9d1ccdf9ebcf4b1a5a2f5815975cc08cfef9ccc974b63981173d51,586e969739393b73,JPEG,RGB,1440,1920,184101,original,APPROVED_CANDIDATE
PlantDoc,5467f6012d78d1c446145d5f582da6096f852ae8,training_candidate,Tomato mold leaf,MATCHED,Tomato Leaf Mold,train/Tomato mold leaf/23633262_1572609386115825_1396180255_o.jpg,Tomato mold leaf/02148_3d1839351811b5cc.jpg,3d1839351811b5cc8e6bbb53cc8c4b0c750e6c2bac8bff6c0d02c301a2b18b09,72627465231332f6,JPEG,RGB,1440,1920,177297,original,APPROVED_CANDIDATE
PlantDoc,5467f6012d78d1c446145d5f582da6096f852ae8,training_candidate,Tomato mold leaf,MATCHED,Tomato Leaf Mold,train/Tomato mold leaf/4118c92ffde66d327ee14e4023320bf7.jpg,Tomato mold leaf/02149_75beb9ea5411dd44.jpg,75beb9ea5411dd447e5ac6d5f8341df82804d76f1d15111725141638680dcadb,0607260c0e396526,JPEG,RGB,736,552,66717,original,APPROVED_CANDIDATE
PlantDoc,5467f6012d78d1c446145d5f582da6096f852ae8,training_candidate,Tomato mold leaf,MATCHED,Tomato Leaf Mold,train/Tomato mold leaf/5830204360_757cd7fdfc_z.jpg,Tomato mold leaf/02150_b4bcc928f7e5d492.jpg,b4bcc928f7e5d4926000b4e5d61ae7e05928db60aa20864d20c5f549995f4d12,694d4d4d4565644d,JPEG,RGB,640,427,267409,original,APPROVED_CANDIDATE
PlantDoc,5467f6012d78d1c446145d5f582da6096f852ae8,training_candidate,Tomato mold leaf,MATCHED,Tomato Leaf Mold,train/Tomato mold leaf/603-116-0.jpg,Tomato mold leaf/02151_a340b3f089839417.jpg,a340b3f089839417304566430c290c06ba716dcf8ca049d1e0bea331c1d6edfa,3b4c6acc8cc626c4,JPEG,RGB,502,670,80180,original,APPROVED_CANDIDATE
PlantDoc,5467f6012d78d1c446145d5f582da6096f852ae8,training_candidate,Tomato mold leaf,MATCHED,Tomato Leaf Mold,train/Tomato mold leaf/6032331.JPG.jpg,Tomato mold leaf/02152_cece53c23f454f16.jpg,cece53c23f454f16e4102880bfd9eab48fe62880193220c046efc1035e59a32f,260725161b139684,JPEG,RGB,600,392,50437,original,APPROVED_CANDIDATE
PlantDoc,5467f6012d78d1c446145d5f582da6096f852ae8,training_candidate,Tomato mold leaf,MATCHED,Tomato Leaf Mold,train/Tomato mold leaf/607-155-0.jpg,Tomato mold leaf/02153_93f16ef30627048c.jpg,93f16ef30627048c7e497502006a8eebe6bfd0f294195d889d5ae81a892a2c57,648e1f372f0d88f0,JPEG,RGB,432,324,160493,original,APPROVED_CANDIDATE
PlantDoc,5467f6012d78d1c446145d5f582da6096f852ae8,training_candidate,Tomato mold leaf,MATCHED,Tomato Leaf Mold,train/Tomato mold leaf/607-155-1.jpg,Tomato mold leaf/02154_8c92ef0d0f0f8993.jpg,8c92ef0d0f0f8993259828b803d71d0ab66dff72528374052110bf947cf8b59f,3a2c6c181234bcec,JPEG,RGB,432,231,110114,original,APPROVED_CANDIDATE
PlantDoc,5467f6012d78d1c446145d5f582da6096f852ae8,training_candidate,Tomato mold leaf,MATCHED,Tomato Leaf Mold,train/Tomato mold leaf/8915974546_00664cefe3_z.jpg,Tomato mold leaf/02155_a3128c8561036921.jpg,a3128c856103692106600896b2001f2e78d604b77cf9f042e275b1b07ae88974,3038c6c4a58cf0e4,JPEG,RGB,478,640,176191,original,APPROVED_CANDIDATE
PlantDoc,5467f6012d78d1c446145d5f582da6096f852ae8,training_candidate,Tomato mold leaf,MATCHED,Tomato Leaf Mold,train/Tomato mold leaf/ArticleImage.aspx?imgid=4987.jpg,Tomato mold leaf/02156_c81f4ee8a9fa52b6.jpg,c81f4ee8a9fa52b6f1a94d8e9dd82f177be1ae447398f9d64e5c2f6f88d90684,32e63269c8120b9d,JPEG,RGB,200,150,12185,original,APPROVED_CANDIDATE
PlantDoc,5467f6012d78d1c446145d5f582da6096f852ae8,training_candidate,Tomato mold leaf,MATCHED,Tomato Leaf Mold,train/Tomato mold leaf/B%29-Leafunsidecladosp-envez.jpg,Tomato mold leaf/02157_2afc3869c2edd8ab.jpg,2afc3869c2edd8ab53e231099cb1102ffb3d3b7a75bfb9703b3af83e08b97a2d,286bd69303002001,JPEG,RGB,400,300,19578,original,APPROVED_CANDIDATE
PlantDoc,5467f6012d78d1c446145d5f582da6096f852ae8,training_candidate,Tomato mold leaf,MATCHED,Tomato Leaf Mold,train/Tomato mold leaf/BlackLeafMold2.jpg,Tomato mold leaf/02158_a768de0b84132ff2.jpg,a768de0b84132ff21b604b589ef946f285e1eed7cf21d9268ddaaaa403e8407b,0f5f1d3bcd9b1b43,JPEG,RGB,267,189,15215,original,APPROVED_CANDIDATE
PlantDoc,5467f6012d78d1c446145d5f582da6096f852ae8,training_candidate,Tomato mold leaf,MATCHED,Tomato Leaf Mold,train/Tomato mold leaf/Botrytis-Tomato-Seedlings-2-copy-50QUALITY-17wck0d.jpg,Tomato mold leaf/02159_db600d5a76cc60a0.jpg,db600d5a76cc60a041622eaf5e3fcef1c382fa333d8152865c4575eaa8db18a5,4a9e56d6ddab3bb1,JPEG,RGB,667,500,60849,original,APPROVED_CANDIDATE
PlantDoc,5467f6012d78d1c446145d5f582da6096f852ae8,training_candidate,Tomato mold leaf,MATCHED,Tomato Leaf Mold,train/Tomato mold leaf/DSCN2697.jpg,Tomato mold leaf/02160_795c99b260116ea4.jpg,795c99b260116ea4eb932f21ff8e62de46ecfda326889e709ac2278e6bd47c76,cfe3470f1e9e4d8d,JPEG,RGB,1024,768,354599,original,APPROVED_CANDIDATE
PlantDoc,5467f6012d78d1c446145d5f582da6096f852ae8,training_candidate,Tomato mold leaf,MATCHED,Tomato Leaf Mold,train/Tomato mold leaf/Fig.%2015_opta.jpg,Tomato mold leaf/02161_acd3930fc33f62d3.jpg,acd3930fc33f62d33af4fe268ede6066da861853092e9ba7da185c83bb52c181,a72323331336b2fd,JPEG,RGB,1055,1478,550428,original,APPROVED_CANDIDATE
PlantDoc,5467f6012d78d1c446145d5f582da6096f852ae8,training_candidate,Tomato mold leaf,MATCHED,Tomato Leaf Mold,train/Tomato mold leaf/Fig.%2016_opt.jpg,Tomato mold leaf/02162_7755096395bf7e00.jpg,7755096395bf7e00c03264853e3acd5d5203f22dc2da02e70c6bac09596d3724,b3a68e9e1f8f8f87,JPEG,RGB,1956,2737,1013852,original,APPROVED_CANDIDATE
PlantDoc,5467f6012d78d1c446145d5f582da6096f852ae8,training_candidate,Tomato mold leaf,MATCHED,Tomato Leaf Mold,train/Tomato mold leaf/GIVXB.jpg,Tomato mold leaf/02163_152eb12191682697.jpg,152eb12191682697b63611c371ad13853cd442dd0d1f0a4362219526ca629d96,2c169696ae9d1115,JPEG,RGB,800,600,84598,original,APPROVED_CANDIDATE
PlantDoc,5467f6012d78d1c446145d5f582da6096f852ae8,training_candidate,Tomato mold leaf,MATCHED,Tomato Leaf Mold,train/Tomato mold leaf/HighTunnel_TLM5.jpg,Tomato mold leaf/02164_d7dc0aea97594cd3.jpg,d7dc0aea97594cd3edf2c965d52298f6d9fa46db17d6cc29d9c6cc72acdca049,cfcf1f1f1e8ec7c6,JPEG,RGB,1380,920,187571,original,APPROVED_CANDIDATE
PlantDoc,5467f6012d78d1c446145d5f582da6096f852ae8,training_candidate,Tomato mold leaf,MATCHED,Tomato Leaf Mold,train/Tomato mold leaf/HighTunnel_TLM6.jpg,Tomato mold leaf/02165_1333fe553cad2faa.jpg,1333fe553cad2faacb126e58346728a90a3925955a9a17f720aa5f080b7332b0,72369edece466d6d,JPEG,RGB,1380,920,256376,original,APPROVED_CANDIDATE
PlantDoc,5467f6012d78d1c446145d5f582da6096f852ae8,training_candidate,Tomato mold leaf,MATCHED,Tomato Leaf Mold,train/Tomato mold leaf/IMG_1261.jpg,Tomato mold leaf/02166_9ab59ab2c679f342.jpg,9ab59ab2c679f342e3cce8e3a036ad1ccf015252264c5c4ecf66db652637ca49,a38f3f6f1f2e1b1b,JPEG,RGB,1600,1200,499756,original,APPROVED_CANDIDATE
PlantDoc,5467f6012d78d1c446145d5f582da6096f852ae8,training_candidate,Tomato mold leaf,MATCHED,Tomato Leaf Mold,train/Tomato mold leaf/IMG_7442%20resized_0.preview.jpg,Tomato mold leaf/02167_84b2ecfbe2b25cfa.jpg,84b2ecfbe2b25cfa5c837c7d0e6c513c2f8cbae7cfaf706da5abefa326459a07,c6c6868696939393,JPEG,RGB,500,281,176460,original,APPROVED_CANDIDATE
PlantDoc,5467f6012d78d1c446145d5f582da6096f852ae8,training_candidate,Tomato mold leaf,MATCHED,Tomato Leaf Mold,train/Tomato mold leaf/Leaf+Mold+lower+leaf+surface+spores+%28conidia%29.jpg,Tomato mold leaf/02168_cec52edb1ad89718.jpg,cec52edb1ad897189a75ce0b1051144ff90ecdfa22d9d552884830759e1002ce,30e8ccd4f0c8ccd4,JPEG,RGB,960,720,89346,original,APPROVED_CANDIDATE
PlantDoc,5467f6012d78d1c446145d5f582da6096f852ae8,training_candidate,Tomato mold leaf,MATCHED,Tomato Leaf Mold,train/Tomato mold leaf/Leaf+Mold+upper+leaf+surface.jpg,Tomato mold leaf/02169_83d438e89ce335de.jpg,83d438e89ce335decd18bdf155a3965fc08943fa3d635c216f97e42af6ba2644,30b2aa9adafa0733,JPEG,RGB,960,720,110341,original,APPROVED_CANDIDATE
PlantDoc,5467f6012d78d1c446145d5f582da6096f852ae8,training_candidate,Tomato mold leaf,MATCHED,Tomato Leaf Mold,train/Tomato mold leaf/Leaf+mold+tomato+%25282%2529.JPG.jpg,Tomato mold leaf/02170_e41457c4bf707163.jpg,e41457c4bf7071634a91f295557d590021c6adf453925dcb95fffd695277ea10,59dbb6372d2f7363,JPEG,RGB,1600,1200,346692,original,APPROVED_CANDIDATE
PlantDoc,5467f6012d78d1c446145d5f582da6096f852ae8,training_candidate,Tomato mold leaf,MATCHED,Tomato Leaf Mold,train/Tomato mold leaf/Leaf+mold+tomato+%25283%2529.JPG.jpg,Tomato mold leaf/02171_476ee09e4055e372.jpg,476ee09e4055e372a8148dbf46ccf2f33b9984ae9e85b4e65984e52f57b84b5e,cb4d1f5f8f8f0f4d,JPEG,RGB,1600,1200,277451,original,APPROVED_CANDIDATE
PlantDoc,5467f6012d78d1c446145d5f582da6096f852ae8,training_candidate,Tomato mold leaf,MATCHED,Tomato Leaf Mold,train/Tomato mold leaf/Leaf-mold-caused-by-the-fungal-pathogen-Passalore-fulva-in-tomatoes.jpg,Tomato mold leaf/02172_05e981e7b3a6d154.jpg,05e981e7b3a6d1546db83f58a02638a9fee64df6b632679c638bf2d662d9dcfe,544c8c1c1c1c84c6,JPEG,RGB,810,500,69684,original,APPROVED_CANDIDATE
PlantDoc,5467f6012d78d1c446145d5f582da6096f852ae8,training_candidate,Tomato mold leaf,MATCHED,Tomato Leaf Mold,train/Tomato mold leaf/Leaf-mold-web.jpg,Tomato mold leaf/02173_d7d560e510e815fc.jpg,d7d560e510e815fceafb25424b100f46f53d04f0b8cab467ceb1eb6dbf41a8e5,3726272727362707,JPEG,RGB,1500,1000,289215,original,APPROVED_CANDIDATE
PlantDoc,5467f6012d78d1c446145d5f582da6096f852ae8,training_candidate,Tomato mold leaf,MATCHED,Tomato Leaf Mold,train/Tomato mold leaf/Leaf-mold3.jpg,Tomato mold leaf/02174_d0ef7e5923ac8733.jpg,d0ef7e5923ac873359afa96e6fd3be82adf34b4b36fa2c8e6ba906be7f7c0297,49d0f4d2486dc474,JPEG,RGB,758,548,202734,original,APPROVED_CANDIDATE
PlantDoc,5467f6012d78d1c446145d5f582da6096f852ae8,training_candidate,Tomato mold leaf,MATCHED,Tomato Leaf Mold,train/Tomato mold leaf/OLU13.jpg,Tomato mold leaf/02175_19d5bd08bc7a2b31.jpg,19d5bd08bc7a2b31cb4cbd5b32182113413fc5e06d415170a403fe20aaf21ae2,9dd9590d2696a004,JPEG,RGB,6000,4000,599962,original,APPROVED_CANDIDATE
PlantDoc,5467f6012d78d1c446145d5f582da6096f852ae8,training_candidate,Tomato mold leaf,MATCHED,Tomato Leaf Mold,train/Tomato mold leaf/Ormvn.jpg,Tomato mold leaf/02176_65b3dfb9a37e9ec9.jpg,65b3dfb9a37e9ec9701da69b99169e6e1c6bf7273853ad1fe8fd7067cc1c1bec,2f3331697de1609c,JPEG,RGB,4000,6000,344512,original,APPROVED_CANDIDATE
PlantDoc,5467f6012d78d1c446145d5f582da6096f852ae8,training_candidate,Tomato mold leaf,MATCHED,Tomato Leaf Mold,train/Tomato mold leaf/P1020365.jpg,Tomato mold leaf/02177_76b95819dfc707a4.jpg,76b95819dfc707a4d5847b36926d876e377a6f7d0492194c931b118e0700421e,51315d36f68a8ee7,JPEG,RGB,1000,750,148238,original,APPROVED_CANDIDATE
PlantDoc,5467f6012d78d1c446145d5f582da6096f852ae8,training_candidate,Tomato mold leaf,MATCHED,Tomato Leaf Mold,train/Tomato mold leaf/Problem-2a.jpg,Tomato mold leaf/02178_3e11b612cf781549.jpg,3e11b612cf781549d4541901c60df7642316e0a2399fd24329dd5c5b7df50ef2,b0b432cbb636124a,JPEG,RGB,800,599,95980,original,APPROVED_CANDIDATE
PlantDoc,5467f6012d78d1c446145d5f582da6096f852ae8,training_candidate,Tomato mold leaf,MATCHED,Tomato Leaf Mold,train/Tomato mold leaf/Tomato%20greenhouse%20leaf%20edema%20and%20distortion2F.JPG.jpg,Tomato mold leaf/02179_4969b978aae3acb1.jpg,4969b978aae3acb11df99666a0397b3268a81df85c5205822dd70de91558df0f,0b0f61c09cf6c79f,JPEG,RGB,1024,768,117494,original,APPROVED_CANDIDATE
PlantDoc,5467f6012d78d1c446145d5f582da6096f852ae8,training_candidate,Tomato mold leaf,MATCHED,Tomato Leaf Mold,train/Tomato mold leaf/Tomato+leaf+mold.jpg,Tomato mold leaf/02180_046e6b56037bf0da.jpg,046e6b56037bf0dab9b6004db7401a42ef43e5c37982ee858c3d800bc4a04ef0,dd1d4c6474141539,JPEG,RGB,1600,1200,250314,original,APPROVED_CANDIDATE
PlantDoc,5467f6012d78d1c446145d5f582da6096f852ae8,training_candidate,Tomato mold leaf,MATCHED,Tomato Leaf Mold,train/Tomato mold leaf/TomatoLeafMold1-50QUALITY-16lgkq6.jpg,Tomato mold leaf/02181_396e4351c45aca6d.jpg,396e4351c45aca6db4a6923cfdb793aec400bc69db7c30fdd5b5cfe1ccbbace2,234f891933397367,JPEG,RGB,667,500,35856,original,APPROVED_CANDIDATE
PlantDoc,5467f6012d78d1c446145d5f582da6096f852ae8,training_candidate,Tomato mold leaf,MATCHED,Tomato Leaf Mold,train/Tomato mold leaf/TomatoLeafMold2-50QUALITY-1b89zfs.jpg,Tomato mold leaf/02182_71548539c9c363a0.jpg,71548539c9c363a0dd9582560c75f8c68041249717b14227f155084c74d5de69,8142451f1f0f1f99,JPEG,RGB,667,500,41581,original,APPROVED_CANDIDATE
PlantDoc,5467f6012d78d1c446145d5f582da6096f852ae8,training_candidate,Tomato mold leaf,MATCHED,Tomato Leaf Mold,train/Tomato mold leaf/black%20leaf%20mold%20%283%29.JPG?itok=u5TDHCSM.jpg,Tomato mold leaf/02183_60979ca4de88782d.jpg,60979ca4de88782d17424fd35b7db021b4f3a15fbdb2e853acd2fff5a2b26fef,1203030a0d271bd9,JPEG,RGB,567,393,32144,original,APPROVED_CANDIDATE
PlantDoc,5467f6012d78d1c446145d5f582da6096f852ae8,training_candidate,Tomato mold leaf,MATCHED,Tomato Leaf Mold,train/Tomato mold leaf/black%20leaf%20mold%20%284%29.JPG?itok=DIIUw9JU.jpg,Tomato mold leaf/02184_9842b35b7947f1ba.jpg,9842b35b7947f1baf3f83dffad190623eee14370e1096da7635bc5025d835eba,fbdf9f4f4b472b07,JPEG,RGB,567,393,32673,original,APPROVED_CANDIDATE
PlantDoc,5467f6012d78d1c446145d5f582da6096f852ae8,training_candidate,Tomato mold leaf,MATCHED,Tomato Leaf Mold,train/Tomato mold leaf/d-to-tylv-fo005-14496A31BE70553130A.jpg,Tomato mold leaf/02185_156a6d798e490a5b.jpg,156a6d798e490a5b08de7d7016bd682bd9d1162e2a436a04b626d8c493b29c90,94869b2c3b526e4f,JPEG,RGB,490,366,56917,original,APPROVED_CANDIDATE
PlantDoc,5467f6012d78d1c446145d5f582da6096f852ae8,training_candidate,Tomato mold leaf,MATCHED,Tomato Leaf Mold,train/Tomato mold leaf/dscf2712.jpg,Tomato mold leaf/02186_d6267900f5061d5e.jpg,d6267900f5061d5ea4dc59069e7e788a0c79d3ac1b93a8162e031db374538a35,27c6033363a7672f,JPEG,RGB,800,600,144052,original,APPROVED_CANDIDATE
PlantDoc,5467f6012d78d1c446145d5f582da6096f852ae8,training_candidate,Tomato mold leaf,MATCHED,Tomato Leaf Mold,train/Tomato mold leaf/dscn6690.jpg,Tomato mold leaf/02187_63cca761de835f18.jpg,63cca761de835f182d103c06b4b0d3158501fae619956acbd9976078b7f1a06d,261e078d0f0b1b19,JPEG,RGB,1024,768,161775,original,APPROVED_CANDIDATE
PlantDoc,5467f6012d78d1c446145d5f582da6096f852ae8,training_candidate,Tomato mold leaf,MATCHED,Tomato Leaf Mold,train/Tomato mold leaf/gray-leaf-spot-300x225.jpg,Tomato mold leaf/02188_485aa250351c6875.jpg,485aa250351c68755783b14c6f12a2360d984f9f887f3f09696cb32043360c82,aba3a9cd8a9a96cc,JPEG,RGB,300,225,20606,original,APPROVED_CANDIDATE
PlantDoc,5467f6012d78d1c446145d5f582da6096f852ae8,training_candidate,Tomato mold leaf,MATCHED,Tomato Leaf Mold,train/Tomato mold leaf/gray-mold-on-tomato-leaf.jpg,Tomato mold leaf/02189_3b916951802ac916.jpg,3b916951802ac916268ffbb8201605d77d0d4e573adfd4c82bb37ddacc92cde0,0d0d8793b2e7db9c,JPEG,RGB,224,209,38901,original,APPROVED_CANDIDATE
PlantDoc,5467f6012d78d1c446145d5f582da6096f852ae8,training_candidate,Tomato mold leaf,MATCHED,Tomato Leaf Mold,train/Tomato mold leaf/grey-mould-botrytis-cinerea-on-bottom-of-a-tomato-leaf-late-in-the-AFRDAN.jpg,Tomato mold leaf/02190_60c96656e6a67cf1.jpg,60c96656e6a67cf1e166cdb1a0ffaa87e564c3dff98121ceebd7f0ae19c219fb,8990f6c6c6ec68e7,JPEG,RGB,863,1390,199775,original,APPROVED_CANDIDATE
PlantDoc,5467f6012d78d1c446145d5f582da6096f852ae8,training_candidate,Tomato mold leaf,MATCHED,Tomato Leaf Mold,train/Tomato mold leaf/image233.jpg,Tomato mold leaf/02191_d234eb2911afd0e6.jpg,d234eb2911afd0e67f9a50437a87c5ee16cf89cf6131aeb134a05e1d14a49b75,8723416838616346,JPEG,RGB,250,188,15696,original,APPROVED_CANDIDATE
PlantDoc,5467f6012d78d1c446145d5f582da6096f852ae8,training_candidate,Tomato mold leaf,MATCHED,Tomato Leaf Mold,train/Tomato mold leaf/latest?cb=20100723105221.jpg,Tomato mold leaf/02192_7d3ed42716ff74a0.jpg,7d3ed42716ff74a095ae06f4883e7005181da08a413eae0a94aadf4bc0324f6d,0fadcdc6e5656c6f,JPEG,RGB,640,480,148911,original,APPROVED_CANDIDATE
PlantDoc,5467f6012d78d1c446145d5f582da6096f852ae8,training_candidate,Tomato mold leaf,MATCHED,Tomato Leaf Mold,train/Tomato mold leaf/leaf%2Binf%2B800%2B1.jpg,Tomato mold leaf/02193_68c5d0cd76cbfbcb.jpg,68c5d0cd76cbfbcbe44491e3e7212a9399079950ed1df2d729fa4135e83c2f4f,59386cccd2636391,JPEG,RGB,1600,1031,337895,original,APPROVED_CANDIDATE
PlantDoc,5467f6012d78d1c446145d5f582da6096f852ae8,training_candidate,Tomato mold leaf,MATCHED,Tomato Leaf Mold,train/Tomato mold leaf/leaf_mold1.jpg,Tomato mold leaf/02194_e4a952d57f271d70.jpg,e4a952d57f271d70e30e443a61163df1226eb9351be2846895e7dd2362eb2fbf,fdd992335154d0f6,JPEG,RGB,600,368,88382,original,APPROVED_CANDIDATE
PlantDoc,5467f6012d78d1c446145d5f582da6096f852ae8,training_candidate,Tomato mold leaf,MATCHED,Tomato Leaf Mold,train/Tomato mold leaf/leaf_mold2.jpg,Tomato mold leaf/02195_ef3ecb5b4fa00ff7.jpg,ef3ecb5b4fa00ff7bc0490dbaced2372df684d0d4dd452e096bb0dd6983a09bf,585c2c3ffe3a30b0,JPEG,RGB,600,456,73954,original,APPROVED_CANDIDATE
PlantDoc,5467f6012d78d1c446145d5f582da6096f852ae8,training_candidate,Tomato mold leaf,MATCHED,Tomato Leaf Mold,train/Tomato mold leaf/leaf_mold_nightshade1x500.jpg,Tomato mold leaf/02196_ac71819475c63357.jpg,ac71819475c63357bfffabb92a3079f0babb01557473ecd1b160d4009e831064,8e0f6343aa24199b,JPEG,RGB,500,667,217861,original,APPROVED_CANDIDATE
PlantDoc,5467f6012d78d1c446145d5f582da6096f852ae8,training_candidate,Tomato mold leaf,MATCHED,Tomato Leaf Mold,train/Tomato mold leaf/leaf_mold_nightshade2x500.jpg,Tomato mold leaf/02197_e029b8e06aa4de2d.jpg,e029b8e06aa4de2d5b8587453303380815b5a297793173e813dd731150c07573,ce8b0d0505350fcd,JPEG,RGB,500,667,205605,original,APPROVED_CANDIDATE
PlantDoc,5467f6012d78d1c446145d5f582da6096f852ae8,training_candidate,Tomato mold leaf,MATCHED,Tomato Leaf Mold,train/Tomato mold leaf/leaf_mold_tomato1x1200.jpg,Tomato mold leaf/02198_e325cdb6f13a021e.jpg,e325cdb6f13a021e0387accafe1b2069c8b6042d40b96b549277380bb6b47158,273e3b1a36652b32,JPEG,RGB,1089,1871,210818,original,APPROVED_CANDIDATE
PlantDoc,5467f6012d78d1c446145d5f582da6096f852ae8,training_candidate,Tomato mold leaf,MATCHED,Tomato Leaf Mold,train/Tomato mold leaf/leaf_mold_tomato2x1200.jpg,Tomato mold leaf/02199_3df2275e80d70029.jpg,3df2275e80d700298762ae93169425a6a5ead07ffc984cd4abe6d81c2c2e6f93,3438efc76be3e7e4,JPEG,RGB,1200,1600,653010,original,APPROVED_CANDIDATE
PlantDoc,5467f6012d78d1c446145d5f582da6096f852ae8,training_candidate,Tomato mold leaf,MATCHED,Tomato Leaf Mold,train/Tomato mold leaf/leaf_mold_tomato3x1200.jpg,Tomato mold leaf/02200_228fac94db46b830.jpg,228fac94db46b83013f8d06726480691df0c29a16378f3aaf94b3d81aa232830,cc8a83c3c3a7a58b,JPEG,RGB,1200,1600,770426,original,APPROVED_CANDIDATE
PlantDoc,5467f6012d78d1c446145d5f582da6096f852ae8,training_candidate,Tomato mold leaf,MATCHED,Tomato Leaf Mold,train/Tomato mold leaf/leaf_mold_tomato4x1200.jpg,Tomato mold leaf/02201_a61da56ecb8c4db7.jpg,a61da56ecb8c4db718f66d972be6cd29341c5c5c0df420b2efa96eaa875fd2ef,5c0e262d63432dc4,JPEG,RGB,1182,1404,605084,original,APPROVED_CANDIDATE
PlantDoc,5467f6012d78d1c446145d5f582da6096f852ae8,training_candidate,Tomato mold leaf,MATCHED,Tomato Leaf Mold,train/Tomato mold leaf/leaf_mold_tomato5x1200.jpg,Tomato mold leaf/02202_4888387b4021c7b4.jpg,4888387b4021c7b46985345f9a42bcf3c3fea8d3469b45efbda18a92cec15a4e,137391091d050b0e,JPEG,RGB,1190,1989,702459,original,APPROVED_CANDIDATE
PlantDoc,5467f6012d78d1c446145d5f582da6096f852ae8,training_candidate,Tomato mold leaf,MATCHED,Tomato Leaf Mold,train/Tomato mold leaf/leaf_mold_tomato6x1200.jpg,Tomato mold leaf/02203_e51e5a11fd5709e8.jpg,e51e5a11fd5709e81adef5a174dd29c5120764553137df3595109b59883274b0,5d4c6a6a6f4b4795,JPEG,RGB,1200,951,584746,original,APPROVED_CANDIDATE
PlantDoc,5467f6012d78d1c446145d5f582da6096f852ae8,training_candidate,Tomato mold leaf,MATCHED,Tomato Leaf Mold,train/Tomato mold leaf/leaf_mold_tomato7x1200.jpg,Tomato mold leaf/02204_f754e55bf878508c.jpg,f754e55bf878508c8b7a0cb15ef73fa25f70b5568f47f6d4ac0f4ca9b68c328e,0d0b190507038e91,JPEG,RGB,1200,1126,568132,original,APPROVED_CANDIDATE
PlantDoc,5467f6012d78d1c446145d5f582da6096f852ae8,training_candidate,Tomato mold leaf,MATCHED,Tomato Leaf Mold,train/Tomato mold leaf/leafmold.jpg,Tomato mold leaf/02205_680568869db669a9.jpg,680568869db669a93d2385150a20ec4362c0e48fb91fc7258d1e34d87d1890b0,9b991b4949e3d3c9,JPEG,RGB,238,155,5488,original,APPROVED_CANDIDATE
PlantDoc,5467f6012d78d1c446145d5f582da6096f852ae8,training_candidate,Tomato mold leaf,MATCHED,Tomato Leaf Mold,train/Tomato mold leaf/leafmoldtomato1.jpg,Tomato mold leaf/02206_63eb462cf83384f1.jpg,63eb462cf83384f1ad1fd64765df0b59753e8ccedbc36cacb342a10c8d3df573,67878e8646d32b27,JPEG,RGB,320,240,18922,original,APPROVED_CANDIDATE
PlantDoc,5467f6012d78d1c446145d5f582da6096f852ae8,training_candidate,Tomato mold leaf,MATCHED,Tomato Leaf Mold,train/Tomato mold leaf/leafmoldtomato2.jpg,Tomato mold leaf/02207_6dbafce15afe0813.jpg,6dbafce15afe0813748b17c8ed900c7145e4fd72ac946cb727252fb817d32e96,1901091b4f0e7e3b,JPEG,RGB,800,600,73225,original,APPROVED_CANDIDATE
PlantDoc,5467f6012d78d1c446145d5f582da6096f852ae8,training_candidate,Tomato mold leaf,MATCHED,Tomato Leaf Mold,train/Tomato mold leaf/pm3.jpg,Tomato mold leaf/02208_0cb0ed826c1d1c55.jpg,0cb0ed826c1d1c55835280d84dd79b98bc1204dae214cc9739ea4cb12913eef7,a4604b848b4b3d19,JPEG,RGB,2592,1944,1276656,original,APPROVED_CANDIDATE
PlantDoc,5467f6012d78d1c446145d5f582da6096f852ae8,training_candidate,Tomato mold leaf,MATCHED,Tomato Leaf Mold,train/Tomato mold leaf/tdisease12.jpg,Tomato mold leaf/02209_6ca14f68a6d14409.jpg,6ca14f68a6d144096fd42d2017fc68c40cb9732dad5df9eeaf9313b47daa77c9,b0a484f55267725c,JPEG,RGB,364,358,15631,original,APPROVED_CANDIDATE
PlantDoc,5467f6012d78d1c446145d5f582da6096f852ae8,training_candidate,Tomato mold leaf,MATCHED,Tomato Leaf Mold,train/Tomato mold leaf/tdisease6.jpg,Tomato mold leaf/02210_209763d1e11a2e70.jpg,209763d1e11a2e708aaf6abb229be260d24709e120459b22e0945ba312d777e7,c763371533260ec7,JPEG,RGB,750,563,71787,original,APPROVED_CANDIDATE
PlantDoc,5467f6012d78d1c446145d5f582da6096f852ae8,training_candidate,Tomato mold leaf,MATCHED,Tomato Leaf Mold,train/Tomato mold leaf/tdisease7.jpg,Tomato mold leaf/02211_208230d5bb18985e.jpg,208230d5bb18985e37b1af046bb6c176338c097cd8c6958fb2a1e1bf51e2f6d8,26970d3d37172766,JPEG,RGB,750,559,63004,original,APPROVED_CANDIDATE
PlantDoc,5467f6012d78d1c446145d5f582da6096f852ae8,training_candidate,Tomato mold leaf,MATCHED,Tomato Leaf Mold,train/Tomato mold leaf/tomato-gray-leaf-spot.jpg,Tomato mold leaf/02212_e47ce4513a2f26b7.jpg,e47ce4513a2f26b7ec55004f6f3c275e7795409351678165c08050bba5a7b00b,5c6671584f25a623,JPEG,RGB,150,150,4549,original,APPROVED_CANDIDATE
PlantDoc,5467f6012d78d1c446145d5f582da6096f852ae8,training_candidate,Tomato mold leaf,MATCHED,Tomato Leaf Mold,train/Tomato mold leaf/tomato-leaf-2.jpg,Tomato mold leaf/02213_eaf1614e496a4d6c.jpg,eaf1614e496a4d6c7a7b1a5da9aa3320b01bcf4940acea3615e4267a8177de31,8f6f8d12112d63da,JPEG,RGB,2048,1536,439853,original,APPROVED_CANDIDATE
PlantDoc,5467f6012d78d1c446145d5f582da6096f852ae8,training_candidate,Tomato mold leaf,MATCHED,Tomato Leaf Mold,train/Tomato mold leaf/tomato-leaf-mold-2.jpg,Tomato mold leaf/02214_22e90a7fee61c6f5.jpg,22e90a7fee61c6f52043700c91743373d30f78141efb37f8840ac6364921fd83,cf9f3b1d04021098,JPEG,RGB,150,100,6659,original,APPROVED_CANDIDATE
PlantDoc,5467f6012d78d1c446145d5f582da6096f852ae8,training_candidate,Tomato mold leaf,MATCHED,Tomato Leaf Mold,train/Tomato mold leaf/tomato-leaf-mold-infection-on-a-leaf-top-and-underside-picture-id81781575?s=612x612.jpg,Tomato mold leaf/02215_bbb2ec3496b24332.jpg,bbb2ec3496b2433272adb4b62518f2907d2247b1a8d130a056155867c936123b,1c1c6e3731336c69,JPEG,RGB,612,569,53395,original,APPROVED_CANDIDATE
PlantDoc,5467f6012d78d1c446145d5f582da6096f852ae8,training_candidate,Tomato mold leaf,MATCHED,Tomato Leaf Mold,train/Tomato mold leaf/tomato-leaf-mold.jpg,Tomato mold leaf/02216_18443210d12693af.jpg,18443210d12693afa5a4df7ec6676ff285a863ccac8f63eecc2602bc622ad598,f3e50d3fb9eb5e6e,JPEG,RGB,150,150,2885,original,APPROVED_CANDIDATE
PlantDoc,5467f6012d78d1c446145d5f582da6096f852ae8,training_candidate,Tomato mold leaf,MATCHED,Tomato Leaf Mold,train/Tomato mold leaf/tomato.jpg,Tomato mold leaf/02217_0871cdc86cefe787.jpg,0871cdc86cefe787daaee094c11c34ac4a00834ac3eaedc36bda17965bda2fad,8c084ac92c2b6981,JPEG,RGB,600,800,490953,original,APPROVED_CANDIDATE
PlantDoc,5467f6012d78d1c446145d5f582da6096f852ae8,training_candidate,Tomato mold leaf,MATCHED,Tomato Leaf Mold,train/Tomato mold leaf/tomato_Leaf-roll-physiological-7059-SLoewen_thm.jpg,Tomato mold leaf/02218_30c201a5d0f529ad.jpg,30c201a5d0f529ad38380d2410d3a31c5729465f6b6da5da8f8313a5ebbd2729,ce4fd3b3f97db2e4,JPEG,RGB,115,85,8344,original,APPROVED_CANDIDATE
PlantDoc,5467f6012d78d1c446145d5f582da6096f852ae8,training_candidate,Tomato mold leaf,MATCHED,Tomato Leaf Mold,train/Tomato mold leaf/tomato_fulvia.jpg,Tomato mold leaf/02219_11ecaa35428fa9c1.jpg,11ecaa35428fa9c1b42bb47d0a8dc1ffcb5db1844982c9be082af5ba93be17a9,191b3af383d7d7d6,JPEG,RGB,450,304,149572,original,APPROVED_CANDIDATE
PlantDoc,5467f6012d78d1c446145d5f582da6096f852ae8,training_candidate,Tomato mold leaf,MATCHED,Tomato Leaf Mold,train/Tomato mold leaf/tomato_fulvia2.jpg,Tomato mold leaf/02220_cb7d56b2c938e5bd.jpg,cb7d56b2c938e5bdf9f53bac50354d7df86cddfaf1748bb2693e9eed6144afb8,68cc1ede93323686,JPEG,RGB,640,405,164052,original,APPROVED_CANDIDATE
PlantDoc,5467f6012d78d1c446145d5f582da6096f852ae8,training_candidate,Tomato mold leaf,MATCHED,Tomato Leaf Mold,train/Tomato mold leaf/tomato_leaf-mold_01_zoom.jpg,Tomato mold leaf/02221_02ce34bc701adf2c.jpg,02ce34bc701adf2c6d09578075a137632be6ba76e800048d7a26c309947fe0a9,2231194a66163d7b,JPEG,RGB,900,675,169833,original,APPROVED_CANDIDATE
PlantDoc,5467f6012d78d1c446145d5f582da6096f852ae8,training_candidate,Tomato mold leaf,MATCHED,Tomato Leaf Mold,train/Tomato mold leaf/tomato_leaf-mold_02_zoom.jpg,Tomato mold leaf/02222_fe2e6650a1422bed.jpg,fe2e6650a1422bedbc672c152b4671a51f009bc5b98896b804362e01dc2887fd,d50c8c961b42e64c,JPEG,RGB,900,675,129766,original,APPROVED_CANDIDATE
PlantDoc,5467f6012d78d1c446145d5f582da6096f852ae8,training_candidate,Tomato mold leaf,MATCHED,Tomato Leaf Mold,train/Tomato mold leaf/tomato_leaf-mold_03_zoom.jpg,Tomato mold leaf/02223_d62b398631f1a94c.jpg,d62b398631f1a94c65861102977640110cf393c473975ffc25528ed81bc493b9,33ae0f03437b3b93,JPEG,RGB,900,675,126207,original,APPROVED_CANDIDATE
PlantDoc,5467f6012d78d1c446145d5f582da6096f852ae8,training_candidate,Tomato mold leaf,MATCHED,Tomato Leaf Mold,train/Tomato mold leaf/tomato_leaf-mold_04_zoom.jpg,Tomato mold leaf/02224_feedc8af904c0c07.jpg,feedc8af904c0c07c72dce57e129b132bcc42b0531baa33ba2e1d05845313cb3,64170b9a634b1a59,JPEG,RGB,900,675,160423,original,APPROVED_CANDIDATE
PlantDoc,5467f6012d78d1c446145d5f582da6096f852ae8,training_candidate,Tomato mold leaf,MATCHED,Tomato Leaf Mold,train/Tomato mold leaf/tomato_plants_1_original.JPG?1407178095.jpg,Tomato mold leaf/02225_d78bd086224aaca5.jpg,d78bd086224aaca5a9f1862d8496177888cae14ce27dd42b4aaf83a0cfae4794,4c8e268786d61346,JPEG,RGB,1632,1224,865699,original,APPROVED_CANDIDATE
PlantDoc,5467f6012d78d1c446145d5f582da6096f852ae8,training_candidate,Tomato mold leaf,MATCHED,Tomato Leaf Mold,train/Tomato mold leaf/top-leaf-mold-Fulva-fulvea-WN.jpg,Tomato mold leaf/02226_e67f8333289a4158.jpg,e67f8333289a4158051a7391f63bf5f57da62a38c4819f446212f0751ee683a3,989ab319bfad3173,JPEG,RGB,800,525,71767,original,APPROVED_CANDIDATE
PlantDoc,5467f6012d78d1c446145d5f582da6096f852ae8,training_candidate,Tomato mold leaf,MATCHED,Tomato Leaf Mold,train/Tomato mold leaf/tylc.jpg,Tomato mold leaf/02227_2ddeade403628874.jpg,2ddeade403628874b112f319b8f0114863b3e34a89b7582cb648d9b08477fcc8,6866656e28313636,JPEG,RGB,798,605,76725,original,NEEDS_MANUAL_REVIEW
PlantDoc,5467f6012d78d1c446145d5f582da6096f852ae8,training_candidate,Tomato two spotted spider mites leaf,MATCHED,Tomato Spider mites,train/Tomato two spotted spider mites leaf/SpotSpeckBlightMite-1l4v879.jpg,Tomato two spotted spider mites leaf/02228_7a39980b4f644895.jpg,7a39980b4f6448958db22a28da7b409e74834a820592f7302b5547703ab61578,6422226232b7646a,JPEG,RGB,960,720,113860,original,APPROVED_CANDIDATE
PlantDoc,5467f6012d78d1c446145d5f582da6096f852ae8,training_candidate,Tomato two spotted spider mites leaf,MATCHED,Tomato Spider mites,train/Tomato two spotted spider mites leaf/comparing-diseases-4-canker-tomato-1y51ejs.jpg,Tomato two spotted spider mites leaf/02229_2c59025109d5e9a2.jpg,2c59025109d5e9a2cfba879cfde943fa3d238a4dbaf2e44763b986d6bef5c22d,642222626263cddb,JPEG,RGB,960,720,125378,original,APPROVED_CANDIDATE
PlantDoc,5467f6012d78d1c446145d5f582da6096f852ae8,training_candidate,grape leaf black rot,MATCHED,Grape Black rot,train/grape leaf black rot/000gb.jpg,grape leaf black rot/02230_a3946ea0fc75e9cf.jpg,a3946ea0fc75e9cf20f41a23fdf7697967b4f4a427d68ff535b3d7969152ac02,86b2ceaceeccdcd9,JPEG,RGB,3264,2448,3236697,original,APPROVED_CANDIDATE
PlantDoc,5467f6012d78d1c446145d5f582da6096f852ae8,training_candidate,grape leaf black rot,MATCHED,Grape Black rot,train/grape leaf black rot/00gb.jpg,grape leaf black rot/02231_cf90886cd242a996.jpg,cf90886cd242a9969f0a5d5bd7bc5239292359962a19dfb9941b769480d1e3d8,61e6c3c60d3c3493,JPEG,RGB,1500,844,778810,original,APPROVED_CANDIDATE
PlantDoc,5467f6012d78d1c446145d5f582da6096f852ae8,training_candidate,grape leaf black rot,MATCHED,Grape Black rot,train/grape leaf black rot/01gb.jpg,grape leaf black rot/02232_9ccf853645d2f727.jpg,9ccf853645d2f727d660e404cb3f86ef8b7b66b23b386abad7afcf9247dd7016,d86dfddcdc7c0786,JPEG,RGB,479,441,32307,original,APPROVED_CANDIDATE
PlantDoc,5467f6012d78d1c446145d5f582da6096f852ae8,training_candidate,grape leaf black rot,MATCHED,Grape Black rot,train/grape leaf black rot/02gb.jpg,grape leaf black rot/02233_5a123eada6b0d97b.jpg,5a123eada6b0d97bd40f3db4393575e30e3b92d9b66495005f08ac1bf723609e,607031e7ff7dbee7,JPEG,RGB,1125,1500,585583,original,APPROVED_CANDIDATE
PlantDoc,5467f6012d78d1c446145d5f582da6096f852ae8,training_candidate,grape leaf black rot,MATCHED,Grape Black rot,train/grape leaf black rot/072109%20Hartman%20Grape%20black%20rot-fruit%20&%20lvs.JPG.jpg,grape leaf black rot/02234_9bdb9dbbc21bd9b3.jpg,9bdb9dbbc21bd9b3440e6d76c5c02ee6ca4217057c7f73d68463b00b9b7b28de,c393cfcaca658191,JPEG,RGB,1476,984,677151,original,APPROVED_CANDIDATE
PlantDoc,5467f6012d78d1c446145d5f582da6096f852ae8,training_candidate,grape leaf black rot,MATCHED,Grape Black rot,train/grape leaf black rot/0gb.jpg,grape leaf black rot/02235_b3bbc4dee85a0103.jpg,b3bbc4dee85a0103fcc554c67fcb8dc870ee80c60aa5bcd205bc2000fe1de7cd,d3d5c49b8e66731b,JPEG,RGB,300,300,114819,original,APPROVED_CANDIDATE
PlantDoc,5467f6012d78d1c446145d5f582da6096f852ae8,training_candidate,grape leaf black rot,MATCHED,Grape Black rot,train/grape leaf black rot/150px-Plasmopara_viticola_000.jpg,grape leaf black rot/02236_cb48e0f8682d2a47.jpg,cb48e0f8682d2a47500280ddd5554455cc519093f0d05187fd7525df20e60641,19d8c090c4ccd830,JPEG,RGB,150,150,6230,original,APPROVED_CANDIDATE
PlantDoc,5467f6012d78d1c446145d5f582da6096f852ae8,training_candidate,grape leaf black rot,MATCHED,Grape Black rot,train/grape leaf black rot/2009+06+069+Downy+mildew.jpg,grape leaf black rot/02237_7317bf5f2be1edfd.jpg,7317bf5f2be1edfdafc77164f8607c172f73a30eb091c706cab3f40a51e5a305,896b8b9616171d1d,JPEG,RGB,800,600,96722,original,APPROVED_CANDIDATE
PlantDoc,5467f6012d78d1c446145d5f582da6096f852ae8,training_candidate,grape leaf black rot,MATCHED,Grape Black rot,train/grape leaf black rot/2009+07+034+black+rot+leaf+and+berry.jpg,grape leaf black rot/02238_9f69415b6c366eae.jpg,9f69415b6c366eaecaf4498b7ed1258d903a59d758a25527a3682dde110b3627,74693d7d3c3cf663,JPEG,RGB,320,240,38154,original,APPROVED_CANDIDATE
PlantDoc,5467f6012d78d1c446145d5f582da6096f852ae8,training_candidate,grape leaf black rot,MATCHED,Grape Black rot,train/grape leaf black rot/220px-Guignardia_bidwellii_08.jpg,grape leaf black rot/02239_e4eea2e36ac92802.jpg,e4eea2e36ac92802380796d6a1a77cfa013de7166d3911817f9db6c9a59287f9,13136397363d1a33,JPEG,RGB,220,152,8319,original,APPROVED_CANDIDATE
PlantDoc,5467f6012d78d1c446145d5f582da6096f852ae8,training_candidate,grape leaf black rot,MATCHED,Grape Black rot,train/grape leaf black rot/35327886795_6f608e0eaa_b.jpg,grape leaf black rot/02240_a25bfd16a43a5aed.jpg,a25bfd16a43a5aeddb23f2138dfc26196849ae3b1e4d680d16797a3c36ea5f22,c9ac262307466169,JPEG,RGB,768,1024,231072,original,APPROVED_CANDIDATE
PlantDoc,5467f6012d78d1c446145d5f582da6096f852ae8,training_candidate,grape leaf black rot,MATCHED,Grape Black rot,train/grape leaf black rot/3_21_14-Caption-Black-Rot-leaf-infection.-265x265.jpg,grape leaf black rot/02241_6353025ad04a7954.jpg,6353025ad04a7954e9c604d04853a9957220da63104613bfa015dfa9d8d23b92,646622e6a6a547c3,JPEG,RGB,265,265,25077,original,APPROVED_CANDIDATE
PlantDoc,5467f6012d78d1c446145d5f582da6096f852ae8,training_candidate,grape leaf black rot,MATCHED,Grape Black rot,train/grape leaf black rot/3_21_14-Caption-Black-Rot-leaf-infection..jpg,grape leaf black rot/02242_d9436f7a2afc118c.jpg,d9436f7a2afc118cbe3217d649901beaa3dfab0e1ce17815b59c527b62e8cbd1,25a5a5e5e7e4a667,JPEG,RGB,1200,842,443608,original,APPROVED_CANDIDATE
PlantDoc,5467f6012d78d1c446145d5f582da6096f852ae8,training_candidate,grape leaf black rot,MATCHED,Grape Black rot,train/grape leaf black rot/6-14-11%20ANNEMIEK%20blkRotSp.jpg,grape leaf black rot/02243_e55af8b081dab8fe.jpg,e55af8b081dab8fe84978dc01a972cd25dbb2666f79b5a8762e4bbc317c23da0,4d0c189890108186,JPEG,CMYK,350,279,779527,original,APPROVED_CANDIDATE
PlantDoc,5467f6012d78d1c446145d5f582da6096f852ae8,training_candidate,grape leaf black rot,MATCHED,Grape Black rot,train/grape leaf black rot/8-21-Anthracnose-shotholing-ANNEMIEK.jpg,grape leaf black rot/02244_1e20761767473a42.jpg,1e20761767473a427ebd7c07acf15e27c61a97c85f73d3ab56d8da3b8a7bd5b0,21626ba1d3d21d28,JPEG,RGB,350,243,38777,original,APPROVED_CANDIDATE
PlantDoc,5467f6012d78d1c446145d5f582da6096f852ae8,training_candidate,grape leaf black rot,MATCHED,Grape Black rot,train/grape leaf black rot/80111791.jpg,grape leaf black rot/02245_e9ca5df1ede06acb.jpg,e9ca5df1ede06acb046caf07a2c15e335fcaff8b1f73d57edc1400c091c55d1d,6634a7e6656466ff,JPEG,RGB,700,482,199100,original,APPROVED_CANDIDATE
PlantDoc,5467f6012d78d1c446145d5f582da6096f852ae8,training_candidate,grape leaf black rot,MATCHED,Grape Black rot,train/grape leaf black rot/Black_Rot_of_Grapes1153.jpg,grape leaf black rot/02246_3de2602bb2431729.jpg,3de2602bb2431729452df9d11501dee76a03fae022aeaed4a443aaf8db762277,1a0bb1b0dcc949e1,JPEG,RGB,800,600,48065,original,APPROVED_CANDIDATE
PlantDoc,5467f6012d78d1c446145d5f582da6096f852ae8,training_candidate,grape leaf black rot,MATCHED,Grape Black rot,train/grape leaf black rot/Black_Rot_of_Grapes1154.jpg,grape leaf black rot/02247_e194cf217d0da81a.jpg,e194cf217d0da81a2a2232710ece87513fa1a9365f8dec7c5e0a498c649f93cc,797ce4dc14a00101,JPEG,RGB,800,600,49313,original,APPROVED_CANDIDATE
PlantDoc,5467f6012d78d1c446145d5f582da6096f852ae8,training_candidate,grape leaf black rot,MATCHED,Grape Black rot,train/grape leaf black rot/Black_Rot_of_Grapes1155.jpg,grape leaf black rot/02248_84b1a9de92024f4c.jpg,84b1a9de92024f4c4141db381b24e7e26a84b6d3074ed4415ee9c0c6a0d1cd86,d870e8bc3c113530,JPEG,RGB,800,600,52142,original,APPROVED_CANDIDATE
PlantDoc,5467f6012d78d1c446145d5f582da6096f852ae8,training_candidate,grape leaf black rot,MATCHED,Grape Black rot,train/grape leaf black rot/Black_Rot_of_Grapes1157.jpg,grape leaf black rot/02249_0710b834199c0286.jpg,0710b834199c028685db847393cf0d4ecd085dbae905a1d358113876059facd6,e94bcfc68c499f91,JPEG,RGB,800,600,53879,original,APPROVED_CANDIDATE
PlantDoc,5467f6012d78d1c446145d5f582da6096f852ae8,training_candidate,grape leaf black rot,MATCHED,Grape Black rot,train/grape leaf black rot/Black_Rot_of_Grapes1166.jpg,grape leaf black rot/02250_b723ebc8b8be7b9f.jpg,b723ebc8b8be7b9f616c0f5be18988dab8898ebe8859a614723b8a2ca5d965ff,5c1393123126a9c4,JPEG,RGB,800,600,49629,original,APPROVED_CANDIDATE
PlantDoc,5467f6012d78d1c446145d5f582da6096f852ae8,training_candidate,grape leaf black rot,MATCHED,Grape Black rot,train/grape leaf black rot/Black_Rot_of_Grapes1167.jpg,grape leaf black rot/02251_869f73d5f820252e.jpg,869f73d5f820252eab964321fa541d0e7fd4731cacfd47528e794c863941573d,3c666bf696143652,JPEG,RGB,800,600,55448,original,APPROVED_CANDIDATE
PlantDoc,5467f6012d78d1c446145d5f582da6096f852ae8,training_candidate,grape leaf black rot,MATCHED,Grape Black rot,train/grape leaf black rot/Black_Rot_of_Grapes1168.jpg,grape leaf black rot/02252_bcb710c06a56f5ca.jpg,bcb710c06a56f5cab5538ef6208853f037180906abab4b93de16c538db265c19,928d0f16996e2723,JPEG,RGB,600,800,62984,original,APPROVED_CANDIDATE
PlantDoc,5467f6012d78d1c446145d5f582da6096f852ae8,training_candidate,grape leaf black rot,MATCHED,Grape Black rot,train/grape leaf black rot/Black_Rot_of_Grapes1317.jpg,grape leaf black rot/02253_f09e6929382fc733.jpg,f09e6929382fc733b0226d27aed8f631f65725680215a3e31939101758700f36,71632725342e4919,JPEG,RGB,600,679,50642,original,APPROVED_CANDIDATE
PlantDoc,5467f6012d78d1c446145d5f582da6096f852ae8,training_candidate,grape leaf black rot,MATCHED,Grape Black rot,train/grape leaf black rot/Black_Rot_of_Grapes151.jpg,grape leaf black rot/02254_5694ab9765296788.jpg,5694ab976529678827af0ea81acf9e0ed35f4b6fda31619d7c89590af4cd861d,aeacd190cc5c8c8c,JPEG,RGB,598,800,38406,original,APPROVED_CANDIDATE
PlantDoc,5467f6012d78d1c446145d5f582da6096f852ae8,training_candidate,grape leaf black rot,MATCHED,Grape Black rot,train/grape leaf black rot/Black_Rot_of_Grapes152.jpg,grape leaf black rot/02255_678e3ecfc9b25cec.jpg,678e3ecfc9b25cecad03cfa6819605a7bb2f4be1e18ffc899690e6897c8cf9d9,e89ab30a273788e0,JPEG,RGB,600,720,48671,original,APPROVED_CANDIDATE
PlantDoc,5467f6012d78d1c446145d5f582da6096f852ae8,training_candidate,grape leaf black rot,MATCHED,Grape Black rot,train/grape leaf black rot/Black_rot_on_grape_leaves5.jpg,grape leaf black rot/02256_b7b59f44804b08b3.jpg,b7b59f44804b08b3ebb2ab36c3c594a8090799080263f1ae06a58a95a22c2ac0,1baccccccaac9a92,JPEG,RGB,3072,1928,680403,original,APPROVED_CANDIDATE
PlantDoc,5467f6012d78d1c446145d5f582da6096f852ae8,training_candidate,grape leaf black rot,MATCHED,Grape Black rot,train/grape leaf black rot/Concord-Grapes.jpg,grape leaf black rot/02257_033b55ada5b76bd9.jpg,033b55ada5b76bd9347066ce6fb272b0a4ef709b14ff43fbe7944accb72f27ad,92960b2c3c307051,JPEG,RGB,4160,3120,1882671,original,APPROVED_CANDIDATE
PlantDoc,5467f6012d78d1c446145d5f582da6096f852ae8,training_candidate,grape leaf black rot,MATCHED,Grape Black rot,train/grape leaf black rot/DCDl_p8UQAAf2hP.jpg,grape leaf black rot/02258_437383944a9c0d7d.jpg,437383944a9c0d7dfed39438ec24e1ea2c523aeee83f6dee488c9e94d180fbc6,9c9d4e0e38d1d733,JPEG,RGB,1147,1200,273302,original,APPROVED_CANDIDATE
PlantDoc,5467f6012d78d1c446145d5f582da6096f852ae8,training_candidate,grape leaf black rot,MATCHED,Grape Black rot,train/grape leaf black rot/DSCN1228.jpg,grape leaf black rot/02259_64a85fc092aa49bb.jpg,64a85fc092aa49bbe0e53b544fdf50af53afa5eaaa02b2f1ce91632510440343,ce4a3266666b1c3e,JPEG,RGB,1200,630,169744,original,APPROVED_CANDIDATE
PlantDoc,5467f6012d78d1c446145d5f582da6096f852ae8,training_candidate,grape leaf black rot,MATCHED,Grape Black rot,train/grape leaf black rot/Guignardia-vigne44.jpg,grape leaf black rot/02260_dec23e8d95f300f1.jpg,dec23e8d95f300f1c1e4479f50d3b5c4ae1359ff16e80f1cba214d9c5041a317,5a5ba52d596f0ea4,JPEG,RGB,544,520,115039,original,APPROVED_CANDIDATE
PlantDoc,5467f6012d78d1c446145d5f582da6096f852ae8,training_candidate,grape leaf black rot,MATCHED,Grape Black rot,train/grape leaf black rot/Guignardia_bidwellii_%28black_rot%29_on_grape_1.jpg,grape leaf black rot/02261_3652cbd05745f80c.jpg,3652cbd05745f80cdc0a20ef50355ce2e4cd319dbd4f692c0330e83b9090f1c9,84808090ac921230,JPEG,RGB,3072,1936,1679692,original,APPROVED_CANDIDATE
PlantDoc,5467f6012d78d1c446145d5f582da6096f852ae8,training_candidate,grape leaf black rot,MATCHED,Grape Black rot,train/grape leaf black rot/Guignardia_bidwellii_%28black_rot%29_on_grape_4.jpg,grape leaf black rot/02262_a7d909e76254a619.jpg,a7d909e76254a619a5590da1110c2f16b74849df89686bcf2fbd3fe26978a6b3,1931d8d8cccca4a9,JPEG,RGB,3056,1924,651427,original,APPROVED_CANDIDATE
PlantDoc,5467f6012d78d1c446145d5f582da6096f852ae8,training_candidate,grape leaf black rot,MATCHED,Grape Black rot,train/grape leaf black rot/IMG_0830_original.JPG?1472588083.jpg,grape leaf black rot/02263_1240b5ee519963ae.jpg,1240b5ee519963ae7c0f63d50134f424f64589099449174ed1595dae8bbf1437,c7ecb6b7c6d3dbff,JPEG,RGB,2592,1936,2321986,original,APPROVED_CANDIDATE
PlantDoc,5467f6012d78d1c446145d5f582da6096f852ae8,training_candidate,grape leaf black rot,MATCHED,Grape Black rot,train/grape leaf black rot/PLPATH-FRU-24_Fig1-black-rot-spots-on-grape-leaf_Page_1.jpg,grape leaf black rot/02264_77c705f84131ce2e.jpg,77c705f84131ce2e57ba549584913266f02d3861d498c47d363b3c9face672ee,6c6667052131b3e3,JPEG,RGB,627,600,66138,original,APPROVED_CANDIDATE
PlantDoc,5467f6012d78d1c446145d5f582da6096f852ae8,training_candidate,grape leaf black rot,MATCHED,Grape Black rot,train/grape leaf black rot/apr-2016_bryan_black-rot-leaf.jpg,grape leaf black rot/02265_58250bfec8591b30.jpg,58250bfec8591b307c4c85f314fe112fa719cef22ad085896b7874b822a54d2d,94325d69282c2d1c,JPEG,RGB,977,538,80662,original,APPROVED_CANDIDATE
PlantDoc,5467f6012d78d1c446145d5f582da6096f852ae8,training_candidate,grape leaf black rot,MATCHED,Grape Black rot,train/grape leaf black rot/bad_grapes21.jpg,grape leaf black rot/02266_8ff645f78c4ff863.jpg,8ff645f78c4ff863c61cbcd80f4955a1bf7ee18c9e80301ef79c8e2877c8829c,2bdb8d8ca40c3c3e,JPEG,RGB,720,480,253069,original,APPROVED_CANDIDATE
PlantDoc,5467f6012d78d1c446145d5f582da6096f852ae8,training_candidate,grape leaf black rot,MATCHED,Grape Black rot,train/grape leaf black rot/black%20spot%20%2819%29.JPG?itok=mf4II8zq.jpg,grape leaf black rot/02267_3cb32ef84707ec2d.jpg,3cb32ef84707ec2de5a21f13dce49168f54ebfb80e13438a057d7398f3ace04b,c7852e367badfa77,JPEG,RGB,320,240,12849,original,APPROVED_CANDIDATE
PlantDoc,5467f6012d78d1c446145d5f582da6096f852ae8,training_candidate,grape leaf black rot,MATCHED,Grape Black rot,train/grape leaf black rot/black-rot-guignardia-bidwellii-leaf-spot-lesions-on-muscadine-grape-BY9J7B.jpg,grape leaf black rot/02268_a0caddb60b379bf4.jpg,a0caddb60b379bf4a3cac51e4a75ee61f7d3dc805eb50287b8785093bc35bbda,8a333b0b1f0f0eb0,JPEG,RGB,1300,1173,180006,original,APPROVED_CANDIDATE
PlantDoc,5467f6012d78d1c446145d5f582da6096f852ae8,training_candidate,grape leaf black rot,MATCHED,Grape Black rot,train/grape leaf black rot/black-rot-guignardia-bidwellii-leaf-spot-lesions-on-muscadine-grape-x85jjd.jpg,grape leaf black rot/02269_c3cad55207c4f32f.jpg,c3cad55207c4f32f566bdc23d5dff9decaab6df73edec81a6b27c418cffc72b6,99d31a9859999060,JPEG,RGB,435,320,63957,original,APPROVED_CANDIDATE
PlantDoc,5467f6012d78d1c446145d5f582da6096f852ae8,training_candidate,grape leaf black rot,MATCHED,Grape Black rot,train/grape leaf black rot/black-rot-leaves.jpg,grape leaf black rot/02270_755f134e5077f0df.jpg,755f134e5077f0dfa8b646af1d8f3f6c8a2f5db9bdf027ef7b10c991473fff80,0c9cec9838ecc49b,JPEG,RGB,500,321,138247,original,APPROVED_CANDIDATE
PlantDoc,5467f6012d78d1c446145d5f582da6096f852ae8,training_candidate,grape leaf black rot,MATCHED,Grape Black rot,train/grape leaf black rot/black-rot-of-grape_figure-1.jpg,grape leaf black rot/02271_a09bc77f43485b7a.jpg,a09bc77f43485b7af5429d3579772c0e066444c70e39fe04e77329f8927a3ffd,c427220dccd48193,JPEG,RGB,1500,1000,870821,original,APPROVED_CANDIDATE
PlantDoc,5467f6012d78d1c446145d5f582da6096f852ae8,training_candidate,grape leaf black rot,MATCHED,Grape Black rot,train/grape leaf black rot/black_rot-grape_leaf.jpeg.jpg,grape leaf black rot/02272_7ac1b05dde101d3b.jpg,7ac1b05dde101d3b67080c452d6dfa2994f83a37e130ec8816efb715f15dbbf9,8c8c8cb627663464,JPEG,RGB,600,425,57173,original,APPROVED_CANDIDATE
PlantDoc,5467f6012d78d1c446145d5f582da6096f852ae8,training_candidate,grape leaf black rot,MATCHED,Grape Black rot,train/grape leaf black rot/black_rot_1.jpg,grape leaf black rot/02273_8f0f6db33cc273d4.jpg,8f0f6db33cc273d4e1f6aae9343b7f83393858f6ac6a6fe04b735fc9034dc7c5,36372747070a0c8c,JPEG,RGB,2816,2112,977249,original,APPROVED_CANDIDATE
PlantDoc,5467f6012d78d1c446145d5f582da6096f852ae8,training_candidate,grape leaf black rot,MATCHED,Grape Black rot,train/grape leaf black rot/br-ocw-dm.jpg,grape leaf black rot/02274_feac5e0a5db49c61.jpg,feac5e0a5db49c617c29da2e698a6a1d0fe6ae0fcc1b13fa9b513a0826fac5c6,5cdeea68667270b0,JPEG,RGB,990,414,103437,original,APPROVED_CANDIDATE
PlantDoc,5467f6012d78d1c446145d5f582da6096f852ae8,training_candidate,grape leaf black rot,MATCHED,Grape Black rot,train/grape leaf black rot/br-ocw-phom.jpg,grape leaf black rot/02275_775c8828a41fec82.jpg,775c8828a41fec82beec792f9727ae708f3d74592715ff7d65f40ebe6c86f724,585bca88cbcacaf0,JPEG,RGB,930,414,131717,original,APPROVED_CANDIDATE
PlantDoc,5467f6012d78d1c446145d5f582da6096f852ae8,training_candidate,grape leaf black rot,MATCHED,Grape Black rot,train/grape leaf black rot/brshoot2_zoom.jpg,grape leaf black rot/02276_7c27351deefd799a.jpg,7c27351deefd799a62579efa6195f3dfee1153b86f44abaf1e471fc3a553ae3f,3639589231b1a269,JPEG,RGB,900,1200,236588,original,APPROVED_CANDIDATE
PlantDoc,5467f6012d78d1c446145d5f582da6096f852ae8,training_candidate,grape leaf black rot,MATCHED,Grape Black rot,train/grape leaf black rot/fungus_rust.jpg,grape leaf black rot/02277_806c824a0f578f43.jpg,806c824a0f578f43506cc5f92e057c1908e06a0292b8793507a0d03e13b49738,070f170f4b671c0c,JPEG,RGB,500,380,51454,original,APPROVED_CANDIDATE
PlantDoc,5467f6012d78d1c446145d5f582da6096f852ae8,training_candidate,grape leaf black rot,MATCHED,Grape Black rot,train/grape leaf black rot/grape%20black%20rot%20on%20leaf_DSC0336.jpg,grape leaf black rot/02278_f25280c8f24d69cc.jpg,f25280c8f24d69cc65957b015c0e15294e600543a26a9da2320bc7be63ad7d97,9399a9474f8f8f85,JPEG,RGB,432,287,47374,original,APPROVED_CANDIDATE
PlantDoc,5467f6012d78d1c446145d5f582da6096f852ae8,training_candidate,grape leaf black rot,MATCHED,Grape Black rot,train/grape leaf black rot/guignardia-bidwellii-05.jpg,grape leaf black rot/02279_88ce95acdab368ff.jpg,88ce95acdab368ff001072da0a8ee1888e8f5342f42d80f2a9dc0fce3c2dc366,292832b862626adc,JPEG,RGB,450,283,48110,original,APPROVED_CANDIDATE
PlantDoc,5467f6012d78d1c446145d5f582da6096f852ae8,training_candidate,grape leaf black rot,MATCHED,Grape Black rot,train/grape leaf black rot/image66.jpg,grape leaf black rot/02280_9ee7ec94d8a2df21.jpg,9ee7ec94d8a2df21a9ef08bc5bb2ba7e39b0c6f76a1f311244844e74b391cb24,92b2553373313322,JPEG,RGB,231,159,9550,original,NEEDS_MANUAL_REVIEW
PlantDoc,5467f6012d78d1c446145d5f582da6096f852ae8,training_candidate,grape leaf black rot,MATCHED,Grape Black rot,train/grape leaf black rot/image_original.jpeg?1495058317.jpg,grape leaf black rot/02281_233e1b7c86609604.jpg,233e1b7c8660960492eeac720430ec3af3bea5e0c437064fc4693ca5db27a618,31291104c9490564,JPEG,RGB,1936,2592,2098437,original,APPROVED_CANDIDATE
PlantDoc,5467f6012d78d1c446145d5f582da6096f852ae8,training_candidate,grape leaf black rot,MATCHED,Grape Black rot,train/grape leaf black rot/image_original.jpeg?1495058318.jpg,grape leaf black rot/02282_08527e8e56d80f0e.jpg,08527e8e56d80f0ef2710c6ebb612e8024ebfbda926e9a0af576cc75f3222428,eef0e7e46c64347e,JPEG,RGB,1936,2592,1931978,original,APPROVED_CANDIDATE
PlantDoc,5467f6012d78d1c446145d5f582da6096f852ae8,training_candidate,grape leaf black rot,MATCHED,Grape Black rot,train/grape leaf black rot/june-9-0181.jpg,grape leaf black rot/02283_e751586a61fbdd1a.jpg,e751586a61fbdd1a1ae0ca681358bce56be37b9b5463a1dd3c767b3fedbe981a,b1c1d89828b49f57,JPEG,RGB,2048,1536,1444640,original,APPROVED_CANDIDATE
PlantDoc,5467f6012d78d1c446145d5f582da6096f852ae8,training_candidate,grape leaf black rot,MATCHED,Grape Black rot,train/grape leaf black rot/muscals2.jpg,grape leaf black rot/02284_a865802e2102e9ac.jpg,a865802e2102e9ac5b9214c1675d20b4f9ea26314b06a778b3b2f714f09aec4c,92b2513373333322,JPEG,RGB,433,299,55574,original,NEEDS_MANUAL_REVIEW
PlantDoc,5467f6012d78d1c446145d5f582da6096f852ae8,training_candidate,grape leaf black rot,MATCHED,Grape Black rot,train/grape leaf black rot/p_319.jpg,grape leaf black rot/02285_5b4ab0f9a16b94c2.jpg,5b4ab0f9a16b94c2b57d6cdb0ebcfe3646aadcc29b7b35a299416caf4d8d8ff4,0269e8c4dcd4d401,JPEG,RGB,640,480,70305,original,APPROVED_CANDIDATE
PlantDoc,5467f6012d78d1c446145d5f582da6096f852ae8,training_candidate,grape leaf,AMBIGUOUS,,train/grape leaf/000g.jpg,grape leaf/02286_cae656776428feab.jpg,cae656776428feab94d764a5a7cc52da89291728da56933e3662d473e53b44d4,45110d24161d9da7,JPEG,RGB,1200,800,199675,original,AMBIGUOUS
PlantDoc,5467f6012d78d1c446145d5f582da6096f852ae8,training_candidate,grape leaf,AMBIGUOUS,,train/grape leaf/0g.jpg,grape leaf/02287_068034bf27f4752d.jpg,068034bf27f4752d238577afb41b90c47baac72e8158d1c66f5eb5559da8dda0,3bb32327bc9cb753,JPEG,RGB,1200,1025,373896,original,AMBIGUOUS
PlantDoc,5467f6012d78d1c446145d5f582da6096f852ae8,training_candidate,grape leaf,AMBIGUOUS,,train/grape leaf/10178grape_leaf.jpg,grape leaf/02288_c7974be37c1c19d6.jpg,c7974be37c1c19d62075a40cd2ca37dd8a97ebcbc8ced3b1262b26085d587014,8090c880909060ea,JPEG,RGB,689,600,93708,original,AMBIGUOUS
PlantDoc,5467f6012d78d1c446145d5f582da6096f852ae8,training_candidate,grape leaf,AMBIGUOUS,,train/grape leaf/4635766-green-grapevine-leaves.jpg,grape leaf/02289_21f2580b75b2a12e.jpg,21f2580b75b2a12ef97ec47694a40b400a972f122d8968a91338ff914a15a64e,20c0c0c0e4c0c088,JPEG,RGB,800,776,53392,original,AMBIGUOUS
PlantDoc,5467f6012d78d1c446145d5f582da6096f852ae8,training_candidate,grape leaf,AMBIGUOUS,,train/grape leaf/6cy5kMMEi.jpg,grape leaf/02290_ee000088b7781868.jpg,ee000088b778186867777cb33de1a86349b0d803cef33f181d04748a7c5b0738,af6d9c9eb3abcb47,JPEG,RGB,2160,1920,2072772,original,AMBIGUOUS
PlantDoc,5467f6012d78d1c446145d5f582da6096f852ae8,training_candidate,grape leaf,AMBIGUOUS,,train/grape leaf/GrapeLeaf.jpg,grape leaf/02291_2a4c31099f694713.jpg,2a4c31099f6947131f4925eab214cd51570a1f11d71fe734b4bf988a45085ab4,3e34cf1933199d9c,JPEG,RGB,2592,1936,2383471,original,AMBIGUOUS
PlantDoc,5467f6012d78d1c446145d5f582da6096f852ae8,training_candidate,grape leaf,AMBIGUOUS,,train/grape leaf/Grape_leaf_01.jpg,grape leaf/02292_e980eb97df8b9a41.jpg,e980eb97df8b9a41e94dbfdafbe3609db647a687a0fc9621349ba00b85d08389,b050c4b2b2dcf021,JPEG,RGB,2374,3090,647160,original,AMBIGUOUS
PlantDoc,5467f6012d78d1c446145d5f582da6096f852ae8,training_candidate,grape leaf,AMBIGUOUS,,train/grape leaf/Grolleau_noir_leaves.jpg,grape leaf/02293_4c797f1edaf7a06b.jpg,4c797f1edaf7a06b8641cb9f40ca7fb8f3cdc4f401d8619d7c379fedc5c8e473,131b350c8e4d4bb2,JPEG,RGB,1600,1067,123058,original,AMBIGUOUS
PlantDoc,5467f6012d78d1c446145d5f582da6096f852ae8,training_candidate,grape leaf,AMBIGUOUS,,train/grape leaf/IMG_20150511_095517.jpg,grape leaf/02294_df7bd8be44ecfcf1.jpg,df7bd8be44ecfcf1f7086a49f811811cde7457cdb413844fb32449344a65ae97,5a8d6cb2372727d9,JPEG,RGB,1600,1200,429639,original,AMBIGUOUS
PlantDoc,5467f6012d78d1c446145d5f582da6096f852ae8,training_candidate,grape leaf,AMBIGUOUS,,train/grape leaf/IMG_20150511_111942.jpg,grape leaf/02295_f63757265f2176af.jpg,f63757265f2176af6d66ff0d76d58487a5115b0b82de378110eb76bc2c25c927,fefaf2c0d0d1e17c,JPEG,RGB,1200,1600,516424,original,AMBIGUOUS
PlantDoc,5467f6012d78d1c446145d5f582da6096f852ae8,training_candidate,grape leaf,AMBIGUOUS,,train/grape leaf/IMG_2666.jpg,grape leaf/02296_155f4af6ed62c528.jpg,155f4af6ed62c528e842c6954af468cd8dc3e1c714f587e03cb1b462c45a7779,cc195b17561c8c89,JPEG,RGB,1067,1600,307768,original,AMBIGUOUS
PlantDoc,5467f6012d78d1c446145d5f582da6096f852ae8,training_candidate,grape leaf,AMBIGUOUS,,train/grape leaf/P1130239.jpg,grape leaf/02297_92812224d3d8b9d6.jpg,92812224d3d8b9d6bf659177e73946bd58996faef535e3a0cd92f19dda566ad3,0d47730acd49c787,JPEG,RGB,1536,2048,459827,original,AMBIGUOUS
PlantDoc,5467f6012d78d1c446145d5f582da6096f852ae8,training_candidate,grape leaf,AMBIGUOUS,,train/grape leaf/WildGrapeLeaf_cutout.jpg,grape leaf/02298_55fe0bacf1547168.jpg,55fe0bacf1547168b819d6aefc736703dc8eb4a7c3cff5d1accf7c60b5d96352,d8d898989ab8b81a,JPEG,CMYK,400,448,695085,original,AMBIGUOUS
PlantDoc,5467f6012d78d1c446145d5f582da6096f852ae8,training_candidate,grape leaf,AMBIGUOUS,,train/grape leaf/Wild_Grape_Leaf.jpg,grape leaf/02299_3844136b576fa619.jpg,3844136b576fa619b915894d4bf9c910ef33e41000a25454f627751de336d306,33264e56569f6fef,JPEG,RGB,3504,2336,3280047,original,AMBIGUOUS
PlantDoc,5467f6012d78d1c446145d5f582da6096f852ae8,training_candidate,grape leaf,AMBIGUOUS,,train/grape leaf/blue-grape-cluster-leaves-3323887.jpg,grape leaf/02300_283629458714d2ba.jpg,283629458714d2ba16ebdc853e493cc1f2fe588c740e04bd5218d54ce27237f6,b4b0f0d4f430f40e,JPEG,RGB,1300,1347,113180,original,AMBIGUOUS
PlantDoc,5467f6012d78d1c446145d5f582da6096f852ae8,training_candidate,grape leaf,AMBIGUOUS,,train/grape leaf/dc9rk7rKi.jpg,grape leaf/02301_cff1f98958ab7bc5.jpg,cff1f98958ab7bc583ef9950323cf61fd165fd5295679cbbb56e87c2cb92d23b,f995e627595bdb72,JPEG,RGB,1024,678,227646,original,AMBIGUOUS
PlantDoc,5467f6012d78d1c446145d5f582da6096f852ae8,training_candidate,grape leaf,AMBIGUOUS,,train/grape leaf/depositphotos_6812535-stock-photo-grape-leaves.jpg,grape leaf/02302_2eaf7c97af5164b7.jpg,2eaf7c97af5164b769b70ac1c87d2b53f65f8535c3cdab98c7052eac3c780d59,66e6b2cc4cdac809,JPEG,RGB,1024,970,91933,original,AMBIGUOUS
PlantDoc,5467f6012d78d1c446145d5f582da6096f852ae8,training_candidate,grape leaf,AMBIGUOUS,,train/grape leaf/dsc00849.jpg,grape leaf/02303_98ca24dcb9491b1b.jpg,98ca24dcb9491b1bf007aa85714a79df71508b853ecb0ab66ff7c50e334b2650,407266e59f3239b3,JPEG,RGB,5456,3632,6226510,original,AMBIGUOUS
PlantDoc,5467f6012d78d1c446145d5f582da6096f852ae8,training_candidate,grape leaf,AMBIGUOUS,,train/grape leaf/grape+leaves.JPG.jpg,grape leaf/02304_f7c8d5fcaf5856f9.jpg,f7c8d5fcaf5856f99f952994a308225475ddc91d48c48ecf1fa605f6a92f45db,dc94a22d4cccdc79,JPEG,RGB,1440,1080,334903,original,AMBIGUOUS
PlantDoc,5467f6012d78d1c446145d5f582da6096f852ae8,training_candidate,grape leaf,AMBIGUOUS,,train/grape leaf/grape-leaf-15796930.jpg,grape leaf/02305_29ffa0c2d4ac012d.jpg,29ffa0c2d4ac012d3f069667d28021247556955e40453f7f3cd604e338e669c5,a561f094e0d8d921,JPEG,RGB,1145,1300,230127,original,AMBIGUOUS
PlantDoc,5467f6012d78d1c446145d5f582da6096f852ae8,training_candidate,grape leaf,AMBIGUOUS,,train/grape leaf/grape-leaf-19616502.jpg,grape leaf/02306_0d8846273cba39e5.jpg,0d8846273cba39e563497034f65b8050910ab500c55422030c7489aefae92683,187878786cfcf802,JPEG,RGB,1300,960,113260,original,AMBIGUOUS
PlantDoc,5467f6012d78d1c446145d5f582da6096f852ae8,training_candidate,grape leaf,AMBIGUOUS,,train/grape leaf/grape-leaf-blossoming-buds-spring-macro-31132897.jpg,grape leaf/02307_28207ea136062268.jpg,28207ea13606226884dd63d8daaa550581977f7a15a524dfad7c4d6df0fb2357,b02c78d85a4a383c,JPEG,RGB,957,1300,327020,original,AMBIGUOUS
PlantDoc,5467f6012d78d1c446145d5f582da6096f852ae8,training_candidate,grape leaf,AMBIGUOUS,,train/grape leaf/grape-leaf-detail-1457175.jpg,grape leaf/02308_4d9c4e4558c77931.jpg,4d9c4e4558c7793172b3a681fd734f15fa43f57376128db30556d1df9a13ab72,b270e9b2b2f2cccc,JPEG,RGB,800,828,223528,original,AMBIGUOUS
PlantDoc,5467f6012d78d1c446145d5f582da6096f852ae8,training_candidate,grape leaf,AMBIGUOUS,,train/grape leaf/grape-leaf-dew-465884.jpg,grape leaf/02309_44567c4ae1153ec4.jpg,44567c4ae1153ec4b948bddc64869509076e96579783ba0e9e0dc29dc26548e1,333111212606d024,JPEG,RGB,1300,964,425752,original,AMBIGUOUS
PlantDoc,5467f6012d78d1c446145d5f582da6096f852ae8,training_candidate,grape leaf,AMBIGUOUS,,train/grape leaf/grape-leaf-isolated-cut-out-on-white-background-picture-id172320164?s=612x612.jpg,grape leaf/02310_38ab81ffed0e9ad9.jpg,38ab81ffed0e9ad9543e513296cdc673e84bfb97c5f3879539a95bcd2bb64461,b270b2d4ece44012,JPEG,RGB,447,612,21848,original,AMBIGUOUS
PlantDoc,5467f6012d78d1c446145d5f582da6096f852ae8,training_candidate,grape leaf,AMBIGUOUS,,train/grape leaf/grape-leaf-with-water-drops-41813-1920x1080.jpg,grape leaf/02311_b55eb5c99c47a188.jpg,b55eb5c99c47a188d13b68cc70f856b5527cce299625fabc11ce860a890ddc28,25280c17232f0f4e,JPEG,RGB,1920,1080,847975,original,AMBIGUOUS
PlantDoc,5467f6012d78d1c446145d5f582da6096f852ae8,training_candidate,grape leaf,AMBIGUOUS,,train/grape leaf/grape-leave-clipping-path-3817989.jpg,grape leaf/02312_1d787bef07e963bd.jpg,1d787bef07e963bd08e00b705062f3c2e77673aa9792e88985711aa7091613e4,68687874f0b2500e,JPEG,RGB,1300,1044,95371,original,AMBIGUOUS
PlantDoc,5467f6012d78d1c446145d5f582da6096f852ae8,training_candidate,grape leaf,AMBIGUOUS,,train/grape leaf/grape-leaves-03-1103349.jpg,grape leaf/02313_3b859cae8c8c6527.jpg,3b859cae8c8c65276486fdb23997b109907452ba078aceba77650426185d9d77,0069686878b0120e,JPEG,RGB,1300,870,148294,original,AMBIGUOUS
PlantDoc,5467f6012d78d1c446145d5f582da6096f852ae8,training_candidate,grape leaf,AMBIGUOUS,,train/grape leaf/grape-leaves-1.jpg,grape leaf/02314_8a68c594c526cb2e.jpg,8a68c594c526cb2e9bbb77bbc19f6c4ddfc62d1edf2b0c555371c93d94bf1234,a72b3b3b6f632767,JPEG,RGB,3264,2448,1151196,original,AMBIGUOUS
PlantDoc,5467f6012d78d1c446145d5f582da6096f852ae8,training_candidate,grape leaf,AMBIGUOUS,,train/grape leaf/grape-leaves-19091-1920x1200.jpg,grape leaf/02315_23dbf2d143ab7815.jpg,23dbf2d143ab781564c44206fa7ff81b1fbe66ca75d2cce12eabdee4447818bb,0c222505151d091b,JPEG,RGB,1920,1200,315482,original,AMBIGUOUS
PlantDoc,5467f6012d78d1c446145d5f582da6096f852ae8,training_candidate,grape leaf,AMBIGUOUS,,train/grape leaf/grape-leaves-2.jpg,grape leaf/02316_08426cffa32392fb.jpg,08426cffa32392fb6a34c331a5a190efb9cdaaeba626c5d0645336bd3ff697ea,56aa8b2c958c4541,JPEG,RGB,800,530,122212,original,AMBIGUOUS
PlantDoc,5467f6012d78d1c446145d5f582da6096f852ae8,training_candidate,grape leaf,AMBIGUOUS,,train/grape leaf/grape-leaves-21658567.jpg,grape leaf/02317_db4c839d77adf5fa.jpg,db4c839d77adf5fad4b0d021fbe380d39c846f99319ef788233e7fbb5d983bef,400c74e6e6f62806,JPEG,RGB,1300,952,229273,original,AMBIGUOUS
PlantDoc,5467f6012d78d1c446145d5f582da6096f852ae8,training_candidate,grape leaf,AMBIGUOUS,,train/grape leaf/grape-leaves-3368435.jpg,grape leaf/02318_6773e4815fb667ec.jpg,6773e4815fb667ec91d62088ce2bba207c833a12366fa2b7be757270efaad34c,3191f3a38363c3c3,JPEG,RGB,957,1300,97947,original,AMBIGUOUS
PlantDoc,5467f6012d78d1c446145d5f582da6096f852ae8,training_candidate,grape leaf,AMBIGUOUS,,train/grape leaf/grape-leaves-878629.jpg,grape leaf/02319_1880dc639894eab8.jpg,1880dc639894eab858d31c1f1945f56519598867a78ab2337582a79c15355e1a,e1f1f2d0d0e0241a,JPEG,RGB,1300,810,161862,original,AMBIGUOUS
PlantDoc,5467f6012d78d1c446145d5f582da6096f852ae8,training_candidate,grape leaf,AMBIGUOUS,,train/grape leaf/grape-leaves-picture-id108483523?k=6&m=108483523&s=612x612&w=0&h=hBDI-YPeBffgjjZzbHsAaCfARsflsveT1NbcncLft5Y=.jpg,grape leaf/02320_2ec6d4c3e12bba0e.jpg,2ec6d4c3e12bba0eddfc41589376c98e44736678a106a14c80d932d89bb7c648,1eba30b082c0e060,JPEG,RGB,408,612,27098,original,AMBIGUOUS
PlantDoc,5467f6012d78d1c446145d5f582da6096f852ae8,training_candidate,grape leaf,AMBIGUOUS,,train/grape leaf/grape-leaves-up-close.jpg,grape leaf/02321_3cd10493c4a56ceb.jpg,3cd10493c4a56ceb99fadc0c3bb57040b1674807e60beaf7913b0eef0930ae30,2d3fdbf39bdbfdfc,JPEG,RGB,3264,2448,1769200,original,AMBIGUOUS
PlantDoc,5467f6012d78d1c446145d5f582da6096f852ae8,training_candidate,grape leaf,AMBIGUOUS,,train/grape leaf/grape-leaves1.jpg,grape leaf/02322_3376911879cbeaf5.jpg,3376911879cbeaf507d72f8d3cac50f5687ab722165f1dbd199f13821a451177,59264b4f0fcfcbcc,JPEG,RGB,3000,2000,446772,original,AMBIGUOUS
PlantDoc,5467f6012d78d1c446145d5f582da6096f852ae8,training_candidate,grape leaf,AMBIGUOUS,,train/grape leaf/grape-leaves2.jpg,grape leaf/02323_34bdfe09345d45fb.jpg,34bdfe09345d45fb417e91dbe543f60a3c9cb5ceca13715fb081f96f840dc3f7,ac2e25655b5a7b2b,JPEG,RGB,3000,2000,548339,original,AMBIGUOUS
PlantDoc,5467f6012d78d1c446145d5f582da6096f852ae8,training_candidate,grape leaf,AMBIGUOUS,,train/grape leaf/grape-vine-1238367.jpg,grape leaf/02324_96797e8c0881aa3f.jpg,96797e8c0881aa3f9b7b6db9d2f3075e7040c96506e8050f1bd9e511f1bc7fed,1efdf3cbeb791806,JPEG,RGB,1300,960,273678,original,AMBIGUOUS
PlantDoc,5467f6012d78d1c446145d5f582da6096f852ae8,training_candidate,grape leaf,AMBIGUOUS,,train/grape leaf/grape-vine-leaf-1327453.jpg,grape leaf/02325_c09f633f7b3a6a10.jpg,c09f633f7b3a6a107d635f77741b3c7ccdfc2e2c7ed998e38dd9e322d13088e2,0a2c8f8797978704,JPEG,RGB,1600,1065,230479,original,AMBIGUOUS
PlantDoc,5467f6012d78d1c446145d5f582da6096f852ae8,training_candidate,grape leaf,AMBIGUOUS,,train/grape leaf/grape-vines-3876069.jpg,grape leaf/02326_1439501c242f1b12.jpg,1439501c242f1b12593aaa31346f523eeee74626590018ab91b91f8669833303,8070d0d8e4e4a20a,JPEG,RGB,1300,913,94128,original,AMBIGUOUS
PlantDoc,5467f6012d78d1c446145d5f582da6096f852ae8,training_candidate,grape leaf,AMBIGUOUS,,train/grape leaf/grape2b.jpg,grape leaf/02327_147163d729378ffb.jpg,147163d729378ffb8490f9b95a5a34260ced9d686af642db18ae2a818ed713be,5b9326077b23056c,JPEG,RGB,1024,768,171890,original,AMBIGUOUS
PlantDoc,5467f6012d78d1c446145d5f582da6096f852ae8,training_candidate,grape leaf,AMBIGUOUS,,train/grape leaf/grape_leaf_1_bg_20090621.jpg,grape leaf/02328_589d2d389526b808.jpg,589d2d389526b8084d9010adab70e6ef9d2208159c7407f3aac4e8dced03e094,9b2e2d0e161eb418,JPEG,RGB,1024,768,197120,original,AMBIGUOUS
PlantDoc,5467f6012d78d1c446145d5f582da6096f852ae8,training_candidate,grape leaf,AMBIGUOUS,,train/grape leaf/grapeleaf4.JPG.jpg,grape leaf/02329_448dddee4db35be4.jpg,448dddee4db35be4981a7188b0fdb695fb2bde1f924fbb9716dd018ec28e1eb0,1733b1b0a0a8ee47,JPEG,RGB,1600,876,505933,original,AMBIGUOUS
PlantDoc,5467f6012d78d1c446145d5f582da6096f852ae8,training_candidate,grape leaf,AMBIGUOUS,,train/grape leaf/grapes+003.JPG.jpg,grape leaf/02330_50dee6976b9adc41.jpg,50dee6976b9adc419f14d0099d0db8a33ba1dd7d0df9dbc11fa8022466990aaa,8bc54947271773d2,JPEG,RGB,1600,1071,101827,original,AMBIGUOUS
PlantDoc,5467f6012d78d1c446145d5f582da6096f852ae8,training_candidate,grape leaf,AMBIGUOUS,,train/grape leaf/iisland-grape-leaves.jpg,grape leaf/02331_63823d73d763dfdc.jpg,63823d73d763dfdc4d224747a45d9f5dfe272266f69df2cba92598b10f00adf7,8c7b9accded03c5c,JPEG,RGB,1752,1168,723349,original,AMBIGUOUS
PlantDoc,5467f6012d78d1c446145d5f582da6096f852ae8,training_candidate,grape leaf,AMBIGUOUS,,train/grape leaf/img_0389.jpg,grape leaf/02332_72276d724a87ea3b.jpg,72276d724a87ea3b4563c429bb12e2ce313b02979d32c2015cb19a6e5621b5f8,78746464e46c7838,JPEG,RGB,3264,2295,2335718,original,AMBIGUOUS
PlantDoc,5467f6012d78d1c446145d5f582da6096f852ae8,training_candidate,grape leaf,AMBIGUOUS,,train/grape leaf/img_20160701_155626898_hdr.jpg,grape leaf/02333_d80b50be1b5393ab.jpg,d80b50be1b5393abe6dce88cdac608fe6d2ab97ef2b6fb6cf9db5c123c78bcf8,165f8dbc456b4356,JPEG,RGB,1836,3264,2525942,original,AMBIGUOUS
PlantDoc,5467f6012d78d1c446145d5f582da6096f852ae8,training_candidate,grape leaf,AMBIGUOUS,,train/grape leaf/img_4534.jpg,grape leaf/02334_bf62a6d9ba89016d.jpg,bf62a6d9ba89016d4a8c1e153ed4a097ddd7070c598af0a143158e8695c6c9a0,4e2731889c9c9d56,JPEG,RGB,2448,3264,3447527,original,AMBIGUOUS
PlantDoc,5467f6012d78d1c446145d5f582da6096f852ae8,training_candidate,grape leaf,AMBIGUOUS,,train/grape leaf/mourvedre3.jpg,grape leaf/02335_922e2d78e7f65dcf.jpg,922e2d78e7f65dcf003cf60e441cb1ed0787c3f91314e22681a578097e3cd3a9,37376b6b67263f9b,JPEG,RGB,4000,3000,2570481,original,AMBIGUOUS
PlantDoc,5467f6012d78d1c446145d5f582da6096f852ae8,training_candidate,grape leaf,AMBIGUOUS,,train/grape leaf/muscadine-leaves-762506.JPG.jpg,grape leaf/02336_6521fc8d7258890a.jpg,6521fc8d7258890ab4acae86081344627d9a73e8ba3484dc23627aedf018e631,22b24a4d19595928,JPEG,RGB,1197,1600,307478,original,AMBIGUOUS
PlantDoc,5467f6012d78d1c446145d5f582da6096f852ae8,training_candidate,grape leaf,AMBIGUOUS,,train/grape leaf/nature-plant-grape-vine-wine-fruit-food-green-produce-agriculture-grapevine-vines-shrub-grapes-winegrowing-rebstock-flowering-plant-vitis-grape-leaves-green-grapes-swiss-francs-land-plant-grapevine-family-556232.jpg,grape leaf/02337_d5247fb5830b2cb9.jpg,d5247fb5830b2cb9b17ab7ef0e6e999a102f4195a4b3f5782ede059f825c29a5,c6963349ac363e5d,JPEG,RGB,4608,3072,3208647,original,AMBIGUOUS
PlantDoc,5467f6012d78d1c446145d5f582da6096f852ae8,training_candidate,grape leaf,AMBIGUOUS,,train/grape leaf/p1010008.jpg,grape leaf/02338_50836f19d7ba5873.jpg,50836f19d7ba58732ec762fe005d8522e41d41cbfc6981697e401c371859ca94,7474569290c94503,JPEG,RGB,2048,1536,676511,original,AMBIGUOUS
PlantDoc,5467f6012d78d1c446145d5f582da6096f852ae8,training_candidate,grape leaf,AMBIGUOUS,,train/grape leaf/stock-photo-grapes-leaf-isolated-on-white-background-108448556.jpg,grape leaf/02339_dffed26fff9ca57f.jpg,dffed26fff9ca57ff42365c625efb1e1212a8e71f8a7f87cc1dbba7bccf4e7b7,7178f0d0d4ec2451,JPEG,RGB,1500,1443,629817,original,AMBIGUOUS
PlantDoc,5467f6012d78d1c446145d5f582da6096f852ae8,training_candidate,grape leaf,AMBIGUOUS,,train/grape leaf/trim-the-stem.jpg,grape leaf/02340_0890da1cabceabb2.jpg,0890da1cabceabb26c231b123ad36847f246a36aaab55ee24ea7b7ebe546b6ba,c78789ccd8de9bbf,JPEG,RGB,4000,3000,3497719,original,AMBIGUOUS
PlantDoc,5467f6012d78d1c446145d5f582da6096f852ae8,training_candidate,grape leaf,AMBIGUOUS,,train/grape leaf/vine-leaves-10824119.jpg,grape leaf/02341_627c451be5ce75b1.jpg,627c451be5ce75b1232e045396301e9fc2a5a22a607f3ee099600ca6e8c990e0,2094d4c69a99a806,JPEG,RGB,1300,957,130514,original,AMBIGUOUS
PlantDoc,5467f6012d78d1c446145d5f582da6096f852ae8,training_candidate,grape leaf,AMBIGUOUS,,train/grape leaf/young-fresh-grape-leaf-picture-id183867740?k=6&m=183867740&s=612x612&w=0&h=Q8_s3Yw7p_VKQjda-mZPl9rN4lDmpVjjbMUk95HtVFk=.jpg,grape leaf/02342_ef68ac4ec683b211.jpg,ef68ac4ec683b2116d3c0e3cc6c7bcb6a6baec9ea072566320508c2f5eb92a1d,301279e070f9d904,JPEG,RGB,612,408,24388,original,AMBIGUOUS
