near_duplicate_group_id,risk_category,member_count,training_member_count,locked_test_member_count,dataset_count,datasets,target_class_count,target_classes,edge_count,minimum_hamming_distance,same_target_same_source_pairs,same_target_cross_source_pairs,different_target_pairs,train_to_locked_benchmark_pairs,other_pairs
near_0004c28bd8d12c6decf9,LOW_SAME_TARGET_SAME_SOURCE,3,3,0,1,PLDD-UP,1,Potato Early blight,2,4,2,0,0,0,0
near_002df7040735bf2a9fd2,LOW_SAME_TARGET_SAME_SOURCE,2,2,0,1,Seasonal Corn Leaf Disease Dataset,1,Corn healthy,1,2,1,0,0,0,0
near_0039c7f6e311097dd505,LOW_SAME_TARGET_SAME_SOURCE,2,2,0,1,Seasonal Corn Leaf Disease Dataset,1,Corn Cercospora leaf spot,1,0,1,0,0,0,0
near_0049e4f9eb1bc1c26c6b,LOW_SAME_TARGET_SAME_SOURCE,2,2,0,1,PLDD-UP,1,Potato healthy,1,0,1,0,0,0,0
near_007764ec707ca8fa627d,LOW_SAME_TARGET_SAME_SOURCE,2,2,0,1,Seasonal Corn Leaf Disease Dataset,1,Corn Cercospora leaf spot,1,0,1,0,0,0,0
near_0093c28d5d2a0f7f3664,LOW_SAME_TARGET_SAME_SOURCE,2,2,0,1,PLDD-UP,1,Potato healthy,1,0,1,0,0,0,0
near_00a3ed26b9c13787df8f,LOW_SAME_TARGET_SAME_SOURCE,2,2,0,1,PLDD-UP,1,Potato healthy,1,0,1,0,0,0,0
near_00af9efb42c4774c4909,LOW_SAME_TARGET_SAME_SOURCE,2,2,0,1,PLDD-UP,1,Potato Early blight,1,4,1,0,0,0,0
near_00d85e8163e34eeadbe5,LOW_SAME_TARGET_SAME_SOURCE,2,2,0,1,PLDD-UP,1,Potato Late blight,1,4,1,0,0,0,0
near_00f6d6ed4fc5e8330f13,LOW_SAME_TARGET_SAME_SOURCE,2,2,0,1,PLDD-UP,1,Potato healthy,1,0,1,0,0,0,0
near_012d89215b767541fddc,LOW_SAME_TARGET_SAME_SOURCE,2,2,0,1,PLDD-UP,1,Potato healthy,1,0,1,0,0,0,0
near_016921ce6c9d4ab318e1,DIFFERENT_TARGET,2,2,0,1,PlantDoc,2,Potato Late blight | Tomato Early blight,1,0,0,0,1,0,0
near_01a601cf0719f495fad3,LOW_SAME_TARGET_SAME_SOURCE,2,2,0,1,PLDD-UP,1,Potato healthy,1,0,1,0,0,0,0
near_01d8d1d14622e22f29db,LOW_SAME_TARGET_SAME_SOURCE,2,2,0,1,PLDD-UP,1,Potato Early blight,1,0,1,0,0,0,0
near_01e2838d82a95ccbc064,LOW_SAME_TARGET_SAME_SOURCE,2,2,0,1,PLDD-UP,1,Potato Late blight,1,4,1,0,0,0,0
near_01f4140187be6d6e7f58,LOW_SAME_TARGET_SAME_SOURCE,2,2,0,1,PLDD-UP,1,Potato healthy,1,0,1,0,0,0,0
near_0204a926844c85d91852,LOW_SAME_TARGET_SAME_SOURCE,2,2,0,1,PLDD-UP,1,Potato healthy,1,0,1,0,0,0,0
near_0239ddc4dca89c0e4406,LOW_SAME_TARGET_SAME_SOURCE,2,2,0,1,PLDD-UP,1,Potato healthy,1,0,1,0,0,0,0
near_026baab258820cba4eee,LOW_SAME_TARGET_SAME_SOURCE,2,2,0,1,PLDD-UP,1,Potato Early blight,1,3,1,0,0,0,0
near_0278e50f649a65aa1597,LOW_SAME_TARGET_SAME_SOURCE,3,3,0,1,PLDD-UP,1,Potato Late blight,2,3,2,0,0,0,0
near_02dcba0483f013b0a3aa,LOW_SAME_TARGET_SAME_SOURCE,2,2,0,1,Seasonal Corn Leaf Disease Dataset,1,Corn healthy,1,1,1,0,0,0,0
near_02eaa453cbe65c0b262e,LOW_SAME_TARGET_SAME_SOURCE,2,2,0,1,Seasonal Corn Leaf Disease Dataset,1,Corn healthy,1,0,1,0,0,0,0
near_0341a8886897416a80c6,LOW_SAME_TARGET_SAME_SOURCE,3,3,0,1,PLDD-UP,1,Potato healthy,3,0,3,0,0,0,0
near_0345bebe454d10893756,DIFFERENT_TARGET,4,4,0,1,Seasonal Corn Leaf Disease Dataset,2,Corn Cercospora leaf spot | Corn healthy,5,0,2,0,3,0,0
near_0362befea7e6d08ecfdf,LOW_SAME_TARGET_SAME_SOURCE,2,2,0,1,PLDD-UP,1,Potato healthy,1,0,1,0,0,0,0
near_036fde7c0a023657d713,LOW_SAME_TARGET_SAME_SOURCE,2,2,0,1,PLDD-UP,1,Potato Late blight,1,4,1,0,0,0,0
near_03a6c8304dcfedbce12d,LOW_SAME_TARGET_SAME_SOURCE,2,2,0,1,PLDD-UP,1,Potato healthy,1,0,1,0,0,0,0
near_03d046bedbd3d0befb2a,LOW_SAME_TARGET_SAME_SOURCE,2,2,0,1,PLDD-UP,1,Potato healthy,1,4,1,0,0,0,0
near_03d48c6994ab2c09dbf4,LOW_SAME_TARGET_SAME_SOURCE,4,4,0,1,PLDD-UP,1,Potato healthy,6,0,6,0,0,0,0
near_047b19ceecd359fb5204,DIFFERENT_TARGET,3,3,0,1,PLDD-UP,2,Potato Early blight | Potato healthy,3,0,1,0,2,0,0
near_04a2baa141694df0ad94,LOW_SAME_TARGET_SAME_SOURCE,2,2,0,1,PLDD-UP,1,Potato healthy,1,0,1,0,0,0,0
near_04b40cc74439f4a4039b,LOW_SAME_TARGET_SAME_SOURCE,2,2,0,1,PLDD-UP,1,Potato healthy,1,2,1,0,0,0,0
near_04c9f1ef36382e4d25d8,LOW_SAME_TARGET_SAME_SOURCE,2,2,0,1,PLDD-UP,1,Potato healthy,1,0,1,0,0,0,0
near_04cb01253ad161b66c8a,LOW_SAME_TARGET_SAME_SOURCE,3,3,0,1,PLDD-UP,1,Potato healthy,3,0,3,0,0,0,0
near_04ddccb62b438442b1cd,LOW_SAME_TARGET_SAME_SOURCE,2,2,0,1,PLDD-UP,1,Potato healthy,1,0,1,0,0,0,0
near_04df586b121f8a7c976b,LOW_SAME_TARGET_SAME_SOURCE,2,2,0,1,Seasonal Corn Leaf Disease Dataset,1,Corn healthy,1,0,1,0,0,0,0
near_05016039f909ddf2709a,LOW_SAME_TARGET_SAME_SOURCE,2,2,0,1,PLDD-UP,1,Potato Late blight,1,2,1,0,0,0,0
near_0502df63210fb5703db5,LOW_SAME_TARGET_SAME_SOURCE,2,2,0,1,Seasonal Corn Leaf Disease Dataset,1,Corn healthy,1,1,1,0,0,0,0
near_050887e659c2f0af5fed,LOW_SAME_TARGET_SAME_SOURCE,2,2,0,1,PLDD-UP,1,Potato healthy,1,0,1,0,0,0,0
near_0532a66b213b7a7bb7f9,LOW_SAME_TARGET_SAME_SOURCE,2,2,0,1,PLDD-UP,1,Potato healthy,1,0,1,0,0,0,0
near_05e696480547a3b7b130,LOW_SAME_TARGET_SAME_SOURCE,2,2,0,1,Seasonal Corn Leaf Disease Dataset,1,Corn healthy,1,0,1,0,0,0,0
near_05fa98c928cde5e76577,LOW_SAME_TARGET_SAME_SOURCE,2,2,0,1,PLDD-UP,1,Potato healthy,1,0,1,0,0,0,0
near_0608ab1361ce7bdbf8ef,LOW_SAME_TARGET_SAME_SOURCE,4,4,0,1,PLDD-UP,1,Potato healthy,6,0,6,0,0,0,0
near_061bfca3308d720d5ee6,LOW_SAME_TARGET_SAME_SOURCE,2,2,0,1,Seasonal Corn Leaf Disease Dataset,1,Corn healthy,1,0,1,0,0,0,0
near_062d44f87997da45b6c9,LOW_SAME_TARGET_SAME_SOURCE,2,2,0,1,PLDD-UP,1,Potato Early blight,1,3,1,0,0,0,0
near_06317aa68adcf3a20c71,LOW_SAME_TARGET_SAME_SOURCE,2,2,0,1,Seasonal Corn Leaf Disease Dataset,1,Corn healthy,1,0,1,0,0,0,0
near_06597005ac0622e2dc05,LOW_SAME_TARGET_SAME_SOURCE,3,3,0,1,PLDD-UP,1,Potato Late blight,2,3,2,0,0,0,0
near_065d4cb5a34fc4ffd3a1,LOW_SAME_TARGET_SAME_SOURCE,3,3,0,1,PLDD-UP,1,Potato Late blight,3,1,3,0,0,0,0
near_065dd11d8f9fa16f87f3,LOW_SAME_TARGET_SAME_SOURCE,2,2,0,1,PLDD-UP,1,Potato healthy,1,0,1,0,0,0,0
near_06739869531a4b63434c,LOW_SAME_TARGET_SAME_SOURCE,2,2,0,1,Seasonal Corn Leaf Disease Dataset,1,Corn Cercospora leaf spot,1,0,1,0,0,0,0
near_0686dfed853dc944eaab,LOW_SAME_TARGET_SAME_SOURCE,2,2,0,1,PLDD-UP,1,Potato Early blight,1,4,1,0,0,0,0
near_068a04e520e56a6e1b39,LOW_SAME_TARGET_SAME_SOURCE,2,2,0,1,PLDD-UP,1,Potato healthy,1,0,1,0,0,0,0
near_06ccb1913371f0dbfd8a,LOW_SAME_TARGET_SAME_SOURCE,2,2,0,1,Seasonal Corn Leaf Disease Dataset,1,Corn healthy,1,1,1,0,0,0,0
near_06ec4ca9b2de13e730cf,LOW_SAME_TARGET_SAME_SOURCE,2,2,0,1,PLDD-UP,1,Potato healthy,1,0,1,0,0,0,0
near_075cda32113c6ede091c,LOW_SAME_TARGET_SAME_SOURCE,2,2,0,1,PlantDoc,1,Tomato Septoria leaf spot,1,2,0,0,0,0,1
near_07850ba4beafde942054,LOW_SAME_TARGET_SAME_SOURCE,2,2,0,1,PLDD-UP,1,Potato Late blight,1,2,1,0,0,0,0
near_07869827947681da5680,LOW_SAME_TARGET_SAME_SOURCE,2,2,0,1,PLDD-UP,1,Potato healthy,1,0,1,0,0,0,0
near_078d86c4c023302088ee,LOW_SAME_TARGET_SAME_SOURCE,2,2,0,1,Seasonal Corn Leaf Disease Dataset,1,Corn healthy,1,1,1,0,0,0,0
near_07a57f5d80c01db21f16,LOW_SAME_TARGET_SAME_SOURCE,2,2,0,1,PLDD-UP,1,Potato healthy,1,2,1,0,0,0,0
near_07a8554dbd4314288c63,LOW_SAME_TARGET_SAME_SOURCE,2,2,0,1,PLDD-UP,1,Potato healthy,1,1,1,0,0,0,0
near_07f589435d52485272ef,LOW_SAME_TARGET_SAME_SOURCE,2,2,0,1,PLDD-UP,1,Potato healthy,1,0,1,0,0,0,0
near_085a6ec827dde7844fa2,LOW_SAME_TARGET_SAME_SOURCE,2,2,0,1,PLDD-UP,1,Potato healthy,1,0,1,0,0,0,0
near_088fca08940927ddc645,LOW_SAME_TARGET_SAME_SOURCE,2,2,0,1,Seasonal Corn Leaf Disease Dataset,1,Corn healthy,1,0,1,0,0,0,0
near_089ac0252b8fc4c91fd3,LOW_SAME_TARGET_SAME_SOURCE,3,3,0,1,PLDD-UP,1,Potato Late blight,2,3,2,0,0,0,0
near_08a28a39fcdd8f9a5ee3,LOW_SAME_TARGET_SAME_SOURCE,2,2,0,1,PLDD-UP,1,Potato healthy,1,0,1,0,0,0,0
near_08a3259cc3b954d158a0,LOW_SAME_TARGET_SAME_SOURCE,5,5,0,1,PLDD-UP,1,Potato Late blight,7,1,7,0,0,0,0
near_08abc5e805f9aa6cd4f2,LOW_SAME_TARGET_SAME_SOURCE,2,2,0,1,PLDD-UP,1,Potato healthy,1,0,1,0,0,0,0
near_08d56e80398d17d9f2e2,LOW_SAME_TARGET_SAME_SOURCE,2,2,0,1,PLDD-UP,1,Potato Early blight,1,4,1,0,0,0,0
near_08e1c4168f217d6795cc,LOW_SAME_TARGET_SAME_SOURCE,2,2,0,1,PLDD-UP,1,Potato Early blight,1,3,1,0,0,0,0
near_0904467c905486eb5c18,LOW_SAME_TARGET_SAME_SOURCE,2,2,0,1,Seasonal Corn Leaf Disease Dataset,1,Corn healthy,1,0,1,0,0,0,0
near_090c370db50813528b14,LOW_SAME_TARGET_SAME_SOURCE,2,2,0,1,PLDD-UP,1,Potato healthy,1,0,1,0,0,0,0
near_0911ecc044f51574ae04,DIFFERENT_TARGET,2,2,0,1,PLDD-UP,2,Potato Early blight | Potato Late blight,1,4,0,0,1,0,0
near_09327b18746fb92db76b,LOW_SAME_TARGET_SAME_SOURCE,2,2,0,1,PLDD-UP,1,Potato healthy,1,0,1,0,0,0,0
near_0932d27d5fc79becde74,LOW_SAME_TARGET_SAME_SOURCE,2,2,0,1,PLDD-UP,1,Potato healthy,1,0,1,0,0,0,0
near_094077ef6a155a3f1e1f,LOW_SAME_TARGET_SAME_SOURCE,2,2,0,1,PLDD-UP,1,Potato Late blight,1,4,1,0,0,0,0
near_097324fa18aa9b4fa4e5,LOW_SAME_TARGET_SAME_SOURCE,2,2,0,1,PLDD-UP,1,Potato healthy,1,0,1,0,0,0,0
near_098e86b2953206811521,LOW_SAME_TARGET_SAME_SOURCE,2,2,0,1,Seasonal Corn Leaf Disease Dataset,1,Corn healthy,1,1,1,0,0,0,0
near_09b9a9512fbbc3bfa8a8,LOW_SAME_TARGET_SAME_SOURCE,2,2,0,1,Seasonal Corn Leaf Disease Dataset,1,Corn Cercospora leaf spot,1,0,1,0,0,0,0
near_09c5fd3ae2755b848e77,LOW_SAME_TARGET_SAME_SOURCE,2,2,0,1,Seasonal Corn Leaf Disease Dataset,1,Corn healthy,1,1,1,0,0,0,0
near_09c86884d06ece9fdb36,LOW_SAME_TARGET_SAME_SOURCE,3,3,0,1,PLDD-UP,1,Potato healthy,3,0,3,0,0,0,0
near_09d1ca8a3672399cf0bc,LOW_SAME_TARGET_SAME_SOURCE,2,2,0,1,PLDD-UP,1,Potato healthy,1,0,1,0,0,0,0
near_09d6f728bda819a79d6c,LOW_SAME_TARGET_SAME_SOURCE,3,3,0,1,PLDD-UP,1,Potato healthy,3,0,3,0,0,0,0
near_09db9c76d559dc445832,LOW_SAME_TARGET_SAME_SOURCE,2,2,0,1,Seasonal Corn Leaf Disease Dataset,1,Corn healthy,1,1,1,0,0,0,0
near_09e6e42b67f16327dab1,LOW_SAME_TARGET_SAME_SOURCE,2,2,0,1,PLDD-UP,1,Potato Early blight,1,3,1,0,0,0,0
near_09ee62795d8cd9100558,LOW_SAME_TARGET_SAME_SOURCE,2,2,0,1,PLDD-UP,1,Potato healthy,1,0,1,0,0,0,0
near_09fd1052b837c54d9dc0,LOW_SAME_TARGET_SAME_SOURCE,2,2,0,1,PLDD-UP,1,Potato healthy,1,0,1,0,0,0,0
near_0a0ebc0d40f9b567783d,LOW_SAME_TARGET_SAME_SOURCE,2,2,0,1,PLDD-UP,1,Potato healthy,1,2,1,0,0,0,0
near_0a2683f2e20c6d144aee,LOW_SAME_TARGET_SAME_SOURCE,2,2,0,1,Seasonal Corn Leaf Disease Dataset,1,Corn Cercospora leaf spot,1,0,1,0,0,0,0
near_0a6aded954b1015056d4,LOW_SAME_TARGET_SAME_SOURCE,2,2,0,1,Seasonal Corn Leaf Disease Dataset,1,Corn healthy,1,2,1,0,0,0,0
near_0a72f0d3615a0da0c5ad,LOW_SAME_TARGET_SAME_SOURCE,2,2,0,1,PLDD-UP,1,Potato healthy,1,2,1,0,0,0,0
near_0a774b877f7f52282163,LOW_SAME_TARGET_SAME_SOURCE,8,8,0,1,PLDD-UP,1,Potato healthy,26,0,26,0,0,0,0
near_0b028b1fbbd91eb96ed1,LOW_SAME_TARGET_SAME_SOURCE,2,2,0,1,PLDD-UP,1,Potato healthy,1,1,1,0,0,0,0
near_0b2da283bc3c464562dd,LOW_SAME_TARGET_SAME_SOURCE,2,2,0,1,PLDD-UP,1,Potato healthy,1,1,1,0,0,0,0
near_0b30fcb700cef5b17457,LOW_SAME_TARGET_SAME_SOURCE,3,3,0,1,PLDD-UP,1,Potato Early blight,2,2,2,0,0,0,0
near_0b311ff6b5c1c1a7cd5b,LOW_SAME_TARGET_SAME_SOURCE,2,2,0,1,PLDD-UP,1,Potato Early blight,1,4,1,0,0,0,0
near_0b35210cc17df5f90714,LOW_SAME_TARGET_SAME_SOURCE,2,2,0,1,PLDD-UP,1,Potato Early blight,1,4,1,0,0,0,0
near_0b5af326d8254042b88b,LOW_SAME_TARGET_SAME_SOURCE,3,3,0,1,PLDD-UP,1,Potato healthy,3,0,3,0,0,0,0
near_0b7d22cb75b03c5f185e,LOW_SAME_TARGET_SAME_SOURCE,4,4,0,1,PLDD-UP,1,Potato healthy,6,0,6,0,0,0,0
near_0ba602fd72a8851f7d04,LOW_SAME_TARGET_SAME_SOURCE,4,4,0,1,PLDD-UP,1,Potato healthy,6,0,6,0,0,0,0
near_0ba7cae3e24adb93eaad,LOW_SAME_TARGET_SAME_SOURCE,2,2,0,1,PLDD-UP,1,Potato healthy,1,1,1,0,0,0,0
near_0bbacaf06d97b9192433,LOW_SAME_TARGET_SAME_SOURCE,2,2,0,1,PLDD-UP,1,Potato healthy,1,0,1,0,0,0,0
near_0bd66b36f12623b77749,LOW_SAME_TARGET_SAME_SOURCE,2,2,0,1,Seasonal Corn Leaf Disease Dataset,1,Corn healthy,1,0,1,0,0,0,0
near_0be3e3c4f59692bbab63,LOW_SAME_TARGET_SAME_SOURCE,2,2,0,1,PLDD-UP,1,Potato healthy,1,0,1,0,0,0,0
near_0bf0986a5b449c335a53,LOW_SAME_TARGET_SAME_SOURCE,2,2,0,1,Seasonal Corn Leaf Disease Dataset,1,Corn Cercospora leaf spot,1,0,1,0,0,0,0
near_0c187d172572a63d1e6d,LOW_SAME_TARGET_SAME_SOURCE,2,2,0,1,PLDD-UP,1,Potato healthy,1,0,1,0,0,0,0
near_0c30d3f7fd42b14d5a4f,LOW_SAME_TARGET_SAME_SOURCE,2,2,0,1,PLDD-UP,1,Potato healthy,1,0,1,0,0,0,0
near_0c5adde669d5f78e8ca6,LOW_SAME_TARGET_SAME_SOURCE,3,3,0,1,PLDD-UP,1,Potato Early blight,2,3,2,0,0,0,0
near_0c6a2a188f13f168cfa5,LOW_SAME_TARGET_SAME_SOURCE,2,2,0,1,PLDD-UP,1,Potato healthy,1,0,1,0,0,0,0
near_0c734a47657c712eea05,LOW_SAME_TARGET_SAME_SOURCE,2,2,0,1,PLDD-UP,1,Potato Late blight,1,3,1,0,0,0,0
near_0c85e263614cd343c6ab,LOW_SAME_TARGET_SAME_SOURCE,2,2,0,1,PLDD-UP,1,Potato healthy,1,1,1,0,0,0,0
near_0c9ff4c541d425b356d1,LOW_SAME_TARGET_SAME_SOURCE,2,2,0,1,PLDD-UP,1,Potato healthy,1,0,1,0,0,0,0
near_0cab4f130694f37d0e80,LOW_SAME_TARGET_SAME_SOURCE,2,2,0,1,Seasonal Corn Leaf Disease Dataset,1,Corn healthy,1,0,1,0,0,0,0
near_0cc3ab2593662295cf95,LOW_SAME_TARGET_SAME_SOURCE,3,3,0,1,PLDD-UP,1,Potato Late blight,3,0,3,0,0,0,0
near_0cde1964007b33055e66,LOW_SAME_TARGET_SAME_SOURCE,2,2,0,1,PLDD-UP,1,Potato healthy,1,4,1,0,0,0,0
near_0ce614085bb6edc85dfa,LOW_SAME_TARGET_SAME_SOURCE,2,2,0,1,PLDD-UP,1,Potato Early blight,1,3,1,0,0,0,0
near_0d0c242dc37b66ee5efe,LOW_SAME_TARGET_SAME_SOURCE,2,2,0,1,PLDD-UP,1,Potato healthy,1,0,1,0,0,0,0
near_0d27034f06e06d573156,LOW_SAME_TARGET_SAME_SOURCE,2,2,0,1,PLDD-UP,1,Potato healthy,1,0,1,0,0,0,0
near_0dcd170181561d14e917,LOW_SAME_TARGET_SAME_SOURCE,2,2,0,1,PLDD-UP,1,Potato healthy,1,0,1,0,0,0,0
near_0e0f4eb2f842c66dfc2b,LOW_SAME_TARGET_SAME_SOURCE,2,2,0,1,PLDD-UP,1,Potato healthy,1,0,1,0,0,0,0
near_0e6e2c245196d0b85802,LOW_SAME_TARGET_SAME_SOURCE,2,2,0,1,PLDD-UP,1,Potato healthy,1,0,1,0,0,0,0
near_0e8239ace0cb03eec5bc,LOW_SAME_TARGET_SAME_SOURCE,4,4,0,1,PLDD-UP,1,Potato Early blight,6,2,6,0,0,0,0
near_0e856299617ba9747c98,LOW_SAME_TARGET_SAME_SOURCE,2,2,0,1,PLDD-UP,1,Potato Late blight,1,4,1,0,0,0,0
near_0e901749c4ae5ee2f874,LOW_SAME_TARGET_SAME_SOURCE,3,3,0,1,PLDD-UP,1,Potato healthy,3,0,3,0,0,0,0
near_0ed0df38475cbdf8dade,LOW_SAME_TARGET_SAME_SOURCE,2,2,0,1,Seasonal Corn Leaf Disease Dataset,1,Corn healthy,1,0,1,0,0,0,0
near_0ed2e522a92d3070653f,LOW_SAME_TARGET_SAME_SOURCE,2,2,0,1,PLDD-UP,1,Potato healthy,1,0,1,0,0,0,0
near_0ed49b1d5b83501b0eb9,LOW_SAME_TARGET_SAME_SOURCE,2,2,0,1,Seasonal Corn Leaf Disease Dataset,1,Corn healthy,1,0,1,0,0,0,0
near_0edbe28df72450001ea2,LOW_SAME_TARGET_SAME_SOURCE,2,2,0,1,PLDD-UP,1,Potato healthy,1,0,1,0,0,0,0
near_0f056ab40aee6f5738a1,LOW_SAME_TARGET_SAME_SOURCE,2,2,0,1,PLDD-UP,1,Potato Late blight,1,3,1,0,0,0,0
near_0f06546da6ef2a57d93c,LOW_SAME_TARGET_SAME_SOURCE,2,2,0,1,PlantDoc,0,,1,2,0,0,0,0,1
near_0f406655c9119a87f514,LOW_SAME_TARGET_SAME_SOURCE,2,2,0,1,PLDD-UP,1,Potato healthy,1,0,1,0,0,0,0
near_0fa7f521c00ff96b1e29,LOW_SAME_TARGET_SAME_SOURCE,4,4,0,1,PLDD-UP,1,Potato Early blight,4,0,4,0,0,0,0
near_0fa9d5d498562a5d67ff,LOW_SAME_TARGET_SAME_SOURCE,2,2,0,1,PLDD-UP,1,Potato healthy,1,0,1,0,0,0,0
near_0fd09f8981748ace4339,LOW_SAME_TARGET_SAME_SOURCE,3,3,0,1,PLDD-UP,1,Potato Early blight,2,1,2,0,0,0,0
near_0fe30b70073445b06c5d,LOW_SAME_TARGET_SAME_SOURCE,2,2,0,1,PLDD-UP,1,Potato healthy,1,1,1,0,0,0,0
near_0fe65a06ee867a5288b0,LOW_SAME_TARGET_SAME_SOURCE,2,2,0,1,Seasonal Corn Leaf Disease Dataset,1,Corn healthy,1,0,1,0,0,0,0
near_0fe95dd8ce251ecef49b,LOW_SAME_TARGET_SAME_SOURCE,2,2,0,1,PLDD-UP,1,Potato healthy,1,0,1,0,0,0,0
near_0fec7810bb8dc50de28f,LOW_SAME_TARGET_SAME_SOURCE,2,2,0,1,PLDD-UP,1,Potato healthy,1,0,1,0,0,0,0
near_0ffc2a610634920d220f,LOW_SAME_TARGET_SAME_SOURCE,2,2,0,1,PLDD-UP,1,Potato Early blight,1,2,1,0,0,0,0
near_100e4796cad133cf5945,LOW_SAME_TARGET_SAME_SOURCE,2,2,0,1,PLDD-UP,1,Potato healthy,1,0,1,0,0,0,0
near_100f814a57e93048fded,LOW_SAME_TARGET_SAME_SOURCE,2,2,0,1,PLDD-UP,1,Potato healthy,1,3,1,0,0,0,0
near_102cffcae37aa82c4d12,LOW_SAME_TARGET_SAME_SOURCE,2,2,0,1,PLDD-UP,1,Potato healthy,1,0,1,0,0,0,0
near_1063c7c3dad0d37ca31d,LOW_SAME_TARGET_SAME_SOURCE,2,2,0,1,PLDD-UP,1,Potato healthy,1,0,1,0,0,0,0
near_10aee593ad933e09521e,LOW_SAME_TARGET_SAME_SOURCE,2,2,0,1,PLDD-UP,1,Potato healthy,1,0,1,0,0,0,0
near_10e30139c38b0631abd7,LOW_SAME_TARGET_SAME_SOURCE,2,2,0,1,PLDD-UP,1,Potato Late blight,1,4,1,0,0,0,0
near_10ea4805849ce14b658b,LOW_SAME_TARGET_SAME_SOURCE,2,2,0,1,PLDD-UP,1,Potato healthy,1,0,1,0,0,0,0
near_11227f4fec41f61ce4b3,LOW_SAME_TARGET_SAME_SOURCE,2,2,0,1,PLDD-UP,1,Potato Early blight,1,4,1,0,0,0,0
near_1141a116705a09962c06,LOW_SAME_TARGET_SAME_SOURCE,2,2,0,1,PLDD-UP,1,Potato Late blight,1,4,1,0,0,0,0
near_1147cfdd2cdddf12bc02,LOW_SAME_TARGET_SAME_SOURCE,2,2,0,1,PLDD-UP,1,Potato healthy,1,0,1,0,0,0,0
near_1160087e85f78084eb61,LOW_SAME_TARGET_SAME_SOURCE,2,2,0,1,PLDD-UP,1,Potato healthy,1,1,1,0,0,0,0
near_1180af2ed7ecc8e6d6e8,LOW_SAME_TARGET_SAME_SOURCE,2,2,0,1,PLDD-UP,1,Potato Late blight,1,1,1,0,0,0,0
near_11897178204ffb92f50d,LOW_SAME_TARGET_SAME_SOURCE,2,2,0,1,PLDD-UP,1,Potato healthy,1,1,1,0,0,0,0
near_118eb00b1a0919a8b42c,LOW_SAME_TARGET_SAME_SOURCE,2,2,0,1,Seasonal Corn Leaf Disease Dataset,1,Corn healthy,1,2,1,0,0,0,0
near_11945bee0aaa5dab4f5e,LOW_SAME_TARGET_SAME_SOURCE,4,4,0,1,PLDD-UP,1,Potato healthy,6,0,6,0,0,0,0
near_1194835d6bd02bb0058b,LOW_SAME_TARGET_SAME_SOURCE,2,2,0,1,PLDD-UP,1,Potato Late blight,1,4,1,0,0,0,0
near_1196e9686c886bf8ddcb,LOW_SAME_TARGET_SAME_SOURCE,2,2,0,1,PLDD-UP,1,Potato healthy,1,0,1,0,0,0,0
near_11a661b6dc4f9a59337a,LOW_SAME_TARGET_SAME_SOURCE,2,2,0,1,Seasonal Corn Leaf Disease Dataset,1,Corn healthy,1,0,1,0,0,0,0
near_11b268b7c38be66d8f20,LOW_SAME_TARGET_SAME_SOURCE,2,2,0,1,PLDD-UP,1,Potato healthy,1,0,1,0,0,0,0
near_11e863d585fac900cc7c,DIFFERENT_TARGET,3,3,0,1,PLDD-UP,2,Potato Early blight | Potato healthy,3,0,1,0,2,0,0
near_1215024a3de86dd3ac2c,LOW_SAME_TARGET_SAME_SOURCE,2,2,0,1,PLDD-UP,1,Potato Early blight,1,4,1,0,0,0,0
near_12488f2f39bad5aaa1e0,LOW_SAME_TARGET_SAME_SOURCE,2,2,0,1,PLDD-UP,1,Potato Late blight,1,3,1,0,0,0,0
near_126357ad306ea9553f0d,LOW_SAME_TARGET_SAME_SOURCE,2,2,0,1,PLDD-UP,1,Potato healthy,1,0,1,0,0,0,0
near_1286e5625d5cebe70bbb,LOW_SAME_TARGET_SAME_SOURCE,2,2,0,1,PLDD-UP,1,Potato healthy,1,1,1,0,0,0,0
near_1303570fc44cbda35f14,LOW_SAME_TARGET_SAME_SOURCE,2,2,0,1,PLDD-UP,1,Potato healthy,1,0,1,0,0,0,0
near_136266daf5558fa85cca,LOW_SAME_TARGET_SAME_SOURCE,3,3,0,1,PLDD-UP,1,Potato Late blight,3,0,3,0,0,0,0
near_137ac6a3f83c7a357e98,LOW_SAME_TARGET_SAME_SOURCE,2,2,0,1,PLDD-UP,1,Potato healthy,1,0,1,0,0,0,0
near_13a8bd994fc962d371a1,LOW_SAME_TARGET_SAME_SOURCE,2,2,0,1,PLDD-UP,1,Potato healthy,1,0,1,0,0,0,0
near_13c77d1a2c1aa4aef2dc,LOW_SAME_TARGET_SAME_SOURCE,2,2,0,1,PLDD-UP,1,Potato healthy,1,0,1,0,0,0,0
near_13d1f8286ccb7151f5bb,LOW_SAME_TARGET_SAME_SOURCE,2,2,0,1,PLDD-UP,1,Potato Late blight,1,4,1,0,0,0,0
near_13f044de9b84503e2912,LOW_SAME_TARGET_SAME_SOURCE,2,2,0,1,PLDD-UP,1,Potato Late blight,1,4,1,0,0,0,0
near_13f4e070563fd36996e8,LOW_SAME_TARGET_SAME_SOURCE,2,2,0,1,PLDD-UP,1,Potato healthy,1,0,1,0,0,0,0
near_1481670fc332f5b30580,LOW_SAME_TARGET_SAME_SOURCE,2,2,0,1,PLDD-UP,1,Potato Late blight,1,2,1,0,0,0,0
near_149c5467d7ebab522261,LOW_SAME_TARGET_SAME_SOURCE,2,2,0,1,Seasonal Corn Leaf Disease Dataset,1,Corn healthy,1,1,1,0,0,0,0
near_14abcd2a89d57146b848,LOW_SAME_TARGET_SAME_SOURCE,8,8,0,1,PLDD-UP,1,Potato healthy,28,0,28,0,0,0,0
near_14fe89f39746099df8fd,LOW_SAME_TARGET_SAME_SOURCE,2,2,0,1,PLDD-UP,1,Potato healthy,1,0,1,0,0,0,0
near_1505154e9bf0c1d7b76c,LOW_SAME_TARGET_SAME_SOURCE,2,2,0,1,PLDD-UP,1,Potato healthy,1,1,1,0,0,0,0
near_1506a610858bfc496887,LOW_SAME_TARGET_SAME_SOURCE,2,2,0,1,Seasonal Corn Leaf Disease Dataset,1,Corn healthy,1,1,1,0,0,0,0
near_15319eb842f061bc6be9,LOW_SAME_TARGET_SAME_SOURCE,2,2,0,1,Seasonal Corn Leaf Disease Dataset,1,Corn healthy,1,0,1,0,0,0,0
near_1533a83b6e1ee608e652,LOW_SAME_TARGET_SAME_SOURCE,2,2,0,1,PLDD-UP,1,Potato healthy,1,0,1,0,0,0,0
near_15520a599cd02cebbc16,LOW_SAME_TARGET_SAME_SOURCE,2,2,0,1,PLDD-UP,1,Potato Early blight,1,4,1,0,0,0,0
near_1552fa32ca3a790eb39f,LOW_SAME_TARGET_SAME_SOURCE,2,2,0,1,PLDD-UP,1,Potato healthy,1,0,1,0,0,0,0
near_157217f5328359da1e70,LOW_SAME_TARGET_SAME_SOURCE,2,2,0,1,Seasonal Corn Leaf Disease Dataset,1,Corn healthy,1,0,1,0,0,0,0
near_1597b97970f9324e7773,LOW_SAME_TARGET_SAME_SOURCE,2,2,0,1,PLDD-UP,1,Potato healthy,1,0,1,0,0,0,0
near_15ce0c2144a075f86d3c,LOW_SAME_TARGET_SAME_SOURCE,2,2,0,1,PLDD-UP,1,Potato healthy,1,0,1,0,0,0,0
near_15ddca3e160bfd99da83,LOW_SAME_TARGET_SAME_SOURCE,2,2,0,1,PLDD-UP,1,Potato healthy,1,0,1,0,0,0,0
near_15e992980990b97d046f,LOW_SAME_TARGET_SAME_SOURCE,2,2,0,1,PLDD-UP,1,Potato healthy,1,0,1,0,0,0,0
near_15f2503a09da2a152f98,LOW_SAME_TARGET_SAME_SOURCE,2,2,0,1,Seasonal Corn Leaf Disease Dataset,1,Corn healthy,1,0,1,0,0,0,0
near_1634ad3d52159bbf1863,LOW_SAME_TARGET_SAME_SOURCE,2,2,0,1,PlantDoc,1,Tomato Leaf Mold,1,0,0,0,0,0,1
near_1639044819c2a48ab7f8,LOW_SAME_TARGET_SAME_SOURCE,2,2,0,1,PLDD-UP,1,Potato Late blight,1,1,1,0,0,0,0
near_165ab3d3eb45d0b263a6,LOW_SAME_TARGET_SAME_SOURCE,2,2,0,1,Seasonal Corn Leaf Disease Dataset,1,Corn healthy,1,1,1,0,0,0,0
near_167d8eb1bf3c0ae2cf90,LOW_SAME_TARGET_SAME_SOURCE,2,2,0,1,PLDD-UP,1,Potato healthy,1,0,1,0,0,0,0
near_167fdc24ca4bee92084b,LOW_SAME_TARGET_SAME_SOURCE,2,2,0,1,PLDD-UP,1,Potato healthy,1,0,1,0,0,0,0
near_1687a10b9667dc175877,LOW_SAME_TARGET_SAME_SOURCE,3,3,0,1,PLDD-UP,1,Potato healthy,3,0,3,0,0,0,0
near_16bfab9efa7a84029987,DIFFERENT_TARGET,2,2,0,1,PLDD-UP,2,Potato Early blight | Potato healthy,1,2,0,0,1,0,0
near_16d287ba9e91e1a4d97a,LOW_SAME_TARGET_SAME_SOURCE,2,2,0,1,PLDD-UP,1,Potato healthy,1,0,1,0,0,0,0
near_16d520adadfd4fa0ceb3,LOW_SAME_TARGET_SAME_SOURCE,2,2,0,1,PLDD-UP,1,Potato healthy,1,0,1,0,0,0,0
near_16f6bdc41300b87aaa4a,LOW_SAME_TARGET_SAME_SOURCE,2,2,0,1,PLDD-UP,1,Potato Late blight,1,2,1,0,0,0,0
near_1716458513dd2509381f,LOW_SAME_TARGET_SAME_SOURCE,2,2,0,1,PLDD-UP,1,Potato healthy,1,1,1,0,0,0,0
near_1724f81a351630506641,LOW_SAME_TARGET_SAME_SOURCE,3,3,0,1,PLDD-UP,1,Potato healthy,3,0,3,0,0,0,0
near_1739f8887e2688e703d9,LOW_SAME_TARGET_SAME_SOURCE,2,2,0,1,PLDD-UP,1,Potato healthy,1,2,1,0,0,0,0
near_175e01f8778edc2ae059,LOW_SAME_TARGET_SAME_SOURCE,2,2,0,1,Seasonal Corn Leaf Disease Dataset,1,Corn healthy,1,0,1,0,0,0,0
near_1769502bce43372b8d8f,LOW_SAME_TARGET_SAME_SOURCE,2,2,0,1,PLDD-UP,1,Potato healthy,1,0,1,0,0,0,0
near_17f113cfaf2eb7cea3eb,LOW_SAME_TARGET_SAME_SOURCE,2,2,0,1,PLDD-UP,1,Potato healthy,1,0,1,0,0,0,0
near_1821c2634d9b3ef21293,LOW_SAME_TARGET_SAME_SOURCE,3,3,0,1,PLDD-UP,1,Potato Early blight,3,1,3,0,0,0,0
near_182bfb0516638038bf70,LOW_SAME_TARGET_SAME_SOURCE,2,2,0,1,PLDD-UP,1,Potato healthy,1,0,1,0,0,0,0
near_1874d8fa0b009cf0f4ff,LOW_SAME_TARGET_SAME_SOURCE,2,2,0,1,PLDD-UP,1,Potato healthy,1,0,1,0,0,0,0
near_195d353c5ed82622235e,LOW_SAME_TARGET_SAME_SOURCE,2,2,0,1,Seasonal Corn Leaf Disease Dataset,1,Corn healthy,1,0,1,0,0,0,0
near_1972e663425cd167693b,LOW_SAME_TARGET_SAME_SOURCE,2,2,0,1,PLDD-UP,1,Potato healthy,1,0,1,0,0,0,0
near_19860095cd1e4b839430,LOW_SAME_TARGET_SAME_SOURCE,2,2,0,1,PLDD-UP,1,Potato healthy,1,0,1,0,0,0,0
near_19a4301a7e439cd419fa,LOW_SAME_TARGET_SAME_SOURCE,2,2,0,1,PLDD-UP,1,Potato healthy,1,0,1,0,0,0,0
near_19c1a830ff7a4c5e28fb,LOW_SAME_TARGET_SAME_SOURCE,2,2,0,1,Seasonal Corn Leaf Disease Dataset,1,Corn healthy,1,2,1,0,0,0,0
near_19e87a61aef6222cd762,LOW_SAME_TARGET_SAME_SOURCE,2,2,0,1,PLDD-UP,1,Potato healthy,1,0,1,0,0,0,0
near_19fdb2a65a550746d0c0,LOW_SAME_TARGET_SAME_SOURCE,3,3,0,1,PLDD-UP,1,Potato Early blight,3,1,3,0,0,0,0
near_1a0462a572fa2c6c2c56,LOW_SAME_TARGET_SAME_SOURCE,2,2,0,1,PLDD-UP,1,Potato healthy,1,4,1,0,0,0,0
near_1a3095e149761de26251,LOW_SAME_TARGET_SAME_SOURCE,2,2,0,1,Seasonal Corn Leaf Disease Dataset,1,Corn healthy,1,0,1,0,0,0,0
near_1a3167134b4078743e88,LOW_SAME_TARGET_SAME_SOURCE,2,2,0,1,PlantDoc,1,Potato Late blight,1,0,1,0,0,0,0
near_1a3a1374907d6a296f8d,LOW_SAME_TARGET_SAME_SOURCE,2,2,0,1,PLDD-UP,1,Potato healthy,1,0,1,0,0,0,0
near_1a53ce6b1d7588304e94,LOW_SAME_TARGET_SAME_SOURCE,2,2,0,1,PLDD-UP,1,Potato healthy,1,0,1,0,0,0,0
near_1a550b4f41253625a0fe,LOW_SAME_TARGET_SAME_SOURCE,2,2,0,1,PLDD-UP,1,Potato Early blight,1,2,1,0,0,0,0
near_1a87bdc0d72ad49570b4,LOW_SAME_TARGET_SAME_SOURCE,2,2,0,1,PLDD-UP,1,Potato healthy,1,0,1,0,0,0,0
near_1a87e7354316ed69307f,LOW_SAME_TARGET_SAME_SOURCE,3,3,0,1,PLDD-UP,1,Potato Early blight,2,3,2,0,0,0,0
near_1aade3ee858b37adb1f2,LOW_SAME_TARGET_SAME_SOURCE,2,2,0,1,PLDD-UP,1,Potato healthy,1,1,1,0,0,0,0
near_1ac8a944ad6cfbc50f24,LOW_SAME_TARGET_SAME_SOURCE,2,2,0,1,PLDD-UP,1,Potato Late blight,1,3,1,0,0,0,0
near_1ac96c04078d0b748684,LOW_SAME_TARGET_SAME_SOURCE,8,8,0,1,PLDD-UP,1,Potato healthy,18,0,18,0,0,0,0
near_1ad34d21f6f49e781cc7,LOW_SAME_TARGET_SAME_SOURCE,2,2,0,1,PLDD-UP,1,Potato Late blight,1,4,1,0,0,0,0
near_1b06920f4ff141f059fb,LOW_SAME_TARGET_SAME_SOURCE,2,2,0,1,PLDD-UP,1,Potato healthy,1,0,1,0,0,0,0
near_1b2e1aab74cc52224bb5,LOW_SAME_TARGET_SAME_SOURCE,3,3,0,1,PLDD-UP,1,Potato Late blight,2,2,2,0,0,0,0
near_1b33bc82d882d2935787,LOW_SAME_TARGET_SAME_SOURCE,2,2,0,1,PLDD-UP,1,Potato healthy,1,0,1,0,0,0,0
near_1b439ff583e9acc38cc9,LOW_SAME_TARGET_SAME_SOURCE,3,3,0,1,PLDD-UP,1,Potato Early blight,2,3,2,0,0,0,0
near_1b7af2ab3dc5cc879fb3,LOW_SAME_TARGET_SAME_SOURCE,2,2,0,1,Seasonal Corn Leaf Disease Dataset,1,Corn healthy,1,0,1,0,0,0,0
near_1b7d52f0d206e10caa55,LOW_SAME_TARGET_SAME_SOURCE,2,2,0,1,PLDD-UP,1,Potato healthy,1,0,1,0,0,0,0
near_1b935affe9a9213102a2,LOW_SAME_TARGET_SAME_SOURCE,2,2,0,1,PLDD-UP,1,Potato Late blight,1,2,1,0,0,0,0
near_1baf29cf1543777a1446,LOW_SAME_TARGET_SAME_SOURCE,2,2,0,1,PLDD-UP,1,Potato healthy,1,2,1,0,0,0,0
near_1bc39f3e057f73ef7fc9,LOW_SAME_TARGET_SAME_SOURCE,4,4,0,1,PLDD-UP,1,Potato Late blight,5,3,5,0,0,0,0
near_1bd39f6cf1d1fe250c4a,LOW_SAME_TARGET_SAME_SOURCE,2,2,0,1,Seasonal Corn Leaf Disease Dataset,1,Corn healthy,1,1,1,0,0,0,0
near_1bfc56ac26a63964381e,LOW_SAME_TARGET_SAME_SOURCE,2,2,0,1,PLDD-UP,1,Potato healthy,1,0,1,0,0,0,0
near_1c1767e20118b6463c92,LOW_SAME_TARGET_SAME_SOURCE,2,2,0,1,PLDD-UP,1,Potato Early blight,1,4,1,0,0,0,0
near_1c21ffda29bb2409e44d,LOW_SAME_TARGET_SAME_SOURCE,2,2,0,1,PLDD-UP,1,Potato healthy,1,0,1,0,0,0,0
near_1c3047542fb47efd64a9,LOW_SAME_TARGET_SAME_SOURCE,2,2,0,1,PLDD-UP,1,Potato healthy,1,0,1,0,0,0,0
near_1c309d38a2782d45d4a3,LOW_SAME_TARGET_SAME_SOURCE,4,4,0,1,PLDD-UP,1,Potato healthy,3,1,3,0,0,0,0
near_1c5cb4c8717c13a423ed,LOW_SAME_TARGET_SAME_SOURCE,5,5,0,1,PLDD-UP,1,Potato Late blight,6,0,6,0,0,0,0
near_1c6e449907a34512b68b,LOW_SAME_TARGET_SAME_SOURCE,4,4,0,1,PLDD-UP,1,Potato healthy,6,0,6,0,0,0,0
near_1c77ce482d817c4e02bb,LOW_SAME_TARGET_SAME_SOURCE,4,4,0,1,PLDD-UP,1,Potato healthy,4,0,4,0,0,0,0
near_1c8501ada9f37cdd6f8b,LOW_SAME_TARGET_SAME_SOURCE,2,2,0,1,PLDD-UP,1,Potato healthy,1,0,1,0,0,0,0
near_1c85a466f011f9220946,LOW_SAME_TARGET_SAME_SOURCE,2,2,0,1,PLDD-UP,1,Potato healthy,1,0,1,0,0,0,0
near_1c9be6652d05dee6c481,LOW_SAME_TARGET_SAME_SOURCE,2,2,0,1,PLDD-UP,1,Potato healthy,1,0,1,0,0,0,0
near_1cee1d95f54eda679f33,LOW_SAME_TARGET_SAME_SOURCE,3,3,0,1,PLDD-UP,1,Potato healthy,3,0,3,0,0,0,0
near_1cf663324adb4dbad0aa,LOW_SAME_TARGET_SAME_SOURCE,2,2,0,1,PLDD-UP,1,Potato healthy,1,0,1,0,0,0,0
near_1cfa89b484ae12a05674,LOW_SAME_TARGET_SAME_SOURCE,2,2,0,1,PLDD-UP,1,Potato Late blight,1,3,1,0,0,0,0
near_1d18a8df76e21df248d8,LOW_SAME_TARGET_SAME_SOURCE,2,2,0,1,PLDD-UP,1,Potato healthy,1,2,1,0,0,0,0
near_1d3abb937b15f9be16a7,LOW_SAME_TARGET_SAME_SOURCE,2,2,0,1,Seasonal Corn Leaf Disease Dataset,1,Corn healthy,1,1,1,0,0,0,0
near_1d4601cbb15fddcf5097,LOW_SAME_TARGET_SAME_SOURCE,2,2,0,1,PLDD-UP,1,Potato Late blight,1,4,1,0,0,0,0
near_1d5276cbc1fac5ae701d,LOW_SAME_TARGET_SAME_SOURCE,4,4,0,1,PLDD-UP,1,Potato Early blight,6,0,6,0,0,0,0
near_1ddf0e757775ce1cb21b,LOW_SAME_TARGET_SAME_SOURCE,3,3,0,1,PLDD-UP,1,Potato Early blight,2,4,2,0,0,0,0
near_1df3497042bc6a13cc57,LOW_SAME_TARGET_SAME_SOURCE,2,2,0,1,PLDD-UP,1,Potato healthy,1,2,1,0,0,0,0
near_1dfced644c152adc9780,LOW_SAME_TARGET_SAME_SOURCE,2,2,0,1,PLDD-UP,1,Potato healthy,1,0,1,0,0,0,0
near_1e08bc1d4287d9dc1b51,LOW_SAME_TARGET_SAME_SOURCE,2,2,0,1,PLDD-UP,1,Potato Late blight,1,4,1,0,0,0,0
near_1e12ee4128bb45eb0c75,LOW_SAME_TARGET_SAME_SOURCE,2,2,0,1,PLDD-UP,1,Potato healthy,1,0,1,0,0,0,0
near_1e2a0e30d3c204c47a28,LOW_SAME_TARGET_SAME_SOURCE,2,2,0,1,PLDD-UP,1,Potato healthy,1,1,1,0,0,0,0
near_1e2cb273ab4fd3140450,LOW_SAME_TARGET_SAME_SOURCE,2,2,0,1,PLDD-UP,1,Potato healthy,1,2,1,0,0,0,0
near_1ea8a2e0dd0cb2fb8bd2,LOW_SAME_TARGET_SAME_SOURCE,2,2,0,1,PLDD-UP,1,Potato Late blight,1,3,1,0,0,0,0
near_1ecfeae8e9d601e3e09f,DIFFERENT_TARGET,3,3,0,1,PLDD-UP,2,Potato Early blight | Potato healthy,3,0,1,0,2,0,0
near_1f1836521901c34a3e10,LOW_SAME_TARGET_SAME_SOURCE,2,2,0,1,Seasonal Corn Leaf Disease Dataset,1,Corn healthy,1,1,1,0,0,0,0
near_1f30849c6d0c8bcf43a3,LOW_SAME_TARGET_SAME_SOURCE,2,2,0,1,PLDD-UP,1,Potato Early blight,1,4,1,0,0,0,0
near_1f410f8147b1d8c12898,LOW_SAME_TARGET_SAME_SOURCE,2,2,0,1,Seasonal Corn Leaf Disease Dataset,1,Corn Cercospora leaf spot,1,0,1,0,0,0,0
near_1f912648250435162b6e,LOW_SAME_TARGET_SAME_SOURCE,2,2,0,1,PLDD-UP,1,Potato healthy,1,0,1,0,0,0,0
near_1fbe04142372e96c3865,LOW_SAME_TARGET_SAME_SOURCE,2,2,0,1,PLDD-UP,1,Potato healthy,1,0,1,0,0,0,0
near_1fc536e114724a4e8dcd,LOW_SAME_TARGET_SAME_SOURCE,2,2,0,1,Seasonal Corn Leaf Disease Dataset,1,Corn healthy,1,0,1,0,0,0,0
near_201038309fd72481dfdd,LOW_SAME_TARGET_SAME_SOURCE,2,2,0,1,Seasonal Corn Leaf Disease Dataset,1,Corn healthy,1,0,1,0,0,0,0
near_201294aca0270a3cb199,LOW_SAME_TARGET_SAME_SOURCE,2,2,0,1,Seasonal Corn Leaf Disease Dataset,1,Corn healthy,1,1,1,0,0,0,0
near_2051bf69100c4abc8d3d,LOW_SAME_TARGET_SAME_SOURCE,2,2,0,1,PLDD-UP,1,Potato Early blight,1,0,1,0,0,0,0
near_20698cc4b0c206da5019,LOW_SAME_TARGET_SAME_SOURCE,2,2,0,1,PLDD-UP,1,Potato Late blight,1,2,1,0,0,0,0
near_206bd862c0821e6496ae,LOW_SAME_TARGET_SAME_SOURCE,2,2,0,1,PLDD-UP,1,Potato healthy,1,0,1,0,0,0,0
near_20814e9433c08ef315bd,LOW_SAME_TARGET_SAME_SOURCE,2,2,0,1,PLDD-UP,1,Potato healthy,1,0,1,0,0,0,0
near_2083b87cdaaa9e9e804d,LOW_SAME_TARGET_SAME_SOURCE,2,2,0,1,PLDD-UP,1,Potato healthy,1,0,1,0,0,0,0
near_20c421fe25271751cc67,LOW_SAME_TARGET_SAME_SOURCE,2,2,0,1,PLDD-UP,1,Potato healthy,1,0,1,0,0,0,0
near_20dce07cc392b535df65,LOW_SAME_TARGET_SAME_SOURCE,2,2,0,1,PLDD-UP,1,Potato healthy,1,0,1,0,0,0,0
near_20e635e2f71e5a0b3cfd,LOW_SAME_TARGET_SAME_SOURCE,3,3,0,1,PLDD-UP,1,Potato healthy,2,2,2,0,0,0,0
near_20f0604a8599017a7dbc,LOW_SAME_TARGET_SAME_SOURCE,2,2,0,1,PLDD-UP,1,Potato healthy,1,1,1,0,0,0,0
near_21049198494817151680,LOW_SAME_TARGET_SAME_SOURCE,4,4,0,1,PLDD-UP,1,Potato healthy,6,0,6,0,0,0,0
near_215f59c14c7e20034d0e,LOW_SAME_TARGET_SAME_SOURCE,4,4,0,1,PLDD-UP,1,Potato healthy,4,0,4,0,0,0,0
near_21642c83a5da188ad9a8,LOW_SAME_TARGET_SAME_SOURCE,2,2,0,1,Seasonal Corn Leaf Disease Dataset,1,Corn healthy,1,0,1,0,0,0,0
near_2166bf43e96e8ffc3fea,LOW_SAME_TARGET_SAME_SOURCE,2,2,0,1,PLDD-UP,1,Potato Early blight,1,3,1,0,0,0,0
near_21949b045f5c43466794,LOW_SAME_TARGET_SAME_SOURCE,2,2,0,1,PLDD-UP,1,Potato healthy,1,0,1,0,0,0,0
near_21ac6c8a225e7a4e961f,DIFFERENT_TARGET,2,2,0,1,PlantDoc,2,Potato Early blight | Tomato Septoria leaf spot,1,0,0,0,1,0,0
near_21c9e32369c238dd0151,LOW_SAME_TARGET_SAME_SOURCE,2,2,0,1,Seasonal Corn Leaf Disease Dataset,1,Corn healthy,1,1,1,0,0,0,0
near_21ce9d49ddb2e178874f,LOW_SAME_TARGET_SAME_SOURCE,2,2,0,1,PLDD-UP,1,Potato healthy,1,1,1,0,0,0,0
near_21f19c210afadc032f5f,LOW_SAME_TARGET_SAME_SOURCE,2,2,0,1,PLDD-UP,1,Potato healthy,1,2,1,0,0,0,0
near_221db71b46ba976b235d,LOW_SAME_TARGET_SAME_SOURCE,2,2,0,1,PLDD-UP,1,Potato healthy,1,0,1,0,0,0,0
near_222059ef835cba8fdab6,LOW_SAME_TARGET_SAME_SOURCE,2,2,0,1,PLDD-UP,1,Potato healthy,1,0,1,0,0,0,0
near_2233aee534cedc1a2561,LOW_SAME_TARGET_SAME_SOURCE,2,2,0,1,PLDD-UP,1,Potato healthy,1,0,1,0,0,0,0
near_2289fb1c46224fd97767,LOW_SAME_TARGET_SAME_SOURCE,2,2,0,1,PLDD-UP,1,Potato healthy,1,0,1,0,0,0,0
near_228bc87ea6284cb8914b,LOW_SAME_TARGET_SAME_SOURCE,2,2,0,1,PLDD-UP,1,Potato healthy,1,0,1,0,0,0,0
near_229bf50da93bff353c37,LOW_SAME_TARGET_SAME_SOURCE,2,2,0,1,Seasonal Corn Leaf Disease Dataset,1,Corn healthy,1,0,1,0,0,0,0
near_22a2242a14ebb33cb767,LOW_SAME_TARGET_SAME_SOURCE,2,2,0,1,PLDD-UP,1,Potato healthy,1,0,1,0,0,0,0
near_22c2a97137d7f3d7b32c,LOW_SAME_TARGET_SAME_SOURCE,2,2,0,1,Seasonal Corn Leaf Disease Dataset,1,Corn healthy,1,0,1,0,0,0,0
near_2302a435db90c20ac663,LOW_SAME_TARGET_SAME_SOURCE,2,2,0,1,Seasonal Corn Leaf Disease Dataset,1,Corn healthy,1,0,1,0,0,0,0
near_2331b888a51adb93ad11,LOW_SAME_TARGET_SAME_SOURCE,2,2,0,1,PLDD-UP,1,Potato healthy,1,0,1,0,0,0,0
near_23507f80b7a08cb57b5a,LOW_SAME_TARGET_SAME_SOURCE,2,2,0,1,PLDD-UP,1,Potato Late blight,1,1,1,0,0,0,0
near_238549c0147e9efecea7,LOW_SAME_TARGET_SAME_SOURCE,2,2,0,1,PLDD-UP,1,Potato Late blight,1,4,1,0,0,0,0
near_23a7930d29fe648954ff,LOW_SAME_TARGET_SAME_SOURCE,2,2,0,1,PLDD-UP,1,Potato healthy,1,0,1,0,0,0,0
near_23ae0b3367900b05da3a,LOW_SAME_TARGET_SAME_SOURCE,2,2,0,1,Seasonal Corn Leaf Disease Dataset,1,Corn healthy,1,1,1,0,0,0,0
near_23c5b46e4a4aeac0393d,LOW_SAME_TARGET_SAME_SOURCE,2,2,0,1,PLDD-UP,1,Potato healthy,1,0,1,0,0,0,0
near_23caa461d1a327f02142,LOW_SAME_TARGET_SAME_SOURCE,2,2,0,1,PLDD-UP,1,Potato Late blight,1,4,1,0,0,0,0
near_23cd63b74fb5bd2dd89a,LOW_SAME_TARGET_SAME_SOURCE,2,2,0,1,PLDD-UP,1,Potato healthy,1,0,1,0,0,0,0
near_23ef71d204f7c66c83c8,LOW_SAME_TARGET_SAME_SOURCE,2,2,0,1,PLDD-UP,1,Potato healthy,1,0,1,0,0,0,0
near_240dcb395274ef42deaf,LOW_SAME_TARGET_SAME_SOURCE,2,2,0,1,PLDD-UP,1,Potato healthy,1,0,1,0,0,0,0
near_242d37b55b5703220e80,LOW_SAME_TARGET_SAME_SOURCE,3,3,0,1,PLDD-UP,1,Potato healthy,3,0,3,0,0,0,0
near_243c523028bcc0752c32,LOW_SAME_TARGET_SAME_SOURCE,2,2,0,1,PLDD-UP,1,Potato healthy,1,1,1,0,0,0,0
near_248d1ca1a8bc422888e7,LOW_SAME_TARGET_SAME_SOURCE,4,4,0,1,PLDD-UP,1,Potato healthy,4,1,4,0,0,0,0
near_249efc654fe2d642ac68,DIFFERENT_TARGET,4,4,0,1,PLDD-UP,2,Potato Early blight | Potato healthy,4,0,2,0,2,0,0
near_24a2b58da6034f2fafd8,LOW_SAME_TARGET_SAME_SOURCE,2,2,0,1,Seasonal Corn Leaf Disease Dataset,1,Corn healthy,1,1,1,0,0,0,0
near_24b8713d50319169a9b9,LOW_SAME_TARGET_SAME_SOURCE,2,2,0,1,PLDD-UP,1,Potato Late blight,1,3,1,0,0,0,0
near_24ccc0221273e0e5ae54,LOW_SAME_TARGET_SAME_SOURCE,2,2,0,1,PLDD-UP,1,Potato healthy,1,0,1,0,0,0,0
near_24d24b18997591fe4d27,LOW_SAME_TARGET_SAME_SOURCE,2,2,0,1,PLDD-UP,1,Potato healthy,1,0,1,0,0,0,0
near_24eb6e9582f707592da7,LOW_SAME_TARGET_SAME_SOURCE,2,2,0,1,PLDD-UP,1,Potato healthy,1,0,1,0,0,0,0
near_24f1c27d670876d31052,LOW_SAME_TARGET_SAME_SOURCE,2,2,0,1,PLDD-UP,1,Potato Early blight,1,4,1,0,0,0,0
near_24f4fff1d2c27172c0f6,LOW_SAME_TARGET_SAME_SOURCE,2,2,0,1,PLDD-UP,1,Potato Late blight,1,2,1,0,0,0,0
near_2517021cb12dd24b4758,LOW_SAME_TARGET_SAME_SOURCE,3,3,0,1,PLDD-UP,1,Potato Late blight,2,3,2,0,0,0,0
near_252560a9b666084e9141,LOW_SAME_TARGET_SAME_SOURCE,2,2,0,1,PLDD-UP,1,Potato Late blight,1,3,1,0,0,0,0
near_25781c57aed73a4b9ef2,LOW_SAME_TARGET_SAME_SOURCE,2,2,0,1,PLDD-UP,1,Potato healthy,1,0,1,0,0,0,0
near_2580a28d5eefdf44d775,LOW_SAME_TARGET_SAME_SOURCE,2,2,0,1,PLDD-UP,1,Potato healthy,1,0,1,0,0,0,0
near_258a4ef5dd5c1d10d2a8,LOW_SAME_TARGET_SAME_SOURCE,2,2,0,1,PLDD-UP,1,Potato healthy,1,0,1,0,0,0,0
near_25b04635426e413792b2,LOW_SAME_TARGET_SAME_SOURCE,2,2,0,1,PLDD-UP,1,Potato healthy,1,0,1,0,0,0,0
near_25c6aa6ac1857088ff77,LOW_SAME_TARGET_SAME_SOURCE,2,2,0,1,PLDD-UP,1,Potato healthy,1,0,1,0,0,0,0
near_25c7ae8032759c13635d,LOW_SAME_TARGET_SAME_SOURCE,2,2,0,1,PLDD-UP,1,Potato healthy,1,0,1,0,0,0,0
near_25d2304e1334b1f0cbe2,LOW_SAME_TARGET_SAME_SOURCE,2,2,0,1,Seasonal Corn Leaf Disease Dataset,1,Corn healthy,1,0,1,0,0,0,0
near_25d882045229d33541b8,LOW_SAME_TARGET_SAME_SOURCE,2,2,0,1,PLDD-UP,1,Potato healthy,1,0,1,0,0,0,0
near_25e45411995e828cf869,DIFFERENT_TARGET,3,3,0,1,PLDD-UP,2,Potato Early blight | Potato healthy,3,1,1,0,2,0,0
near_26084113373b8e9d155b,LOW_SAME_TARGET_SAME_SOURCE,3,3,0,1,PLDD-UP,1,Potato Early blight,2,2,2,0,0,0,0
near_260c68f576cf5d0fb0c5,LOW_SAME_TARGET_SAME_SOURCE,2,2,0,1,Seasonal Corn Leaf Disease Dataset,1,Corn healthy,1,1,1,0,0,0,0
near_2627b81dfdce948f6d13,LOW_SAME_TARGET_SAME_SOURCE,2,2,0,1,PLDD-UP,1,Potato healthy,1,0,1,0,0,0,0
near_267f8602fc9f699ab996,LOW_SAME_TARGET_SAME_SOURCE,2,2,0,1,PLDD-UP,1,Potato Late blight,1,2,1,0,0,0,0
near_2698f1b4b5bf00fcd55d,LOW_SAME_TARGET_SAME_SOURCE,2,2,0,1,PLDD-UP,1,Potato Early blight,1,3,1,0,0,0,0
near_26bf2c9c99c5ebc186ae,LOW_SAME_TARGET_SAME_SOURCE,4,4,0,1,PLDD-UP,1,Potato healthy,6,0,6,0,0,0,0
near_26ddf59ac99d90f361c1,LOW_SAME_TARGET_SAME_SOURCE,3,3,0,1,PLDD-UP,1,Potato healthy,3,0,3,0,0,0,0
near_27144037a8c5d461f70b,LOW_SAME_TARGET_SAME_SOURCE,2,2,0,1,Seasonal Corn Leaf Disease Dataset,1,Corn healthy,1,0,1,0,0,0,0
near_274216e96726443ca007,LOW_SAME_TARGET_SAME_SOURCE,2,2,0,1,PLDD-UP,1,Potato healthy,1,0,1,0,0,0,0
near_2746c3d6a9ea9e91f169,LOW_SAME_TARGET_SAME_SOURCE,2,2,0,1,PLDD-UP,1,Potato healthy,1,0,1,0,0,0,0
near_275563c704e8afd465c8,LOW_SAME_TARGET_SAME_SOURCE,3,3,0,1,PLDD-UP,1,Potato healthy,3,0,3,0,0,0,0
near_278073d844c19aeec675,LOW_SAME_TARGET_SAME_SOURCE,2,2,0,1,PLDD-UP,1,Potato healthy,1,0,1,0,0,0,0
near_2791da3a50be06fd2718,DIFFERENT_TARGET,2763,2763,0,1,PLDD-UP,3,Potato Early blight | Potato Late blight | Potato healthy,1441693,0,558127,0,883566,0,0
near_279dd48590c77df93de9,LOW_SAME_TARGET_SAME_SOURCE,2,2,0,1,Seasonal Corn Leaf Disease Dataset,1,Corn healthy,1,0,1,0,0,0,0
near_27af2df6550e1477fe32,LOW_SAME_TARGET_SAME_SOURCE,2,2,0,1,PLDD-UP,1,Potato healthy,1,0,1,0,0,0,0
near_27d026d5a25051d0e6de,LOW_SAME_TARGET_SAME_SOURCE,2,2,0,1,Seasonal Corn Leaf Disease Dataset,1,Corn healthy,1,1,1,0,0,0,0
near_27d04f924846df58b8e3,LOW_SAME_TARGET_SAME_SOURCE,2,2,0,1,PLDD-UP,1,Potato Late blight,1,4,1,0,0,0,0
near_27d3324e80f9ec4c5267,LOW_SAME_TARGET_SAME_SOURCE,2,2,0,1,PLDD-UP,1,Potato healthy,1,0,1,0,0,0,0
near_27db0ba7ad959609c2a3,LOW_SAME_TARGET_SAME_SOURCE,2,2,0,1,PLDD-UP,1,Potato healthy,1,0,1,0,0,0,0
near_27ef206f17781218ba35,LOW_SAME_TARGET_SAME_SOURCE,2,2,0,1,Seasonal Corn Leaf Disease Dataset,1,Corn Cercospora leaf spot,1,1,1,0,0,0,0
near_27f31105f833a9031cc8,LOW_SAME_TARGET_SAME_SOURCE,3,3,0,1,PLDD-UP,1,Potato Late blight,2,4,2,0,0,0,0
near_27f6ff711b79f0a5f2cc,LOW_SAME_TARGET_SAME_SOURCE,2,2,0,1,Seasonal Corn Leaf Disease Dataset,1,Corn healthy,1,1,1,0,0,0,0
near_27ff12092ff77a77bb64,LOW_SAME_TARGET_SAME_SOURCE,2,2,0,1,PLDD-UP,1,Potato Late blight,1,3,1,0,0,0,0
near_282bbb330591f07aeeb4,LOW_SAME_TARGET_SAME_SOURCE,2,2,0,1,PLDD-UP,1,Potato healthy,1,0,1,0,0,0,0
near_284466d399a999575359,LOW_SAME_TARGET_SAME_SOURCE,2,2,0,1,PLDD-UP,1,Potato healthy,1,0,1,0,0,0,0
near_284fa0286ed3f024f723,LOW_SAME_TARGET_SAME_SOURCE,2,2,0,1,PLDD-UP,1,Potato healthy,1,0,1,0,0,0,0
near_2878119b327e3cd5ebfb,LOW_SAME_TARGET_SAME_SOURCE,2,2,0,1,Seasonal Corn Leaf Disease Dataset,1,Corn Common rust,1,4,1,0,0,0,0
near_28842a9f72354f392d33,LOW_SAME_TARGET_SAME_SOURCE,2,2,0,1,PlantDoc,0,,1,4,0,0,0,0,1
near_2896d789e6261c6a8bd8,LOW_SAME_TARGET_SAME_SOURCE,2,2,0,1,Seasonal Corn Leaf Disease Dataset,1,Corn healthy,1,0,1,0,0,0,0
near_2897f0e20eb8c93e58c9,LOW_SAME_TARGET_SAME_SOURCE,2,2,0,1,PLDD-UP,1,Potato healthy,1,0,1,0,0,0,0
near_289e2b0becce6774c466,LOW_SAME_TARGET_SAME_SOURCE,2,2,0,1,PLDD-UP,1,Potato healthy,1,4,1,0,0,0,0
near_28baf27962af39866eca,LOW_SAME_TARGET_SAME_SOURCE,2,2,0,1,PLDD-UP,1,Potato Early blight,1,3,1,0,0,0,0
near_28e47360cc62ad3dbaf2,DIFFERENT_TARGET,2,2,0,1,PlantDoc,2,Tomato Early blight | Tomato Septoria leaf spot,1,0,0,0,1,0,0
near_28e5eae4cb50ff7cfd3c,DIFFERENT_TARGET,3,3,0,1,PLDD-UP,2,Potato Early blight | Potato healthy,3,0,1,0,2,0,0
near_291c88f1a5be426ca59d,LOW_SAME_TARGET_SAME_SOURCE,2,2,0,1,PLDD-UP,1,Potato Early blight,1,1,1,0,0,0,0
near_291d993dd78f388c04e3,LOW_SAME_TARGET_SAME_SOURCE,2,2,0,1,Seasonal Corn Leaf Disease Dataset,1,Corn healthy,1,1,1,0,0,0,0
near_293d7dfafb12ff62f674,LOW_SAME_TARGET_SAME_SOURCE,2,2,0,1,PLDD-UP,1,Potato healthy,1,0,1,0,0,0,0
near_2949b71353ab6f5836b5,LOW_SAME_TARGET_SAME_SOURCE,2,2,0,1,PLDD-UP,1,Potato healthy,1,3,1,0,0,0,0
near_295954fdc9b6191d1908,LOW_SAME_TARGET_SAME_SOURCE,2,2,0,1,PLDD-UP,1,Potato healthy,1,0,1,0,0,0,0
near_29c3367c4c3d2d0f0661,LOW_SAME_TARGET_SAME_SOURCE,2,2,0,1,PLDD-UP,1,Potato Early blight,1,1,1,0,0,0,0
near_2a0c22fa2a52b49f4ac3,LOW_SAME_TARGET_SAME_SOURCE,2,2,0,1,PLDD-UP,1,Potato healthy,1,0,1,0,0,0,0
near_2a271971c7498a034977,LOW_SAME_TARGET_SAME_SOURCE,2,2,0,1,PLDD-UP,1,Potato healthy,1,0,1,0,0,0,0
near_2a5d08d7bd97204edfd9,LOW_SAME_TARGET_SAME_SOURCE,2,2,0,1,PLDD-UP,1,Potato healthy,1,0,1,0,0,0,0
near_2a65bdb8951eff6cb86f,LOW_SAME_TARGET_SAME_SOURCE,2,2,0,1,PLDD-UP,1,Potato Early blight,1,3,1,0,0,0,0
near_2a84012aa1a2666e36c6,LOW_SAME_TARGET_SAME_SOURCE,2,2,0,1,PLDD-UP,1,Potato healthy,1,0,1,0,0,0,0
near_2a8e74425618a2645cb0,LOW_SAME_TARGET_SAME_SOURCE,3,3,0,1,PLDD-UP,1,Potato Late blight,2,3,2,0,0,0,0
near_2aa7d6be792dc1188fb4,LOW_SAME_TARGET_SAME_SOURCE,2,2,0,1,PLDD-UP,1,Potato healthy,1,0,1,0,0,0,0
near_2aea8999e14b81055601,LOW_SAME_TARGET_SAME_SOURCE,2,2,0,1,PLDD-UP,1,Potato healthy,1,0,1,0,0,0,0
near_2b0df2f1a38d6be638df,LOW_SAME_TARGET_SAME_SOURCE,2,2,0,1,Seasonal Corn Leaf Disease Dataset,1,Corn healthy,1,0,1,0,0,0,0
near_2b11f951c182668010a2,LOW_SAME_TARGET_SAME_SOURCE,2,2,0,1,PLDD-UP,1,Potato healthy,1,1,1,0,0,0,0
near_2b1af3466dbc60cd13c7,LOW_SAME_TARGET_SAME_SOURCE,2,2,0,1,PLDD-UP,1,Potato healthy,1,0,1,0,0,0,0
near_2b1ef373f863aba3a3a8,LOW_SAME_TARGET_SAME_SOURCE,2,2,0,1,PLDD-UP,1,Potato Early blight,1,3,1,0,0,0,0
near_2b1f785cc849cf416657,LOW_SAME_TARGET_SAME_SOURCE,3,3,0,1,PLDD-UP,1,Potato healthy,3,0,3,0,0,0,0
near_2b2f27225e64e3091669,LOW_SAME_TARGET_SAME_SOURCE,2,2,0,1,PLDD-UP,1,Potato healthy,1,0,1,0,0,0,0
near_2b3b370436305b66b8ee,LOW_SAME_TARGET_SAME_SOURCE,2,2,0,1,Seasonal Corn Leaf Disease Dataset,1,Corn healthy,1,0,1,0,0,0,0
near_2b4e5598264d9bdc539f,LOW_SAME_TARGET_SAME_SOURCE,3,3,0,1,PLDD-UP,1,Potato healthy,3,0,3,0,0,0,0
near_2b63423fc383f2e9a223,LOW_SAME_TARGET_SAME_SOURCE,3,3,0,1,PLDD-UP,1,Potato Late blight,3,2,3,0,0,0,0
near_2b65400d3f63db4c0f88,LOW_SAME_TARGET_SAME_SOURCE,2,2,0,1,PLDD-UP,1,Potato healthy,1,0,1,0,0,0,0
near_2b9c8db44bd29dac5678,LOW_SAME_TARGET_SAME_SOURCE,2,2,0,1,Seasonal Corn Leaf Disease Dataset,1,Corn healthy,1,1,1,0,0,0,0
near_2bad2f84d9def0a0e073,LOW_SAME_TARGET_SAME_SOURCE,2,2,0,1,PLDD-UP,1,Potato healthy,1,0,1,0,0,0,0
near_2bbe9d0a4282eaa997c2,LOW_SAME_TARGET_SAME_SOURCE,2,2,0,1,PLDD-UP,1,Potato healthy,1,0,1,0,0,0,0
near_2bd13630a5f132cfef43,LOW_SAME_TARGET_SAME_SOURCE,2,2,0,1,PLDD-UP,1,Potato healthy,1,0,1,0,0,0,0
near_2bd8d08bb13eb7260caa,LOW_SAME_TARGET_SAME_SOURCE,2,2,0,1,Seasonal Corn Leaf Disease Dataset,1,Corn healthy,1,0,1,0,0,0,0
near_2bf1acf31b7c9d850b1b,LOW_SAME_TARGET_SAME_SOURCE,2,2,0,1,PLDD-UP,1,Potato healthy,1,0,1,0,0,0,0
near_2c07569820d52382dfb5,LOW_SAME_TARGET_SAME_SOURCE,2,2,0,1,PLDD-UP,1,Potato healthy,1,0,1,0,0,0,0
near_2c0977092bcfaf1f8523,LOW_SAME_TARGET_SAME_SOURCE,2,2,0,1,Seasonal Corn Leaf Disease Dataset,1,Corn healthy,1,0,1,0,0,0,0
near_2c26072b6d30ec91b239,LOW_SAME_TARGET_SAME_SOURCE,2,2,0,1,PLDD-UP,1,Potato healthy,1,0,1,0,0,0,0
near_2c47cd8d5b2b41e11c8e,LOW_SAME_TARGET_SAME_SOURCE,2,2,0,1,PLDD-UP,1,Potato healthy,1,0,1,0,0,0,0
near_2c4a380c63fdf713ea92,LOW_SAME_TARGET_SAME_SOURCE,2,2,0,1,PLDD-UP,1,Potato Late blight,1,2,1,0,0,0,0
near_2c546943831d0be98427,LOW_SAME_TARGET_SAME_SOURCE,2,2,0,1,PLDD-UP,1,Potato healthy,1,0,1,0,0,0,0
near_2c568515be3b771d7144,DIFFERENT_TARGET,2,2,0,1,PLDD-UP,2,Potato Early blight | Potato Late blight,1,4,0,0,1,0,0
near_2c611228283c3a9dceea,LOW_SAME_TARGET_SAME_SOURCE,2,2,0,1,PLDD-UP,1,Potato healthy,1,0,1,0,0,0,0
near_2c86bffd5dd376ff3b0e,LOW_SAME_TARGET_SAME_SOURCE,2,2,0,1,PLDD-UP,1,Potato healthy,1,1,1,0,0,0,0
near_2cb6dcb988565a9a4121,LOW_SAME_TARGET_SAME_SOURCE,2,2,0,1,PLDD-UP,1,Potato Late blight,1,1,1,0,0,0,0
near_2ceee1ef36c95b6f4f94,LOW_SAME_TARGET_SAME_SOURCE,2,2,0,1,Seasonal Corn Leaf Disease Dataset,1,Corn healthy,1,0,1,0,0,0,0
near_2d2d5947fe89d20d8cc6,LOW_SAME_TARGET_SAME_SOURCE,2,2,0,1,PLDD-UP,1,Potato Early blight,1,3,1,0,0,0,0
near_2d30340e5126098c9781,LOW_SAME_TARGET_SAME_SOURCE,2,2,0,1,Seasonal Corn Leaf Disease Dataset,1,Corn healthy,1,1,1,0,0,0,0
near_2d4e273b50d60851a96b,LOW_SAME_TARGET_SAME_SOURCE,2,2,0,1,PLDD-UP,1,Potato healthy,1,4,1,0,0,0,0
near_2d4f5d1880cccd8e3f22,TRAIN_TO_LOCKED_BENCHMARK,2,1,1,1,PlantDoc,2,Potato Early blight | Tomato Early blight,1,0,0,0,0,1,0
near_2d544d6e25b4ceec78eb,TRAIN_TO_LOCKED_BENCHMARK,3,2,1,1,PlantDoc,3,Potato Early blight | Potato Late blight | Tomato Late blight,2,0,0,0,1,1,0
near_2d9e570f2542cb073be1,LOW_SAME_TARGET_SAME_SOURCE,2,2,0,1,Seasonal Corn Leaf Disease Dataset,1,Corn healthy,1,1,1,0,0,0,0
near_2db0911ed76d854706e5,LOW_SAME_TARGET_SAME_SOURCE,2,2,0,1,Seasonal Corn Leaf Disease Dataset,1,Corn healthy,1,1,1,0,0,0,0
near_2dbc7fd4e6f0dcfc30d0,LOW_SAME_TARGET_SAME_SOURCE,2,2,0,1,PLDD-UP,1,Potato Late blight,1,3,1,0,0,0,0
near_2dc7f18914fe3ea49814,LOW_SAME_TARGET_SAME_SOURCE,2,2,0,1,PLDD-UP,1,Potato Early blight,1,2,1,0,0,0,0
near_2e786037c3c1da18c180,LOW_SAME_TARGET_SAME_SOURCE,2,2,0,1,PLDD-UP,1,Potato Early blight,1,4,1,0,0,0,0
near_2e7c8e68a97638dc7407,LOW_SAME_TARGET_SAME_SOURCE,2,2,0,1,PLDD-UP,1,Potato healthy,1,0,1,0,0,0,0
near_2e97cd5c8a3310ae443f,LOW_SAME_TARGET_SAME_SOURCE,2,2,0,1,PlantDoc,1,Tomato Septoria leaf spot,1,0,1,0,0,0,0
near_2eb4db88b9a011208e0c,LOW_SAME_TARGET_SAME_SOURCE,2,2,0,1,PLDD-UP,1,Potato Early blight,1,4,1,0,0,0,0
near_2eb8d272fac029808430,LOW_SAME_TARGET_SAME_SOURCE,2,2,0,1,PLDD-UP,1,Potato healthy,1,0,1,0,0,0,0
near_2eca48257660ac3550ac,LOW_SAME_TARGET_SAME_SOURCE,2,2,0,1,PLDD-UP,1,Potato healthy,1,0,1,0,0,0,0
near_2eddb3030c088c989994,LOW_SAME_TARGET_SAME_SOURCE,3,3,0,1,PLDD-UP,1,Potato Late blight,2,4,2,0,0,0,0
near_2eed66ba605949c3f9d9,LOW_SAME_TARGET_SAME_SOURCE,2,2,0,1,Seasonal Corn Leaf Disease Dataset,1,Corn healthy,1,1,1,0,0,0,0
near_2f07fc51d33410391ca1,LOW_SAME_TARGET_SAME_SOURCE,2,2,0,1,Seasonal Corn Leaf Disease Dataset,1,Corn healthy,1,2,1,0,0,0,0
near_2f31d746b59518fe6157,LOW_SAME_TARGET_SAME_SOURCE,4,4,0,1,PLDD-UP,1,Potato healthy,6,0,6,0,0,0,0
near_2f439f990bf0f937c4ad,LOW_SAME_TARGET_SAME_SOURCE,2,2,0,1,PLDD-UP,1,Potato healthy,1,0,1,0,0,0,0
near_2f60284f91632e61fdcb,LOW_SAME_TARGET_SAME_SOURCE,3,3,0,1,PLDD-UP,1,Potato Early blight,2,2,2,0,0,0,0
near_2f69b63443f016ab2090,LOW_SAME_TARGET_SAME_SOURCE,2,2,0,1,PLDD-UP,1,Potato Early blight,1,2,1,0,0,0,0
near_2f7bd396fa4369139fc4,LOW_SAME_TARGET_SAME_SOURCE,4,4,0,1,PLDD-UP,1,Potato healthy,6,0,6,0,0,0,0
near_2fbe3a167f8717fc5c24,LOW_SAME_TARGET_SAME_SOURCE,2,2,0,1,PLDD-UP,1,Potato Early blight,1,3,1,0,0,0,0
near_2fc7e65bdd79b53a7f86,LOW_SAME_TARGET_SAME_SOURCE,2,2,0,1,PLDD-UP,1,Potato Late blight,1,4,1,0,0,0,0
near_3019f6604f1072ef47d8,LOW_SAME_TARGET_SAME_SOURCE,4,4,0,1,PLDD-UP,1,Potato Early blight,5,1,5,0,0,0,0
near_301d48728324d3e7ebb7,LOW_SAME_TARGET_SAME_SOURCE,4,4,0,1,PLDD-UP,1,Potato Early blight,3,2,3,0,0,0,0
near_303a5de06379f76a2efa,LOW_SAME_TARGET_SAME_SOURCE,2,2,0,1,PLDD-UP,1,Potato healthy,1,0,1,0,0,0,0
near_3049b176672041f2df6a,LOW_SAME_TARGET_SAME_SOURCE,2,2,0,1,Seasonal Corn Leaf Disease Dataset,1,Corn healthy,1,0,1,0,0,0,0
near_304ce59373a30046f51c,LOW_SAME_TARGET_SAME_SOURCE,2,2,0,1,PLDD-UP,1,Potato Late blight,1,4,1,0,0,0,0
near_30757b48df1aa2d3b09c,LOW_SAME_TARGET_SAME_SOURCE,2,2,0,1,PLDD-UP,1,Potato Early blight,1,4,1,0,0,0,0
near_308404f811f187dece99,LOW_SAME_TARGET_SAME_SOURCE,2,2,0,1,PLDD-UP,1,Potato healthy,1,0,1,0,0,0,0
near_30db7028d8e5505c744d,LOW_SAME_TARGET_SAME_SOURCE,2,2,0,1,PLDD-UP,1,Potato healthy,1,0,1,0,0,0,0
near_30e419995e2c0cf0f653,LOW_SAME_TARGET_SAME_SOURCE,2,2,0,1,PLDD-UP,1,Potato Early blight,1,3,1,0,0,0,0
near_30e5098cdac3156d4cc8,LOW_SAME_TARGET_SAME_SOURCE,2,2,0,1,PLDD-UP,1,Potato healthy,1,0,1,0,0,0,0
near_3100c0be0d14e1fdde6d,DIFFERENT_TARGET,3,3,0,1,PLDD-UP,2,Potato Early blight | Potato Late blight,3,0,1,0,2,0,0
near_31081ab3c6722b8ac963,LOW_SAME_TARGET_SAME_SOURCE,2,2,0,1,PLDD-UP,1,Potato healthy,1,0,1,0,0,0,0
near_3164dfa598ac956fa4dd,LOW_SAME_TARGET_SAME_SOURCE,2,2,0,1,PLDD-UP,1,Potato healthy,1,0,1,0,0,0,0
near_318b90af58995d832641,LOW_SAME_TARGET_SAME_SOURCE,2,2,0,1,Seasonal Corn Leaf Disease Dataset,1,Corn healthy,1,2,1,0,0,0,0
near_318ceb354e09ac3d01be,LOW_SAME_TARGET_SAME_SOURCE,2,2,0,1,Seasonal Corn Leaf Disease Dataset,1,Corn healthy,1,0,1,0,0,0,0
near_319c2e6b3a3dcfcc2cd6,LOW_SAME_TARGET_SAME_SOURCE,2,2,0,1,PLDD-UP,1,Potato Early blight,1,3,1,0,0,0,0
near_31a7dfdaddd83efcb592,LOW_SAME_TARGET_SAME_SOURCE,2,2,0,1,PLDD-UP,1,Potato Early blight,1,2,1,0,0,0,0
near_31aa0cc9fb7e4e27e3bd,LOW_SAME_TARGET_SAME_SOURCE,2,2,0,1,PLDD-UP,1,Potato healthy,1,1,1,0,0,0,0
near_31ae0d991346e8f4798c,LOW_SAME_TARGET_SAME_SOURCE,2,2,0,1,PLDD-UP,1,Potato Late blight,1,4,1,0,0,0,0
near_31dfe7d9318f994c6861,LOW_SAME_TARGET_SAME_SOURCE,2,2,0,1,PLDD-UP,1,Potato healthy,1,0,1,0,0,0,0
near_31f024fe5e871fed965f,LOW_SAME_TARGET_SAME_SOURCE,2,2,0,1,PLDD-UP,1,Potato healthy,1,0,1,0,0,0,0
near_32041d86069bc3e4b327,DIFFERENT_TARGET,2,2,0,1,PLDD-UP,2,Potato Early blight | Potato Late blight,1,4,0,0,1,0,0
near_320bb3b0bc7dd65f1224,LOW_SAME_TARGET_SAME_SOURCE,2,2,0,1,Seasonal Corn Leaf Disease Dataset,1,Corn healthy,1,0,1,0,0,0,0
near_321304ae88f6ad3878cb,LOW_SAME_TARGET_SAME_SOURCE,2,2,0,1,PLDD-UP,1,Potato healthy,1,0,1,0,0,0,0
near_321618e63b302d6bd1d6,LOW_SAME_TARGET_SAME_SOURCE,2,2,0,1,Seasonal Corn Leaf Disease Dataset,1,Corn healthy,1,1,1,0,0,0,0
near_3217ca5bd581fb372e0d,LOW_SAME_TARGET_SAME_SOURCE,2,2,0,1,PLDD-UP,1,Potato healthy,1,0,1,0,0,0,0
near_3235ff5e3051d9044d9d,LOW_SAME_TARGET_SAME_SOURCE,2,2,0,1,PLDD-UP,1,Potato healthy,1,2,1,0,0,0,0
near_32380e74b17e49fc0136,LOW_SAME_TARGET_SAME_SOURCE,3,3,0,1,PLDD-UP,1,Potato Late blight,3,0,3,0,0,0,0
near_323f03ce424e0a69f9a5,DIFFERENT_TARGET,2,2,0,1,PlantDoc,2,Potato Early blight | Potato Late blight,1,2,0,0,1,0,0
near_3240857455fd55c4fc0a,LOW_SAME_TARGET_SAME_SOURCE,2,2,0,1,PLDD-UP,1,Potato healthy,1,0,1,0,0,0,0
near_3278fbec333557f72b73,LOW_SAME_TARGET_SAME_SOURCE,2,2,0,1,PLDD-UP,1,Potato healthy,1,0,1,0,0,0,0
near_3282c14a1088b1eb2efc,LOW_SAME_TARGET_SAME_SOURCE,2,2,0,1,PLDD-UP,1,Potato healthy,1,4,1,0,0,0,0
near_329afc059567bb9160c6,LOW_SAME_TARGET_SAME_SOURCE,2,2,0,1,PLDD-UP,1,Potato healthy,1,0,1,0,0,0,0
near_32b27543b5dd6114409c,LOW_SAME_TARGET_SAME_SOURCE,2,2,0,1,PLDD-UP,1,Potato Early blight,1,4,1,0,0,0,0
near_32c2721a7965b915fc5e,LOW_SAME_TARGET_SAME_SOURCE,4,4,0,1,PLDD-UP,1,Potato Late blight,5,0,5,0,0,0,0
near_32fdcd00418ac63b1e6f,LOW_SAME_TARGET_SAME_SOURCE,2,2,0,1,PLDD-UP,1,Potato healthy,1,0,1,0,0,0,0
near_331eddee71fc894710ad,LOW_SAME_TARGET_SAME_SOURCE,2,2,0,1,PLDD-UP,1,Potato healthy,1,0,1,0,0,0,0
near_3324753f9308df4f4167,LOW_SAME_TARGET_SAME_SOURCE,2,2,0,1,Seasonal Corn Leaf Disease Dataset,1,Corn healthy,1,1,1,0,0,0,0
near_33297ca789efaadd98e5,LOW_SAME_TARGET_SAME_SOURCE,2,2,0,1,PLDD-UP,1,Potato healthy,1,0,1,0,0,0,0
near_332ce97163dc0fb03703,LOW_SAME_TARGET_SAME_SOURCE,2,2,0,1,PLDD-UP,1,Potato healthy,1,4,1,0,0,0,0
near_3336da951b496f54d83b,LOW_SAME_TARGET_SAME_SOURCE,4,4,0,1,PLDD-UP,1,Potato healthy,6,0,6,0,0,0,0
near_338d5669a28d0c03e444,LOW_SAME_TARGET_SAME_SOURCE,2,2,0,1,Seasonal Corn Leaf Disease Dataset,1,Corn healthy,1,1,1,0,0,0,0
near_33a975c2dc4d66b8d41c,DIFFERENT_TARGET,13,13,0,1,PLDD-UP,2,Potato Early blight | Potato Late blight,15,2,11,0,4,0,0
near_33ca005f549facce0dff,LOW_SAME_TARGET_SAME_SOURCE,2,2,0,1,PLDD-UP,1,Potato healthy,1,0,1,0,0,0,0
near_33cddf5a87fcd74f3e10,LOW_SAME_TARGET_SAME_SOURCE,2,2,0,1,PLDD-UP,1,Potato Early blight,1,4,1,0,0,0,0
near_33d8a5682b5e144de533,LOW_SAME_TARGET_SAME_SOURCE,2,2,0,1,Seasonal Corn Leaf Disease Dataset,1,Corn healthy,1,0,1,0,0,0,0
near_33de8e6bca4d62f274fb,LOW_SAME_TARGET_SAME_SOURCE,2,2,0,1,PLDD-UP,1,Potato healthy,1,0,1,0,0,0,0
near_33e8a6933e7d00fc1ab5,LOW_SAME_TARGET_SAME_SOURCE,2,2,0,1,Seasonal Corn Leaf Disease Dataset,1,Corn Cercospora leaf spot,1,2,1,0,0,0,0
near_33ea30a9da993c1aefca,LOW_SAME_TARGET_SAME_SOURCE,2,2,0,1,PLDD-UP,1,Potato healthy,1,0,1,0,0,0,0
near_33f25792e5c90cfda063,LOW_SAME_TARGET_SAME_SOURCE,2,2,0,1,PLDD-UP,1,Potato healthy,1,0,1,0,0,0,0
near_341a41e2427edc073e33,LOW_SAME_TARGET_SAME_SOURCE,2,2,0,1,Seasonal Corn Leaf Disease Dataset,1,Corn healthy,1,0,1,0,0,0,0
near_342ca37728f384e34685,LOW_SAME_TARGET_SAME_SOURCE,2,2,0,1,PLDD-UP,1,Potato healthy,1,0,1,0,0,0,0
near_343bac7a0455ab3d139f,LOW_SAME_TARGET_SAME_SOURCE,3,3,0,1,PLDD-UP,1,Potato Early blight,2,3,2,0,0,0,0
near_345cc008e0284112b352,LOW_SAME_TARGET_SAME_SOURCE,2,2,0,1,Seasonal Corn Leaf Disease Dataset,1,Corn Cercospora leaf spot,1,0,1,0,0,0,0
near_34685ea9286aaa76d2ca,LOW_SAME_TARGET_SAME_SOURCE,2,2,0,1,PLDD-UP,1,Potato healthy,1,0,1,0,0,0,0
near_3473d75abca23d6bebcd,LOW_SAME_TARGET_SAME_SOURCE,2,2,0,1,PLDD-UP,1,Potato healthy,1,0,1,0,0,0,0
near_347cc3eb71b231c1a36d,LOW_SAME_TARGET_SAME_SOURCE,2,2,0,1,PLDD-UP,1,Potato healthy,1,3,1,0,0,0,0
near_348a47822d484502094e,LOW_SAME_TARGET_SAME_SOURCE,2,2,0,1,PLDD-UP,1,Potato healthy,1,0,1,0,0,0,0
near_3494ad1a88cbd8d52eae,LOW_SAME_TARGET_SAME_SOURCE,2,2,0,1,PLDD-UP,1,Potato Late blight,1,4,1,0,0,0,0
near_34a1ed07f32829881ff5,LOW_SAME_TARGET_SAME_SOURCE,2,2,0,1,PLDD-UP,1,Potato healthy,1,0,1,0,0,0,0
near_34b6affcc421ecc78abd,LOW_SAME_TARGET_SAME_SOURCE,2,2,0,1,PLDD-UP,1,Potato healthy,1,0,1,0,0,0,0
near_34d30f06a49fd62ff70d,DIFFERENT_TARGET,2,2,0,1,PlantDoc,2,Potato Early blight | Tomato Late blight,1,0,0,0,1,0,0
near_34d52c7f323cc090a18f,LOW_SAME_TARGET_SAME_SOURCE,3,3,0,1,PLDD-UP,1,Potato Early blight,3,3,3,0,0,0,0
near_34dd259863118021cf90,LOW_SAME_TARGET_SAME_SOURCE,3,3,0,1,PLDD-UP,1,Potato Late blight,2,3,2,0,0,0,0
near_34f9cfb088e3cdde56aa,LOW_SAME_TARGET_SAME_SOURCE,2,2,0,1,PLDD-UP,1,Potato healthy,1,0,1,0,0,0,0
near_354975ea3a45dab10917,DIFFERENT_TARGET,3,3,0,1,PLDD-UP,2,Potato Early blight | Potato healthy,2,3,0,0,2,0,0
near_35623cb24fc75d743c84,LOW_SAME_TARGET_SAME_SOURCE,4,4,0,1,PLDD-UP,1,Potato Early blight,5,0,5,0,0,0,0
near_35b9e6f4f9d9c7dff3a1,LOW_SAME_TARGET_SAME_SOURCE,2,2,0,1,PLDD-UP,1,Potato healthy,1,0,1,0,0,0,0
near_361c9afd9f87d5d5eb81,LOW_SAME_TARGET_SAME_SOURCE,2,2,0,1,PLDD-UP,1,Potato Early blight,1,4,1,0,0,0,0
near_361cb4832dfb73693ce7,LOW_SAME_TARGET_SAME_SOURCE,2,2,0,1,Seasonal Corn Leaf Disease Dataset,1,Corn healthy,1,1,1,0,0,0,0
near_36270355b5b2be9daece,LOW_SAME_TARGET_SAME_SOURCE,2,2,0,1,Seasonal Corn Leaf Disease Dataset,1,Corn healthy,1,0,1,0,0,0,0
near_3627771c4e33b4fdac54,LOW_SAME_TARGET_SAME_SOURCE,2,2,0,1,PLDD-UP,1,Potato healthy,1,0,1,0,0,0,0
near_363ac5ff8f43e7d4488b,LOW_SAME_TARGET_SAME_SOURCE,2,2,0,1,PLDD-UP,1,Potato healthy,1,0,1,0,0,0,0
near_36494e418969ca045fed,LOW_SAME_TARGET_SAME_SOURCE,2,2,0,1,PLDD-UP,1,Potato healthy,1,3,1,0,0,0,0
near_365195d289c2771d3525,LOW_SAME_TARGET_SAME_SOURCE,2,2,0,1,PLDD-UP,1,Potato healthy,1,0,1,0,0,0,0
near_365d43e2e2b055556ab9,LOW_SAME_TARGET_SAME_SOURCE,2,2,0,1,PLDD-UP,1,Potato Early blight,1,3,1,0,0,0,0
near_366ff71900c30361c8ab,LOW_SAME_TARGET_SAME_SOURCE,2,2,0,1,Seasonal Corn Leaf Disease Dataset,1,Corn healthy,1,1,1,0,0,0,0
near_3683b9c1f4ff2e92c4c8,LOW_SAME_TARGET_SAME_SOURCE,3,3,0,1,PLDD-UP,1,Potato Late blight,2,1,2,0,0,0,0
near_3694d76c40315da41a32,LOW_SAME_TARGET_SAME_SOURCE,2,2,0,1,PLDD-UP,1,Potato healthy,1,0,1,0,0,0,0
near_36965b3bc5b1b87486ab,LOW_SAME_TARGET_SAME_SOURCE,2,2,0,1,PLDD-UP,1,Potato Early blight,1,4,1,0,0,0,0
near_36b17442b09f928da9a8,LOW_SAME_TARGET_SAME_SOURCE,3,3,0,1,PLDD-UP,1,Potato healthy,3,0,3,0,0,0,0
near_36cb6d5d884674aa5f6f,LOW_SAME_TARGET_SAME_SOURCE,2,2,0,1,PLDD-UP,1,Potato healthy,1,0,1,0,0,0,0
near_36cf618cfe6f4070b81e,LOW_SAME_TARGET_SAME_SOURCE,2,2,0,1,PLDD-UP,1,Potato healthy,1,0,1,0,0,0,0
near_36f5ebca5dec675c6f97,LOW_SAME_TARGET_SAME_SOURCE,2,2,0,1,PLDD-UP,1,Potato healthy,1,0,1,0,0,0,0
near_3704df8068cd1bf79d13,LOW_SAME_TARGET_SAME_SOURCE,2,2,0,1,PLDD-UP,1,Potato healthy,1,0,1,0,0,0,0
near_378553177cdae5ebe2c7,LOW_SAME_TARGET_SAME_SOURCE,2,2,0,1,PLDD-UP,1,Potato healthy,1,0,1,0,0,0,0
near_37d503410eacfb513e8c,LOW_SAME_TARGET_SAME_SOURCE,2,2,0,1,Seasonal Corn Leaf Disease Dataset,1,Corn healthy,1,0,1,0,0,0,0
near_37e5c49ea982e0ee720e,LOW_SAME_TARGET_SAME_SOURCE,2,2,0,1,PLDD-UP,1,Potato Late blight,1,3,1,0,0,0,0
near_3804523f7889fb8501f4,LOW_SAME_TARGET_SAME_SOURCE,2,2,0,1,Potato Leaf Disease Dataset,0,,1,4,0,0,0,0,1
near_3844c91de12851f70495,LOW_SAME_TARGET_SAME_SOURCE,2,2,0,1,PLDD-UP,1,Potato healthy,1,2,1,0,0,0,0
near_384c4a1659fb7895ddd2,LOW_SAME_TARGET_SAME_SOURCE,2,2,0,1,Seasonal Corn Leaf Disease Dataset,1,Corn healthy,1,2,1,0,0,0,0
near_38515995bde31537f2df,LOW_SAME_TARGET_SAME_SOURCE,2,2,0,1,PLDD-UP,1,Potato Early blight,1,2,1,0,0,0,0
near_386b8e7fccb47c738fb1,LOW_SAME_TARGET_SAME_SOURCE,2,2,0,1,Seasonal Corn Leaf Disease Dataset,1,Corn Cercospora leaf spot,1,0,1,0,0,0,0
near_386f9417b470ffc7faf2,LOW_SAME_TARGET_SAME_SOURCE,2,2,0,1,Seasonal Corn Leaf Disease Dataset,1,Corn healthy,1,0,1,0,0,0,0
near_38831992eac932d16ca1,LOW_SAME_TARGET_SAME_SOURCE,2,2,0,1,PLDD-UP,1,Potato healthy,1,0,1,0,0,0,0
near_38b3c2c1864ab386910b,LOW_SAME_TARGET_SAME_SOURCE,2,2,0,1,Seasonal Corn Leaf Disease Dataset,1,Corn healthy,1,0,1,0,0,0,0
near_38c6fee3f86962297660,LOW_SAME_TARGET_SAME_SOURCE,2,2,0,1,PLDD-UP,1,Potato healthy,1,0,1,0,0,0,0
near_390a79f4a66c1ffd82aa,LOW_SAME_TARGET_SAME_SOURCE,2,2,0,1,Seasonal Corn Leaf Disease Dataset,1,Corn healthy,1,0,1,0,0,0,0
near_391c2bb395c9040c6eb9,LOW_SAME_TARGET_SAME_SOURCE,2,2,0,1,PLDD-UP,1,Potato healthy,1,0,1,0,0,0,0
near_394fbae47737d5cfd664,LOW_SAME_TARGET_SAME_SOURCE,2,2,0,1,PLDD-UP,1,Potato healthy,1,0,1,0,0,0,0
near_396f1ea52f79a90c3974,LOW_SAME_TARGET_SAME_SOURCE,2,2,0,1,Seasonal Corn Leaf Disease Dataset,1,Corn healthy,1,0,1,0,0,0,0
near_3994fea1931ee7e2d5b1,LOW_SAME_TARGET_SAME_SOURCE,2,2,0,1,Seasonal Corn Leaf Disease Dataset,1,Corn healthy,1,1,1,0,0,0,0
near_399e5e57ba43a9e98ff1,LOW_SAME_TARGET_SAME_SOURCE,2,2,0,1,Seasonal Corn Leaf Disease Dataset,1,Corn healthy,1,0,1,0,0,0,0
near_39b000a73ee504f9d728,LOW_SAME_TARGET_SAME_SOURCE,2,2,0,1,Seasonal Corn Leaf Disease Dataset,1,Corn healthy,1,1,1,0,0,0,0
near_39d01dc146325c59edf2,LOW_SAME_TARGET_SAME_SOURCE,2,2,0,1,PLDD-UP,1,Potato Early blight,1,3,1,0,0,0,0
near_39d2c038e3df83ef1b9c,LOW_SAME_TARGET_SAME_SOURCE,2,2,0,1,PLDD-UP,1,Potato Early blight,1,2,1,0,0,0,0
near_3a2c84c0776c7c80e43b,LOW_SAME_TARGET_SAME_SOURCE,2,2,0,1,Seasonal Corn Leaf Disease Dataset,1,Corn healthy,1,2,1,0,0,0,0
near_3a42ef9d5140104cb6b1,LOW_SAME_TARGET_SAME_SOURCE,2,2,0,1,Seasonal Corn Leaf Disease Dataset,1,Corn healthy,1,0,1,0,0,0,0
near_3add8d4c0b45d95249ee,LOW_SAME_TARGET_SAME_SOURCE,2,2,0,1,Seasonal Corn Leaf Disease Dataset,1,Corn healthy,1,1,1,0,0,0,0
near_3addc1d2e38b1d1d7d29,LOW_SAME_TARGET_SAME_SOURCE,2,2,0,1,PLDD-UP,1,Potato healthy,1,1,1,0,0,0,0
near_3b0b697932c0562110f7,LOW_SAME_TARGET_SAME_SOURCE,2,2,0,1,PLDD-UP,1,Potato healthy,1,0,1,0,0,0,0
near_3b0deafc0edc8f09c85e,LOW_SAME_TARGET_SAME_SOURCE,2,2,0,1,PLDD-UP,1,Potato Early blight,1,3,1,0,0,0,0
near_3b25342dc853c3f3ff43,LOW_SAME_TARGET_SAME_SOURCE,2,2,0,1,Seasonal Corn Leaf Disease Dataset,1,Corn Cercospora leaf spot,1,1,1,0,0,0,0
near_3b42fbfc103375c0d277,LOW_SAME_TARGET_SAME_SOURCE,2,2,0,1,Seasonal Corn Leaf Disease Dataset,1,Corn healthy,1,2,1,0,0,0,0
near_3b70774c5f206fd8a4e4,LOW_SAME_TARGET_SAME_SOURCE,3,3,0,1,PLDD-UP,1,Potato Early blight,3,2,3,0,0,0,0
near_3b974022ac21722c2a4c,LOW_SAME_TARGET_SAME_SOURCE,2,2,0,1,Seasonal Corn Leaf Disease Dataset,1,Corn Cercospora leaf spot,1,0,1,0,0,0,0
near_3ba228c0f42748135de5,LOW_SAME_TARGET_SAME_SOURCE,2,2,0,1,PLDD-UP,1,Potato Early blight,1,4,1,0,0,0,0
near_3bca4870d859ab6a9c7f,LOW_SAME_TARGET_SAME_SOURCE,2,2,0,1,PlantDoc,1,Tomato Early blight,1,1,1,0,0,0,0
near_3beffa731c08915a21b9,LOW_SAME_TARGET_SAME_SOURCE,2,2,0,1,PLDD-UP,1,Potato healthy,1,0,1,0,0,0,0
near_3c06862c1ccd80df2188,LOW_SAME_TARGET_SAME_SOURCE,2,2,0,1,PLDD-UP,1,Potato healthy,1,0,1,0,0,0,0
near_3c0a0e56ac8900890d69,LOW_SAME_TARGET_SAME_SOURCE,2,2,0,1,PLDD-UP,1,Potato Late blight,1,3,1,0,0,0,0
near_3c20e8c00ca7bc7c8820,LOW_SAME_TARGET_SAME_SOURCE,2,2,0,1,Seasonal Corn Leaf Disease Dataset,1,Corn healthy,1,0,1,0,0,0,0
near_3c23c2a9ac66c62c6989,LOW_SAME_TARGET_SAME_SOURCE,2,2,0,1,PLDD-UP,1,Potato healthy,1,0,1,0,0,0,0
near_3c2d13387f0001c79894,LOW_SAME_TARGET_SAME_SOURCE,2,2,0,1,PlantDoc,0,,1,1,0,0,0,0,1
near_3c61db74389c1b693c8a,LOW_SAME_TARGET_SAME_SOURCE,2,2,0,1,Seasonal Corn Leaf Disease Dataset,1,Corn healthy,1,0,1,0,0,0,0
near_3c6a08e268fc5dff41fc,LOW_SAME_TARGET_SAME_SOURCE,2,2,0,1,PLDD-UP,1,Potato healthy,1,0,1,0,0,0,0
near_3c76c8afb5cf5a38403d,LOW_SAME_TARGET_SAME_SOURCE,2,2,0,1,PLDD-UP,1,Potato healthy,1,0,1,0,0,0,0
near_3cd15765ab65755cc01f,LOW_SAME_TARGET_SAME_SOURCE,2,2,0,1,PLDD-UP,1,Potato healthy,1,0,1,0,0,0,0
near_3d292a74df80001c2fa0,LOW_SAME_TARGET_SAME_SOURCE,2,2,0,1,PLDD-UP,1,Potato Early blight,1,4,1,0,0,0,0
near_3d4b4dd42e318d9958a6,LOW_SAME_TARGET_SAME_SOURCE,2,2,0,1,PLDD-UP,1,Potato healthy,1,1,1,0,0,0,0
near_3d5297671f52bfa8b832,LOW_SAME_TARGET_SAME_SOURCE,2,2,0,1,PLDD-UP,1,Potato healthy,1,0,1,0,0,0,0
near_3d537f170bdb2350859e,LOW_SAME_TARGET_SAME_SOURCE,2,2,0,1,Seasonal Corn Leaf Disease Dataset,1,Corn healthy,1,1,1,0,0,0,0
near_3d6e410c736887067c9d,LOW_SAME_TARGET_SAME_SOURCE,3,3,0,1,PLDD-UP,1,Potato Early blight,2,3,2,0,0,0,0
near_3d75b09a904c6c90fdf1,LOW_SAME_TARGET_SAME_SOURCE,2,2,0,1,Seasonal Corn Leaf Disease Dataset,1,Corn Cercospora leaf spot,1,0,1,0,0,0,0
near_3d75e8033b286aa2825e,LOW_SAME_TARGET_SAME_SOURCE,2,2,0,1,PLDD-UP,1,Potato healthy,1,1,1,0,0,0,0
near_3d90d8d3051b1a01b0a0,LOW_SAME_TARGET_SAME_SOURCE,2,2,0,1,PLDD-UP,1,Potato Late blight,1,2,1,0,0,0,0
near_3da0a746868ab8de3955,LOW_SAME_TARGET_SAME_SOURCE,4,4,0,1,PLDD-UP,1,Potato Late blight,4,1,4,0,0,0,0
near_3db1dab52a388540441e,LOW_SAME_TARGET_SAME_SOURCE,2,2,0,1,Seasonal Corn Leaf Disease Dataset,1,Corn healthy,1,1,1,0,0,0,0
near_3de615d8cbff457d94be,DIFFERENT_TARGET,2,2,0,1,PlantDoc,2,Potato Early blight | Potato Late blight,1,0,0,0,1,0,0
near_3dfbdb7c4232c10f8281,LOW_SAME_TARGET_SAME_SOURCE,2,2,0,1,PLDD-UP,1,Potato healthy,1,0,1,0,0,0,0
near_3e18a2875f06f9021399,LOW_SAME_TARGET_SAME_SOURCE,2,2,0,1,PLDD-UP,1,Potato Late blight,1,3,1,0,0,0,0
near_3e1934ea0886c6320546,LOW_SAME_TARGET_SAME_SOURCE,2,2,0,1,PLDD-UP,1,Potato healthy,1,1,1,0,0,0,0
near_3e67ce9c686880a5e078,LOW_SAME_TARGET_SAME_SOURCE,3,3,0,1,PLDD-UP,1,Potato Late blight,2,4,2,0,0,0,0
near_3e7f6912e2eb79363b9d,LOW_SAME_TARGET_SAME_SOURCE,2,2,0,1,Seasonal Corn Leaf Disease Dataset,1,Corn healthy,1,2,1,0,0,0,0
near_3e87c2731facf5a391fb,LOW_SAME_TARGET_SAME_SOURCE,2,2,0,1,PLDD-UP,1,Potato healthy,1,0,1,0,0,0,0
near_3ea00923cf8d1766b28a,LOW_SAME_TARGET_SAME_SOURCE,2,2,0,1,PLDD-UP,1,Potato healthy,1,0,1,0,0,0,0
near_3eb7652c87a09e054fc0,LOW_SAME_TARGET_SAME_SOURCE,2,2,0,1,PlantDoc,1,Tomato Septoria leaf spot,1,0,1,0,0,0,0
near_3ee5b187c559956103ea,LOW_SAME_TARGET_SAME_SOURCE,2,2,0,1,PLDD-UP,1,Potato healthy,1,0,1,0,0,0,0
near_3eeec986777023993a2a,LOW_SAME_TARGET_SAME_SOURCE,2,2,0,1,PLDD-UP,1,Potato healthy,1,0,1,0,0,0,0
near_3ef9fa62c240af49a193,LOW_SAME_TARGET_SAME_SOURCE,4,4,0,1,PLDD-UP,1,Potato healthy,6,0,6,0,0,0,0
near_3f120c49f0cfe8d6cec6,LOW_SAME_TARGET_SAME_SOURCE,2,2,0,1,Seasonal Corn Leaf Disease Dataset,1,Corn healthy,1,1,1,0,0,0,0
near_3f23d1d8666fa6ade563,LOW_SAME_TARGET_SAME_SOURCE,2,2,0,1,PLDD-UP,1,Potato Late blight,1,3,1,0,0,0,0
near_3f3009244ca527c0b694,LOW_SAME_TARGET_SAME_SOURCE,2,2,0,1,Seasonal Corn Leaf Disease Dataset,1,Corn healthy,1,1,1,0,0,0,0
near_3f9ce579f63d7622485f,LOW_SAME_TARGET_SAME_SOURCE,2,2,0,1,Seasonal Corn Leaf Disease Dataset,1,Corn healthy,1,0,1,0,0,0,0
near_4000cb2b3870c9a2df01,LOW_SAME_TARGET_SAME_SOURCE,2,2,0,1,PLDD-UP,1,Potato healthy,1,0,1,0,0,0,0
near_400124bac45ababb2b63,LOW_SAME_TARGET_SAME_SOURCE,2,2,0,1,PLDD-UP,1,Potato Early blight,1,2,1,0,0,0,0
near_400ca544abb0f000d97e,LOW_SAME_TARGET_SAME_SOURCE,2,2,0,1,Seasonal Corn Leaf Disease Dataset,1,Corn Cercospora leaf spot,1,0,1,0,0,0,0
near_4014204e98a1b73f354a,LOW_SAME_TARGET_SAME_SOURCE,2,2,0,1,PLDD-UP,1,Potato Late blight,1,3,1,0,0,0,0
near_401480e50ae5fa2a2740,LOW_SAME_TARGET_SAME_SOURCE,4,4,0,1,PLDD-UP,1,Potato healthy,4,0,4,0,0,0,0
near_404383f718e97434535a,LOW_SAME_TARGET_SAME_SOURCE,2,2,0,1,PLDD-UP,1,Potato healthy,1,0,1,0,0,0,0
near_406e70fcc8eb04dc656e,LOW_SAME_TARGET_SAME_SOURCE,4,4,0,1,PLDD-UP,1,Potato Early blight,6,1,6,0,0,0,0
near_40770cb42791827eba16,LOW_SAME_TARGET_SAME_SOURCE,2,2,0,1,Seasonal Corn Leaf Disease Dataset,1,Corn healthy,1,1,1,0,0,0,0
near_407a590d18ee508a03c0,LOW_SAME_TARGET_SAME_SOURCE,2,2,0,1,PLDD-UP,1,Potato healthy,1,0,1,0,0,0,0
near_40bb8a60aacb62be53e1,LOW_SAME_TARGET_SAME_SOURCE,2,2,0,1,PLDD-UP,1,Potato healthy,1,0,1,0,0,0,0
near_40d8dab29f695b031be5,LOW_SAME_TARGET_SAME_SOURCE,2,2,0,1,Seasonal Corn Leaf Disease Dataset,1,Corn healthy,1,1,1,0,0,0,0
near_40dd32963bbc644680cd,LOW_SAME_TARGET_SAME_SOURCE,2,2,0,1,Seasonal Corn Leaf Disease Dataset,1,Corn Cercospora leaf spot,1,0,1,0,0,0,0
near_40e08bc4757d9560165d,LOW_SAME_TARGET_SAME_SOURCE,2,2,0,1,PLDD-UP,1,Potato healthy,1,0,1,0,0,0,0
near_40f0592e7df7bce9ce1b,LOW_SAME_TARGET_SAME_SOURCE,2,2,0,1,Seasonal Corn Leaf Disease Dataset,1,Corn healthy,1,1,1,0,0,0,0
near_40f23496a71c8ca370b8,LOW_SAME_TARGET_SAME_SOURCE,2,2,0,1,PLDD-UP,1,Potato healthy,1,0,1,0,0,0,0
near_40fd048a0260f77dc8e4,LOW_SAME_TARGET_SAME_SOURCE,2,2,0,1,Seasonal Corn Leaf Disease Dataset,1,Corn healthy,1,1,1,0,0,0,0
near_4111a77ce111cb7a8155,LOW_SAME_TARGET_SAME_SOURCE,3,3,0,1,PLDD-UP,1,Potato Late blight,2,2,2,0,0,0,0
near_4111f61cbacdd6be6317,LOW_SAME_TARGET_SAME_SOURCE,2,2,0,1,Seasonal Corn Leaf Disease Dataset,1,Corn healthy,1,1,1,0,0,0,0
near_415dd77fa70055865d7f,LOW_SAME_TARGET_SAME_SOURCE,2,2,0,1,PLDD-UP,1,Potato healthy,1,0,1,0,0,0,0
near_417f70636afb9df022fb,LOW_SAME_TARGET_SAME_SOURCE,2,2,0,1,Seasonal Corn Leaf Disease Dataset,1,Corn Cercospora leaf spot,1,0,1,0,0,0,0
near_41900810518eba75e388,LOW_SAME_TARGET_SAME_SOURCE,2,2,0,1,PLDD-UP,1,Potato healthy,1,0,1,0,0,0,0
near_41b0e2d9a35b835a50f7,LOW_SAME_TARGET_SAME_SOURCE,2,2,0,1,PLDD-UP,1,Potato healthy,1,0,1,0,0,0,0
near_41b1b139cf8760cc6237,LOW_SAME_TARGET_SAME_SOURCE,2,2,0,1,PLDD-UP,1,Potato healthy,1,0,1,0,0,0,0
near_41b3e852e6aa3e3f7ab4,LOW_SAME_TARGET_SAME_SOURCE,2,2,0,1,Seasonal Corn Leaf Disease Dataset,1,Corn healthy,1,1,1,0,0,0,0
near_41bbc4bda9ac13ccaab8,LOW_SAME_TARGET_SAME_SOURCE,2,2,0,1,PLDD-UP,1,Potato Early blight,1,0,1,0,0,0,0
near_41c5d8dd24c25c8663de,LOW_SAME_TARGET_SAME_SOURCE,4,4,0,1,PLDD-UP,1,Potato healthy,4,0,4,0,0,0,0
near_41dcf2cc752dc4c8341f,LOW_SAME_TARGET_SAME_SOURCE,2,2,0,1,PLDD-UP,1,Potato healthy,1,0,1,0,0,0,0
near_41e6ca2c6dd6dca81e0b,LOW_SAME_TARGET_SAME_SOURCE,2,2,0,1,PLDD-UP,1,Potato Early blight,1,1,1,0,0,0,0
near_42031cdb4c22eca94ba1,LOW_SAME_TARGET_SAME_SOURCE,2,2,0,1,Seasonal Corn Leaf Disease Dataset,1,Corn healthy,1,2,1,0,0,0,0
near_42079a635ea9c4bd4bc6,LOW_SAME_TARGET_SAME_SOURCE,8,8,0,1,PLDD-UP,1,Potato healthy,20,0,20,0,0,0,0
near_421613e91cc68b57946c,LOW_SAME_TARGET_SAME_SOURCE,2,2,0,1,Seasonal Corn Leaf Disease Dataset,1,Corn healthy,1,0,1,0,0,0,0
near_421e1d3807d6cdabab4b,LOW_SAME_TARGET_SAME_SOURCE,2,2,0,1,Seasonal Corn Leaf Disease Dataset,1,Corn healthy,1,0,1,0,0,0,0
near_422cf6edc2ee3043d642,LOW_SAME_TARGET_SAME_SOURCE,3,3,0,1,PLDD-UP,1,Potato Late blight,3,0,3,0,0,0,0
near_4235e597d5cf3a3a331f,LOW_SAME_TARGET_SAME_SOURCE,2,2,0,1,PLDD-UP,1,Potato healthy,1,0,1,0,0,0,0
near_423798627957c87610bf,LOW_SAME_TARGET_SAME_SOURCE,2,2,0,1,PLDD-UP,1,Potato Late blight,1,1,1,0,0,0,0
near_425dcb8bbbd06ba2fc9c,LOW_SAME_TARGET_SAME_SOURCE,3,3,0,1,PLDD-UP,1,Potato Late blight,3,0,3,0,0,0,0
near_4286f828895283995a6b,LOW_SAME_TARGET_SAME_SOURCE,2,2,0,1,PLDD-UP,1,Potato healthy,1,0,1,0,0,0,0
near_428bbaf791d41f025215,LOW_SAME_TARGET_SAME_SOURCE,2,2,0,1,PLDD-UP,1,Potato healthy,1,2,1,0,0,0,0
near_42bde15c5112cc7e13c0,LOW_SAME_TARGET_SAME_SOURCE,2,2,0,1,Seasonal Corn Leaf Disease Dataset,1,Corn Cercospora leaf spot,1,1,1,0,0,0,0
near_42bf15ef7d16d7e4bc88,LOW_SAME_TARGET_SAME_SOURCE,2,2,0,1,PLDD-UP,1,Potato Late blight,1,0,1,0,0,0,0
near_42c1f248bea0cf9bedde,LOW_SAME_TARGET_SAME_SOURCE,2,2,0,1,PlantDoc,1,Grape Black rot,1,2,1,0,0,0,0
near_42d577e0023f88a1b254,LOW_SAME_TARGET_SAME_SOURCE,2,2,0,1,PLDD-UP,1,Potato healthy,1,0,1,0,0,0,0
near_43072188fab8b4ff1eb6,LOW_SAME_TARGET_SAME_SOURCE,2,2,0,1,Seasonal Corn Leaf Disease Dataset,1,Corn healthy,1,0,1,0,0,0,0
near_43168219880836acd567,LOW_SAME_TARGET_SAME_SOURCE,3,3,0,1,PLDD-UP,1,Potato healthy,3,0,3,0,0,0,0
near_432094fa5eff7080dacd,LOW_SAME_TARGET_SAME_SOURCE,2,2,0,1,Seasonal Corn Leaf Disease Dataset,1,Corn healthy,1,3,1,0,0,0,0
near_432fd94f537fb2833f00,LOW_SAME_TARGET_SAME_SOURCE,2,2,0,1,PLDD-UP,1,Potato Early blight,1,2,1,0,0,0,0
near_436f726b2b12bd4d2ba5,LOW_SAME_TARGET_SAME_SOURCE,2,2,0,1,PLDD-UP,1,Potato healthy,1,0,1,0,0,0,0
near_439a1dbdf50b5d68be04,LOW_SAME_TARGET_SAME_SOURCE,3,3,0,1,PLDD-UP,1,Potato healthy,3,1,3,0,0,0,0
near_43a290a27cfb22740544,LOW_SAME_TARGET_SAME_SOURCE,2,2,0,1,PLDD-UP,1,Potato Early blight,1,4,1,0,0,0,0
near_43bb1939068db7cc5a0e,LOW_SAME_TARGET_SAME_SOURCE,2,2,0,1,Seasonal Corn Leaf Disease Dataset,1,Corn healthy,1,1,1,0,0,0,0
near_43dfaf15b13178bead9d,LOW_SAME_TARGET_SAME_SOURCE,2,2,0,1,PLDD-UP,1,Potato healthy,1,0,1,0,0,0,0
near_43e8a44e1078319e9986,LOW_SAME_TARGET_SAME_SOURCE,2,2,0,1,Seasonal Corn Leaf Disease Dataset,1,Corn Cercospora leaf spot,1,1,1,0,0,0,0
near_4407499736505f2022b4,LOW_SAME_TARGET_SAME_SOURCE,6,6,0,1,PLDD-UP,1,Potato healthy,15,0,15,0,0,0,0
near_442588c77f72906c3816,LOW_SAME_TARGET_SAME_SOURCE,2,2,0,1,PLDD-UP,1,Potato healthy,1,0,1,0,0,0,0
near_442660c0fdd9eb5b566d,LOW_SAME_TARGET_SAME_SOURCE,2,2,0,1,PLDD-UP,1,Potato healthy,1,0,1,0,0,0,0
near_44465d0bb80660925ff0,LOW_SAME_TARGET_SAME_SOURCE,2,2,0,1,PLDD-UP,1,Potato healthy,1,0,1,0,0,0,0
near_4481967030a68594aec4,LOW_SAME_TARGET_SAME_SOURCE,2,2,0,1,PLDD-UP,1,Potato Early blight,1,2,1,0,0,0,0
near_4495370cf26b1ae17e53,LOW_SAME_TARGET_SAME_SOURCE,2,2,0,1,Seasonal Corn Leaf Disease Dataset,1,Corn healthy,1,1,1,0,0,0,0
near_449cda6fdf42e1789ca8,LOW_SAME_TARGET_SAME_SOURCE,4,4,0,1,PLDD-UP,1,Potato Late blight,5,0,5,0,0,0,0
near_45052a6971074e35baf9,LOW_SAME_TARGET_SAME_SOURCE,2,2,0,1,PLDD-UP,1,Potato Late blight,1,0,1,0,0,0,0
near_450bba1ae46cbd7d78d5,LOW_SAME_TARGET_SAME_SOURCE,3,3,0,1,PLDD-UP,1,Potato healthy,3,0,3,0,0,0,0
near_451f77cdfde8a4fdbb88,LOW_SAME_TARGET_SAME_SOURCE,2,2,0,1,PLDD-UP,1,Potato healthy,1,0,1,0,0,0,0
near_4529878b7efc1b4a4d59,LOW_SAME_TARGET_SAME_SOURCE,4,4,0,1,PLDD-UP,1,Potato healthy,6,0,6,0,0,0,0
near_4533f0469dabf06b852b,LOW_SAME_TARGET_SAME_SOURCE,2,2,0,1,PLDD-UP,1,Potato Late blight,1,1,1,0,0,0,0
near_4539a56b4edc1ae791a9,LOW_SAME_TARGET_SAME_SOURCE,2,2,0,1,PLDD-UP,1,Potato healthy,1,3,1,0,0,0,0
near_4568a31187275efb6a8e,LOW_SAME_TARGET_SAME_SOURCE,2,2,0,1,Seasonal Corn Leaf Disease Dataset,1,Corn healthy,1,2,1,0,0,0,0
near_45714a2c29ebc64b9705,LOW_SAME_TARGET_SAME_SOURCE,2,2,0,1,PLDD-UP,1,Potato healthy,1,1,1,0,0,0,0
near_45732da403c2863e8883,LOW_SAME_TARGET_SAME_SOURCE,3,3,0,1,PLDD-UP,1,Potato Early blight,3,1,3,0,0,0,0
near_457a77814660ce77c1f6,LOW_SAME_TARGET_SAME_SOURCE,2,2,0,1,PLDD-UP,1,Potato healthy,1,0,1,0,0,0,0
near_45b8004ad2dd7218d786,LOW_SAME_TARGET_SAME_SOURCE,3,3,0,1,PLDD-UP,1,Potato healthy,3,0,3,0,0,0,0
near_45bc628b50f06b012bdb,LOW_SAME_TARGET_SAME_SOURCE,3,3,0,1,PLDD-UP,1,Potato healthy,3,0,3,0,0,0,0
near_45c34393c04aa393e5a3,LOW_SAME_TARGET_SAME_SOURCE,2,2,0,1,PLDD-UP,1,Potato healthy,1,0,1,0,0,0,0
near_4615e28e3d9532bc3eb7,LOW_SAME_TARGET_SAME_SOURCE,2,2,0,1,Seasonal Corn Leaf Disease Dataset,1,Corn healthy,1,0,1,0,0,0,0
near_466d6cf9643efe9d4a42,LOW_SAME_TARGET_SAME_SOURCE,3,3,0,1,PLDD-UP,1,Potato Early blight,3,1,3,0,0,0,0
near_4670fa1b33ccf5ade4dc,LOW_SAME_TARGET_SAME_SOURCE,2,2,0,1,PLDD-UP,1,Potato healthy,1,0,1,0,0,0,0
near_468148747c0bef17b8f9,LOW_SAME_TARGET_SAME_SOURCE,2,2,0,1,PLDD-UP,1,Potato Early blight,1,2,1,0,0,0,0
near_4683d7acdfb1687fdcb3,LOW_SAME_TARGET_SAME_SOURCE,2,2,0,1,PLDD-UP,1,Potato Early blight,1,3,1,0,0,0,0
near_46865a210975b19337d1,LOW_SAME_TARGET_SAME_SOURCE,2,2,0,1,Seasonal Corn Leaf Disease Dataset,1,Corn healthy,1,0,1,0,0,0,0
near_469671e1bec178195e69,LOW_SAME_TARGET_SAME_SOURCE,2,2,0,1,PLDD-UP,1,Potato healthy,1,0,1,0,0,0,0
near_469e7542ce607797a882,LOW_SAME_TARGET_SAME_SOURCE,2,2,0,1,PLDD-UP,1,Potato healthy,1,1,1,0,0,0,0
near_46aaa12a415f450741d9,LOW_SAME_TARGET_SAME_SOURCE,2,2,0,1,Seasonal Corn Leaf Disease Dataset,1,Corn Cercospora leaf spot,1,0,1,0,0,0,0
near_46bae3492778b5c1dab6,DIFFERENT_TARGET,3,3,0,1,PLDD-UP,2,Potato Early blight | Potato healthy,3,0,1,0,2,0,0
near_46e0b22de43583a59506,LOW_SAME_TARGET_SAME_SOURCE,2,2,0,1,PLDD-UP,1,Potato healthy,1,0,1,0,0,0,0
near_46f5ad7cdb34a1eef011,LOW_SAME_TARGET_SAME_SOURCE,6,6,0,1,PLDD-UP,1,Potato healthy,15,0,15,0,0,0,0
near_4719c3f918364d40ff07,LOW_SAME_TARGET_SAME_SOURCE,3,3,0,1,PLDD-UP,1,Potato Early blight,2,2,2,0,0,0,0
near_472c451bd9a9095df055,LOW_SAME_TARGET_SAME_SOURCE,2,2,0,1,PLDD-UP,1,Potato Early blight,1,1,1,0,0,0,0
near_474e51270a88744ae6f6,LOW_SAME_TARGET_SAME_SOURCE,2,2,0,1,PLDD-UP,1,Potato healthy,1,0,1,0,0,0,0
near_476aaea80079bb4115de,LOW_SAME_TARGET_SAME_SOURCE,2,2,0,1,PLDD-UP,1,Potato healthy,1,3,1,0,0,0,0
near_476f2ea84faef14aaec0,LOW_SAME_TARGET_SAME_SOURCE,2,2,0,1,PLDD-UP,1,Potato healthy,1,0,1,0,0,0,0
near_47bd2f0e10c7836dcb73,LOW_SAME_TARGET_SAME_SOURCE,2,2,0,1,PLDD-UP,1,Potato healthy,1,0,1,0,0,0,0
near_47be169eb693c4e8d16c,LOW_SAME_TARGET_SAME_SOURCE,2,2,0,1,PLDD-UP,1,Potato healthy,1,0,1,0,0,0,0
near_47bfdc4259b85bee60a9,LOW_SAME_TARGET_SAME_SOURCE,2,2,0,1,PLDD-UP,1,Potato healthy,1,0,1,0,0,0,0
near_47c3535bb1c89a848079,LOW_SAME_TARGET_SAME_SOURCE,2,2,0,1,PLDD-UP,1,Potato healthy,1,0,1,0,0,0,0
near_47f4975863338fd36a54,LOW_SAME_TARGET_SAME_SOURCE,2,2,0,1,Seasonal Corn Leaf Disease Dataset,1,Corn Cercospora leaf spot,1,0,1,0,0,0,0
near_47f84dfd764df2fd2e66,LOW_SAME_TARGET_SAME_SOURCE,4,4,0,1,PLDD-UP,1,Potato Late blight,4,1,4,0,0,0,0
near_48000e10a6aeff551431,LOW_SAME_TARGET_SAME_SOURCE,2,2,0,1,PLDD-UP,1,Potato healthy,1,0,1,0,0,0,0
near_48104cda60beeee779c3,LOW_SAME_TARGET_SAME_SOURCE,2,2,0,1,PLDD-UP,1,Potato Late blight,1,3,1,0,0,0,0
near_483aed3578dea2ead464,LOW_SAME_TARGET_SAME_SOURCE,2,2,0,1,PLDD-UP,1,Potato healthy,1,0,1,0,0,0,0
near_483f63d8d517827ead78,LOW_SAME_TARGET_SAME_SOURCE,2,2,0,1,PLDD-UP,1,Potato healthy,1,0,1,0,0,0,0
near_484ab1c582d5121f0495,LOW_SAME_TARGET_SAME_SOURCE,2,2,0,1,PLDD-UP,1,Potato healthy,1,0,1,0,0,0,0
near_484e454fad90f1b347c7,LOW_SAME_TARGET_SAME_SOURCE,2,2,0,1,PLDD-UP,1,Potato healthy,1,0,1,0,0,0,0
near_4853ee866e384e43c592,LOW_SAME_TARGET_SAME_SOURCE,2,2,0,1,PLDD-UP,1,Potato healthy,1,0,1,0,0,0,0
near_485db00724e2ab8ea31f,LOW_SAME_TARGET_SAME_SOURCE,2,2,0,1,PLDD-UP,1,Potato healthy,1,0,1,0,0,0,0
near_486e57ae9177fb8a82f0,LOW_SAME_TARGET_SAME_SOURCE,2,2,0,1,PLDD-UP,1,Potato healthy,1,0,1,0,0,0,0
near_4876e9d7efc6fc951061,LOW_SAME_TARGET_SAME_SOURCE,2,2,0,1,PLDD-UP,1,Potato healthy,1,0,1,0,0,0,0
near_4876f8c575135ef6473e,LOW_SAME_TARGET_SAME_SOURCE,2,2,0,1,PLDD-UP,1,Potato healthy,1,0,1,0,0,0,0
near_48b45ea21d6a171bb379,LOW_SAME_TARGET_SAME_SOURCE,2,2,0,1,Seasonal Corn Leaf Disease Dataset,1,Corn healthy,1,0,1,0,0,0,0
near_48c76a41d5dda6618875,LOW_SAME_TARGET_SAME_SOURCE,2,2,0,1,PLDD-UP,1,Potato healthy,1,0,1,0,0,0,0
near_48d5ee317c2329d2357e,LOW_SAME_TARGET_SAME_SOURCE,2,2,0,1,PLDD-UP,1,Potato healthy,1,0,1,0,0,0,0
near_48dba6f123166bc03a3d,LOW_SAME_TARGET_SAME_SOURCE,2,2,0,1,Seasonal Corn Leaf Disease Dataset,1,Corn healthy,1,0,1,0,0,0,0
near_48f4511427704e5a9ef5,LOW_SAME_TARGET_SAME_SOURCE,2,2,0,1,PLDD-UP,1,Potato healthy,1,0,1,0,0,0,0
near_495644e85cc39e48698a,DIFFERENT_TARGET,2,2,0,1,PlantDoc,2,Potato Early blight | Tomato Early blight,1,1,0,0,1,0,0
near_495ec3f73092185818c0,LOW_SAME_TARGET_SAME_SOURCE,2,2,0,1,PLDD-UP,1,Potato healthy,1,0,1,0,0,0,0
near_497840cfc1e62cdbc351,LOW_SAME_TARGET_SAME_SOURCE,2,2,0,1,PLDD-UP,1,Potato healthy,1,0,1,0,0,0,0
near_49821f4bd5a9dcb0fa52,LOW_SAME_TARGET_SAME_SOURCE,2,2,0,1,PLDD-UP,1,Potato healthy,1,0,1,0,0,0,0
near_49aae90abb9b1560e43f,LOW_SAME_TARGET_SAME_SOURCE,2,2,0,1,Seasonal Corn Leaf Disease Dataset,1,Corn healthy,1,0,1,0,0,0,0
near_4a286e3d3260fc193f9e,LOW_SAME_TARGET_SAME_SOURCE,2,2,0,1,PLDD-UP,1,Potato healthy,1,1,1,0,0,0,0
near_4a2ab90834addf6266e9,LOW_SAME_TARGET_SAME_SOURCE,2,2,0,1,PLDD-UP,1,Potato healthy,1,0,1,0,0,0,0
near_4a3af076a1d4bd6a5ee4,LOW_SAME_TARGET_SAME_SOURCE,2,2,0,1,PLDD-UP,1,Potato healthy,1,0,1,0,0,0,0
near_4a3b07963ad3444ffe60,LOW_SAME_TARGET_SAME_SOURCE,2,2,0,1,PLDD-UP,1,Potato healthy,1,1,1,0,0,0,0
near_4a3d460fa513334ec657,LOW_SAME_TARGET_SAME_SOURCE,2,2,0,1,PLDD-UP,1,Potato healthy,1,0,1,0,0,0,0
near_4a3f9b8e1ebf2f6f9ba7,LOW_SAME_TARGET_SAME_SOURCE,2,2,0,1,PLDD-UP,1,Potato healthy,1,0,1,0,0,0,0
near_4a56f80377ba63e668a9,LOW_SAME_TARGET_SAME_SOURCE,2,2,0,1,PLDD-UP,1,Potato Early blight,1,4,1,0,0,0,0
near_4a7049ba3f1aa881a5d1,LOW_SAME_TARGET_SAME_SOURCE,2,2,0,1,PLDD-UP,1,Potato healthy,1,0,1,0,0,0,0
near_4a76340b4f7eda898e89,LOW_SAME_TARGET_SAME_SOURCE,4,4,0,1,PLDD-UP,1,Potato Early blight,6,0,6,0,0,0,0
near_4a9ae929bd26a3b3b2e9,LOW_SAME_TARGET_SAME_SOURCE,2,2,0,1,Seasonal Corn Leaf Disease Dataset,1,Corn healthy,1,0,1,0,0,0,0
near_4aa31fb221d7082aa01f,LOW_SAME_TARGET_SAME_SOURCE,2,2,0,1,PLDD-UP,1,Potato healthy,1,0,1,0,0,0,0
near_4ae4fad8538693cb5cfd,LOW_SAME_TARGET_SAME_SOURCE,2,2,0,1,PLDD-UP,1,Potato healthy,1,0,1,0,0,0,0
near_4b004811265d1b15c723,LOW_SAME_TARGET_SAME_SOURCE,2,2,0,1,PLDD-UP,1,Potato healthy,1,0,1,0,0,0,0
near_4b0b40ab8020fae63384,LOW_SAME_TARGET_SAME_SOURCE,2,2,0,1,Seasonal Corn Leaf Disease Dataset,1,Corn healthy,1,0,1,0,0,0,0
near_4b0fbf17b06ab2eb8cee,LOW_SAME_TARGET_SAME_SOURCE,2,2,0,1,PLDD-UP,1,Potato Early blight,1,2,1,0,0,0,0
near_4b28324087103b9763e0,LOW_SAME_TARGET_SAME_SOURCE,2,2,0,1,Seasonal Corn Leaf Disease Dataset,1,Corn healthy,1,0,1,0,0,0,0
near_4b7f7143897c6a32225b,LOW_SAME_TARGET_SAME_SOURCE,2,2,0,1,PLDD-UP,1,Potato healthy,1,0,1,0,0,0,0
near_4b92d9de0a766a1a4404,LOW_SAME_TARGET_SAME_SOURCE,2,2,0,1,PLDD-UP,1,Potato Late blight,1,2,1,0,0,0,0
near_4b97f72ad77df42c91c6,LOW_SAME_TARGET_SAME_SOURCE,2,2,0,1,PLDD-UP,1,Potato healthy,1,0,1,0,0,0,0
near_4bbc476d0389b8f35a3e,LOW_SAME_TARGET_SAME_SOURCE,2,2,0,1,PLDD-UP,1,Potato healthy,1,0,1,0,0,0,0
near_4bc3cfce6b1d3f131973,DIFFERENT_TARGET,3,3,0,1,PLDD-UP,2,Potato Early blight | Potato healthy,3,0,1,0,2,0,0
near_4bd6b963f665238f7c8c,LOW_SAME_TARGET_SAME_SOURCE,2,2,0,1,PLDD-UP,1,Potato Late blight,1,1,1,0,0,0,0
near_4c17ca2c7efb0bb7b040,LOW_SAME_TARGET_SAME_SOURCE,4,4,0,1,PLDD-UP,1,Potato healthy,4,2,4,0,0,0,0
near_4c18c3df28f9e10dc50d,LOW_SAME_TARGET_SAME_SOURCE,2,2,0,1,PLDD-UP,1,Potato Late blight,1,1,1,0,0,0,0
near_4c1a62ffe2ce2796edd7,LOW_SAME_TARGET_SAME_SOURCE,2,2,0,1,PLDD-UP,1,Potato Early blight,1,4,1,0,0,0,0
near_4c46710315915c5982f8,LOW_SAME_TARGET_SAME_SOURCE,2,2,0,1,PLDD-UP,1,Potato Late blight,1,4,1,0,0,0,0
near_4c765b8d6e416a931a1d,LOW_SAME_TARGET_SAME_SOURCE,2,2,0,1,PLDD-UP,1,Potato healthy,1,0,1,0,0,0,0
near_4cb20ba220e99e341d01,LOW_SAME_TARGET_SAME_SOURCE,4,4,0,1,PLDD-UP,1,Potato healthy,4,4,4,0,0,0,0
near_4cb9c3fd8ff5bcdbe6e6,LOW_SAME_TARGET_SAME_SOURCE,2,2,0,1,Seasonal Corn Leaf Disease Dataset,1,Corn healthy,1,2,1,0,0,0,0
near_4ce323e225734ef80363,LOW_SAME_TARGET_SAME_SOURCE,2,2,0,1,Seasonal Corn Leaf Disease Dataset,1,Corn healthy,1,0,1,0,0,0,0
near_4cecc66d62f4897adb25,LOW_SAME_TARGET_SAME_SOURCE,2,2,0,1,PLDD-UP,1,Potato healthy,1,0,1,0,0,0,0
near_4cf1041ca0e2d3b4a4e8,LOW_SAME_TARGET_SAME_SOURCE,2,2,0,1,Seasonal Corn Leaf Disease Dataset,1,Corn healthy,1,1,1,0,0,0,0
near_4d11bdd4a01bce72dd37,LOW_SAME_TARGET_SAME_SOURCE,2,2,0,1,PLDD-UP,1,Potato healthy,1,2,1,0,0,0,0
near_4d33d8adc2a5cd6c3658,DIFFERENT_TARGET,3,3,0,1,PLDD-UP,2,Potato Early blight | Potato Late blight,3,1,1,0,2,0,0
near_4d4423fba91ae7a170f1,LOW_SAME_TARGET_SAME_SOURCE,2,2,0,1,PLDD-UP,1,Potato healthy,1,0,1,0,0,0,0
near_4d636505e65a17d2490b,LOW_SAME_TARGET_SAME_SOURCE,2,2,0,1,PLDD-UP,1,Potato healthy,1,1,1,0,0,0,0
near_4d6e3b9e35badae2d2b1,LOW_SAME_TARGET_SAME_SOURCE,2,2,0,1,PLDD-UP,1,Potato Late blight,1,3,1,0,0,0,0
near_4d9150aa74e2e33e3a2c,LOW_SAME_TARGET_SAME_SOURCE,4,4,0,1,PLDD-UP,1,Potato Late blight,5,0,5,0,0,0,0
near_4d925eac2f1db17e30e1,LOW_SAME_TARGET_SAME_SOURCE,2,2,0,1,PLDD-UP,1,Potato Early blight,1,2,1,0,0,0,0
near_4dad6022b0b8b4ec4fe6,LOW_SAME_TARGET_SAME_SOURCE,2,2,0,1,PLDD-UP,1,Potato healthy,1,0,1,0,0,0,0
near_4db85388df77f560fc82,LOW_SAME_TARGET_SAME_SOURCE,2,2,0,1,PLDD-UP,1,Potato healthy,1,0,1,0,0,0,0
near_4dd4fbaafe8dd230d0cc,LOW_SAME_TARGET_SAME_SOURCE,2,2,0,1,PlantDoc,0,,1,3,0,0,0,0,1
near_4e2280c217af2db95228,LOW_SAME_TARGET_SAME_SOURCE,2,2,0,1,PLDD-UP,1,Potato healthy,1,0,1,0,0,0,0
near_4e36a282da927f64868e,LOW_SAME_TARGET_SAME_SOURCE,2,2,0,1,PLDD-UP,1,Potato healthy,1,0,1,0,0,0,0
near_4e3812e70c7a9548c20a,LOW_SAME_TARGET_SAME_SOURCE,2,2,0,1,PLDD-UP,1,Potato healthy,1,0,1,0,0,0,0
near_4e573f189b4bd6a502a1,LOW_SAME_TARGET_SAME_SOURCE,2,2,0,1,PLDD-UP,1,Potato healthy,1,0,1,0,0,0,0
near_4e840356d3c3a05bc334,LOW_SAME_TARGET_SAME_SOURCE,2,2,0,1,PLDD-UP,1,Potato healthy,1,1,1,0,0,0,0
near_4eb0a34b9d93ff072ac8,LOW_SAME_TARGET_SAME_SOURCE,3,3,0,1,PLDD-UP,1,Potato healthy,3,0,3,0,0,0,0
near_4eb4f8b06d6e7d21014c,LOW_SAME_TARGET_SAME_SOURCE,2,2,0,1,PLDD-UP,1,Potato healthy,1,0,1,0,0,0,0
near_4eeea59e9afb954fa5b9,LOW_SAME_TARGET_SAME_SOURCE,2,2,0,1,PLDD-UP,1,Potato healthy,1,0,1,0,0,0,0
near_4efb8baea7618611172a,LOW_SAME_TARGET_SAME_SOURCE,4,4,0,1,PLDD-UP,1,Potato healthy,6,0,6,0,0,0,0
near_4f0b4b7df4a66f157d92,LOW_SAME_TARGET_SAME_SOURCE,2,2,0,1,PLDD-UP,1,Potato healthy,1,0,1,0,0,0,0
near_4f0b9068a9191c52b43a,LOW_SAME_TARGET_SAME_SOURCE,2,2,0,1,Seasonal Corn Leaf Disease Dataset,1,Corn Cercospora leaf spot,1,0,1,0,0,0,0
near_4fd6cc209e53571e193a,LOW_SAME_TARGET_SAME_SOURCE,2,2,0,1,PLDD-UP,1,Potato healthy,1,0,1,0,0,0,0
near_4fdd242ab56b09eee8b8,LOW_SAME_TARGET_SAME_SOURCE,2,2,0,1,PLDD-UP,1,Potato Late blight,1,4,1,0,0,0,0
near_50045c005be01e0c5bc8,LOW_SAME_TARGET_SAME_SOURCE,2,2,0,1,PLDD-UP,1,Potato healthy,1,1,1,0,0,0,0
near_5068df66cd5fd89d1f3c,LOW_SAME_TARGET_SAME_SOURCE,2,2,0,1,PLDD-UP,1,Potato Late blight,1,1,1,0,0,0,0
near_50913d6e3569e1974709,LOW_SAME_TARGET_SAME_SOURCE,2,2,0,1,PLDD-UP,1,Potato healthy,1,0,1,0,0,0,0
near_50ac12c0532b318c16fa,LOW_SAME_TARGET_SAME_SOURCE,2,2,0,1,PLDD-UP,1,Potato healthy,1,3,1,0,0,0,0
near_50cdc63848dcc3aae3f5,LOW_SAME_TARGET_SAME_SOURCE,2,2,0,1,PLDD-UP,1,Potato Late blight,1,3,1,0,0,0,0
near_5109624955de59a4a76c,LOW_SAME_TARGET_SAME_SOURCE,4,4,0,1,PLDD-UP,1,Potato Late blight,3,4,3,0,0,0,0
near_51236f976c737639555b,LOW_SAME_TARGET_SAME_SOURCE,2,2,0,1,PLDD-UP,1,Potato healthy,1,0,1,0,0,0,0
near_513474242fe3bf32db5c,LOW_SAME_TARGET_SAME_SOURCE,2,2,0,1,PLDD-UP,1,Potato healthy,1,0,1,0,0,0,0
near_51368e2250a90911636b,LOW_SAME_TARGET_SAME_SOURCE,2,2,0,1,Seasonal Corn Leaf Disease Dataset,1,Corn healthy,1,0,1,0,0,0,0
near_5139dc0ba17d4fe7692c,LOW_SAME_TARGET_SAME_SOURCE,2,2,0,1,PLDD-UP,1,Potato healthy,1,0,1,0,0,0,0
near_513f632daca909b43d16,LOW_SAME_TARGET_SAME_SOURCE,2,2,0,1,PLDD-UP,1,Potato healthy,1,0,1,0,0,0,0
near_5141f2951374adb235de,LOW_SAME_TARGET_SAME_SOURCE,2,2,0,1,PLDD-UP,1,Potato healthy,1,0,1,0,0,0,0
near_514c438c2de733fc536c,LOW_SAME_TARGET_SAME_SOURCE,2,2,0,1,PLDD-UP,1,Potato Late blight,1,3,1,0,0,0,0
near_5174a84e138fcc9be381,LOW_SAME_TARGET_SAME_SOURCE,2,2,0,1,PLDD-UP,1,Potato healthy,1,0,1,0,0,0,0
near_517c317b20fd560f926d,LOW_SAME_TARGET_SAME_SOURCE,2,2,0,1,Seasonal Corn Leaf Disease Dataset,1,Corn healthy,1,1,1,0,0,0,0
near_518d58899ca5201525da,LOW_SAME_TARGET_SAME_SOURCE,2,2,0,1,PLDD-UP,1,Potato healthy,1,1,1,0,0,0,0
near_5191bcd2fc38b8e0eb0e,LOW_SAME_TARGET_SAME_SOURCE,2,2,0,1,PLDD-UP,1,Potato healthy,1,0,1,0,0,0,0
near_51a13be6877eb2458a78,LOW_SAME_TARGET_SAME_SOURCE,2,2,0,1,PLDD-UP,1,Potato healthy,1,0,1,0,0,0,0
near_51b44f5f0d2c08dd3c0c,LOW_SAME_TARGET_SAME_SOURCE,5,5,0,1,PLDD-UP,1,Potato Late blight,10,1,10,0,0,0,0
near_51cc052d7c9a2a5fee69,LOW_SAME_TARGET_SAME_SOURCE,2,2,0,1,PLDD-UP,1,Potato Late blight,1,2,1,0,0,0,0
near_51dd5e1e2b98197edd56,LOW_SAME_TARGET_SAME_SOURCE,2,2,0,1,PLDD-UP,1,Potato healthy,1,0,1,0,0,0,0
near_51edd82c4496cb8e58b7,LOW_SAME_TARGET_SAME_SOURCE,2,2,0,1,PLDD-UP,1,Potato Late blight,1,3,1,0,0,0,0
near_5225a73450a7f8057008,LOW_SAME_TARGET_SAME_SOURCE,2,2,0,1,PLDD-UP,1,Potato healthy,1,0,1,0,0,0,0
near_5240c20e40865bf98109,LOW_SAME_TARGET_SAME_SOURCE,2,2,0,1,Seasonal Corn Leaf Disease Dataset,1,Corn healthy,1,0,1,0,0,0,0
near_5246bb8e5fb09c93c476,LOW_SAME_TARGET_SAME_SOURCE,2,2,0,1,Seasonal Corn Leaf Disease Dataset,1,Corn healthy,1,1,1,0,0,0,0
near_5248924b97e3e80322fc,LOW_SAME_TARGET_SAME_SOURCE,2,2,0,1,Seasonal Corn Leaf Disease Dataset,1,Corn healthy,1,1,1,0,0,0,0
near_525251434766ae671d8d,LOW_SAME_TARGET_SAME_SOURCE,2,2,0,1,PLDD-UP,1,Potato Early blight,1,2,1,0,0,0,0
near_5260cba0eec1c7339c64,LOW_SAME_TARGET_SAME_SOURCE,2,2,0,1,Seasonal Corn Leaf Disease Dataset,1,Corn healthy,1,0,1,0,0,0,0
near_526d99d6c79fe6123689,LOW_SAME_TARGET_SAME_SOURCE,2,2,0,1,PLDD-UP,1,Potato healthy,1,0,1,0,0,0,0
near_5273dbd970f9477dcb14,LOW_SAME_TARGET_SAME_SOURCE,2,2,0,1,PLDD-UP,1,Potato Late blight,1,3,1,0,0,0,0
near_52b4bacf34fde5ce9d30,LOW_SAME_TARGET_SAME_SOURCE,2,2,0,1,PLDD-UP,1,Potato healthy,1,0,1,0,0,0,0
near_52e6ebc29ae1b14f16a7,DIFFERENT_TARGET,3,3,0,1,PLDD-UP,2,Potato Early blight | Potato healthy,3,0,1,0,2,0,0
near_52fb5afd6cb23b9eb041,LOW_SAME_TARGET_SAME_SOURCE,2,2,0,1,PLDD-UP,1,Potato healthy,1,0,1,0,0,0,0
near_52fef819add481565bf3,LOW_SAME_TARGET_SAME_SOURCE,2,2,0,1,Seasonal Corn Leaf Disease Dataset,1,Corn Cercospora leaf spot,1,0,1,0,0,0,0
near_530166c23b69c2255db1,LOW_SAME_TARGET_SAME_SOURCE,2,2,0,1,Seasonal Corn Leaf Disease Dataset,1,Corn healthy,1,2,1,0,0,0,0
near_53419c8ec32d8200dc6e,LOW_SAME_TARGET_SAME_SOURCE,2,2,0,1,Seasonal Corn Leaf Disease Dataset,1,Corn healthy,1,1,1,0,0,0,0
near_5346fbf98cff57d1a674,LOW_SAME_TARGET_SAME_SOURCE,2,2,0,1,PLDD-UP,1,Potato Late blight,1,4,1,0,0,0,0
near_53472615c6de8ba6a697,LOW_SAME_TARGET_SAME_SOURCE,2,2,0,1,Seasonal Corn Leaf Disease Dataset,1,Corn healthy,1,0,1,0,0,0,0
near_534d9df97db5931e9614,LOW_SAME_TARGET_SAME_SOURCE,2,2,0,1,PlantDoc,0,,1,0,0,0,0,0,1
near_53a0bb2dc89eea74a877,LOW_SAME_TARGET_SAME_SOURCE,2,2,0,1,Seasonal Corn Leaf Disease Dataset,1,Corn healthy,1,0,1,0,0,0,0
near_53baada49f08ac836d0a,LOW_SAME_TARGET_SAME_SOURCE,2,2,0,1,Seasonal Corn Leaf Disease Dataset,1,Corn healthy,1,0,1,0,0,0,0
near_53f59a2188f11c36977e,LOW_SAME_TARGET_SAME_SOURCE,2,2,0,1,PLDD-UP,1,Potato healthy,1,0,1,0,0,0,0
near_541103ef8e000ade62fa,LOW_SAME_TARGET_SAME_SOURCE,2,2,0,1,PLDD-UP,1,Potato healthy,1,1,1,0,0,0,0
near_5449b6cc8c3e15e40686,LOW_SAME_TARGET_SAME_SOURCE,2,2,0,1,PLDD-UP,1,Potato Late blight,1,2,1,0,0,0,0
near_545644088ce5547ee6be,LOW_SAME_TARGET_SAME_SOURCE,2,2,0,1,Seasonal Corn Leaf Disease Dataset,1,Corn Cercospora leaf spot,1,0,1,0,0,0,0
near_5467ce3354aa01b364d9,LOW_SAME_TARGET_SAME_SOURCE,2,2,0,1,Seasonal Corn Leaf Disease Dataset,1,Corn healthy,1,0,1,0,0,0,0
near_546e2ee221fe4e8b2265,LOW_SAME_TARGET_SAME_SOURCE,2,2,0,1,PLDD-UP,1,Potato healthy,1,0,1,0,0,0,0
near_548be12cbd765420a296,LOW_SAME_TARGET_SAME_SOURCE,8,8,0,1,PLDD-UP,1,Potato healthy,28,0,28,0,0,0,0
near_54938a696ce1bc74733a,LOW_SAME_TARGET_SAME_SOURCE,2,2,0,1,PLDD-UP,1,Potato Early blight,1,4,1,0,0,0,0
near_54ade5925e4c9a88ba47,LOW_SAME_TARGET_SAME_SOURCE,2,2,0,1,Seasonal Corn Leaf Disease Dataset,1,Corn healthy,1,0,1,0,0,0,0
near_54ba623d8f5ce15b57c7,LOW_SAME_TARGET_SAME_SOURCE,2,2,0,1,PLDD-UP,1,Potato healthy,1,0,1,0,0,0,0
near_54cdf6942d3ac99e1705,LOW_SAME_TARGET_SAME_SOURCE,2,2,0,1,PLDD-UP,1,Potato healthy,1,0,1,0,0,0,0
near_54dd6a01e21becc9ceb6,LOW_SAME_TARGET_SAME_SOURCE,2,2,0,1,PLDD-UP,1,Potato Late blight,1,4,1,0,0,0,0
near_54e253592ff4add1d3ba,LOW_SAME_TARGET_SAME_SOURCE,2,2,0,1,PLDD-UP,1,Potato healthy,1,0,1,0,0,0,0
near_5508289879bfb4b4db6e,LOW_SAME_TARGET_SAME_SOURCE,2,2,0,1,PLDD-UP,1,Potato Late blight,1,2,1,0,0,0,0
near_554403a6e6c7a70ec5a8,LOW_SAME_TARGET_SAME_SOURCE,2,2,0,1,PLDD-UP,1,Potato healthy,1,0,1,0,0,0,0
near_5544089b237f61cd0f95,LOW_SAME_TARGET_SAME_SOURCE,3,3,0,1,PLDD-UP,1,Potato healthy,3,0,3,0,0,0,0
near_55586113e1b7ed90f48d,LOW_SAME_TARGET_SAME_SOURCE,3,3,0,1,PLDD-UP,1,Potato Late blight,3,2,3,0,0,0,0
near_55805a0d9e75b8fe9156,LOW_SAME_TARGET_SAME_SOURCE,4,4,0,1,PLDD-UP,1,Potato healthy,4,0,4,0,0,0,0
near_558c91537781d83a7c63,LOW_SAME_TARGET_SAME_SOURCE,3,3,0,1,PLDD-UP,1,Potato Late blight,2,2,2,0,0,0,0
near_5614d3a68e293cfaa201,LOW_SAME_TARGET_SAME_SOURCE,2,2,0,1,PLDD-UP,1,Potato healthy,1,0,1,0,0,0,0
near_56212897bf2d88debe66,LOW_SAME_TARGET_SAME_SOURCE,2,2,0,1,PLDD-UP,1,Potato healthy,1,0,1,0,0,0,0
near_56330608db1bf0a7a032,LOW_SAME_TARGET_SAME_SOURCE,2,2,0,1,PLDD-UP,1,Potato healthy,1,0,1,0,0,0,0
near_5650e974a015d4a5199a,LOW_SAME_TARGET_SAME_SOURCE,2,2,0,1,PLDD-UP,1,Potato Early blight,1,4,1,0,0,0,0
near_56867e934f33baf8ca09,LOW_SAME_TARGET_SAME_SOURCE,2,2,0,1,PLDD-UP,1,Potato healthy,1,0,1,0,0,0,0
near_56c72e2eaf0b9fd65cd0,LOW_SAME_TARGET_SAME_SOURCE,2,2,0,1,PLDD-UP,1,Potato healthy,1,3,1,0,0,0,0
near_56c9b2e8a1e91155a0c8,LOW_SAME_TARGET_SAME_SOURCE,3,3,0,1,PLDD-UP,1,Potato Early blight,3,1,3,0,0,0,0
near_56cad548395e962c6ed5,LOW_SAME_TARGET_SAME_SOURCE,2,2,0,1,PLDD-UP,1,Potato healthy,1,0,1,0,0,0,0
near_56e2caa9a9311fe1d677,LOW_SAME_TARGET_SAME_SOURCE,3,3,0,1,PLDD-UP,1,Potato healthy,3,0,3,0,0,0,0
near_576a413e9f329260ba48,LOW_SAME_TARGET_SAME_SOURCE,2,2,0,1,PLDD-UP,1,Potato Late blight,1,1,1,0,0,0,0
near_57f5b7f43c32fba2090c,LOW_SAME_TARGET_SAME_SOURCE,2,2,0,1,PLDD-UP,1,Potato healthy,1,0,1,0,0,0,0
near_582e0cb71d76d7fe7074,LOW_SAME_TARGET_SAME_SOURCE,2,2,0,1,PLDD-UP,1,Potato Late blight,1,4,1,0,0,0,0
near_5855464492aa0d124388,LOW_SAME_TARGET_SAME_SOURCE,2,2,0,1,PLDD-UP,1,Potato healthy,1,0,1,0,0,0,0
near_589044fc2aaa4a5a689c,LOW_SAME_TARGET_SAME_SOURCE,3,3,0,1,PLDD-UP,1,Potato Late blight,3,0,3,0,0,0,0
near_58c95b8659f8c9ad7d22,LOW_SAME_TARGET_SAME_SOURCE,4,4,0,1,PLDD-UP,1,Potato healthy,6,0,6,0,0,0,0
near_58e8202795bb0bd9ac9e,LOW_SAME_TARGET_SAME_SOURCE,2,2,0,1,PLDD-UP,1,Potato Late blight,1,3,1,0,0,0,0
near_58eaa11db37d5b4f28cf,LOW_SAME_TARGET_SAME_SOURCE,3,3,0,1,PLDD-UP,1,Potato Late blight,2,2,2,0,0,0,0
near_59506435598b809b4fa7,LOW_SAME_TARGET_SAME_SOURCE,2,2,0,1,Seasonal Corn Leaf Disease Dataset,1,Corn healthy,1,1,1,0,0,0,0
near_59541374c21d675a8584,LOW_SAME_TARGET_SAME_SOURCE,2,2,0,1,PLDD-UP,1,Potato healthy,1,0,1,0,0,0,0
near_59664b0107c6acf370fe,LOW_SAME_TARGET_SAME_SOURCE,2,2,0,1,PLDD-UP,1,Potato healthy,1,0,1,0,0,0,0
near_5993937a023133e18d92,LOW_SAME_TARGET_SAME_SOURCE,2,2,0,1,Seasonal Corn Leaf Disease Dataset,1,Corn healthy,1,0,1,0,0,0,0
near_599c8e9534d67d73c03e,LOW_SAME_TARGET_SAME_SOURCE,2,2,0,1,PLDD-UP,1,Potato healthy,1,0,1,0,0,0,0
near_59f73b1376ab5fed1b2c,LOW_SAME_TARGET_SAME_SOURCE,3,3,0,1,PLDD-UP,1,Potato healthy,3,0,3,0,0,0,0
near_5a0300ee14de7ababffa,LOW_SAME_TARGET_SAME_SOURCE,2,2,0,1,PLDD-UP,1,Potato healthy,1,0,1,0,0,0,0
near_5a15ab4d690b34f2ee3f,LOW_SAME_TARGET_SAME_SOURCE,2,2,0,1,PLDD-UP,1,Potato healthy,1,0,1,0,0,0,0
near_5a1b90e326d3677492bd,LOW_SAME_TARGET_SAME_SOURCE,2,2,0,1,Seasonal Corn Leaf Disease Dataset,1,Corn healthy,1,1,1,0,0,0,0
near_5a1ec8976299da892a13,LOW_SAME_TARGET_SAME_SOURCE,2,2,0,1,PLDD-UP,1,Potato Late blight,1,3,1,0,0,0,0
near_5a394daad5ab00c68448,LOW_SAME_TARGET_SAME_SOURCE,2,2,0,1,Seasonal Corn Leaf Disease Dataset,1,Corn healthy,1,0,1,0,0,0,0
near_5a3aee7e9dcd74177e69,LOW_SAME_TARGET_SAME_SOURCE,4,4,0,1,PLDD-UP,1,Potato healthy,6,0,6,0,0,0,0
near_5a4b02948aca34f01ae6,LOW_SAME_TARGET_SAME_SOURCE,2,2,0,1,PLDD-UP,1,Potato healthy,1,2,1,0,0,0,0
near_5a65e7bb27d5b34e5206,LOW_SAME_TARGET_SAME_SOURCE,2,2,0,1,PLDD-UP,1,Potato healthy,1,4,1,0,0,0,0
near_5a84505557ea4cccc598,LOW_SAME_TARGET_SAME_SOURCE,2,2,0,1,PLDD-UP,1,Potato healthy,1,3,1,0,0,0,0
near_5b230b8bee24a5f97ae7,LOW_SAME_TARGET_SAME_SOURCE,2,2,0,1,PLDD-UP,1,Potato healthy,1,0,1,0,0,0,0
near_5b5f279cd299e1e6ee6c,TRAIN_TO_LOCKED_BENCHMARK,2,1,1,1,PlantDoc,1,Tomato Late blight,1,0,0,0,0,1,0
near_5b9155b62a877a75e031,LOW_SAME_TARGET_SAME_SOURCE,2,2,0,1,Seasonal Corn Leaf Disease Dataset,1,Corn healthy,1,0,1,0,0,0,0
near_5ba4e2e3ebbdfb5ff647,LOW_SAME_TARGET_SAME_SOURCE,2,2,0,1,PLDD-UP,1,Potato healthy,1,0,1,0,0,0,0
near_5be417ec87d7a443235e,LOW_SAME_TARGET_SAME_SOURCE,2,2,0,1,Seasonal Corn Leaf Disease Dataset,1,Corn healthy,1,3,1,0,0,0,0
near_5be6e6ef56e6efc74d32,LOW_SAME_TARGET_SAME_SOURCE,2,2,0,1,PLDD-UP,1,Potato healthy,1,0,1,0,0,0,0
near_5bfc6bc4bb18d9ff369f,LOW_SAME_TARGET_SAME_SOURCE,2,2,0,1,PLDD-UP,1,Potato healthy,1,0,1,0,0,0,0
near_5c0099e360c1c1b69d1e,LOW_SAME_TARGET_SAME_SOURCE,2,2,0,1,PLDD-UP,1,Potato healthy,1,0,1,0,0,0,0
near_5c12145a2489e40132d4,LOW_SAME_TARGET_SAME_SOURCE,2,2,0,1,PLDD-UP,1,Potato healthy,1,0,1,0,0,0,0
near_5c5a390c04bb69ebb498,LOW_SAME_TARGET_SAME_SOURCE,2,2,0,1,PLDD-UP,1,Potato Late blight,1,1,1,0,0,0,0
near_5c8051a14fbc0fde78a3,DIFFERENT_TARGET,3,3,0,1,PLDD-UP,2,Potato Early blight | Potato healthy,3,0,1,0,2,0,0
near_5c911ac036c24e6d07fc,LOW_SAME_TARGET_SAME_SOURCE,2,2,0,1,PLDD-UP,1,Potato Late blight,1,4,1,0,0,0,0
near_5ca312f8f636a5b1c3c4,LOW_SAME_TARGET_SAME_SOURCE,2,2,0,1,Seasonal Corn Leaf Disease Dataset,1,Corn healthy,1,1,1,0,0,0,0
near_5cae342412c352bc5211,LOW_SAME_TARGET_SAME_SOURCE,2,2,0,1,PLDD-UP,1,Potato healthy,1,0,1,0,0,0,0
near_5ce7e60f3994183828d8,LOW_SAME_TARGET_SAME_SOURCE,2,2,0,1,Seasonal Corn Leaf Disease Dataset,1,Corn healthy,1,0,1,0,0,0,0
near_5d01694fa947ccb7c986,LOW_SAME_TARGET_SAME_SOURCE,2,2,0,1,Seasonal Corn Leaf Disease Dataset,1,Corn healthy,1,0,1,0,0,0,0
near_5d16e544b071933af730,LOW_SAME_TARGET_SAME_SOURCE,2,2,0,1,PLDD-UP,1,Potato healthy,1,0,1,0,0,0,0
near_5d1815de79c940b6ff04,LOW_SAME_TARGET_SAME_SOURCE,2,2,0,1,PlantDoc,1,Tomato Septoria leaf spot,1,0,1,0,0,0,0
near_5d744d5862ee603afc89,LOW_SAME_TARGET_SAME_SOURCE,2,2,0,1,PLDD-UP,1,Potato healthy,1,1,1,0,0,0,0
near_5d92273d5c73cd623ca4,LOW_SAME_TARGET_SAME_SOURCE,2,2,0,1,PLDD-UP,1,Potato healthy,1,0,1,0,0,0,0
near_5db40472d5d3e89e0d47,DIFFERENT_TARGET,2,2,0,1,PlantDoc,2,Potato Late blight | Tomato Late blight,1,0,0,0,1,0,0
near_5dc3f989e199f8f356a0,LOW_SAME_TARGET_SAME_SOURCE,2,2,0,1,PLDD-UP,1,Potato healthy,1,0,1,0,0,0,0
near_5dc8ac6d36dc7b126f68,LOW_SAME_TARGET_SAME_SOURCE,2,2,0,1,PLDD-UP,1,Potato healthy,1,0,1,0,0,0,0
near_5dcb47c8dc3e92d32b81,LOW_SAME_TARGET_SAME_SOURCE,2,2,0,1,Seasonal Corn Leaf Disease Dataset,1,Corn healthy,1,0,1,0,0,0,0
near_5e346855a61367504afc,LOW_SAME_TARGET_SAME_SOURCE,2,2,0,1,Seasonal Corn Leaf Disease Dataset,1,Corn healthy,1,1,1,0,0,0,0
near_5e4880b7a89628b5551e,LOW_SAME_TARGET_SAME_SOURCE,2,2,0,1,PLDD-UP,1,Potato healthy,1,0,1,0,0,0,0
near_5e904dcd728ed3b90623,LOW_SAME_TARGET_SAME_SOURCE,2,2,0,1,PLDD-UP,1,Potato Late blight,1,4,1,0,0,0,0
near_5e984248f7ca177c5f27,LOW_SAME_TARGET_SAME_SOURCE,4,4,0,1,PLDD-UP,1,Potato Early blight,4,3,4,0,0,0,0
near_5ea4399105d475727248,LOW_SAME_TARGET_SAME_SOURCE,2,2,0,1,PLDD-UP,1,Potato Early blight,1,3,1,0,0,0,0
near_5eb2ba15ca6d322a2e55,LOW_SAME_TARGET_SAME_SOURCE,4,4,0,1,PLDD-UP,1,Potato healthy,4,0,4,0,0,0,0
near_5eea8c96a4f7cc22bdbc,LOW_SAME_TARGET_SAME_SOURCE,2,2,0,1,PLDD-UP,1,Potato healthy,1,0,1,0,0,0,0
near_5ef0354451626bab72c8,LOW_SAME_TARGET_SAME_SOURCE,2,2,0,1,PLDD-UP,1,Potato healthy,1,0,1,0,0,0,0
near_5f01239c26d911a53e21,LOW_SAME_TARGET_SAME_SOURCE,2,2,0,1,PLDD-UP,1,Potato healthy,1,2,1,0,0,0,0
near_5f13d523f87296c6e851,LOW_SAME_TARGET_SAME_SOURCE,2,2,0,1,PLDD-UP,1,Potato healthy,1,0,1,0,0,0,0
near_5f3f7cffc6f3be1638c3,LOW_SAME_TARGET_SAME_SOURCE,2,2,0,1,Seasonal Corn Leaf Disease Dataset,1,Corn healthy,1,0,1,0,0,0,0
near_5f70f0a4dcbf830946eb,LOW_SAME_TARGET_SAME_SOURCE,2,2,0,1,PLDD-UP,1,Potato healthy,1,0,1,0,0,0,0
near_5f791a30c20f19932dcb,LOW_SAME_TARGET_SAME_SOURCE,3,3,0,1,PLDD-UP,1,Potato Late blight,3,2,3,0,0,0,0
near_5f96123ed63d11bdf0e5,LOW_SAME_TARGET_SAME_SOURCE,2,2,0,1,PLDD-UP,1,Potato healthy,1,0,1,0,0,0,0
near_5fc4d4a8a4e49c328ec5,LOW_SAME_TARGET_SAME_SOURCE,2,2,0,1,PLDD-UP,1,Potato Early blight,1,3,1,0,0,0,0
near_6014020dadf55b18053b,LOW_SAME_TARGET_SAME_SOURCE,2,2,0,1,PLDD-UP,1,Potato healthy,1,0,1,0,0,0,0
near_603c12752423c2d54069,LOW_SAME_TARGET_SAME_SOURCE,3,3,0,1,PLDD-UP,1,Potato Late blight,2,3,2,0,0,0,0
near_604129df39a21e765fa6,LOW_SAME_TARGET_SAME_SOURCE,2,2,0,1,PlantDoc,1,Tomato Septoria leaf spot,1,2,1,0,0,0,0
near_60477af7f1b6c3801eb1,DIFFERENT_TARGET,5,5,0,1,PLDD-UP,2,Potato Early blight | Potato Late blight,4,2,3,0,1,0,0
near_60740f319c66b5334321,LOW_SAME_TARGET_SAME_SOURCE,2,2,0,1,Seasonal Corn Leaf Disease Dataset,1,Corn Cercospora leaf spot,1,0,1,0,0,0,0
near_6075010e65af104a76ef,LOW_SAME_TARGET_SAME_SOURCE,2,2,0,1,PLDD-UP,1,Potato healthy,1,0,1,0,0,0,0
near_60758d8f1be7d54d7300,LOW_SAME_TARGET_SAME_SOURCE,2,2,0,1,PLDD-UP,1,Potato healthy,1,0,1,0,0,0,0
near_608dc0384b22a959ee8c,LOW_SAME_TARGET_SAME_SOURCE,2,2,0,1,PLDD-UP,1,Potato healthy,1,0,1,0,0,0,0
near_60d4b630520eb28a12e0,LOW_SAME_TARGET_SAME_SOURCE,2,2,0,1,PLDD-UP,1,Potato healthy,1,0,1,0,0,0,0
near_60fdb6782f3935cedf1c,LOW_SAME_TARGET_SAME_SOURCE,2,2,0,1,Seasonal Corn Leaf Disease Dataset,1,Corn healthy,1,0,1,0,0,0,0
near_610cc4041eb59f346f51,LOW_SAME_TARGET_SAME_SOURCE,3,3,0,1,PLDD-UP,1,Potato Late blight,2,3,2,0,0,0,0
near_611aabe7bf0decb7d140,LOW_SAME_TARGET_SAME_SOURCE,4,4,0,1,PLDD-UP,1,Potato healthy,6,0,6,0,0,0,0
near_613333d2d42029497dba,LOW_SAME_TARGET_SAME_SOURCE,2,2,0,1,PLDD-UP,1,Potato healthy,1,0,1,0,0,0,0
near_6144a1ec318c79ee3dba,LOW_SAME_TARGET_SAME_SOURCE,4,4,0,1,PLDD-UP,1,Potato Early blight,6,2,6,0,0,0,0
near_614f2c34f1b2233a785b,LOW_SAME_TARGET_SAME_SOURCE,2,2,0,1,PLDD-UP,1,Potato healthy,1,0,1,0,0,0,0
near_6174d7104da6980ef18e,LOW_SAME_TARGET_SAME_SOURCE,2,2,0,1,PLDD-UP,1,Potato Early blight,1,0,1,0,0,0,0
near_61eee50347b79b5a31c2,LOW_SAME_TARGET_SAME_SOURCE,2,2,0,1,PLDD-UP,1,Potato Late blight,1,1,1,0,0,0,0
near_6212b5104a2bb345fde6,LOW_SAME_TARGET_SAME_SOURCE,2,2,0,1,Seasonal Corn Leaf Disease Dataset,1,Corn healthy,1,1,1,0,0,0,0
near_623d7916b7c2dce7eae1,LOW_SAME_TARGET_SAME_SOURCE,2,2,0,1,PLDD-UP,1,Potato healthy,1,1,1,0,0,0,0
near_6258205e92ad6a6eb5c1,LOW_SAME_TARGET_SAME_SOURCE,2,2,0,1,Seasonal Corn Leaf Disease Dataset,1,Corn healthy,1,0,1,0,0,0,0
near_628d3f2b6cec364eb0b8,LOW_SAME_TARGET_SAME_SOURCE,3,3,0,1,PLDD-UP,1,Potato Early blight,3,2,3,0,0,0,0
near_62a33cdcca5e433e3719,LOW_SAME_TARGET_SAME_SOURCE,2,2,0,1,Seasonal Corn Leaf Disease Dataset,1,Corn Cercospora leaf spot,1,0,1,0,0,0,0
near_62b84f6edec61c8fe61c,LOW_SAME_TARGET_SAME_SOURCE,2,2,0,1,PLDD-UP,1,Potato healthy,1,0,1,0,0,0,0
near_62c75333cac3e8b53e7b,LOW_SAME_TARGET_SAME_SOURCE,3,3,0,1,PLDD-UP,1,Potato healthy,3,0,3,0,0,0,0
near_62cce755ab7e484be3e3,LOW_SAME_TARGET_SAME_SOURCE,2,2,0,1,PLDD-UP,1,Potato Late blight,1,3,1,0,0,0,0
near_62dc794ac188e2f06559,LOW_SAME_TARGET_SAME_SOURCE,2,2,0,1,PLDD-UP,1,Potato Late blight,1,2,1,0,0,0,0
near_62f2153d72fb8a7a49b8,LOW_SAME_TARGET_SAME_SOURCE,3,3,0,1,PLDD-UP,1,Potato Early blight,2,2,2,0,0,0,0
near_63299473861423e6fd01,LOW_SAME_TARGET_SAME_SOURCE,2,2,0,1,PLDD-UP,1,Potato healthy,1,0,1,0,0,0,0
near_632d3cca35155b706283,LOW_SAME_TARGET_SAME_SOURCE,4,4,0,1,PLDD-UP,1,Potato healthy,4,4,4,0,0,0,0
near_6332fc3dd0c0bd2d04a6,LOW_SAME_TARGET_SAME_SOURCE,2,2,0,1,PLDD-UP,1,Potato healthy,1,0,1,0,0,0,0
near_6343aa6bb5c21c61fa59,LOW_SAME_TARGET_SAME_SOURCE,2,2,0,1,PLDD-UP,1,Potato healthy,1,0,1,0,0,0,0
near_635119ca28c90c33fcef,LOW_SAME_TARGET_SAME_SOURCE,5,5,0,1,PLDD-UP,1,Potato Late blight,5,2,5,0,0,0,0
near_6370ac4ef39a0819e00e,LOW_SAME_TARGET_SAME_SOURCE,2,2,0,1,PLDD-UP,1,Potato healthy,1,0,1,0,0,0,0
near_6372769fbac7cffcc53c,LOW_SAME_TARGET_SAME_SOURCE,2,2,0,1,Seasonal Corn Leaf Disease Dataset,1,Corn healthy,1,0,1,0,0,0,0
near_639c5b66a6929cd43e99,LOW_SAME_TARGET_SAME_SOURCE,2,2,0,1,PLDD-UP,1,Potato healthy,1,1,1,0,0,0,0
near_63a69bf5a5c4615e69ef,LOW_SAME_TARGET_SAME_SOURCE,2,2,0,1,PlantDoc,1,Squash Powdery mildew,1,0,1,0,0,0,0
near_63afcc68ed28a4d9dfca,LOW_SAME_TARGET_SAME_SOURCE,2,2,0,1,PLDD-UP,1,Potato healthy,1,0,1,0,0,0,0
near_63c4e31dde097013bf37,LOW_SAME_TARGET_SAME_SOURCE,2,2,0,1,Seasonal Corn Leaf Disease Dataset,1,Corn healthy,1,0,1,0,0,0,0
near_63cc81d2f436ce6b2be8,DIFFERENT_TARGET,4,4,0,1,Seasonal Corn Leaf Disease Dataset,2,Corn Cercospora leaf spot | Corn healthy,5,0,2,0,3,0,0
near_6431e406f3b7e83134f9,LOW_SAME_TARGET_SAME_SOURCE,2,2,0,1,PlantDoc,0,,1,2,0,0,0,0,1
near_644caa5a7f214ea17bf3,LOW_SAME_TARGET_SAME_SOURCE,2,2,0,1,PLDD-UP,1,Potato healthy,1,0,1,0,0,0,0
near_6479c405df452536fa25,DIFFERENT_TARGET,2,2,0,1,PLDD-UP,2,Potato Early blight | Potato Late blight,1,4,0,0,1,0,0
near_6483b030818327e41c23,LOW_SAME_TARGET_SAME_SOURCE,2,2,0,1,PLDD-UP,1,Potato healthy,1,0,1,0,0,0,0
near_64840989a0832ed838c2,LOW_SAME_TARGET_SAME_SOURCE,2,2,0,1,PLDD-UP,1,Potato healthy,1,0,1,0,0,0,0
near_64932a198df9611ae866,LOW_SAME_TARGET_SAME_SOURCE,2,2,0,1,PLDD-UP,1,Potato healthy,1,0,1,0,0,0,0
near_649838347a18b06c6c5d,LOW_SAME_TARGET_SAME_SOURCE,3,3,0,1,PLDD-UP,1,Potato Late blight,2,3,2,0,0,0,0
near_64ecedf7b92b52d1f0f3,LOW_SAME_TARGET_SAME_SOURCE,2,2,0,1,PLDD-UP,1,Potato healthy,1,0,1,0,0,0,0
near_651622c47c30b466d1f8,LOW_SAME_TARGET_SAME_SOURCE,3,3,0,1,PLDD-UP,1,Potato Late blight,3,3,3,0,0,0,0
near_65528d875a288b905f17,LOW_SAME_TARGET_SAME_SOURCE,2,2,0,1,PLDD-UP,1,Potato healthy,1,2,1,0,0,0,0
near_65641cb6cd04f12839c3,LOW_SAME_TARGET_SAME_SOURCE,2,2,0,1,Seasonal Corn Leaf Disease Dataset,1,Corn healthy,1,0,1,0,0,0,0
near_65693cca667a71422682,LOW_SAME_TARGET_SAME_SOURCE,2,2,0,1,Seasonal Corn Leaf Disease Dataset,1,Corn healthy,1,0,1,0,0,0,0
near_6576957d58a90d7f1930,LOW_SAME_TARGET_SAME_SOURCE,2,2,0,1,PLDD-UP,1,Potato Late blight,1,4,1,0,0,0,0
near_658524f29b8133f752a5,LOW_SAME_TARGET_SAME_SOURCE,2,2,0,1,PLDD-UP,1,Potato healthy,1,0,1,0,0,0,0
near_6585e755e8a8b1356b35,LOW_SAME_TARGET_SAME_SOURCE,2,2,0,1,Seasonal Corn Leaf Disease Dataset,1,Corn healthy,1,1,1,0,0,0,0
near_65c2a76939414faf66cc,LOW_SAME_TARGET_SAME_SOURCE,2,2,0,1,Seasonal Corn Leaf Disease Dataset,1,Corn healthy,1,0,1,0,0,0,0
near_65c47777992cc92498bc,LOW_SAME_TARGET_SAME_SOURCE,2,2,0,1,Seasonal Corn Leaf Disease Dataset,1,Corn healthy,1,0,1,0,0,0,0
near_65d7301a27269119ec39,LOW_SAME_TARGET_SAME_SOURCE,2,2,0,1,PLDD-UP,1,Potato Late blight,1,3,1,0,0,0,0
near_65edaafb4b841e24de4a,LOW_SAME_TARGET_SAME_SOURCE,2,2,0,1,PLDD-UP,1,Potato Late blight,1,1,1,0,0,0,0
near_660760f06cb04a377943,LOW_SAME_TARGET_SAME_SOURCE,2,2,0,1,PLDD-UP,1,Potato healthy,1,0,1,0,0,0,0
near_6648f0370811db68a3a3,LOW_SAME_TARGET_SAME_SOURCE,2,2,0,1,PLDD-UP,1,Potato Late blight,1,4,1,0,0,0,0
near_666a704e9e4662978c3d,LOW_SAME_TARGET_SAME_SOURCE,2,2,0,1,PLDD-UP,1,Potato Early blight,1,3,1,0,0,0,0
near_667c5b6f5a1a297b1093,LOW_SAME_TARGET_SAME_SOURCE,2,2,0,1,Seasonal Corn Leaf Disease Dataset,1,Corn healthy,1,4,0,0,0,0,1
near_66843b2456b5d5d00703,LOW_SAME_TARGET_SAME_SOURCE,9,9,0,1,PLDD-UP,1,Potato Late blight,14,0,14,0,0,0,0
near_66856f93bfd48814b726,LOW_SAME_TARGET_SAME_SOURCE,2,2,0,1,PlantDoc,0,,1,0,0,0,0,0,1
near_66897bd8b1db6de4c0a3,LOW_SAME_TARGET_SAME_SOURCE,2,2,0,1,PLDD-UP,1,Potato healthy,1,0,1,0,0,0,0
near_669b9cf173ace67309c3,LOW_SAME_TARGET_SAME_SOURCE,2,2,0,1,PLDD-UP,1,Potato Early blight,1,4,1,0,0,0,0
near_669bb5eb4bbb56dcf808,LOW_SAME_TARGET_SAME_SOURCE,2,2,0,1,PLDD-UP,1,Potato healthy,1,0,1,0,0,0,0
near_66a11544dfff2017e3a1,LOW_SAME_TARGET_SAME_SOURCE,2,2,0,1,PLDD-UP,1,Potato healthy,1,0,1,0,0,0,0
near_66a38f03901bb1855444,LOW_SAME_TARGET_SAME_SOURCE,2,2,0,1,Seasonal Corn Leaf Disease Dataset,1,Corn healthy,1,2,1,0,0,0,0
near_66d806974bb4de56e36b,LOW_SAME_TARGET_SAME_SOURCE,2,2,0,1,PLDD-UP,1,Potato healthy,1,0,1,0,0,0,0
near_66fa932a1e1d95cd7a49,LOW_SAME_TARGET_SAME_SOURCE,2,2,0,1,PLDD-UP,1,Potato healthy,1,0,1,0,0,0,0
near_67042dc9287b6aacfa3b,LOW_SAME_TARGET_SAME_SOURCE,2,2,0,1,PLDD-UP,1,Potato healthy,1,0,1,0,0,0,0
near_672a65798c93c8ad86e3,LOW_SAME_TARGET_SAME_SOURCE,2,2,0,1,PLDD-UP,1,Potato healthy,1,2,1,0,0,0,0
near_672c7cc2fc0b5076eb3a,DIFFERENT_TARGET,2,2,0,1,PlantDoc,2,Tomato Early blight | Tomato Late blight,1,0,0,0,1,0,0
near_672f8b4a4633f74e3836,LOW_SAME_TARGET_SAME_SOURCE,2,2,0,1,PLDD-UP,1,Potato healthy,1,0,1,0,0,0,0
near_6740a958ec06db920596,LOW_SAME_TARGET_SAME_SOURCE,2,2,0,1,PLDD-UP,1,Potato healthy,1,0,1,0,0,0,0
near_67455cdc2eafef2f0a0b,LOW_SAME_TARGET_SAME_SOURCE,2,2,0,1,Seasonal Corn Leaf Disease Dataset,1,Corn healthy,1,1,1,0,0,0,0
near_6751ff42f443c79e590a,LOW_SAME_TARGET_SAME_SOURCE,2,2,0,1,Seasonal Corn Leaf Disease Dataset,1,Corn healthy,1,1,1,0,0,0,0
near_675aec7fb02c0c3de214,LOW_SAME_TARGET_SAME_SOURCE,2,2,0,1,Seasonal Corn Leaf Disease Dataset,1,Corn healthy,1,1,1,0,0,0,0
near_678ab1c3b80fe1bc56f8,LOW_SAME_TARGET_SAME_SOURCE,2,2,0,1,PLDD-UP,1,Potato healthy,1,0,1,0,0,0,0
near_67986aba7fbdd65cff1e,LOW_SAME_TARGET_SAME_SOURCE,3,3,0,1,PLDD-UP,1,Potato healthy,2,4,2,0,0,0,0
near_67dff464d386183da1e0,LOW_SAME_TARGET_SAME_SOURCE,2,2,0,1,PLDD-UP,1,Potato healthy,1,0,1,0,0,0,0
near_67e06810b6ce4e43e835,LOW_SAME_TARGET_SAME_SOURCE,2,2,0,1,Seasonal Corn Leaf Disease Dataset,1,Corn healthy,1,0,1,0,0,0,0
near_67e14a8dc4990a36de0b,LOW_SAME_TARGET_SAME_SOURCE,2,2,0,1,PLDD-UP,1,Potato healthy,1,0,1,0,0,0,0
near_67e9a2aa9632d580f511,LOW_SAME_TARGET_SAME_SOURCE,2,2,0,1,PLDD-UP,1,Potato healthy,1,0,1,0,0,0,0
near_68069db7eca0553b2500,LOW_SAME_TARGET_SAME_SOURCE,2,2,0,1,Seasonal Corn Leaf Disease Dataset,1,Corn healthy,1,2,1,0,0,0,0
near_68192e5a2e37f7632df2,LOW_SAME_TARGET_SAME_SOURCE,2,2,0,1,PLDD-UP,1,Potato healthy,1,0,1,0,0,0,0
near_6823c147d59b54583f0e,LOW_SAME_TARGET_SAME_SOURCE,2,2,0,1,Seasonal Corn Leaf Disease Dataset,1,Corn healthy,1,0,1,0,0,0,0
near_685097d700e82cdfb818,LOW_SAME_TARGET_SAME_SOURCE,4,4,0,1,PLDD-UP,1,Potato healthy,6,0,6,0,0,0,0
near_6855be709ecad988066e,LOW_SAME_TARGET_SAME_SOURCE,2,2,0,1,PLDD-UP,1,Potato healthy,1,0,1,0,0,0,0
near_6888c3f393a7f1eb4f2c,LOW_SAME_TARGET_SAME_SOURCE,2,2,0,1,PLDD-UP,1,Potato healthy,1,0,1,0,0,0,0
near_68a643ac75d750c29925,LOW_SAME_TARGET_SAME_SOURCE,2,2,0,1,PLDD-UP,1,Potato healthy,1,0,1,0,0,0,0
near_68a71550458781877d97,LOW_SAME_TARGET_SAME_SOURCE,3,3,0,1,PLDD-UP,1,Potato healthy,3,0,3,0,0,0,0
near_68dcaf81802334cc43c4,LOW_SAME_TARGET_SAME_SOURCE,2,2,0,1,Seasonal Corn Leaf Disease Dataset,1,Corn healthy,1,1,1,0,0,0,0
near_68dd842ba029f409ec07,DIFFERENT_TARGET,3,3,0,1,PLDD-UP,2,Potato Early blight | Potato healthy,3,0,1,0,2,0,0
near_68f986fac21551c10c4c,LOW_SAME_TARGET_SAME_SOURCE,2,2,0,1,PLDD-UP,1,Potato healthy,1,0,1,0,0,0,0
near_6913fb4eeead67665132,LOW_SAME_TARGET_SAME_SOURCE,2,2,0,1,PLDD-UP,1,Potato healthy,1,0,1,0,0,0,0
near_69176482fdc7929e8805,LOW_SAME_TARGET_SAME_SOURCE,2,2,0,1,Seasonal Corn Leaf Disease Dataset,1,Corn healthy,1,1,1,0,0,0,0
near_695cb24e8eadb7e395e3,LOW_SAME_TARGET_SAME_SOURCE,2,2,0,1,Seasonal Corn Leaf Disease Dataset,1,Corn healthy,1,0,1,0,0,0,0
near_696897b0991b8deba6da,DIFFERENT_TARGET,2,2,0,1,PLDD-UP,2,Potato Early blight | Potato Late blight,1,1,0,0,1,0,0
near_69af8194a727400667c0,LOW_SAME_TARGET_SAME_SOURCE,2,2,0,1,Seasonal Corn Leaf Disease Dataset,1,Corn healthy,1,1,1,0,0,0,0
near_69d844da0d5105737570,LOW_SAME_TARGET_SAME_SOURCE,2,2,0,1,PLDD-UP,1,Potato Early blight,1,2,1,0,0,0,0
near_69e86ffb08629980bfa8,LOW_SAME_TARGET_SAME_SOURCE,2,2,0,1,Seasonal Corn Leaf Disease Dataset,1,Corn healthy,1,0,1,0,0,0,0
near_69eec4beb8da1253122a,LOW_SAME_TARGET_SAME_SOURCE,2,2,0,1,Seasonal Corn Leaf Disease Dataset,1,Corn healthy,1,1,1,0,0,0,0
near_6a28910711c0e9d97bdb,LOW_SAME_TARGET_SAME_SOURCE,2,2,0,1,Seasonal Corn Leaf Disease Dataset,1,Corn healthy,1,0,1,0,0,0,0
near_6a9122d6d502543619a4,LOW_SAME_TARGET_SAME_SOURCE,4,4,0,1,PLDD-UP,1,Potato healthy,6,0,6,0,0,0,0
near_6a9baacad6bf3657c777,LOW_SAME_TARGET_SAME_SOURCE,2,2,0,1,PLDD-UP,1,Potato Early blight,1,2,1,0,0,0,0
near_6abc434567bee9dfae89,LOW_SAME_TARGET_SAME_SOURCE,2,2,0,1,Seasonal Corn Leaf Disease Dataset,1,Corn healthy,1,2,1,0,0,0,0
near_6ace7378a4886279a0c2,LOW_SAME_TARGET_SAME_SOURCE,2,2,0,1,PLDD-UP,1,Potato healthy,1,0,1,0,0,0,0
near_6ad74b8877cf9b50efdc,LOW_SAME_TARGET_SAME_SOURCE,2,2,0,1,PLDD-UP,1,Potato healthy,1,0,1,0,0,0,0
near_6b2fa5328afa6ed30ff2,LOW_SAME_TARGET_SAME_SOURCE,3,3,0,1,PLDD-UP,1,Potato Early blight,3,2,3,0,0,0,0
near_6b45b26fdceb7f2fcedd,LOW_SAME_TARGET_SAME_SOURCE,2,2,0,1,Seasonal Corn Leaf Disease Dataset,1,Corn healthy,1,1,1,0,0,0,0
near_6b5d4190c20d8b5ca2af,LOW_SAME_TARGET_SAME_SOURCE,2,2,0,1,PLDD-UP,1,Potato healthy,1,0,1,0,0,0,0
near_6b67a3d05c8f02032044,LOW_SAME_TARGET_SAME_SOURCE,3,3,0,1,PLDD-UP,1,Potato healthy,3,0,3,0,0,0,0
near_6b7a67a921e51a13cd45,LOW_SAME_TARGET_SAME_SOURCE,2,2,0,1,Seasonal Corn Leaf Disease Dataset,1,Corn healthy,1,1,1,0,0,0,0
near_6b86e7208260c278636d,LOW_SAME_TARGET_SAME_SOURCE,2,2,0,1,PLDD-UP,1,Potato healthy,1,0,1,0,0,0,0
near_6b8e6aa91d9e8de18fb0,LOW_SAME_TARGET_SAME_SOURCE,2,2,0,1,PLDD-UP,1,Potato healthy,1,0,1,0,0,0,0
near_6bd3f061c35801d338d2,LOW_SAME_TARGET_SAME_SOURCE,2,2,0,1,PLDD-UP,1,Potato Early blight,1,3,1,0,0,0,0
near_6bea921c74465c7f35ed,LOW_SAME_TARGET_SAME_SOURCE,3,3,0,1,PLDD-UP,1,Potato healthy,3,0,3,0,0,0,0
near_6bef73416f14c89e3255,LOW_SAME_TARGET_SAME_SOURCE,2,2,0,1,PLDD-UP,1,Potato healthy,1,0,1,0,0,0,0
near_6bfe27c6bd7e36032158,LOW_SAME_TARGET_SAME_SOURCE,2,2,0,1,PLDD-UP,1,Potato Early blight,1,4,1,0,0,0,0
near_6c05a33bf420ccf631d4,LOW_SAME_TARGET_SAME_SOURCE,2,2,0,1,Seasonal Corn Leaf Disease Dataset,1,Corn healthy,1,2,1,0,0,0,0
near_6c05db0c8c4b589f7d2f,LOW_SAME_TARGET_SAME_SOURCE,2,2,0,1,PLDD-UP,1,Potato Late blight,1,4,1,0,0,0,0
near_6c1ae2e08947ca67ddad,LOW_SAME_TARGET_SAME_SOURCE,2,2,0,1,PLDD-UP,1,Potato healthy,1,0,1,0,0,0,0
near_6c4d28c9c01ae0662f2c,LOW_SAME_TARGET_SAME_SOURCE,4,4,0,1,PLDD-UP,1,Potato healthy,6,0,6,0,0,0,0
near_6c5f7c2e2a985c234d4b,LOW_SAME_TARGET_SAME_SOURCE,2,2,0,1,PLDD-UP,1,Potato healthy,1,0,1,0,0,0,0
near_6c634a7d9675c590cbd3,LOW_SAME_TARGET_SAME_SOURCE,2,2,0,1,PLDD-UP,1,Potato Early blight,1,2,1,0,0,0,0
near_6c7b38d57aeabe8fc3df,LOW_SAME_TARGET_SAME_SOURCE,2,2,0,1,Seasonal Corn Leaf Disease Dataset,1,Corn Cercospora leaf spot,1,0,1,0,0,0,0
near_6c7c2646959740cb2d35,LOW_SAME_TARGET_SAME_SOURCE,2,2,0,1,PLDD-UP,1,Potato Late blight,1,0,1,0,0,0,0
near_6c8a9ab106ba89c3fceb,LOW_SAME_TARGET_SAME_SOURCE,2,2,0,1,PLDD-UP,1,Potato healthy,1,0,1,0,0,0,0
near_6c97cc14ab303d3e7628,LOW_SAME_TARGET_SAME_SOURCE,2,2,0,1,Seasonal Corn Leaf Disease Dataset,1,Corn Cercospora leaf spot,1,0,1,0,0,0,0
near_6cad6960f8f586ad5c72,LOW_SAME_TARGET_SAME_SOURCE,2,2,0,1,PLDD-UP,1,Potato healthy,1,0,1,0,0,0,0
near_6cc7410c87f82dd2936d,LOW_SAME_TARGET_SAME_SOURCE,2,2,0,1,PLDD-UP,1,Potato Early blight,1,3,1,0,0,0,0
near_6ce043d6c8364783ed42,LOW_SAME_TARGET_SAME_SOURCE,2,2,0,1,Seasonal Corn Leaf Disease Dataset,1,Corn healthy,1,0,1,0,0,0,0
near_6cf2caeb28d465d7d0b4,LOW_SAME_TARGET_SAME_SOURCE,2,2,0,1,PLDD-UP,1,Potato healthy,1,0,1,0,0,0,0
near_6cfdbd6e711cb4da5890,LOW_SAME_TARGET_SAME_SOURCE,2,2,0,1,Seasonal Corn Leaf Disease Dataset,1,Corn healthy,1,0,1,0,0,0,0
near_6d4874e8332b57962e6e,LOW_SAME_TARGET_SAME_SOURCE,2,2,0,1,PLDD-UP,1,Potato healthy,1,0,1,0,0,0,0
near_6d6a00325c2c7ba1414e,LOW_SAME_TARGET_SAME_SOURCE,2,2,0,1,PLDD-UP,1,Potato healthy,1,0,1,0,0,0,0
near_6d9834b1b7fc5a6e1a72,LOW_SAME_TARGET_SAME_SOURCE,2,2,0,1,PLDD-UP,1,Potato healthy,1,0,1,0,0,0,0
near_6dabb792c50b1024df2a,LOW_SAME_TARGET_SAME_SOURCE,2,2,0,1,PLDD-UP,1,Potato healthy,1,0,1,0,0,0,0
near_6dd817ac0ddb6b6ac4e6,LOW_SAME_TARGET_SAME_SOURCE,2,2,0,1,PLDD-UP,1,Potato healthy,1,0,1,0,0,0,0
near_6ddba749f263605228c4,LOW_SAME_TARGET_SAME_SOURCE,2,2,0,1,PLDD-UP,1,Potato healthy,1,0,1,0,0,0,0
near_6de3eb35c300631630da,LOW_SAME_TARGET_SAME_SOURCE,2,2,0,1,Seasonal Corn Leaf Disease Dataset,1,Corn healthy,1,1,1,0,0,0,0
near_6e022598287d3199e403,LOW_SAME_TARGET_SAME_SOURCE,2,2,0,1,PLDD-UP,1,Potato healthy,1,0,1,0,0,0,0
near_6e26774153c06a742736,LOW_SAME_TARGET_SAME_SOURCE,2,2,0,1,PLDD-UP,1,Potato healthy,1,0,1,0,0,0,0
near_6e3e29aaaa917770fb24,LOW_SAME_TARGET_SAME_SOURCE,2,2,0,1,Seasonal Corn Leaf Disease Dataset,1,Corn healthy,1,0,1,0,0,0,0
near_6e6596b28d07387e7c1e,LOW_SAME_TARGET_SAME_SOURCE,2,2,0,1,PLDD-UP,1,Potato Late blight,1,1,1,0,0,0,0
near_6e68e03978f0868a0453,LOW_SAME_TARGET_SAME_SOURCE,2,2,0,1,PLDD-UP,1,Potato healthy,1,0,1,0,0,0,0
near_6e8649c74ad3a79407b0,LOW_SAME_TARGET_SAME_SOURCE,2,2,0,1,Seasonal Corn Leaf Disease Dataset,1,Corn Cercospora leaf spot,1,0,1,0,0,0,0
near_6e9972a76e584523c172,LOW_SAME_TARGET_SAME_SOURCE,3,3,0,1,PLDD-UP,1,Potato Early blight,3,1,3,0,0,0,0
near_6ee5ef7977e07086212d,LOW_SAME_TARGET_SAME_SOURCE,2,2,0,1,Seasonal Corn Leaf Disease Dataset,1,Corn Cercospora leaf spot,1,0,1,0,0,0,0
near_6f23f70de03e1e082a26,LOW_SAME_TARGET_SAME_SOURCE,2,2,0,1,PLDD-UP,1,Potato Early blight,1,4,1,0,0,0,0
near_6f28fd07ed445a2c96de,LOW_SAME_TARGET_SAME_SOURCE,2,2,0,1,PLDD-UP,1,Potato healthy,1,0,1,0,0,0,0
near_6f39774e68efb38020d5,LOW_SAME_TARGET_SAME_SOURCE,2,2,0,1,PLDD-UP,1,Potato healthy,1,0,1,0,0,0,0
near_6f4499d3b14457ad9ff7,LOW_SAME_TARGET_SAME_SOURCE,2,2,0,1,PLDD-UP,1,Potato healthy,1,4,1,0,0,0,0
near_6f478c4960d3784f08aa,DIFFERENT_TARGET,3,3,0,1,PLDD-UP,2,Potato Early blight | Potato Late blight,3,2,1,0,2,0,0
near_6f6381fed5d2180cb367,LOW_SAME_TARGET_SAME_SOURCE,2,2,0,1,PLDD-UP,1,Potato healthy,1,0,1,0,0,0,0
near_6f6fa5122f05d45d70df,LOW_SAME_TARGET_SAME_SOURCE,2,2,0,1,PLDD-UP,1,Potato healthy,1,0,1,0,0,0,0
near_6fe9319c45bef1efa176,LOW_SAME_TARGET_SAME_SOURCE,2,2,0,1,PLDD-UP,1,Potato healthy,1,1,1,0,0,0,0
near_7012bea6b488cf693740,LOW_SAME_TARGET_SAME_SOURCE,2,2,0,1,PLDD-UP,1,Potato Early blight,1,3,1,0,0,0,0
near_7014dadca1c37db99fda,LOW_SAME_TARGET_SAME_SOURCE,2,2,0,1,PLDD-UP,1,Potato healthy,1,0,1,0,0,0,0
near_70171355ea038a9005e9,LOW_SAME_TARGET_SAME_SOURCE,2,2,0,1,Seasonal Corn Leaf Disease Dataset,1,Corn healthy,1,0,1,0,0,0,0
near_7028ccab00a8719c9f2a,LOW_SAME_TARGET_SAME_SOURCE,2,2,0,1,Seasonal Corn Leaf Disease Dataset,1,Corn healthy,1,1,1,0,0,0,0
near_7052278d7f1666056180,LOW_SAME_TARGET_SAME_SOURCE,2,2,0,1,PLDD-UP,1,Potato Late blight,1,1,1,0,0,0,0
near_708e23a90c25400dbfe0,LOW_SAME_TARGET_SAME_SOURCE,2,2,0,1,Seasonal Corn Leaf Disease Dataset,1,Corn healthy,1,1,1,0,0,0,0
near_70aa754441f2fd41ada9,LOW_SAME_TARGET_SAME_SOURCE,2,2,0,1,PLDD-UP,1,Potato healthy,1,0,1,0,0,0,0
near_70e7a648da38c1fe2787,LOW_SAME_TARGET_SAME_SOURCE,2,2,0,1,Seasonal Corn Leaf Disease Dataset,1,Corn healthy,1,0,1,0,0,0,0
near_70eb067b9aa0bc2fe090,LOW_SAME_TARGET_SAME_SOURCE,2,2,0,1,PLDD-UP,1,Potato healthy,1,0,1,0,0,0,0
near_70f9223197af9f79ba39,LOW_SAME_TARGET_SAME_SOURCE,2,2,0,1,PLDD-UP,1,Potato healthy,1,0,1,0,0,0,0
near_71230416be651c73eb75,LOW_SAME_TARGET_SAME_SOURCE,2,2,0,1,PLDD-UP,1,Potato Early blight,1,3,1,0,0,0,0
near_716cbadbd963e7850922,LOW_SAME_TARGET_SAME_SOURCE,2,2,0,1,Seasonal Corn Leaf Disease Dataset,1,Corn healthy,1,0,1,0,0,0,0
near_71776aa806ca4da4b4ef,LOW_SAME_TARGET_SAME_SOURCE,3,3,0,1,PLDD-UP,1,Potato Early blight,2,3,2,0,0,0,0
near_7196eabe781a20991bf0,LOW_SAME_TARGET_SAME_SOURCE,2,2,0,1,PLDD-UP,1,Potato healthy,1,0,1,0,0,0,0
near_7199b0584a02c91eb5b8,DIFFERENT_TARGET,42,42,0,1,PLDD-UP,2,Potato Early blight | Potato Late blight,74,0,62,0,12,0,0
near_71ccf0b0ac85678e3b8f,LOW_SAME_TARGET_SAME_SOURCE,2,2,0,1,PLDD-UP,1,Potato healthy,1,0,1,0,0,0,0
near_71f01e40b99a5f27185b,LOW_SAME_TARGET_SAME_SOURCE,2,2,0,1,PLDD-UP,1,Potato healthy,1,0,1,0,0,0,0
near_72512d2d1bde2fdd4fad,LOW_SAME_TARGET_SAME_SOURCE,2,2,0,1,Seasonal Corn Leaf Disease Dataset,1,Corn healthy,1,1,1,0,0,0,0
near_7273a31794c38418ef82,LOW_SAME_TARGET_SAME_SOURCE,2,2,0,1,Seasonal Corn Leaf Disease Dataset,1,Corn healthy,1,0,1,0,0,0,0
near_7286180d1fa89f0b86f8,LOW_SAME_TARGET_SAME_SOURCE,2,2,0,1,PlantDoc,1,Squash Powdery mildew,1,0,1,0,0,0,0
near_72a9419f3fc4f70ae5f8,LOW_SAME_TARGET_SAME_SOURCE,2,2,0,1,PLDD-UP,1,Potato healthy,1,0,1,0,0,0,0
near_72da27ec19eb28400b4e,LOW_SAME_TARGET_SAME_SOURCE,8,8,0,1,PLDD-UP,1,Potato healthy,28,0,28,0,0,0,0
near_72db08fc6bfe2d2afbc3,LOW_SAME_TARGET_SAME_SOURCE,2,2,0,1,Seasonal Corn Leaf Disease Dataset,1,Corn healthy,1,1,1,0,0,0,0
near_72fac9a117d75af066ef,LOW_SAME_TARGET_SAME_SOURCE,2,2,0,1,Potato Leaf Disease Dataset,1,Potato Late blight,1,4,1,0,0,0,0
near_730009afc1e8b5c584ba,LOW_SAME_TARGET_SAME_SOURCE,2,2,0,1,Seasonal Corn Leaf Disease Dataset,1,Corn healthy,1,1,1,0,0,0,0
near_7313e0d3d4b3b60cdd73,LOW_SAME_TARGET_SAME_SOURCE,2,2,0,1,Seasonal Corn Leaf Disease Dataset,1,Corn healthy,1,1,1,0,0,0,0
near_732920cd81111d49f997,LOW_SAME_TARGET_SAME_SOURCE,2,2,0,1,Seasonal Corn Leaf Disease Dataset,1,Corn healthy,1,3,1,0,0,0,0
near_73660ad7b9bf5a832c57,LOW_SAME_TARGET_SAME_SOURCE,2,2,0,1,PLDD-UP,1,Potato healthy,1,4,1,0,0,0,0
near_736d882fa152d3147fbd,LOW_SAME_TARGET_SAME_SOURCE,2,2,0,1,PLDD-UP,1,Potato healthy,1,0,1,0,0,0,0
near_737211531dd5e452176e,LOW_SAME_TARGET_SAME_SOURCE,2,2,0,1,Seasonal Corn Leaf Disease Dataset,1,Corn healthy,1,1,1,0,0,0,0
near_73758f6e4075a43dd033,LOW_SAME_TARGET_SAME_SOURCE,2,2,0,1,PLDD-UP,1,Potato Early blight,1,1,1,0,0,0,0
near_73a46dff07484b703356,LOW_SAME_TARGET_SAME_SOURCE,2,2,0,1,PLDD-UP,1,Potato Late blight,1,4,1,0,0,0,0
near_73b4f9be80127296027b,LOW_SAME_TARGET_SAME_SOURCE,2,2,0,1,PLDD-UP,1,Potato Late blight,1,4,1,0,0,0,0
near_73e466bf2c709d62ac01,LOW_SAME_TARGET_SAME_SOURCE,2,2,0,1,PLDD-UP,1,Potato Early blight,1,4,1,0,0,0,0
near_73f0a05a30ce2733d69e,LOW_SAME_TARGET_SAME_SOURCE,3,3,0,1,PLDD-UP,1,Potato healthy,3,0,3,0,0,0,0
near_74040fdba74754c744e6,LOW_SAME_TARGET_SAME_SOURCE,2,2,0,1,PLDD-UP,1,Potato Early blight,1,4,1,0,0,0,0
near_740adbb918e18e3dd046,LOW_SAME_TARGET_SAME_SOURCE,2,2,0,1,Seasonal Corn Leaf Disease Dataset,1,Corn healthy,1,1,1,0,0,0,0
near_741bab77ba375c1274a6,LOW_SAME_TARGET_SAME_SOURCE,2,2,0,1,PLDD-UP,1,Potato healthy,1,0,1,0,0,0,0
near_74572e1a50e43f42464b,LOW_SAME_TARGET_SAME_SOURCE,2,2,0,1,PLDD-UP,1,Potato healthy,1,0,1,0,0,0,0
near_745be1a376a4899955dd,LOW_SAME_TARGET_SAME_SOURCE,2,2,0,1,PLDD-UP,1,Potato healthy,1,0,1,0,0,0,0
near_74713c1ec5b4a0cca884,LOW_SAME_TARGET_SAME_SOURCE,2,2,0,1,PLDD-UP,1,Potato Late blight,1,4,1,0,0,0,0
near_74855c836d69fda7192c,LOW_SAME_TARGET_SAME_SOURCE,2,2,0,1,Seasonal Corn Leaf Disease Dataset,1,Corn healthy,1,0,1,0,0,0,0
near_748e57e836ee9e3ea29f,LOW_SAME_TARGET_SAME_SOURCE,2,2,0,1,PLDD-UP,1,Potato Late blight,1,3,1,0,0,0,0
near_74b2cbc6434b77ec8a66,LOW_SAME_TARGET_SAME_SOURCE,2,2,0,1,PLDD-UP,1,Potato Late blight,1,2,1,0,0,0,0
near_74d84cab5a5a25c7026e,LOW_SAME_TARGET_SAME_SOURCE,2,2,0,1,PLDD-UP,1,Potato healthy,1,2,1,0,0,0,0
near_752725dfa4ec50d72e88,LOW_SAME_TARGET_SAME_SOURCE,2,2,0,1,Seasonal Corn Leaf Disease Dataset,1,Corn healthy,1,0,1,0,0,0,0
near_752aa661056a51da6742,LOW_SAME_TARGET_SAME_SOURCE,2,2,0,1,PLDD-UP,1,Potato Late blight,1,0,1,0,0,0,0
near_756e2d1a3202a4ddb70d,LOW_SAME_TARGET_SAME_SOURCE,2,2,0,1,Seasonal Corn Leaf Disease Dataset,1,Corn healthy,1,1,1,0,0,0,0
near_75959c85b8ad370ba5dd,LOW_SAME_TARGET_SAME_SOURCE,2,2,0,1,PlantDoc,0,,1,0,0,0,0,0,1
near_75e7afd6749721f06f75,LOW_SAME_TARGET_SAME_SOURCE,2,2,0,1,Seasonal Corn Leaf Disease Dataset,1,Corn healthy,1,0,1,0,0,0,0
near_760cdfba5bfecf29fa1d,LOW_SAME_TARGET_SAME_SOURCE,2,2,0,1,PLDD-UP,1,Potato Late blight,1,1,1,0,0,0,0
near_760d91aed280cce6016a,LOW_SAME_TARGET_SAME_SOURCE,2,2,0,1,Seasonal Corn Leaf Disease Dataset,1,Corn healthy,1,0,1,0,0,0,0
near_76270ecaa638a33a3e15,LOW_SAME_TARGET_SAME_SOURCE,2,2,0,1,PLDD-UP,1,Potato Late blight,1,4,1,0,0,0,0
near_762b801908b4a49256ae,LOW_SAME_TARGET_SAME_SOURCE,2,2,0,1,PLDD-UP,1,Potato Early blight,1,0,1,0,0,0,0
near_762d1c1c04ce0d0c1648,LOW_SAME_TARGET_SAME_SOURCE,2,2,0,1,PLDD-UP,1,Potato healthy,1,0,1,0,0,0,0
near_76352ee45e8c9a7f64be,LOW_SAME_TARGET_SAME_SOURCE,2,2,0,1,PLDD-UP,1,Potato healthy,1,0,1,0,0,0,0
near_76a29534e462a81ed68f,LOW_SAME_TARGET_SAME_SOURCE,4,4,0,1,PLDD-UP,1,Potato healthy,5,1,5,0,0,0,0
near_76c8c9470a0daf63703b,LOW_SAME_TARGET_SAME_SOURCE,2,2,0,1,PLDD-UP,1,Potato Late blight,1,1,1,0,0,0,0
near_76cadcc0a22f35001b33,LOW_SAME_TARGET_SAME_SOURCE,5,5,0,1,PLDD-UP,1,Potato Late blight,6,1,6,0,0,0,0
near_7700c93e25dcff78cbf6,LOW_SAME_TARGET_SAME_SOURCE,2,2,0,1,PLDD-UP,1,Potato healthy,1,2,1,0,0,0,0
near_77130dde2ff1f3aeee8a,LOW_SAME_TARGET_SAME_SOURCE,2,2,0,1,PLDD-UP,1,Potato healthy,1,0,1,0,0,0,0
near_771690139edb113e91c9,LOW_SAME_TARGET_SAME_SOURCE,2,2,0,1,PLDD-UP,1,Potato Early blight,1,4,1,0,0,0,0
near_773fda3ed59b40148a7d,LOW_SAME_TARGET_SAME_SOURCE,2,2,0,1,Seasonal Corn Leaf Disease Dataset,1,Corn healthy,1,1,1,0,0,0,0
near_776ee29b2bf9664e4c86,LOW_SAME_TARGET_SAME_SOURCE,2,2,0,1,PLDD-UP,1,Potato healthy,1,0,1,0,0,0,0
near_777fc47207e0758c6ede,LOW_SAME_TARGET_SAME_SOURCE,2,2,0,1,Seasonal Corn Leaf Disease Dataset,1,Corn healthy,1,0,1,0,0,0,0
near_77849c2b63d5f707b3f0,LOW_SAME_TARGET_SAME_SOURCE,2,2,0,1,PLDD-UP,1,Potato healthy,1,0,1,0,0,0,0
near_77bdccbf1f466f76e0ff,LOW_SAME_TARGET_SAME_SOURCE,2,2,0,1,PLDD-UP,1,Potato healthy,1,0,1,0,0,0,0
near_77fb7b1befdf189aa1f8,LOW_SAME_TARGET_SAME_SOURCE,2,2,0,1,PLDD-UP,1,Potato healthy,1,2,1,0,0,0,0
near_781558ec88c782c6ac6f,LOW_SAME_TARGET_SAME_SOURCE,2,2,0,1,PLDD-UP,1,Potato healthy,1,0,1,0,0,0,0
near_781b4e7b451abe0f0a12,LOW_SAME_TARGET_SAME_SOURCE,2,2,0,1,PLDD-UP,1,Potato healthy,1,0,1,0,0,0,0
near_784a8c6fe22f78b9f705,LOW_SAME_TARGET_SAME_SOURCE,2,2,0,1,Seasonal Corn Leaf Disease Dataset,1,Corn healthy,1,1,1,0,0,0,0
near_784eb058010144f5e80f,LOW_SAME_TARGET_SAME_SOURCE,2,2,0,1,PLDD-UP,1,Potato healthy,1,2,1,0,0,0,0
near_7867b56079c842418cf5,LOW_SAME_TARGET_SAME_SOURCE,4,4,0,1,PLDD-UP,1,Potato healthy,4,3,4,0,0,0,0
near_788fc19a7ab21f54709f,LOW_SAME_TARGET_SAME_SOURCE,2,2,0,1,PLDD-UP,1,Potato healthy,1,0,1,0,0,0,0
near_78abe629084e62e1550c,LOW_SAME_TARGET_SAME_SOURCE,2,2,0,1,PLDD-UP,1,Potato Early blight,1,3,1,0,0,0,0
near_78ddc5650f0efa0ef9bc,LOW_SAME_TARGET_SAME_SOURCE,2,2,0,1,PLDD-UP,1,Potato healthy,1,0,1,0,0,0,0
near_78fb8efe7ee3e23a356c,LOW_SAME_TARGET_SAME_SOURCE,2,2,0,1,PLDD-UP,1,Potato healthy,1,0,1,0,0,0,0
near_7904198ff1e06093f492,LOW_SAME_TARGET_SAME_SOURCE,2,2,0,1,PLDD-UP,1,Potato Early blight,1,4,1,0,0,0,0
near_790d341803c12c94e61f,LOW_SAME_TARGET_SAME_SOURCE,2,2,0,1,Seasonal Corn Leaf Disease Dataset,1,Corn healthy,1,0,1,0,0,0,0
near_7915033860fca117626c,LOW_SAME_TARGET_SAME_SOURCE,2,2,0,1,PLDD-UP,1,Potato healthy,1,0,1,0,0,0,0
near_792dde3eed3d1f4dc8c6,LOW_SAME_TARGET_SAME_SOURCE,2,2,0,1,PLDD-UP,1,Potato healthy,1,4,1,0,0,0,0
near_79338d3d7eccc2b7eca0,LOW_SAME_TARGET_SAME_SOURCE,2,2,0,1,PLDD-UP,1,Potato healthy,1,0,1,0,0,0,0
near_794bdb3c926a84df966b,DIFFERENT_TARGET,3,3,0,1,PLDD-UP,2,Potato Early blight | Potato healthy,3,0,1,0,2,0,0
near_7953ae9dc090c9e4978a,LOW_SAME_TARGET_SAME_SOURCE,2,2,0,1,PLDD-UP,1,Potato healthy,1,0,1,0,0,0,0
near_7967f3d76c05fa0a7bfd,LOW_SAME_TARGET_SAME_SOURCE,2,2,0,1,Seasonal Corn Leaf Disease Dataset,1,Corn healthy,1,0,1,0,0,0,0
near_796d7a4af24617223f6d,LOW_SAME_TARGET_SAME_SOURCE,2,2,0,1,Seasonal Corn Leaf Disease Dataset,1,Corn healthy,1,1,1,0,0,0,0
near_79927ce31eaea1706168,LOW_SAME_TARGET_SAME_SOURCE,2,2,0,1,PLDD-UP,1,Potato healthy,1,0,1,0,0,0,0
near_79bd1bc820646f81aace,LOW_SAME_TARGET_SAME_SOURCE,3,3,0,1,PLDD-UP,1,Potato healthy,3,0,3,0,0,0,0
near_79f855c118f5cefcb60b,LOW_SAME_TARGET_SAME_SOURCE,2,2,0,1,PLDD-UP,1,Potato healthy,1,0,1,0,0,0,0
near_79fdcba32314a274e295,LOW_SAME_TARGET_SAME_SOURCE,2,2,0,1,Seasonal Corn Leaf Disease Dataset,1,Corn healthy,1,0,1,0,0,0,0
near_7a02787ed05d0527a04c,LOW_SAME_TARGET_SAME_SOURCE,2,2,0,1,PLDD-UP,1,Potato Early blight,1,4,1,0,0,0,0
near_7a415991bf4af8dd9cd5,LOW_SAME_TARGET_SAME_SOURCE,2,2,0,1,Seasonal Corn Leaf Disease Dataset,1,Corn Cercospora leaf spot,1,0,1,0,0,0,0
near_7a4b6c75adda9db8d3ec,LOW_SAME_TARGET_SAME_SOURCE,2,2,0,1,Seasonal Corn Leaf Disease Dataset,1,Corn healthy,1,1,1,0,0,0,0
near_7a7c35c0295357231d4b,LOW_SAME_TARGET_SAME_SOURCE,2,2,0,1,Seasonal Corn Leaf Disease Dataset,1,Corn healthy,1,1,1,0,0,0,0
near_7a81d2dbdac308ad1211,LOW_SAME_TARGET_SAME_SOURCE,2,2,0,1,Seasonal Corn Leaf Disease Dataset,1,Corn healthy,1,0,1,0,0,0,0
near_7a89f1e8203ce23b5cb9,LOW_SAME_TARGET_SAME_SOURCE,2,2,0,1,PLDD-UP,1,Potato healthy,1,1,1,0,0,0,0
near_7aae0cc68801652f2a86,LOW_SAME_TARGET_SAME_SOURCE,2,2,0,1,PLDD-UP,1,Potato healthy,1,0,1,0,0,0,0
near_7abc92af34d2ec203baf,LOW_SAME_TARGET_SAME_SOURCE,2,2,0,1,Seasonal Corn Leaf Disease Dataset,1,Corn healthy,1,3,1,0,0,0,0
near_7ae57965aa88d905778c,LOW_SAME_TARGET_SAME_SOURCE,3,3,0,1,PLDD-UP,1,Potato healthy,3,0,3,0,0,0,0
near_7afb7ed1c5eba1960d2c,LOW_SAME_TARGET_SAME_SOURCE,2,2,0,1,PLDD-UP,1,Potato healthy,1,2,1,0,0,0,0
near_7b02623e14c979453de7,LOW_SAME_TARGET_SAME_SOURCE,2,2,0,1,PLDD-UP,1,Potato healthy,1,0,1,0,0,0,0
near_7b431c665e60bcd1e776,LOW_SAME_TARGET_SAME_SOURCE,2,2,0,1,PLDD-UP,1,Potato healthy,1,0,1,0,0,0,0
near_7b4350286abc5596bf74,LOW_SAME_TARGET_SAME_SOURCE,2,2,0,1,PLDD-UP,1,Potato healthy,1,0,1,0,0,0,0
near_7b46d9b04dfc39af00d8,LOW_SAME_TARGET_SAME_SOURCE,2,2,0,1,PLDD-UP,1,Potato healthy,1,0,1,0,0,0,0
near_7b810501715331a87eed,LOW_SAME_TARGET_SAME_SOURCE,2,2,0,1,Seasonal Corn Leaf Disease Dataset,1,Corn healthy,1,0,1,0,0,0,0
near_7b941f3946c841e4ba8c,LOW_SAME_TARGET_SAME_SOURCE,2,2,0,1,PLDD-UP,1,Potato healthy,1,0,1,0,0,0,0
near_7ba1bbd6bad2a57cf396,LOW_SAME_TARGET_SAME_SOURCE,2,2,0,1,PLDD-UP,1,Potato Early blight,1,1,1,0,0,0,0
near_7bb8f21250445ec5f62e,LOW_SAME_TARGET_SAME_SOURCE,2,2,0,1,PLDD-UP,1,Potato healthy,1,0,1,0,0,0,0
near_7bbb0f1a7079a5eee4a0,LOW_SAME_TARGET_SAME_SOURCE,2,2,0,1,PLDD-UP,1,Potato healthy,1,0,1,0,0,0,0
near_7bdbbb99a9d9f268cc35,LOW_SAME_TARGET_SAME_SOURCE,2,2,0,1,PLDD-UP,1,Potato healthy,1,0,1,0,0,0,0
near_7be20b7a99b7ca407300,LOW_SAME_TARGET_SAME_SOURCE,2,2,0,1,PLDD-UP,1,Potato Early blight,1,4,1,0,0,0,0
near_7c08dbebc993fb46aafb,LOW_SAME_TARGET_SAME_SOURCE,2,2,0,1,PLDD-UP,1,Potato healthy,1,0,1,0,0,0,0
near_7c3443ae780216554f11,LOW_SAME_TARGET_SAME_SOURCE,2,2,0,1,PLDD-UP,1,Potato healthy,1,0,1,0,0,0,0
near_7c60ab418c27c8bb00cb,LOW_SAME_TARGET_SAME_SOURCE,2,2,0,1,PLDD-UP,1,Potato Early blight,1,1,1,0,0,0,0
near_7c77bd0d3ce3cc0f7359,LOW_SAME_TARGET_SAME_SOURCE,2,2,0,1,PLDD-UP,1,Potato healthy,1,0,1,0,0,0,0
near_7c84fa4ecf8d3792f1e5,LOW_SAME_TARGET_SAME_SOURCE,2,2,0,1,PLDD-UP,1,Potato healthy,1,0,1,0,0,0,0
near_7c887f2e16958a99baa2,LOW_SAME_TARGET_SAME_SOURCE,2,2,0,1,PLDD-UP,1,Potato healthy,1,0,1,0,0,0,0
near_7cb5ade6b97c1cabbf8d,LOW_SAME_TARGET_SAME_SOURCE,2,2,0,1,PLDD-UP,1,Potato healthy,1,0,1,0,0,0,0
near_7cd7dbd177ec15c01bf2,LOW_SAME_TARGET_SAME_SOURCE,2,2,0,1,PLDD-UP,1,Potato healthy,1,0,1,0,0,0,0
near_7cddb8fe260da2683f64,LOW_SAME_TARGET_SAME_SOURCE,2,2,0,1,Seasonal Corn Leaf Disease Dataset,1,Corn healthy,1,0,1,0,0,0,0
near_7ce6e5f16b2a7d208349,LOW_SAME_TARGET_SAME_SOURCE,4,4,0,1,PLDD-UP,1,Potato healthy,4,0,4,0,0,0,0
near_7d3d6d7327808aa00dd6,LOW_SAME_TARGET_SAME_SOURCE,2,2,0,1,PLDD-UP,1,Potato healthy,1,0,1,0,0,0,0
near_7d89a89bfaff1e1d3e18,LOW_SAME_TARGET_SAME_SOURCE,2,2,0,1,PLDD-UP,1,Potato healthy,1,0,1,0,0,0,0
near_7d964d1644b04e86c301,LOW_SAME_TARGET_SAME_SOURCE,2,2,0,1,Seasonal Corn Leaf Disease Dataset,1,Corn healthy,1,0,1,0,0,0,0
near_7d9b03ece99a52cbc42f,LOW_SAME_TARGET_SAME_SOURCE,2,2,0,1,PLDD-UP,1,Potato healthy,1,0,1,0,0,0,0
near_7da543dd93b9318b9c01,DIFFERENT_TARGET,2,2,0,1,PLDD-UP,2,Potato Early blight | Potato Late blight,1,1,0,0,1,0,0
near_7dbb43a42415eb77218c,LOW_SAME_TARGET_SAME_SOURCE,2,2,0,1,PLDD-UP,1,Potato Late blight,1,2,1,0,0,0,0
near_7dd11d4f3d4d25a92f60,LOW_SAME_TARGET_SAME_SOURCE,2,2,0,1,PLDD-UP,1,Potato healthy,1,0,1,0,0,0,0
near_7de261d3b0d4f6259326,LOW_SAME_TARGET_SAME_SOURCE,2,2,0,1,Seasonal Corn Leaf Disease Dataset,1,Corn healthy,1,0,1,0,0,0,0
near_7e01c8768f3f27a4209f,LOW_SAME_TARGET_SAME_SOURCE,2,2,0,1,PLDD-UP,1,Potato healthy,1,2,1,0,0,0,0
near_7e1001ef8d4785fcd62b,LOW_SAME_TARGET_SAME_SOURCE,2,2,0,1,PLDD-UP,1,Potato Late blight,1,4,1,0,0,0,0
near_7e1c09667a1c225cb3fd,LOW_SAME_TARGET_SAME_SOURCE,3,3,0,1,PLDD-UP,1,Potato Early blight,2,4,2,0,0,0,0
near_7e5c7b694b82dd3e9293,LOW_SAME_TARGET_SAME_SOURCE,2,2,0,1,PLDD-UP,1,Potato healthy,1,0,1,0,0,0,0
near_7e7b846e7def434e6734,LOW_SAME_TARGET_SAME_SOURCE,2,2,0,1,PLDD-UP,1,Potato healthy,1,0,1,0,0,0,0
near_7e982dbdc4f91a216021,LOW_SAME_TARGET_SAME_SOURCE,2,2,0,1,PLDD-UP,1,Potato healthy,1,0,1,0,0,0,0
near_7e9ac6fa642097556d1f,LOW_SAME_TARGET_SAME_SOURCE,3,3,0,1,PLDD-UP,1,Potato Early blight,2,1,2,0,0,0,0
near_7eab7d03722aa3353491,LOW_SAME_TARGET_SAME_SOURCE,2,2,0,1,PLDD-UP,1,Potato healthy,1,1,1,0,0,0,0
near_7eae2e8752a9224d4eef,LOW_SAME_TARGET_SAME_SOURCE,2,2,0,1,PLDD-UP,1,Potato healthy,1,4,1,0,0,0,0
near_7ee34350468767628f25,LOW_SAME_TARGET_SAME_SOURCE,2,2,0,1,PLDD-UP,1,Potato healthy,1,0,1,0,0,0,0
near_7ee589540a1eafcfb2f9,LOW_SAME_TARGET_SAME_SOURCE,2,2,0,1,Seasonal Corn Leaf Disease Dataset,1,Corn healthy,1,0,1,0,0,0,0
near_7f32e3b43e4e43296ec5,LOW_SAME_TARGET_SAME_SOURCE,2,2,0,1,PLDD-UP,1,Potato healthy,1,0,1,0,0,0,0
near_7f34efe19a5ce94038b9,LOW_SAME_TARGET_SAME_SOURCE,2,2,0,1,PLDD-UP,1,Potato healthy,1,3,1,0,0,0,0
near_7f44135562bbca6bcffb,LOW_SAME_TARGET_SAME_SOURCE,2,2,0,1,PLDD-UP,1,Potato Early blight,1,4,1,0,0,0,0
near_7f5f6f11157af5a53110,LOW_SAME_TARGET_SAME_SOURCE,2,2,0,1,PLDD-UP,1,Potato healthy,1,1,1,0,0,0,0
near_7f65f47478d51db8dd90,LOW_SAME_TARGET_SAME_SOURCE,2,2,0,1,PLDD-UP,1,Potato healthy,1,0,1,0,0,0,0
near_7f7dd4e06f06e1d97800,LOW_SAME_TARGET_SAME_SOURCE,2,2,0,1,PLDD-UP,1,Potato healthy,1,0,1,0,0,0,0
near_7fb778f4df882016fda2,LOW_SAME_TARGET_SAME_SOURCE,2,2,0,1,Seasonal Corn Leaf Disease Dataset,1,Corn healthy,1,0,1,0,0,0,0
near_7fb7cbe1d8b8c66b6d36,LOW_SAME_TARGET_SAME_SOURCE,2,2,0,1,PLDD-UP,1,Potato healthy,1,0,1,0,0,0,0
near_800e6c4839f485960e93,LOW_SAME_TARGET_SAME_SOURCE,2,2,0,1,PLDD-UP,1,Potato healthy,1,1,1,0,0,0,0
near_8011e3425ef177be15d8,LOW_SAME_TARGET_SAME_SOURCE,2,2,0,1,Seasonal Corn Leaf Disease Dataset,1,Corn healthy,1,0,1,0,0,0,0
near_8023eb39741b3dde51d6,LOW_SAME_TARGET_SAME_SOURCE,3,3,0,1,PLDD-UP,1,Potato Early blight,2,2,2,0,0,0,0
near_804a42f4389ffe129d79,LOW_SAME_TARGET_SAME_SOURCE,2,2,0,1,PLDD-UP,1,Potato healthy,1,0,1,0,0,0,0
near_805829faba2ea3e32a1b,LOW_SAME_TARGET_SAME_SOURCE,2,2,0,1,Seasonal Corn Leaf Disease Dataset,1,Corn healthy,1,0,1,0,0,0,0
near_8092615ca4878f6bc9ff,LOW_SAME_TARGET_SAME_SOURCE,2,2,0,1,PLDD-UP,1,Potato Early blight,1,2,1,0,0,0,0
near_8094222866839700ca83,LOW_SAME_TARGET_SAME_SOURCE,2,2,0,1,PLDD-UP,1,Potato healthy,1,0,1,0,0,0,0
near_80a1ee7c7b9aa9055050,LOW_SAME_TARGET_SAME_SOURCE,2,2,0,1,PLDD-UP,1,Potato healthy,1,0,1,0,0,0,0
near_80dfd9e46012ad7d070b,LOW_SAME_TARGET_SAME_SOURCE,2,2,0,1,PLDD-UP,1,Potato healthy,1,0,1,0,0,0,0
near_80f7eb0f6d94d22d1bb8,LOW_SAME_TARGET_SAME_SOURCE,3,3,0,1,PLDD-UP,1,Potato Late blight,3,1,3,0,0,0,0
near_80fac50e1c8586f4c592,LOW_SAME_TARGET_SAME_SOURCE,2,2,0,1,PLDD-UP,1,Potato healthy,1,0,1,0,0,0,0
near_80fae5bd8e02341de03f,LOW_SAME_TARGET_SAME_SOURCE,3,3,0,1,PLDD-UP,1,Potato healthy,3,2,3,0,0,0,0
near_81114c2afe926ec1353b,LOW_SAME_TARGET_SAME_SOURCE,2,2,0,1,PLDD-UP,1,Potato Early blight,1,4,1,0,0,0,0
near_811268e62ef1ac635afc,LOW_SAME_TARGET_SAME_SOURCE,2,2,0,1,PLDD-UP,1,Potato Early blight,1,2,1,0,0,0,0
near_8119d2ef4743f1ebd8f1,LOW_SAME_TARGET_SAME_SOURCE,2,2,0,1,PLDD-UP,1,Potato Late blight,1,0,1,0,0,0,0
near_812812d7b740aa557f3f,LOW_SAME_TARGET_SAME_SOURCE,2,2,0,1,Seasonal Corn Leaf Disease Dataset,1,Corn healthy,1,2,1,0,0,0,0
near_81e0b190228d20c69a7f,LOW_SAME_TARGET_SAME_SOURCE,2,2,0,1,PlantDoc,0,,1,0,0,0,0,0,1
near_81ff4b663cc383a8e86d,LOW_SAME_TARGET_SAME_SOURCE,2,2,0,1,PLDD-UP,1,Potato Late blight,1,1,1,0,0,0,0
near_82114d7fc6172a78e7ae,LOW_SAME_TARGET_SAME_SOURCE,2,2,0,1,PLDD-UP,1,Potato healthy,1,1,1,0,0,0,0
near_826178c8597969a849a3,LOW_SAME_TARGET_SAME_SOURCE,2,2,0,1,Seasonal Corn Leaf Disease Dataset,1,Corn healthy,1,1,1,0,0,0,0
near_826ec28329933897826c,LOW_SAME_TARGET_SAME_SOURCE,2,2,0,1,PLDD-UP,1,Potato healthy,1,0,1,0,0,0,0
near_828ba8ed252a70ebe32b,LOW_SAME_TARGET_SAME_SOURCE,2,2,0,1,PLDD-UP,1,Potato healthy,1,0,1,0,0,0,0
near_829f84c915e32bdd43f3,LOW_SAME_TARGET_SAME_SOURCE,2,2,0,1,PLDD-UP,1,Potato Early blight,1,4,1,0,0,0,0
near_82f79f0ec3331c264b02,LOW_SAME_TARGET_SAME_SOURCE,2,2,0,1,PLDD-UP,1,Potato Early blight,1,4,1,0,0,0,0
near_8309e4972bb6102d75cd,LOW_SAME_TARGET_SAME_SOURCE,3,3,0,1,PLDD-UP,1,Potato Late blight,3,1,3,0,0,0,0
near_834377374a3084290ae7,LOW_SAME_TARGET_SAME_SOURCE,2,2,0,1,PLDD-UP,1,Potato healthy,1,0,1,0,0,0,0
near_836f6ffec00f0b8fd221,LOW_SAME_TARGET_SAME_SOURCE,3,3,0,1,PLDD-UP,1,Potato Late blight,2,3,2,0,0,0,0
near_837d8103d5d65677fc31,LOW_SAME_TARGET_SAME_SOURCE,2,2,0,1,PLDD-UP,1,Potato healthy,1,0,1,0,0,0,0
near_83808a64216d38dde489,LOW_SAME_TARGET_SAME_SOURCE,2,2,0,1,PLDD-UP,1,Potato Late blight,1,2,1,0,0,0,0
near_83842cda3f0dca700ad0,LOW_SAME_TARGET_SAME_SOURCE,2,2,0,1,Seasonal Corn Leaf Disease Dataset,1,Corn healthy,1,2,1,0,0,0,0
near_83901fc818f58335a9e1,LOW_SAME_TARGET_SAME_SOURCE,3,3,0,1,PLDD-UP,1,Potato Early blight,2,4,2,0,0,0,0
near_83b738f77fa9251c1828,DIFFERENT_TARGET,2,2,0,1,PLDD-UP,2,Potato Early blight | Potato Late blight,1,4,0,0,1,0,0
near_8426e8fbf877a4ec607d,LOW_SAME_TARGET_SAME_SOURCE,4,4,0,1,PLDD-UP,1,Potato Late blight,3,3,3,0,0,0,0
near_846892e14c437575bfce,LOW_SAME_TARGET_SAME_SOURCE,2,2,0,1,PLDD-UP,1,Potato healthy,1,4,1,0,0,0,0
near_846c110fc5ef55967af8,LOW_SAME_TARGET_SAME_SOURCE,2,2,0,1,PLDD-UP,1,Potato healthy,1,2,1,0,0,0,0
near_846ecef02d545ed61c0b,LOW_SAME_TARGET_SAME_SOURCE,2,2,0,1,Seasonal Corn Leaf Disease Dataset,1,Corn healthy,1,0,1,0,0,0,0
near_84814505ddf9dd09387c,LOW_SAME_TARGET_SAME_SOURCE,2,2,0,1,PLDD-UP,1,Potato healthy,1,0,1,0,0,0,0
near_84a66cde512fa90a3d72,LOW_SAME_TARGET_SAME_SOURCE,2,2,0,1,Seasonal Corn Leaf Disease Dataset,1,Corn healthy,1,0,1,0,0,0,0
near_84d4938fea07fa3c2754,LOW_SAME_TARGET_SAME_SOURCE,2,2,0,1,PLDD-UP,1,Potato healthy,1,0,1,0,0,0,0
near_84f227e2b6f188b59c31,LOW_SAME_TARGET_SAME_SOURCE,2,2,0,1,PLDD-UP,1,Potato Late blight,1,4,1,0,0,0,0
near_850a98c2707b0a2e574e,LOW_SAME_TARGET_SAME_SOURCE,2,2,0,1,PLDD-UP,1,Potato healthy,1,3,1,0,0,0,0
near_851a4539a7c8a34b6e2b,LOW_SAME_TARGET_SAME_SOURCE,4,4,0,1,PLDD-UP,1,Potato Early blight,4,0,4,0,0,0,0
near_856e03ab195f3456ee5d,LOW_SAME_TARGET_SAME_SOURCE,2,2,0,1,Seasonal Corn Leaf Disease Dataset,1,Corn healthy,1,0,1,0,0,0,0
near_85948d54702c27c33c05,LOW_SAME_TARGET_SAME_SOURCE,2,2,0,1,Seasonal Corn Leaf Disease Dataset,1,Corn healthy,1,1,1,0,0,0,0
near_85bdcb755e5738b550ee,LOW_SAME_TARGET_SAME_SOURCE,2,2,0,1,PLDD-UP,1,Potato healthy,1,1,1,0,0,0,0
near_85e95854713cdcf6077a,LOW_SAME_TARGET_SAME_SOURCE,2,2,0,1,Seasonal Corn Leaf Disease Dataset,1,Corn Cercospora leaf spot,1,0,1,0,0,0,0
near_861544b4b85c0d5728bf,LOW_SAME_TARGET_SAME_SOURCE,2,2,0,1,PLDD-UP,1,Potato Early blight,1,2,1,0,0,0,0
near_8617a2f61bed8455133b,LOW_SAME_TARGET_SAME_SOURCE,2,2,0,1,Seasonal Corn Leaf Disease Dataset,1,Corn healthy,1,0,1,0,0,0,0
near_86215628e3d34b59f7d9,LOW_SAME_TARGET_SAME_SOURCE,2,2,0,1,PLDD-UP,1,Potato healthy,1,0,1,0,0,0,0
near_862fa7ef443698ae2847,LOW_SAME_TARGET_SAME_SOURCE,2,2,0,1,PLDD-UP,1,Potato Early blight,1,4,1,0,0,0,0
near_8646f11b148aea1842bd,LOW_SAME_TARGET_SAME_SOURCE,2,2,0,1,PLDD-UP,1,Potato healthy,1,3,1,0,0,0,0
near_864b12be63677d7bf748,LOW_SAME_TARGET_SAME_SOURCE,2,2,0,1,PLDD-UP,1,Potato healthy,1,0,1,0,0,0,0
near_868963a504268c1b9ad9,LOW_SAME_TARGET_SAME_SOURCE,2,2,0,1,PLDD-UP,1,Potato healthy,1,0,1,0,0,0,0
near_86b617db7549132e11de,LOW_SAME_TARGET_SAME_SOURCE,4,4,0,1,PLDD-UP,1,Potato healthy,6,0,6,0,0,0,0
near_86bad3c88a5d9e000098,LOW_SAME_TARGET_SAME_SOURCE,2,2,0,1,PLDD-UP,1,Potato healthy,1,0,1,0,0,0,0
near_86f947a7028ff0816b0d,LOW_SAME_TARGET_SAME_SOURCE,2,2,0,1,PLDD-UP,1,Potato Early blight,1,3,1,0,0,0,0
near_87069df12dca8844da29,LOW_SAME_TARGET_SAME_SOURCE,2,2,0,1,PLDD-UP,1,Potato Early blight,1,4,1,0,0,0,0
near_8732a35d9fb0b3f2d250,LOW_SAME_TARGET_SAME_SOURCE,2,2,0,1,PLDD-UP,1,Potato Early blight,1,3,1,0,0,0,0
near_876ad76fa224bf613241,LOW_SAME_TARGET_SAME_SOURCE,2,2,0,1,PLDD-UP,1,Potato healthy,1,0,1,0,0,0,0
near_8787e10a03b885fc0d9b,LOW_SAME_TARGET_SAME_SOURCE,2,2,0,1,PLDD-UP,1,Potato Late blight,1,3,1,0,0,0,0
near_8797ad067a6a62b20ce4,LOW_SAME_TARGET_SAME_SOURCE,2,2,0,1,Seasonal Corn Leaf Disease Dataset,1,Corn healthy,1,0,1,0,0,0,0
near_879c4035c51f1502b780,LOW_SAME_TARGET_SAME_SOURCE,2,2,0,1,PLDD-UP,1,Potato Late blight,1,4,1,0,0,0,0
near_87a05bae673c68476e2a,LOW_SAME_TARGET_SAME_SOURCE,2,2,0,1,PLDD-UP,1,Potato healthy,1,0,1,0,0,0,0
near_87b114f091fec86f1c94,LOW_SAME_TARGET_SAME_SOURCE,2,2,0,1,Seasonal Corn Leaf Disease Dataset,1,Corn healthy,1,1,1,0,0,0,0
near_87bb39285f151a10c230,LOW_SAME_TARGET_SAME_SOURCE,2,2,0,1,PLDD-UP,1,Potato Early blight,1,1,1,0,0,0,0
near_87bc4459950dd77c90a4,LOW_SAME_TARGET_SAME_SOURCE,4,4,0,1,PLDD-UP,1,Potato Late blight,3,2,3,0,0,0,0
near_87e5961ac33efd653a84,LOW_SAME_TARGET_SAME_SOURCE,2,2,0,1,PLDD-UP,1,Potato healthy,1,0,1,0,0,0,0
near_87ee51260b8df29e33b3,LOW_SAME_TARGET_SAME_SOURCE,2,2,0,1,PLDD-UP,1,Potato Early blight,1,2,1,0,0,0,0
near_8816d110ca1f382f0532,LOW_SAME_TARGET_SAME_SOURCE,2,2,0,1,PLDD-UP,1,Potato Early blight,1,3,1,0,0,0,0
near_882865cbd965f221a823,LOW_SAME_TARGET_SAME_SOURCE,2,2,0,1,PLDD-UP,1,Potato healthy,1,0,1,0,0,0,0
near_8845bc6f99a25c52d304,LOW_SAME_TARGET_SAME_SOURCE,2,2,0,1,PLDD-UP,1,Potato healthy,1,0,1,0,0,0,0
near_885fc4cf9e6f8cfaebcd,LOW_SAME_TARGET_SAME_SOURCE,2,2,0,1,PLDD-UP,1,Potato healthy,1,0,1,0,0,0,0
near_8870bc3f735257090d9a,LOW_SAME_TARGET_SAME_SOURCE,2,2,0,1,PLDD-UP,1,Potato Early blight,1,4,1,0,0,0,0
near_8889864e8dd722e67dcd,LOW_SAME_TARGET_SAME_SOURCE,2,2,0,1,PLDD-UP,1,Potato healthy,1,0,1,0,0,0,0
near_888c30d44159bea53966,LOW_SAME_TARGET_SAME_SOURCE,2,2,0,1,PLDD-UP,1,Potato healthy,1,0,1,0,0,0,0
near_889a1a4911350e047505,LOW_SAME_TARGET_SAME_SOURCE,2,2,0,1,PLDD-UP,1,Potato healthy,1,0,1,0,0,0,0
near_88a05c19ce0f914e92ce,LOW_SAME_TARGET_SAME_SOURCE,2,2,0,1,PLDD-UP,1,Potato healthy,1,0,1,0,0,0,0
near_88d286cebf055cf569dd,LOW_SAME_TARGET_SAME_SOURCE,2,2,0,1,PLDD-UP,1,Potato healthy,1,0,1,0,0,0,0
near_890ecc4090d041ded923,LOW_SAME_TARGET_SAME_SOURCE,2,2,0,1,PLDD-UP,1,Potato healthy,1,0,1,0,0,0,0
near_892ab024d33de70da56f,LOW_SAME_TARGET_SAME_SOURCE,12,12,0,1,PLDD-UP,1,Potato healthy,42,0,42,0,0,0,0
near_8937f8b074d1c4e5bad8,LOW_SAME_TARGET_SAME_SOURCE,2,2,0,1,PLDD-UP,1,Potato healthy,1,0,1,0,0,0,0
near_89836dc82eebba0da0a1,LOW_SAME_TARGET_SAME_SOURCE,2,2,0,1,PLDD-UP,1,Potato healthy,1,0,1,0,0,0,0
near_89a7656c7a62f33cb0f7,LOW_SAME_TARGET_SAME_SOURCE,2,2,0,1,PLDD-UP,1,Potato healthy,1,0,1,0,0,0,0
near_8a0403f91cda9f8cc139,LOW_SAME_TARGET_SAME_SOURCE,2,2,0,1,PLDD-UP,1,Potato healthy,1,0,1,0,0,0,0
near_8a6582732ffa8e1c5318,LOW_SAME_TARGET_SAME_SOURCE,2,2,0,1,PLDD-UP,1,Potato healthy,1,1,1,0,0,0,0
near_8a745f73dbe76343bed5,LOW_SAME_TARGET_SAME_SOURCE,2,2,0,1,Seasonal Corn Leaf Disease Dataset,1,Corn healthy,1,1,1,0,0,0,0
near_8b2efd283b14d14684d0,LOW_SAME_TARGET_SAME_SOURCE,2,2,0,1,PLDD-UP,1,Potato healthy,1,0,1,0,0,0,0
near_8b55dc356d77deb0832c,LOW_SAME_TARGET_SAME_SOURCE,2,2,0,1,PLDD-UP,1,Potato healthy,1,0,1,0,0,0,0
near_8b78214a800a7ec88f78,LOW_SAME_TARGET_SAME_SOURCE,2,2,0,1,PLDD-UP,1,Potato Early blight,1,2,1,0,0,0,0
near_8b95aa0c1bd3a9538ef1,LOW_SAME_TARGET_SAME_SOURCE,2,2,0,1,Seasonal Corn Leaf Disease Dataset,1,Corn healthy,1,0,1,0,0,0,0
near_8b9bb09ea001098263bd,LOW_SAME_TARGET_SAME_SOURCE,3,3,0,1,PLDD-UP,1,Potato Early blight,3,0,3,0,0,0,0
near_8ba1cb1a0dcfb5efd4d0,LOW_SAME_TARGET_SAME_SOURCE,2,2,0,1,PLDD-UP,1,Potato healthy,1,0,1,0,0,0,0
near_8bb554f761864450d660,LOW_SAME_TARGET_SAME_SOURCE,2,2,0,1,PLDD-UP,1,Potato healthy,1,0,1,0,0,0,0
near_8bbc998d6e9ed388f2d2,LOW_SAME_TARGET_SAME_SOURCE,3,3,0,1,PLDD-UP,1,Potato Early blight,3,1,3,0,0,0,0
near_8c0705c70b60898697a6,LOW_SAME_TARGET_SAME_SOURCE,2,2,0,1,Seasonal Corn Leaf Disease Dataset,1,Corn healthy,1,1,1,0,0,0,0
near_8c147a76892359e2ca56,LOW_SAME_TARGET_SAME_SOURCE,2,2,0,1,PLDD-UP,1,Potato healthy,1,0,1,0,0,0,0
near_8c16ed8844d2010aa248,LOW_SAME_TARGET_SAME_SOURCE,2,2,0,1,Seasonal Corn Leaf Disease Dataset,1,Corn healthy,1,0,1,0,0,0,0
near_8c33a006608083881e40,LOW_SAME_TARGET_SAME_SOURCE,2,2,0,1,Seasonal Corn Leaf Disease Dataset,1,Corn healthy,1,1,1,0,0,0,0
near_8c44c1fc2218d61722f3,LOW_SAME_TARGET_SAME_SOURCE,2,2,0,1,PLDD-UP,1,Potato Early blight,1,3,1,0,0,0,0
near_8c4c68f094cc236110f9,LOW_SAME_TARGET_SAME_SOURCE,2,2,0,1,PLDD-UP,1,Potato healthy,1,0,1,0,0,0,0
near_8c56b027dd894869f0a9,LOW_SAME_TARGET_SAME_SOURCE,2,2,0,1,Seasonal Corn Leaf Disease Dataset,1,Corn healthy,1,0,1,0,0,0,0
near_8c66f1d92e509a3cbb3c,LOW_SAME_TARGET_SAME_SOURCE,2,2,0,1,PLDD-UP,1,Potato healthy,1,3,1,0,0,0,0
near_8c7017da5e011cf9a040,LOW_SAME_TARGET_SAME_SOURCE,2,2,0,1,PLDD-UP,1,Potato Late blight,1,2,1,0,0,0,0
near_8c876730db2e2996604d,DIFFERENT_TARGET,2,2,0,1,PLDD-UP,2,Potato Early blight | Potato Late blight,1,4,0,0,1,0,0
near_8c8cf0a753b27f6efa94,LOW_SAME_TARGET_SAME_SOURCE,2,2,0,1,PLDD-UP,1,Potato healthy,1,0,1,0,0,0,0
near_8c9d52192c1014cf5d31,LOW_SAME_TARGET_SAME_SOURCE,2,2,0,1,PLDD-UP,1,Potato healthy,1,1,1,0,0,0,0
near_8c9e8e2240c5d860cbee,LOW_SAME_TARGET_SAME_SOURCE,3,3,0,1,PLDD-UP,1,Potato Late blight,3,0,3,0,0,0,0
near_8cafe951ea8e81415367,LOW_SAME_TARGET_SAME_SOURCE,2,2,0,1,PLDD-UP,1,Potato healthy,1,0,1,0,0,0,0
near_8cb4bbeae84e7f6b8202,DIFFERENT_TARGET,2,2,0,1,PlantDoc,2,Potato Early blight | Tomato Early blight,1,3,0,0,1,0,0
near_8cca57edf6d3173362e8,LOW_SAME_TARGET_SAME_SOURCE,2,2,0,1,PLDD-UP,1,Potato healthy,1,0,1,0,0,0,0
near_8cd0847d6cd65cfaa87c,LOW_SAME_TARGET_SAME_SOURCE,2,2,0,1,PLDD-UP,1,Potato healthy,1,0,1,0,0,0,0
near_8cd6f539c0186d65a05b,LOW_SAME_TARGET_SAME_SOURCE,2,2,0,1,PLDD-UP,1,Potato healthy,1,0,1,0,0,0,0
near_8cdb22e0f633efbaccba,LOW_SAME_TARGET_SAME_SOURCE,2,2,0,1,Seasonal Corn Leaf Disease Dataset,1,Corn Cercospora leaf spot,1,0,1,0,0,0,0
near_8cdc24ae7ebd01085014,LOW_SAME_TARGET_SAME_SOURCE,2,2,0,1,PLDD-UP,1,Potato healthy,1,0,1,0,0,0,0
near_8ce11902e5b9203b0be7,LOW_SAME_TARGET_SAME_SOURCE,3,3,0,1,PLDD-UP,1,Potato Late blight,2,2,2,0,0,0,0
near_8ce33020e5af7791a282,LOW_SAME_TARGET_SAME_SOURCE,2,2,0,1,PLDD-UP,1,Potato Late blight,1,3,1,0,0,0,0
near_8cecda253b3ba08e9816,LOW_SAME_TARGET_SAME_SOURCE,2,2,0,1,PLDD-UP,1,Potato Early blight,1,4,1,0,0,0,0
near_8d0b25972522c2e5b4d4,LOW_SAME_TARGET_SAME_SOURCE,2,2,0,1,PLDD-UP,1,Potato Late blight,1,3,1,0,0,0,0
near_8d2837ad12881f0ed216,LOW_SAME_TARGET_SAME_SOURCE,2,2,0,1,PLDD-UP,1,Potato Late blight,1,4,1,0,0,0,0
near_8d2c8dce889415ff23fd,LOW_SAME_TARGET_SAME_SOURCE,2,2,0,1,Seasonal Corn Leaf Disease Dataset,1,Corn healthy,1,0,1,0,0,0,0
near_8d30d7026b6d4e527aaf,LOW_SAME_TARGET_SAME_SOURCE,3,3,0,1,PLDD-UP,1,Potato Late blight,2,3,2,0,0,0,0
near_8d447c47a2dd2467427f,LOW_SAME_TARGET_SAME_SOURCE,2,2,0,1,Seasonal Corn Leaf Disease Dataset,1,Corn healthy,1,1,1,0,0,0,0
near_8d51c594910ef1a61ce6,LOW_SAME_TARGET_SAME_SOURCE,3,3,0,1,PLDD-UP,1,Potato Early blight,3,0,3,0,0,0,0
near_8d7aa8060cb9bd1a26c5,LOW_SAME_TARGET_SAME_SOURCE,4,4,0,1,PLDD-UP,1,Potato Late blight,3,4,3,0,0,0,0
near_8db9ea6868dd65c6c854,LOW_SAME_TARGET_SAME_SOURCE,2,2,0,1,Seasonal Corn Leaf Disease Dataset,1,Corn healthy,1,0,1,0,0,0,0
near_8dbb242afd4ea92b280d,LOW_SAME_TARGET_SAME_SOURCE,2,2,0,1,Seasonal Corn Leaf Disease Dataset,1,Corn healthy,1,1,1,0,0,0,0
near_8dceb500aa550d1f166b,LOW_SAME_TARGET_SAME_SOURCE,2,2,0,1,Seasonal Corn Leaf Disease Dataset,1,Corn healthy,1,2,1,0,0,0,0
near_8de4b03a0b887f2f8b61,LOW_SAME_TARGET_SAME_SOURCE,2,2,0,1,PLDD-UP,1,Potato Early blight,1,4,1,0,0,0,0
near_8de564213b03c8bd5e03,LOW_SAME_TARGET_SAME_SOURCE,2,2,0,1,PLDD-UP,1,Potato healthy,1,0,1,0,0,0,0
near_8df19cdc2b04f8f5e28a,LOW_SAME_TARGET_SAME_SOURCE,2,2,0,1,PLDD-UP,1,Potato healthy,1,0,1,0,0,0,0
near_8df8f1ea844c63db164a,LOW_SAME_TARGET_SAME_SOURCE,2,2,0,1,PLDD-UP,1,Potato healthy,1,0,1,0,0,0,0
near_8e04353b85223811e70b,LOW_SAME_TARGET_SAME_SOURCE,2,2,0,1,PLDD-UP,1,Potato Early blight,1,2,1,0,0,0,0
near_8e0ecf6c5ca117303279,LOW_SAME_TARGET_SAME_SOURCE,2,2,0,1,PLDD-UP,1,Potato Early blight,1,4,1,0,0,0,0
near_8e5f81d4e89b99089ec7,LOW_SAME_TARGET_SAME_SOURCE,2,2,0,1,PLDD-UP,1,Potato Late blight,1,4,1,0,0,0,0
near_8e6854710cc74ad1b21d,LOW_SAME_TARGET_SAME_SOURCE,2,2,0,1,Seasonal Corn Leaf Disease Dataset,1,Corn healthy,1,0,1,0,0,0,0
near_8e6f434d08a193feee7b,LOW_SAME_TARGET_SAME_SOURCE,2,2,0,1,PLDD-UP,1,Potato healthy,1,0,1,0,0,0,0
near_8e7125f0f00ee173b97f,LOW_SAME_TARGET_SAME_SOURCE,2,2,0,1,Seasonal Corn Leaf Disease Dataset,1,Corn healthy,1,1,1,0,0,0,0
near_8e97aa40f49d5d7783f1,LOW_SAME_TARGET_SAME_SOURCE,2,2,0,1,Seasonal Corn Leaf Disease Dataset,1,Corn healthy,1,1,1,0,0,0,0
near_8eb9a19220a79ffaeda1,LOW_SAME_TARGET_SAME_SOURCE,4,4,0,1,PLDD-UP,1,Potato Early blight,6,0,6,0,0,0,0
near_8ed8e6b85ada0dc9b3f7,LOW_SAME_TARGET_SAME_SOURCE,2,2,0,1,PLDD-UP,1,Potato Late blight,1,4,1,0,0,0,0
near_8ede692501d5e25ab491,LOW_SAME_TARGET_SAME_SOURCE,2,2,0,1,PLDD-UP,1,Potato healthy,1,0,1,0,0,0,0
near_8ee45eee33553ac6858e,LOW_SAME_TARGET_SAME_SOURCE,2,2,0,1,Seasonal Corn Leaf Disease Dataset,1,Corn Cercospora leaf spot,1,1,1,0,0,0,0
near_8ef9ec43e7bb53499d90,LOW_SAME_TARGET_SAME_SOURCE,4,4,0,1,PLDD-UP,1,Potato Early blight,6,1,6,0,0,0,0
near_8f0e3317a51b3721b5ab,LOW_SAME_TARGET_SAME_SOURCE,8,8,0,1,PLDD-UP,1,Potato healthy,22,0,22,0,0,0,0
near_8f0e3a21d70430ae5795,LOW_SAME_TARGET_SAME_SOURCE,2,2,0,1,PLDD-UP,1,Potato healthy,1,1,1,0,0,0,0
near_8f1a06060ed16e30c5e8,LOW_SAME_TARGET_SAME_SOURCE,2,2,0,1,PLDD-UP,1,Potato healthy,1,0,1,0,0,0,0
near_8f44fd43d54b67481579,LOW_SAME_TARGET_SAME_SOURCE,2,2,0,1,PLDD-UP,1,Potato healthy,1,2,1,0,0,0,0
near_8f5ce8aafa8152241bb7,LOW_SAME_TARGET_SAME_SOURCE,2,2,0,1,PLDD-UP,1,Potato Late blight,1,4,1,0,0,0,0
near_8f9585bcddd3faafb549,LOW_SAME_TARGET_SAME_SOURCE,2,2,0,1,Seasonal Corn Leaf Disease Dataset,1,Corn healthy,1,0,1,0,0,0,0
near_8fbefa166d09a18d3cce,LOW_SAME_TARGET_SAME_SOURCE,2,2,0,1,Seasonal Corn Leaf Disease Dataset,1,Corn healthy,1,0,1,0,0,0,0
near_8fd311e287e865994a58,LOW_SAME_TARGET_SAME_SOURCE,2,2,0,1,Seasonal Corn Leaf Disease Dataset,1,Corn healthy,1,1,1,0,0,0,0
near_8fd35eba52878a4944e3,LOW_SAME_TARGET_SAME_SOURCE,2,2,0,1,PLDD-UP,1,Potato healthy,1,1,1,0,0,0,0
near_8fe21fc585d9e0851c39,LOW_SAME_TARGET_SAME_SOURCE,2,2,0,1,Seasonal Corn Leaf Disease Dataset,1,Corn healthy,1,0,1,0,0,0,0
near_90389d9b914d28dde369,LOW_SAME_TARGET_SAME_SOURCE,2,2,0,1,Seasonal Corn Leaf Disease Dataset,1,Corn healthy,1,0,1,0,0,0,0
near_905ad6b7873aa6581e73,LOW_SAME_TARGET_SAME_SOURCE,2,2,0,1,PLDD-UP,1,Potato healthy,1,0,1,0,0,0,0
near_9071bdef342f48551ffc,LOW_SAME_TARGET_SAME_SOURCE,2,2,0,1,PLDD-UP,1,Potato healthy,1,0,1,0,0,0,0
near_9087dba8b75c726e64b1,LOW_SAME_TARGET_SAME_SOURCE,2,2,0,1,PlantDoc,1,Tomato Bacterial spot,1,1,1,0,0,0,0
near_90cec906e545811ec5df,LOW_SAME_TARGET_SAME_SOURCE,2,2,0,1,PLDD-UP,1,Potato healthy,1,0,1,0,0,0,0
near_90edde6d1a2aa831d7ce,LOW_SAME_TARGET_SAME_SOURCE,2,2,0,1,PLDD-UP,1,Potato healthy,1,0,1,0,0,0,0
near_90f15ca59001eac9f736,LOW_SAME_TARGET_SAME_SOURCE,2,2,0,1,PLDD-UP,1,Potato healthy,1,0,1,0,0,0,0
near_91174a5bc20d1af9d5df,LOW_SAME_TARGET_SAME_SOURCE,2,2,0,1,PLDD-UP,1,Potato healthy,1,0,1,0,0,0,0
near_911995b3dbf89e864c28,LOW_SAME_TARGET_SAME_SOURCE,2,2,0,1,PLDD-UP,1,Potato healthy,1,3,1,0,0,0,0
near_91386ea28c5050b904d6,LOW_SAME_TARGET_SAME_SOURCE,2,2,0,1,PLDD-UP,1,Potato Early blight,1,4,1,0,0,0,0
near_9141a79383aa4f0ee7a4,LOW_SAME_TARGET_SAME_SOURCE,4,4,0,1,PLDD-UP,1,Potato Late blight,6,4,6,0,0,0,0
near_91a657370ef7649b9c5f,LOW_SAME_TARGET_SAME_SOURCE,2,2,0,1,PLDD-UP,1,Potato healthy,1,0,1,0,0,0,0
near_91b00e69806fabeebc76,LOW_SAME_TARGET_SAME_SOURCE,2,2,0,1,Seasonal Corn Leaf Disease Dataset,1,Corn Cercospora leaf spot,1,0,1,0,0,0,0
near_91bb56f952fa5d02fc3b,LOW_SAME_TARGET_SAME_SOURCE,2,2,0,1,Seasonal Corn Leaf Disease Dataset,1,Corn Cercospora leaf spot,1,0,1,0,0,0,0
near_91ee9c790d8d96a28a0f,LOW_SAME_TARGET_SAME_SOURCE,2,2,0,1,PLDD-UP,1,Potato Early blight,1,2,1,0,0,0,0
near_922efc28d1a5c7a348bf,LOW_SAME_TARGET_SAME_SOURCE,2,2,0,1,PLDD-UP,1,Potato healthy,1,0,1,0,0,0,0
near_923d77301f10fd7ab05b,LOW_SAME_TARGET_SAME_SOURCE,2,2,0,1,PLDD-UP,1,Potato healthy,1,0,1,0,0,0,0
near_9258be1f015110923b6f,LOW_SAME_TARGET_SAME_SOURCE,2,2,0,1,PLDD-UP,1,Potato healthy,1,0,1,0,0,0,0
near_926817b247f793ce8ba6,LOW_SAME_TARGET_SAME_SOURCE,4,4,0,1,PLDD-UP,1,Potato Early blight,5,1,5,0,0,0,0
near_929fb33aaaf7fc0cd0dc,LOW_SAME_TARGET_SAME_SOURCE,2,2,0,1,PLDD-UP,1,Potato Early blight,1,4,1,0,0,0,0
near_92fa31eda4dc8a9df19b,LOW_SAME_TARGET_SAME_SOURCE,2,2,0,1,Seasonal Corn Leaf Disease Dataset,1,Corn healthy,1,1,1,0,0,0,0
near_9320baee459e28f5a16f,DIFFERENT_TARGET,8,8,0,1,PLDD-UP,2,Potato Early blight | Potato Late blight,19,0,15,0,4,0,0
near_9331ad5560dabbeadcc3,LOW_SAME_TARGET_SAME_SOURCE,2,2,0,1,Seasonal Corn Leaf Disease Dataset,1,Corn healthy,1,1,1,0,0,0,0
near_935b94ae5964b55ef0c9,LOW_SAME_TARGET_SAME_SOURCE,2,2,0,1,PLDD-UP,1,Potato Late blight,1,1,1,0,0,0,0
near_935fb421e15a2c5be956,LOW_SAME_TARGET_SAME_SOURCE,3,3,0,1,PLDD-UP,1,Potato healthy,3,0,3,0,0,0,0
near_93848039bc66e5cc7927,LOW_SAME_TARGET_SAME_SOURCE,2,2,0,1,PLDD-UP,1,Potato Late blight,1,2,1,0,0,0,0
near_9386d516b8f0ace883eb,LOW_SAME_TARGET_SAME_SOURCE,2,2,0,1,PLDD-UP,1,Potato healthy,1,0,1,0,0,0,0
near_938f20f7793fcc7a34b1,LOW_SAME_TARGET_SAME_SOURCE,2,2,0,1,PLDD-UP,1,Potato healthy,1,0,1,0,0,0,0
near_9391e632d73b9217c1e5,LOW_SAME_TARGET_SAME_SOURCE,2,2,0,1,PLDD-UP,1,Potato healthy,1,2,1,0,0,0,0
near_939355f7bde9e6a87084,LOW_SAME_TARGET_SAME_SOURCE,2,2,0,1,PLDD-UP,1,Potato healthy,1,0,1,0,0,0,0
near_939810cef48295a5a126,LOW_SAME_TARGET_SAME_SOURCE,2,2,0,1,Seasonal Corn Leaf Disease Dataset,1,Corn healthy,1,0,1,0,0,0,0
near_93bec614dff40e217b1d,LOW_SAME_TARGET_SAME_SOURCE,2,2,0,1,Seasonal Corn Leaf Disease Dataset,1,Corn healthy,1,0,1,0,0,0,0
near_93de4710faf9245d81cb,LOW_SAME_TARGET_SAME_SOURCE,2,2,0,1,PLDD-UP,1,Potato healthy,1,0,1,0,0,0,0
near_93e90177484f287bed14,LOW_SAME_TARGET_SAME_SOURCE,2,2,0,1,PLDD-UP,1,Potato healthy,1,1,1,0,0,0,0
near_93ea486a0111b8f08481,LOW_SAME_TARGET_SAME_SOURCE,3,3,0,1,PLDD-UP,1,Potato Late blight,3,1,3,0,0,0,0
near_941799d036e32f551429,LOW_SAME_TARGET_SAME_SOURCE,2,2,0,1,Seasonal Corn Leaf Disease Dataset,1,Corn healthy,1,0,1,0,0,0,0
near_942b0e81c6bfe61e7e3e,LOW_SAME_TARGET_SAME_SOURCE,2,2,0,1,PLDD-UP,1,Potato Late blight,1,3,1,0,0,0,0
near_944b12c5aacb9fbb3ffc,LOW_SAME_TARGET_SAME_SOURCE,2,2,0,1,PLDD-UP,1,Potato healthy,1,0,1,0,0,0,0
near_946aafa05e559e61f244,LOW_SAME_TARGET_SAME_SOURCE,3,3,0,1,PLDD-UP,1,Potato Late blight,2,4,2,0,0,0,0
near_947116e78e7dcba5f7b8,LOW_SAME_TARGET_SAME_SOURCE,2,2,0,1,PLDD-UP,1,Potato healthy,1,0,1,0,0,0,0
near_947ff6b7abb94ff8bca0,LOW_SAME_TARGET_SAME_SOURCE,2,2,0,1,PLDD-UP,1,Potato healthy,1,0,1,0,0,0,0
near_94b1ebbf212b02de485f,LOW_SAME_TARGET_SAME_SOURCE,2,2,0,1,PlantDoc,1,Tomato Late blight,1,0,1,0,0,0,0
near_94c6bbf81c05ec31f527,LOW_SAME_TARGET_SAME_SOURCE,2,2,0,1,Seasonal Corn Leaf Disease Dataset,1,Corn healthy,1,1,1,0,0,0,0
near_94cb3c7b4abdc646acf3,LOW_SAME_TARGET_SAME_SOURCE,2,2,0,1,PLDD-UP,1,Potato Early blight,1,3,1,0,0,0,0
near_94d8186ea694faf6beae,LOW_SAME_TARGET_SAME_SOURCE,2,2,0,1,PLDD-UP,1,Potato healthy,1,0,1,0,0,0,0
near_94ddd863b72893b72f47,LOW_SAME_TARGET_SAME_SOURCE,2,2,0,1,PLDD-UP,1,Potato healthy,1,0,1,0,0,0,0
near_94f34b6b76effd7d8bd6,LOW_SAME_TARGET_SAME_SOURCE,2,2,0,1,PLDD-UP,1,Potato healthy,1,0,1,0,0,0,0
near_94f65b52fb76eb289606,LOW_SAME_TARGET_SAME_SOURCE,2,2,0,1,PLDD-UP,1,Potato Early blight,1,3,1,0,0,0,0
near_9507f290f9d8f70bf1f6,LOW_SAME_TARGET_SAME_SOURCE,2,2,0,1,PLDD-UP,1,Potato Late blight,1,2,1,0,0,0,0
near_9516eeadba3e4cbd8825,LOW_SAME_TARGET_SAME_SOURCE,2,2,0,1,Seasonal Corn Leaf Disease Dataset,1,Corn healthy,1,0,1,0,0,0,0
near_9521f91103149042cf9c,LOW_SAME_TARGET_SAME_SOURCE,2,2,0,1,Seasonal Corn Leaf Disease Dataset,1,Corn healthy,1,4,1,0,0,0,0
near_952e2201d6c82b453ef0,LOW_SAME_TARGET_SAME_SOURCE,2,2,0,1,PLDD-UP,1,Potato Late blight,1,2,1,0,0,0,0
near_955f9093c40b45c1ff7c,LOW_SAME_TARGET_SAME_SOURCE,2,2,0,1,Seasonal Corn Leaf Disease Dataset,1,Corn healthy,1,0,1,0,0,0,0
near_95bf4fed2c701af97816,DIFFERENT_TARGET,2,2,0,1,PlantDoc,2,Tomato Bacterial spot | Tomato Septoria leaf spot,1,0,0,0,1,0,0
near_95c3619a1277c1d21503,LOW_SAME_TARGET_SAME_SOURCE,2,2,0,1,PLDD-UP,1,Potato healthy,1,0,1,0,0,0,0
near_95c4754df908def6ae4c,LOW_SAME_TARGET_SAME_SOURCE,2,2,0,1,PLDD-UP,1,Potato healthy,1,4,1,0,0,0,0
near_95f4a35f4daacd04838a,LOW_SAME_TARGET_SAME_SOURCE,2,2,0,1,Seasonal Corn Leaf Disease Dataset,1,Corn healthy,1,0,1,0,0,0,0
near_9601a243d8767e3de2b5,TRAIN_TO_LOCKED_BENCHMARK,2,1,1,1,PlantDoc,1,Tomato Bacterial spot,1,0,0,0,0,1,0
near_963fb36cceab43cd1a19,LOW_SAME_TARGET_SAME_SOURCE,2,2,0,1,PLDD-UP,1,Potato healthy,1,0,1,0,0,0,0
near_964dc18a3a190f2773ec,LOW_SAME_TARGET_SAME_SOURCE,2,2,0,1,PLDD-UP,1,Potato healthy,1,2,1,0,0,0,0
near_965cc05fd30d6a505a20,LOW_SAME_TARGET_SAME_SOURCE,3,3,0,1,PLDD-UP,1,Potato Early blight,3,2,3,0,0,0,0
near_9696931d8dc37bfd5165,LOW_SAME_TARGET_SAME_SOURCE,2,2,0,1,PLDD-UP,1,Potato Late blight,1,3,1,0,0,0,0
near_96a3adb40182fbb19a12,LOW_SAME_TARGET_SAME_SOURCE,2,2,0,1,PLDD-UP,1,Potato healthy,1,0,1,0,0,0,0
near_96b013323bd468bf5c8a,LOW_SAME_TARGET_SAME_SOURCE,2,2,0,1,PLDD-UP,1,Potato healthy,1,0,1,0,0,0,0
near_96b13915556337121bb5,LOW_SAME_TARGET_SAME_SOURCE,2,2,0,1,PLDD-UP,1,Potato healthy,1,0,1,0,0,0,0
near_96bc150a3f1ac2374a3e,LOW_SAME_TARGET_SAME_SOURCE,4,4,0,1,Seasonal Corn Leaf Disease Dataset,1,Corn Cercospora leaf spot,6,0,6,0,0,0,0
near_96c31bc280249fa99bba,LOW_SAME_TARGET_SAME_SOURCE,2,2,0,1,Seasonal Corn Leaf Disease Dataset,1,Corn healthy,1,0,1,0,0,0,0
near_96e141e4324457c96a5b,LOW_SAME_TARGET_SAME_SOURCE,2,2,0,1,PLDD-UP,1,Potato healthy,1,0,1,0,0,0,0
near_96ee239337d16493b899,LOW_SAME_TARGET_SAME_SOURCE,2,2,0,1,PLDD-UP,1,Potato healthy,1,0,1,0,0,0,0
near_970a720f13cf17af6b0f,LOW_SAME_TARGET_SAME_SOURCE,2,2,0,1,PLDD-UP,1,Potato healthy,1,0,1,0,0,0,0
near_971b1c5cb915623819a3,LOW_SAME_TARGET_SAME_SOURCE,2,2,0,1,PLDD-UP,1,Potato healthy,1,0,1,0,0,0,0
near_971eb7e3541d723e8743,DIFFERENT_TARGET,4,4,0,1,PLDD-UP,2,Potato Early blight | Potato healthy,6,0,2,0,4,0,0
near_97776cee720b6130ec44,LOW_SAME_TARGET_SAME_SOURCE,2,2,0,1,PLDD-UP,1,Potato Late blight,1,4,1,0,0,0,0
near_9789887c6cbd060f3e5f,LOW_SAME_TARGET_SAME_SOURCE,2,2,0,1,PLDD-UP,1,Potato healthy,1,0,1,0,0,0,0
near_979070c9aa3d162d135b,LOW_SAME_TARGET_SAME_SOURCE,2,2,0,1,PLDD-UP,1,Potato healthy,1,0,1,0,0,0,0
near_9799c5b119c1b037e51c,LOW_SAME_TARGET_SAME_SOURCE,3,3,0,1,PLDD-UP,1,Potato Early blight,3,1,3,0,0,0,0
near_979be0787f2ccf9a8d32,LOW_SAME_TARGET_SAME_SOURCE,2,2,0,1,PLDD-UP,1,Potato healthy,1,3,1,0,0,0,0
near_97f1cd3368ecebbeec00,DIFFERENT_TARGET,2,2,0,1,PlantDoc,2,Tomato Bacterial spot | Tomato Septoria leaf spot,1,1,0,0,1,0,0
near_982240cd45189d591a60,LOW_SAME_TARGET_SAME_SOURCE,2,2,0,1,PLDD-UP,1,Potato Early blight,1,2,1,0,0,0,0
near_986657b3985e91550edc,LOW_SAME_TARGET_SAME_SOURCE,2,2,0,1,PLDD-UP,1,Potato healthy,1,0,1,0,0,0,0
near_9874b790f247a2862cbf,LOW_SAME_TARGET_SAME_SOURCE,2,2,0,1,Seasonal Corn Leaf Disease Dataset,1,Corn healthy,1,0,1,0,0,0,0
near_98786f671fd0aafb962e,LOW_SAME_TARGET_SAME_SOURCE,2,2,0,1,PLDD-UP,1,Potato healthy,1,0,1,0,0,0,0
near_987cdac33ff9f556bf28,LOW_SAME_TARGET_SAME_SOURCE,2,2,0,1,PLDD-UP,1,Potato healthy,1,0,1,0,0,0,0
near_98900d4712e079e28f25,LOW_SAME_TARGET_SAME_SOURCE,2,2,0,1,PLDD-UP,1,Potato healthy,1,0,1,0,0,0,0
near_98a48f04200249b49370,LOW_SAME_TARGET_SAME_SOURCE,2,2,0,1,PLDD-UP,1,Potato healthy,1,0,1,0,0,0,0
near_98d6bfe5cf71f4e39a9f,LOW_SAME_TARGET_SAME_SOURCE,3,3,0,1,PLDD-UP,1,Potato Late blight,3,1,3,0,0,0,0
near_98e6a17967451f2b9e24,LOW_SAME_TARGET_SAME_SOURCE,2,2,0,1,Seasonal Corn Leaf Disease Dataset,1,Corn healthy,1,0,1,0,0,0,0
near_99078a81c65aee2a799f,LOW_SAME_TARGET_SAME_SOURCE,4,4,0,1,PLDD-UP,1,Potato healthy,6,0,6,0,0,0,0
near_990edc4830ca9812a62f,LOW_SAME_TARGET_SAME_SOURCE,3,3,0,1,PLDD-UP,1,Potato Late blight,3,2,3,0,0,0,0
near_9914247a894ee574061a,LOW_SAME_TARGET_SAME_SOURCE,2,2,0,1,Seasonal Corn Leaf Disease Dataset,1,Corn healthy,1,0,1,0,0,0,0
near_9959de3a5ee55b1b1429,LOW_SAME_TARGET_SAME_SOURCE,2,2,0,1,PLDD-UP,1,Potato Late blight,1,3,1,0,0,0,0
near_99742fd85b5d119d28d8,LOW_SAME_TARGET_SAME_SOURCE,2,2,0,1,PLDD-UP,1,Potato healthy,1,0,1,0,0,0,0
near_99840469de9bb29b081c,LOW_SAME_TARGET_SAME_SOURCE,2,2,0,1,Seasonal Corn Leaf Disease Dataset,1,Corn healthy,1,2,1,0,0,0,0
near_99c410510d878aa14d97,LOW_SAME_TARGET_SAME_SOURCE,2,2,0,1,PLDD-UP,1,Potato Late blight,1,4,1,0,0,0,0
near_99e0117b562e2c6c0ad1,LOW_SAME_TARGET_SAME_SOURCE,2,2,0,1,PLDD-UP,1,Potato healthy,1,0,1,0,0,0,0
near_9a129c8a19fc54671a12,LOW_SAME_TARGET_SAME_SOURCE,3,3,0,1,PLDD-UP,1,Potato Early blight,2,2,2,0,0,0,0
near_9a21b66458efa61cc105,LOW_SAME_TARGET_SAME_SOURCE,2,2,0,1,Seasonal Corn Leaf Disease Dataset,1,Corn healthy,1,1,1,0,0,0,0
near_9a3567aac024c0f2a273,LOW_SAME_TARGET_SAME_SOURCE,2,2,0,1,PLDD-UP,1,Potato Early blight,1,2,1,0,0,0,0
near_9a85d1c113a0083b96fa,LOW_SAME_TARGET_SAME_SOURCE,2,2,0,1,PlantDoc,0,,1,0,0,0,0,0,1
near_9add0ccb49917ef15641,LOW_SAME_TARGET_SAME_SOURCE,2,2,0,1,PLDD-UP,1,Potato Late blight,1,2,1,0,0,0,0
near_9ae34b2a5a5251a246d2,LOW_SAME_TARGET_SAME_SOURCE,2,2,0,1,Seasonal Corn Leaf Disease Dataset,1,Corn healthy,1,1,1,0,0,0,0
near_9b052bedfa92679f001d,LOW_SAME_TARGET_SAME_SOURCE,2,2,0,1,Seasonal Corn Leaf Disease Dataset,1,Corn healthy,1,1,1,0,0,0,0
near_9b1a15e8bfeab3e868f9,LOW_SAME_TARGET_SAME_SOURCE,2,2,0,1,PLDD-UP,1,Potato Late blight,1,3,1,0,0,0,0
near_9b375661f4cd1704b40a,LOW_SAME_TARGET_SAME_SOURCE,2,2,0,1,PLDD-UP,1,Potato healthy,1,1,1,0,0,0,0
near_9b41da1d0d27b6a8d79e,LOW_SAME_TARGET_SAME_SOURCE,2,2,0,1,PLDD-UP,1,Potato Late blight,1,1,1,0,0,0,0
near_9b60d76cc6690b362bb3,LOW_SAME_TARGET_SAME_SOURCE,2,2,0,1,PLDD-UP,1,Potato healthy,1,0,1,0,0,0,0
near_9b62808b44124dc06f8b,LOW_SAME_TARGET_SAME_SOURCE,2,2,0,1,PLDD-UP,1,Potato healthy,1,0,1,0,0,0,0
near_9b90900ebb2aea9d9f45,LOW_SAME_TARGET_SAME_SOURCE,2,2,0,1,PLDD-UP,1,Potato Late blight,1,4,1,0,0,0,0
near_9befda6835addea8ce67,LOW_SAME_TARGET_SAME_SOURCE,2,2,0,1,PLDD-UP,1,Potato Late blight,1,4,1,0,0,0,0
near_9c0b735e7cd90a8389d1,LOW_SAME_TARGET_SAME_SOURCE,3,3,0,1,PLDD-UP,1,Potato Early blight,2,1,2,0,0,0,0
near_9c1d490b6a8dac691499,LOW_SAME_TARGET_SAME_SOURCE,2,2,0,1,PLDD-UP,1,Potato healthy,1,1,1,0,0,0,0
near_9c566338ac68ca303f91,LOW_SAME_TARGET_SAME_SOURCE,3,3,0,1,PLDD-UP,1,Potato healthy,3,0,3,0,0,0,0
near_9c5b06a58a2c3ff8afff,LOW_SAME_TARGET_SAME_SOURCE,2,2,0,1,PlantDoc,1,Tomato Bacterial spot,1,3,1,0,0,0,0
near_9ca1a1630ef6a000cb15,LOW_SAME_TARGET_SAME_SOURCE,2,2,0,1,PLDD-UP,1,Potato healthy,1,0,1,0,0,0,0
near_9cc947e70e97f2ad4e57,LOW_SAME_TARGET_SAME_SOURCE,2,2,0,1,PLDD-UP,1,Potato healthy,1,0,1,0,0,0,0
near_9d0515e1c2f3f12f4942,LOW_SAME_TARGET_SAME_SOURCE,3,3,0,1,PLDD-UP,1,Potato Late blight,2,4,2,0,0,0,0
near_9d0c65d42b7366bdd3a1,LOW_SAME_TARGET_SAME_SOURCE,2,2,0,1,PLDD-UP,1,Potato healthy,1,0,1,0,0,0,0
near_9d12edd49578c2fb3cce,LOW_SAME_TARGET_SAME_SOURCE,2,2,0,1,PLDD-UP,1,Potato healthy,1,4,1,0,0,0,0
near_9d3f4a776fb204fe2239,LOW_SAME_TARGET_SAME_SOURCE,2,2,0,1,PLDD-UP,1,Potato healthy,1,0,1,0,0,0,0
near_9d9e510ca962a79512b8,LOW_SAME_TARGET_SAME_SOURCE,2,2,0,1,PLDD-UP,1,Potato Late blight,1,1,1,0,0,0,0
near_9dcbce29d2d20a445d8e,LOW_SAME_TARGET_SAME_SOURCE,2,2,0,1,Seasonal Corn Leaf Disease Dataset,1,Corn healthy,1,0,1,0,0,0,0
near_9dd697763b67be0c40f7,LOW_SAME_TARGET_SAME_SOURCE,2,2,0,1,Seasonal Corn Leaf Disease Dataset,1,Corn healthy,1,1,1,0,0,0,0
near_9df1c247db4edf772a80,LOW_SAME_TARGET_SAME_SOURCE,2,2,0,1,PLDD-UP,1,Potato healthy,1,0,1,0,0,0,0
near_9e42083aed8193fb8085,LOW_SAME_TARGET_SAME_SOURCE,2,2,0,1,Seasonal Corn Leaf Disease Dataset,1,Corn healthy,1,1,1,0,0,0,0
near_9e4355e9a976025d18d5,LOW_SAME_TARGET_SAME_SOURCE,2,2,0,1,PLDD-UP,1,Potato Late blight,1,4,1,0,0,0,0
near_9e4c93bba7bb53a3fa8f,DIFFERENT_TARGET,2,2,0,1,PLDD-UP,2,Potato Early blight | Potato Late blight,1,4,0,0,1,0,0
near_9e689a2a4e9211c301f4,LOW_SAME_TARGET_SAME_SOURCE,2,2,0,1,PLDD-UP,1,Potato healthy,1,0,1,0,0,0,0
near_9e6ddf24ad55b91dfbdd,LOW_SAME_TARGET_SAME_SOURCE,2,2,0,1,PLDD-UP,1,Potato healthy,1,0,1,0,0,0,0
near_9e6fb0809b1f91b2f809,LOW_SAME_TARGET_SAME_SOURCE,2,2,0,1,PLDD-UP,1,Potato healthy,1,0,1,0,0,0,0
near_9e7b226b91f2939d4173,LOW_SAME_TARGET_SAME_SOURCE,4,4,0,1,PLDD-UP,1,Potato Late blight,5,3,5,0,0,0,0
near_9eaa200e7069261407ef,LOW_SAME_TARGET_SAME_SOURCE,2,2,0,1,Seasonal Corn Leaf Disease Dataset,1,Corn healthy,1,2,1,0,0,0,0
near_9eaa8c6d1f1c79e7fdbe,LOW_SAME_TARGET_SAME_SOURCE,4,4,0,1,PLDD-UP,1,Potato Late blight,3,4,3,0,0,0,0
near_9ecd4d175c5a5f5681d3,LOW_SAME_TARGET_SAME_SOURCE,2,2,0,1,PLDD-UP,1,Potato Late blight,1,3,1,0,0,0,0
near_9ecd6ba42e42bc2fc50e,LOW_SAME_TARGET_SAME_SOURCE,2,2,0,1,Seasonal Corn Leaf Disease Dataset,1,Corn healthy,1,3,1,0,0,0,0
near_9f74a01a1e2c9e56d26a,LOW_SAME_TARGET_SAME_SOURCE,2,2,0,1,PLDD-UP,1,Potato healthy,1,1,1,0,0,0,0
near_9fa9deca47ff3da43770,LOW_SAME_TARGET_SAME_SOURCE,2,2,0,1,PLDD-UP,1,Potato healthy,1,0,1,0,0,0,0
near_9fb0aaf11933530342f3,LOW_SAME_TARGET_SAME_SOURCE,2,2,0,1,Seasonal Corn Leaf Disease Dataset,1,Corn healthy,1,0,1,0,0,0,0
near_9fd3aaf263509ac2b203,LOW_SAME_TARGET_SAME_SOURCE,2,2,0,1,Seasonal Corn Leaf Disease Dataset,1,Corn Cercospora leaf spot,1,0,1,0,0,0,0
near_9fd8eaf76c862ec6577d,LOW_SAME_TARGET_SAME_SOURCE,2,2,0,1,PLDD-UP,1,Potato healthy,1,0,1,0,0,0,0
near_9fe2fcc324989522f4d1,LOW_SAME_TARGET_SAME_SOURCE,2,2,0,1,Seasonal Corn Leaf Disease Dataset,1,Corn healthy,1,1,1,0,0,0,0
near_9fe55b97d6f9c515b88d,LOW_SAME_TARGET_SAME_SOURCE,2,2,0,1,PLDD-UP,1,Potato Late blight,1,3,1,0,0,0,0
near_a00691257146e853dee3,LOW_SAME_TARGET_SAME_SOURCE,2,2,0,1,PLDD-UP,1,Potato Late blight,1,2,1,0,0,0,0
near_a00a05ecb1bc5e749288,LOW_SAME_TARGET_SAME_SOURCE,3,3,0,1,PLDD-UP,1,Potato Early blight,2,3,2,0,0,0,0
near_a034d858a8795d11880a,LOW_SAME_TARGET_SAME_SOURCE,2,2,0,1,PLDD-UP,1,Potato Late blight,1,3,1,0,0,0,0
near_a03c47d2b26fddc765bc,LOW_SAME_TARGET_SAME_SOURCE,2,2,0,1,PLDD-UP,1,Potato healthy,1,1,1,0,0,0,0
near_a07739b7f6bdb0ed9084,LOW_SAME_TARGET_SAME_SOURCE,2,2,0,1,Seasonal Corn Leaf Disease Dataset,1,Corn healthy,1,0,1,0,0,0,0
near_a0a6c0649c1ae6ff531f,LOW_SAME_TARGET_SAME_SOURCE,2,2,0,1,PLDD-UP,1,Potato healthy,1,0,1,0,0,0,0
near_a0eda7d4c00072bfd415,LOW_SAME_TARGET_SAME_SOURCE,3,3,0,1,PLDD-UP,1,Potato Late blight,3,0,3,0,0,0,0
near_a1099cdd49c7d6cfa841,LOW_SAME_TARGET_SAME_SOURCE,2,2,0,1,PLDD-UP,1,Potato healthy,1,0,1,0,0,0,0
near_a12a8e8959b187483ce9,LOW_SAME_TARGET_SAME_SOURCE,4,4,0,1,PLDD-UP,1,Potato healthy,6,0,6,0,0,0,0
near_a1782d6ab34ae719d937,LOW_SAME_TARGET_SAME_SOURCE,2,2,0,1,Seasonal Corn Leaf Disease Dataset,1,Corn healthy,1,0,1,0,0,0,0
near_a1794cb2fada90b699c1,DIFFERENT_TARGET,3,3,0,1,PLDD-UP,2,Potato Late blight | Potato healthy,2,1,1,0,1,0,0
near_a19632477892fd882673,LOW_SAME_TARGET_SAME_SOURCE,2,2,0,1,PLDD-UP,1,Potato Late blight,1,3,1,0,0,0,0
near_a198a39ce194e16eef88,LOW_SAME_TARGET_SAME_SOURCE,2,2,0,1,PLDD-UP,1,Potato healthy,1,0,1,0,0,0,0
near_a230ef080a24b8ab3f9e,LOW_SAME_TARGET_SAME_SOURCE,2,2,0,1,Seasonal Corn Leaf Disease Dataset,1,Corn healthy,1,0,1,0,0,0,0
near_a2372dcc22300e8dc4ba,LOW_SAME_TARGET_SAME_SOURCE,2,2,0,1,Seasonal Corn Leaf Disease Dataset,1,Corn healthy,1,1,1,0,0,0,0
near_a244b19785946062a3ee,LOW_SAME_TARGET_SAME_SOURCE,2,2,0,1,PLDD-UP,1,Potato Early blight,1,2,1,0,0,0,0
near_a25f4e4e7b98486ca411,LOW_SAME_TARGET_SAME_SOURCE,2,2,0,1,PLDD-UP,1,Potato Late blight,1,0,1,0,0,0,0
near_a268e9961242ec597ef8,LOW_SAME_TARGET_SAME_SOURCE,8,8,0,1,PLDD-UP,1,Potato healthy,26,0,26,0,0,0,0
near_a26fc8de3ddae1ba9507,DIFFERENT_TARGET,3,3,0,1,PLDD-UP,2,Potato Early blight | Potato healthy,3,0,1,0,2,0,0
near_a27e6b782706a24807eb,LOW_SAME_TARGET_SAME_SOURCE,2,2,0,1,PLDD-UP,1,Potato healthy,1,0,1,0,0,0,0
near_a28bce599a42a9ab7b66,LOW_SAME_TARGET_SAME_SOURCE,2,2,0,1,PLDD-UP,1,Potato healthy,1,0,1,0,0,0,0
near_a28d2784d49b8c964a63,LOW_SAME_TARGET_SAME_SOURCE,2,2,0,1,PLDD-UP,1,Potato healthy,1,0,1,0,0,0,0
near_a2995df884ee918600bf,LOW_SAME_TARGET_SAME_SOURCE,2,2,0,1,PLDD-UP,1,Potato healthy,1,0,1,0,0,0,0
near_a2dd8eaf601cf01abd7a,LOW_SAME_TARGET_SAME_SOURCE,3,3,0,1,PLDD-UP,1,Potato Early blight,2,1,2,0,0,0,0
near_a2dfc1d2acad67339fca,LOW_SAME_TARGET_SAME_SOURCE,3,3,0,1,PLDD-UP,1,Potato Early blight,3,1,3,0,0,0,0
near_a2e5e2342b59b6e72db9,LOW_SAME_TARGET_SAME_SOURCE,2,2,0,1,PLDD-UP,1,Potato healthy,1,0,1,0,0,0,0
near_a328a1550c808c8bcedf,LOW_SAME_TARGET_SAME_SOURCE,2,2,0,1,PLDD-UP,1,Potato Late blight,1,3,1,0,0,0,0
near_a33b73a98a6d4dad7aa7,LOW_SAME_TARGET_SAME_SOURCE,2,2,0,1,PLDD-UP,1,Potato healthy,1,3,1,0,0,0,0
near_a344117e14ee5d0a8368,LOW_SAME_TARGET_SAME_SOURCE,2,2,0,1,PLDD-UP,1,Potato healthy,1,4,1,0,0,0,0
near_a34f0575cfaec6d11b5b,LOW_SAME_TARGET_SAME_SOURCE,2,2,0,1,PLDD-UP,1,Potato healthy,1,1,1,0,0,0,0
near_a35e45356f924035c6c3,LOW_SAME_TARGET_SAME_SOURCE,3,3,0,1,PLDD-UP,1,Potato healthy,3,0,3,0,0,0,0
near_a374d99680aed8cc3448,LOW_SAME_TARGET_SAME_SOURCE,2,2,0,1,Seasonal Corn Leaf Disease Dataset,1,Corn healthy,1,0,1,0,0,0,0
near_a37bd6a2f6d222f1580e,LOW_SAME_TARGET_SAME_SOURCE,2,2,0,1,PLDD-UP,1,Potato Early blight,1,3,1,0,0,0,0
near_a3df0a9f47a95d35cc0f,LOW_SAME_TARGET_SAME_SOURCE,2,2,0,1,PLDD-UP,1,Potato healthy,1,0,1,0,0,0,0
near_a411a18d75c9346dcd49,LOW_SAME_TARGET_SAME_SOURCE,2,2,0,1,PLDD-UP,1,Potato healthy,1,0,1,0,0,0,0
near_a427c0f11e6564d28f61,LOW_SAME_TARGET_SAME_SOURCE,2,2,0,1,Seasonal Corn Leaf Disease Dataset,1,Corn healthy,1,0,1,0,0,0,0
near_a43e756f240cc4ba1d93,LOW_SAME_TARGET_SAME_SOURCE,2,2,0,1,PLDD-UP,1,Potato healthy,1,0,1,0,0,0,0
near_a44a3c6baa29e2ea77e0,LOW_SAME_TARGET_SAME_SOURCE,2,2,0,1,PlantDoc,0,,1,0,0,0,0,0,1
near_a45ee7ed484fd2ef0844,LOW_SAME_TARGET_SAME_SOURCE,2,2,0,1,PLDD-UP,1,Potato Late blight,1,0,1,0,0,0,0
near_a4cc95c794adf3af86a7,LOW_SAME_TARGET_SAME_SOURCE,4,4,0,1,Seasonal Corn Leaf Disease Dataset,1,Corn healthy,4,0,4,0,0,0,0
near_a4d06db4d2aaeb1a121d,LOW_SAME_TARGET_SAME_SOURCE,2,2,0,1,Seasonal Corn Leaf Disease Dataset,1,Corn healthy,1,0,1,0,0,0,0
near_a4d3a75bd27a5562fa55,LOW_SAME_TARGET_SAME_SOURCE,2,2,0,1,PLDD-UP,1,Potato healthy,1,0,1,0,0,0,0
near_a4e17d7488f496bafb73,LOW_SAME_TARGET_SAME_SOURCE,2,2,0,1,PlantDoc,0,,1,4,0,0,0,0,1
near_a514e886212ba3bc4c55,LOW_SAME_TARGET_SAME_SOURCE,2,2,0,1,PLDD-UP,1,Potato healthy,1,0,1,0,0,0,0
near_a528c6c6871a0a4aac68,LOW_SAME_TARGET_SAME_SOURCE,2,2,0,1,Seasonal Corn Leaf Disease Dataset,1,Corn healthy,1,1,1,0,0,0,0
near_a5453f45ee6c5e86fd2d,LOW_SAME_TARGET_SAME_SOURCE,2,2,0,1,PLDD-UP,1,Potato healthy,1,0,1,0,0,0,0
near_a5c0225c2eb528448108,LOW_SAME_TARGET_SAME_SOURCE,2,2,0,1,PLDD-UP,1,Potato Early blight,1,1,1,0,0,0,0
near_a5cce1b904530116fd78,LOW_SAME_TARGET_SAME_SOURCE,3,3,0,1,PLDD-UP,1,Potato Late blight,3,1,3,0,0,0,0
near_a5d01cbc11de33b750dd,LOW_SAME_TARGET_SAME_SOURCE,2,2,0,1,Seasonal Corn Leaf Disease Dataset,1,Corn Cercospora leaf spot,1,0,1,0,0,0,0
near_a5e87901362a457726b4,LOW_SAME_TARGET_SAME_SOURCE,2,2,0,1,PLDD-UP,1,Potato Late blight,1,4,1,0,0,0,0
near_a6142a52a399c6ae97e7,LOW_SAME_TARGET_SAME_SOURCE,2,2,0,1,Seasonal Corn Leaf Disease Dataset,1,Corn Cercospora leaf spot,1,0,1,0,0,0,0
near_a61c130d0ba64f71ff7e,LOW_SAME_TARGET_SAME_SOURCE,2,2,0,1,PLDD-UP,1,Potato healthy,1,0,1,0,0,0,0
near_a61e7228b96c55419329,LOW_SAME_TARGET_SAME_SOURCE,3,3,0,1,PLDD-UP,1,Potato Late blight,3,1,3,0,0,0,0
near_a68d1d926bb921a0d166,LOW_SAME_TARGET_SAME_SOURCE,2,2,0,1,PLDD-UP,1,Potato healthy,1,0,1,0,0,0,0
near_a69d970b19d87ad8cd43,LOW_SAME_TARGET_SAME_SOURCE,2,2,0,1,PLDD-UP,1,Potato Late blight,1,3,1,0,0,0,0
near_a69fd75f2a8e77664cea,LOW_SAME_TARGET_SAME_SOURCE,2,2,0,1,Seasonal Corn Leaf Disease Dataset,1,Corn Cercospora leaf spot,1,0,1,0,0,0,0
near_a6a9b4c4bc9569eac539,LOW_SAME_TARGET_SAME_SOURCE,2,2,0,1,Seasonal Corn Leaf Disease Dataset,1,Corn healthy,1,0,1,0,0,0,0
near_a6c71fa0d1e6815b88e9,LOW_SAME_TARGET_SAME_SOURCE,2,2,0,1,PLDD-UP,1,Potato healthy,1,1,1,0,0,0,0
near_a6d4b78eb909bdb68f0a,LOW_SAME_TARGET_SAME_SOURCE,3,3,0,1,PLDD-UP,1,Potato Late blight,2,4,2,0,0,0,0
near_a6efc84f94f18f043e7c,LOW_SAME_TARGET_SAME_SOURCE,2,2,0,1,Seasonal Corn Leaf Disease Dataset,1,Corn healthy,1,0,1,0,0,0,0
near_a6f0113f74d4f8145fd5,LOW_SAME_TARGET_SAME_SOURCE,2,2,0,1,PLDD-UP,1,Potato healthy,1,1,1,0,0,0,0
near_a6fe4c7f1611afe298f5,LOW_SAME_TARGET_SAME_SOURCE,2,2,0,1,Seasonal Corn Leaf Disease Dataset,1,Corn healthy,1,0,1,0,0,0,0
near_a7250e45ea66dcfd42ef,LOW_SAME_TARGET_SAME_SOURCE,2,2,0,1,Seasonal Corn Leaf Disease Dataset,1,Corn Cercospora leaf spot,1,0,1,0,0,0,0
near_a72b39d59a838ca82709,LOW_SAME_TARGET_SAME_SOURCE,2,2,0,1,PLDD-UP,1,Potato healthy,1,0,1,0,0,0,0
near_a7400ee560d7b31c630b,LOW_SAME_TARGET_SAME_SOURCE,2,2,0,1,PLDD-UP,1,Potato Early blight,1,2,1,0,0,0,0
near_a749462331230f983cec,LOW_SAME_TARGET_SAME_SOURCE,5,5,0,1,PLDD-UP,1,Potato Early blight,9,0,9,0,0,0,0
near_a75bc12b7555f39815d3,LOW_SAME_TARGET_SAME_SOURCE,2,2,0,1,PLDD-UP,1,Potato healthy,1,0,1,0,0,0,0
near_a75ea3f3e238c826f06e,LOW_SAME_TARGET_SAME_SOURCE,2,2,0,1,Seasonal Corn Leaf Disease Dataset,1,Corn healthy,1,2,1,0,0,0,0
near_a76c30bff7f814096690,LOW_SAME_TARGET_SAME_SOURCE,2,2,0,1,PLDD-UP,1,Potato healthy,1,0,1,0,0,0,0
near_a7781995d60c51783938,LOW_SAME_TARGET_SAME_SOURCE,2,2,0,1,PLDD-UP,1,Potato healthy,1,0,1,0,0,0,0
near_a7d89f7f917c11bc5d59,LOW_SAME_TARGET_SAME_SOURCE,2,2,0,1,PLDD-UP,1,Potato healthy,1,1,1,0,0,0,0
near_a7d8d4d5715a4e8dd2e8,DIFFERENT_TARGET,3,3,0,1,PLDD-UP,2,Potato Early blight | Potato healthy,3,2,1,0,2,0,0
near_a7dfe2a62deca9504000,LOW_SAME_TARGET_SAME_SOURCE,2,2,0,1,PLDD-UP,1,Potato healthy,1,0,1,0,0,0,0
near_a7e1502fb8ae359f2772,LOW_SAME_TARGET_SAME_SOURCE,2,2,0,1,PLDD-UP,1,Potato healthy,1,0,1,0,0,0,0
near_a807ae254d3a06c24bc6,LOW_SAME_TARGET_SAME_SOURCE,2,2,0,1,PLDD-UP,1,Potato healthy,1,0,1,0,0,0,0
near_a81b87b266c4e7b7558b,LOW_SAME_TARGET_SAME_SOURCE,2,2,0,1,PLDD-UP,1,Potato Early blight,1,3,1,0,0,0,0
near_a82a63ac96ab5e0e5e49,LOW_SAME_TARGET_SAME_SOURCE,2,2,0,1,Seasonal Corn Leaf Disease Dataset,1,Corn Cercospora leaf spot,1,0,1,0,0,0,0
near_a83f18bc5e37fb3e5220,LOW_SAME_TARGET_SAME_SOURCE,2,2,0,1,PLDD-UP,1,Potato healthy,1,1,1,0,0,0,0
near_a88cdf823e7194dde440,LOW_SAME_TARGET_SAME_SOURCE,2,2,0,1,PLDD-UP,1,Potato healthy,1,0,1,0,0,0,0
near_a8906dbf241ea9d5dc67,LOW_SAME_TARGET_SAME_SOURCE,5,5,0,1,PLDD-UP,1,Potato Late blight,6,1,6,0,0,0,0
near_a8f0e71de000fb1e9534,LOW_SAME_TARGET_SAME_SOURCE,2,2,0,1,PLDD-UP,1,Potato healthy,1,1,1,0,0,0,0
near_a9269122d9c1a305965f,LOW_SAME_TARGET_SAME_SOURCE,2,2,0,1,Seasonal Corn Leaf Disease Dataset,1,Corn healthy,1,3,1,0,0,0,0
near_a92fcaccd189ced7751f,LOW_SAME_TARGET_SAME_SOURCE,4,4,0,1,PLDD-UP,1,Potato healthy,6,0,6,0,0,0,0
near_a97b25916baf6304fc28,LOW_SAME_TARGET_SAME_SOURCE,2,2,0,1,Seasonal Corn Leaf Disease Dataset,1,Corn healthy,1,3,1,0,0,0,0
near_a9aee0c96cd1346bd90e,LOW_SAME_TARGET_SAME_SOURCE,2,2,0,1,PLDD-UP,1,Potato healthy,1,0,1,0,0,0,0
near_a9ba68ec6c7fdb7da2c0,LOW_SAME_TARGET_SAME_SOURCE,2,2,0,1,Seasonal Corn Leaf Disease Dataset,1,Corn healthy,1,0,1,0,0,0,0
near_a9bc87b6d3402ffc18b7,LOW_SAME_TARGET_SAME_SOURCE,2,2,0,1,PLDD-UP,1,Potato healthy,1,0,1,0,0,0,0
near_a9cc47a4cec0a714fede,LOW_SAME_TARGET_SAME_SOURCE,2,2,0,1,PLDD-UP,1,Potato healthy,1,0,1,0,0,0,0
near_a9f50fff56743ea3cb52,LOW_SAME_TARGET_SAME_SOURCE,2,2,0,1,PLDD-UP,1,Potato healthy,1,0,1,0,0,0,0
near_aa084317e2a5adf310f0,LOW_SAME_TARGET_SAME_SOURCE,3,3,0,1,PLDD-UP,1,Potato Late blight,3,1,3,0,0,0,0
near_aa0b2b968f5340c18598,LOW_SAME_TARGET_SAME_SOURCE,2,2,0,1,PLDD-UP,1,Potato healthy,1,0,1,0,0,0,0
near_aa87ec7d9cc64e0cfd21,LOW_SAME_TARGET_SAME_SOURCE,2,2,0,1,PLDD-UP,1,Potato healthy,1,0,1,0,0,0,0
near_aa8cb42567f32d076ec7,LOW_SAME_TARGET_SAME_SOURCE,2,2,0,1,PLDD-UP,1,Potato Late blight,1,3,1,0,0,0,0
near_aa9884602bf76b908067,LOW_SAME_TARGET_SAME_SOURCE,2,2,0,1,PLDD-UP,1,Potato healthy,1,0,1,0,0,0,0
near_aaa939c493e2b57f4608,LOW_SAME_TARGET_SAME_SOURCE,2,2,0,1,Seasonal Corn Leaf Disease Dataset,1,Corn healthy,1,1,1,0,0,0,0
near_aaaccd842d7f76dfc913,LOW_SAME_TARGET_SAME_SOURCE,2,2,0,1,PLDD-UP,1,Potato healthy,1,0,1,0,0,0,0
near_aac7ebf1d0dad6b2baf2,LOW_SAME_TARGET_SAME_SOURCE,2,2,0,1,PLDD-UP,1,Potato healthy,1,0,1,0,0,0,0
near_aaf2f783f22e47aa8aff,LOW_SAME_TARGET_SAME_SOURCE,2,2,0,1,PlantDoc,0,,1,1,0,0,0,0,1
near_aafaac3b1ca532702a47,LOW_SAME_TARGET_SAME_SOURCE,2,2,0,1,PLDD-UP,1,Potato healthy,1,0,1,0,0,0,0
near_ab02f585abe8a26dcf28,LOW_SAME_TARGET_SAME_SOURCE,2,2,0,1,PLDD-UP,1,Potato healthy,1,0,1,0,0,0,0
near_ab0eabb4fb0ed43339ca,LOW_SAME_TARGET_SAME_SOURCE,2,2,0,1,PLDD-UP,1,Potato Early blight,1,3,1,0,0,0,0
near_ab39a83e2f6a2091d706,LOW_SAME_TARGET_SAME_SOURCE,2,2,0,1,PLDD-UP,1,Potato healthy,1,0,1,0,0,0,0
near_ab50935e57f46084725d,LOW_SAME_TARGET_SAME_SOURCE,2,2,0,1,PLDD-UP,1,Potato Late blight,1,0,1,0,0,0,0
near_ab5568a14b435d478525,DIFFERENT_TARGET,2,2,0,1,PlantDoc,2,Potato Late blight | Tomato Late blight,1,1,0,0,1,0,0
near_ab5809814f688299ad24,DIFFERENT_TARGET,2,2,0,1,PLDD-UP,2,Potato Early blight | Potato Late blight,1,4,0,0,1,0,0
near_ab5e0ab537157ace77bc,LOW_SAME_TARGET_SAME_SOURCE,2,2,0,1,PLDD-UP,1,Potato healthy,1,0,1,0,0,0,0
near_ab8e5907dbfa01d4d5ec,LOW_SAME_TARGET_SAME_SOURCE,2,2,0,1,PLDD-UP,1,Potato healthy,1,0,1,0,0,0,0
near_ab8fc61d78c6cbf5912b,LOW_SAME_TARGET_SAME_SOURCE,4,4,0,1,PLDD-UP,1,Potato healthy,3,1,3,0,0,0,0
near_abb2b6fff8b7025c1722,LOW_SAME_TARGET_SAME_SOURCE,2,2,0,1,PLDD-UP,1,Potato healthy,1,0,1,0,0,0,0
near_abcb67850ba4c74edce9,LOW_SAME_TARGET_SAME_SOURCE,2,2,0,1,Seasonal Corn Leaf Disease Dataset,1,Corn healthy,1,1,1,0,0,0,0
near_ac1b7e3bacb9c6c7804a,LOW_SAME_TARGET_SAME_SOURCE,2,2,0,1,PLDD-UP,1,Potato Late blight,1,4,1,0,0,0,0
near_ac2002390cb4ad4a6b13,LOW_SAME_TARGET_SAME_SOURCE,2,2,0,1,Seasonal Corn Leaf Disease Dataset,1,Corn healthy,1,0,1,0,0,0,0
near_ac299063b85be06aead8,LOW_SAME_TARGET_SAME_SOURCE,2,2,0,1,PLDD-UP,1,Potato healthy,1,0,1,0,0,0,0
near_ac2e06524f7e2c84a6e2,LOW_SAME_TARGET_SAME_SOURCE,2,2,0,1,PLDD-UP,1,Potato healthy,1,0,1,0,0,0,0
near_ac4b2dfa4cd298d2b688,LOW_SAME_TARGET_SAME_SOURCE,2,2,0,1,Seasonal Corn Leaf Disease Dataset,1,Corn healthy,1,2,1,0,0,0,0
near_ac65973235d495e391e9,LOW_SAME_TARGET_SAME_SOURCE,2,2,0,1,PLDD-UP,1,Potato Late blight,1,4,1,0,0,0,0
near_ac661342b1b7a01da1f1,LOW_SAME_TARGET_SAME_SOURCE,2,2,0,1,PLDD-UP,1,Potato Late blight,1,3,1,0,0,0,0
near_ac6a723d8b63471c786c,LOW_SAME_TARGET_SAME_SOURCE,3,3,0,1,PLDD-UP,1,Potato Early blight,2,1,2,0,0,0,0
near_ac70a9ebcfe8cb496bf5,LOW_SAME_TARGET_SAME_SOURCE,2,2,0,1,PLDD-UP,1,Potato healthy,1,0,1,0,0,0,0
near_ac9150d9bd1d1451af6b,LOW_SAME_TARGET_SAME_SOURCE,6,6,0,1,PLDD-UP,1,Potato healthy,15,0,15,0,0,0,0
near_ac9e3517730f2db79f9f,LOW_SAME_TARGET_SAME_SOURCE,2,2,0,1,Seasonal Corn Leaf Disease Dataset,1,Corn healthy,1,1,1,0,0,0,0
near_acb32cc49c14141da824,LOW_SAME_TARGET_SAME_SOURCE,2,2,0,1,Seasonal Corn Leaf Disease Dataset,1,Corn healthy,1,0,1,0,0,0,0
near_acb5c22513760ccd060c,LOW_SAME_TARGET_SAME_SOURCE,2,2,0,1,PLDD-UP,1,Potato healthy,1,0,1,0,0,0,0
near_ad1db367a4833826e00d,LOW_SAME_TARGET_SAME_SOURCE,2,2,0,1,PLDD-UP,1,Potato healthy,1,0,1,0,0,0,0
near_ad4ddc5f4405cd4ff7f2,LOW_SAME_TARGET_SAME_SOURCE,2,2,0,1,Seasonal Corn Leaf Disease Dataset,1,Corn healthy,1,0,1,0,0,0,0
near_ad84796de83218518caa,LOW_SAME_TARGET_SAME_SOURCE,4,4,0,1,PLDD-UP,1,Potato healthy,6,0,6,0,0,0,0
near_ada105aa60e6f1aaaf26,LOW_SAME_TARGET_SAME_SOURCE,2,2,0,1,PLDD-UP,1,Potato Late blight,1,3,1,0,0,0,0
near_adaecd312f811efa16a9,LOW_SAME_TARGET_SAME_SOURCE,2,2,0,1,PLDD-UP,1,Potato healthy,1,0,1,0,0,0,0
near_adff34b35387e318edf5,LOW_SAME_TARGET_SAME_SOURCE,2,2,0,1,PLDD-UP,1,Potato Late blight,1,4,1,0,0,0,0
near_ae12b6ef2f051bb86f61,LOW_SAME_TARGET_SAME_SOURCE,2,2,0,1,Seasonal Corn Leaf Disease Dataset,1,Corn healthy,1,0,1,0,0,0,0
near_ae32baa7d18fb3587267,LOW_SAME_TARGET_SAME_SOURCE,2,2,0,1,PLDD-UP,1,Potato healthy,1,0,1,0,0,0,0
near_ae32d4cb00eb48944b48,LOW_SAME_TARGET_SAME_SOURCE,2,2,0,1,PLDD-UP,1,Potato Late blight,1,3,1,0,0,0,0
near_ae3570c88eafc9ce6166,LOW_SAME_TARGET_SAME_SOURCE,2,2,0,1,Seasonal Corn Leaf Disease Dataset,1,Corn healthy,1,0,1,0,0,0,0
near_ae40da95b3c7fbd56ca3,LOW_SAME_TARGET_SAME_SOURCE,3,3,0,1,PLDD-UP,1,Potato Late blight,2,2,2,0,0,0,0
near_ae51545ffbe999b2f2af,LOW_SAME_TARGET_SAME_SOURCE,2,2,0,1,Seasonal Corn Leaf Disease Dataset,1,Corn healthy,1,0,1,0,0,0,0
near_ae586c022ca1e8dde888,LOW_SAME_TARGET_SAME_SOURCE,2,2,0,1,Seasonal Corn Leaf Disease Dataset,1,Corn healthy,1,1,1,0,0,0,0
near_ae6031ec341d365d54cf,LOW_SAME_TARGET_SAME_SOURCE,2,2,0,1,PLDD-UP,1,Potato Late blight,1,1,1,0,0,0,0
near_ae64d563efc4d2e80d45,LOW_SAME_TARGET_SAME_SOURCE,2,2,0,1,PLDD-UP,1,Potato healthy,1,0,1,0,0,0,0
near_ae7c23f0cf73e12ae141,LOW_SAME_TARGET_SAME_SOURCE,3,3,0,1,PLDD-UP,1,Potato healthy,3,0,3,0,0,0,0
near_ae85230878b63a64712c,LOW_SAME_TARGET_SAME_SOURCE,2,2,0,1,PLDD-UP,1,Potato Late blight,1,4,1,0,0,0,0
near_aea60db51ea5b8c66dc0,LOW_SAME_TARGET_SAME_SOURCE,2,2,0,1,Seasonal Corn Leaf Disease Dataset,1,Corn healthy,1,0,1,0,0,0,0
near_aed237772247abb23963,LOW_SAME_TARGET_SAME_SOURCE,2,2,0,1,Seasonal Corn Leaf Disease Dataset,1,Corn healthy,1,0,1,0,0,0,0
near_aeff4ab36a5a5f75571b,LOW_SAME_TARGET_SAME_SOURCE,2,2,0,1,PLDD-UP,1,Potato healthy,1,0,1,0,0,0,0
near_af08b5966d1f2488ef41,LOW_SAME_TARGET_SAME_SOURCE,2,2,0,1,PLDD-UP,1,Potato healthy,1,0,1,0,0,0,0
near_af0c9d71675e0c146ebb,LOW_SAME_TARGET_SAME_SOURCE,2,2,0,1,PLDD-UP,1,Potato Early blight,1,3,1,0,0,0,0
near_af72fce7d7981d9b6179,LOW_SAME_TARGET_SAME_SOURCE,2,2,0,1,Seasonal Corn Leaf Disease Dataset,1,Corn healthy,1,1,1,0,0,0,0
near_af765d35c8be405976cc,LOW_SAME_TARGET_SAME_SOURCE,2,2,0,1,PLDD-UP,1,Potato Late blight,1,1,1,0,0,0,0
near_af85de69a251d213d8ed,LOW_SAME_TARGET_SAME_SOURCE,2,2,0,1,PLDD-UP,1,Potato healthy,1,1,1,0,0,0,0
near_af8b2b724c125ed6105f,LOW_SAME_TARGET_SAME_SOURCE,2,2,0,1,Seasonal Corn Leaf Disease Dataset,1,Corn healthy,1,0,1,0,0,0,0
near_afa91b2f24cf5acc6614,LOW_SAME_TARGET_SAME_SOURCE,2,2,0,1,Seasonal Corn Leaf Disease Dataset,1,Corn healthy,1,0,1,0,0,0,0
near_afc1afc5be58f5914fca,LOW_SAME_TARGET_SAME_SOURCE,3,3,0,1,PLDD-UP,1,Potato healthy,3,0,3,0,0,0,0
near_afe10418d0aaeac5275a,LOW_SAME_TARGET_SAME_SOURCE,2,2,0,1,PLDD-UP,1,Potato healthy,1,1,1,0,0,0,0
near_b0258f6e6bff3f1654f0,LOW_SAME_TARGET_SAME_SOURCE,2,2,0,1,PLDD-UP,1,Potato Early blight,1,4,1,0,0,0,0
near_b04d92a62594782f1b97,LOW_SAME_TARGET_SAME_SOURCE,2,2,0,1,Seasonal Corn Leaf Disease Dataset,1,Corn healthy,1,0,1,0,0,0,0
near_b06cfa6c00d218fd3cbc,LOW_SAME_TARGET_SAME_SOURCE,2,2,0,1,Seasonal Corn Leaf Disease Dataset,1,Corn Cercospora leaf spot,1,1,1,0,0,0,0
near_b0778cd9700e60ca1b61,LOW_SAME_TARGET_SAME_SOURCE,2,2,0,1,Seasonal Corn Leaf Disease Dataset,1,Corn healthy,1,1,1,0,0,0,0
near_b094385a38638a625a8a,LOW_SAME_TARGET_SAME_SOURCE,2,2,0,1,Seasonal Corn Leaf Disease Dataset,1,Corn healthy,1,1,1,0,0,0,0
near_b0acb72c53082c6aa8dd,LOW_SAME_TARGET_SAME_SOURCE,2,2,0,1,PLDD-UP,1,Potato Late blight,1,3,1,0,0,0,0
near_b0f0dc00044f22501db6,LOW_SAME_TARGET_SAME_SOURCE,2,2,0,1,PLDD-UP,1,Potato healthy,1,0,1,0,0,0,0
near_b11c0127cbe924eba733,LOW_SAME_TARGET_SAME_SOURCE,2,2,0,1,PLDD-UP,1,Potato Late blight,1,3,1,0,0,0,0
near_b167ea1862973addb7d0,LOW_SAME_TARGET_SAME_SOURCE,2,2,0,1,PLDD-UP,1,Potato healthy,1,0,1,0,0,0,0
near_b18f7d1d1c620e57b694,LOW_SAME_TARGET_SAME_SOURCE,2,2,0,1,PLDD-UP,1,Potato healthy,1,0,1,0,0,0,0
near_b1919c4c044b6ff0e865,LOW_SAME_TARGET_SAME_SOURCE,3,3,0,1,PLDD-UP,1,Potato Late blight,2,3,2,0,0,0,0
near_b1b535df3f7c2b1c807b,LOW_SAME_TARGET_SAME_SOURCE,4,4,0,1,PLDD-UP,1,Potato healthy,6,0,6,0,0,0,0
near_b1b7c406fa173dc5274e,LOW_SAME_TARGET_SAME_SOURCE,2,2,0,1,PLDD-UP,1,Potato Early blight,1,1,1,0,0,0,0
near_b1c135012d87c82eb88e,LOW_SAME_TARGET_SAME_SOURCE,2,2,0,1,PLDD-UP,1,Potato healthy,1,0,1,0,0,0,0
near_b1d83d7b39e2c4287cf9,LOW_SAME_TARGET_SAME_SOURCE,2,2,0,1,PLDD-UP,1,Potato healthy,1,0,1,0,0,0,0
near_b23d49037565b4b4cd89,LOW_SAME_TARGET_SAME_SOURCE,2,2,0,1,PLDD-UP,1,Potato healthy,1,0,1,0,0,0,0
near_b283a9a81a3bb884cb3e,LOW_SAME_TARGET_SAME_SOURCE,2,2,0,1,PLDD-UP,1,Potato healthy,1,0,1,0,0,0,0
near_b2a3f483abff392b0e23,LOW_SAME_TARGET_SAME_SOURCE,3,3,0,1,PLDD-UP,1,Potato Early blight,3,0,3,0,0,0,0
near_b2d7340d3097bc211028,LOW_SAME_TARGET_SAME_SOURCE,2,2,0,1,PLDD-UP,1,Potato healthy,1,1,1,0,0,0,0
near_b2fd2696f5ca5bc5344c,LOW_SAME_TARGET_SAME_SOURCE,4,4,0,1,PLDD-UP,1,Potato healthy,6,0,6,0,0,0,0
near_b2fd2e16f4328c01efdf,LOW_SAME_TARGET_SAME_SOURCE,2,2,0,1,PLDD-UP,1,Potato healthy,1,0,1,0,0,0,0
near_b35de9b017f41be04775,LOW_SAME_TARGET_SAME_SOURCE,2,2,0,1,Seasonal Corn Leaf Disease Dataset,1,Corn healthy,1,1,1,0,0,0,0
near_b372333bedba578685eb,LOW_SAME_TARGET_SAME_SOURCE,2,2,0,1,PLDD-UP,1,Potato healthy,1,0,1,0,0,0,0
near_b38f8924599e5826dd6f,LOW_SAME_TARGET_SAME_SOURCE,2,2,0,1,Seasonal Corn Leaf Disease Dataset,1,Corn healthy,1,3,1,0,0,0,0
near_b3e40a2ae7e8a2f85446,LOW_SAME_TARGET_SAME_SOURCE,2,2,0,1,PLDD-UP,1,Potato healthy,1,0,1,0,0,0,0
near_b3e59867c5a895a4adf8,LOW_SAME_TARGET_SAME_SOURCE,2,2,0,1,PLDD-UP,1,Potato healthy,1,0,1,0,0,0,0
near_b3f1b3e456ea9185de17,LOW_SAME_TARGET_SAME_SOURCE,2,2,0,1,PLDD-UP,1,Potato Early blight,1,4,1,0,0,0,0
near_b416ed4eb224f08da4ed,LOW_SAME_TARGET_SAME_SOURCE,2,2,0,1,PLDD-UP,1,Potato Late blight,1,4,1,0,0,0,0
near_b426b68093038a615049,LOW_SAME_TARGET_SAME_SOURCE,3,3,0,1,PLDD-UP,1,Potato Early blight,3,1,3,0,0,0,0
near_b44a3746f5980633009d,LOW_SAME_TARGET_SAME_SOURCE,2,2,0,1,PLDD-UP,1,Potato healthy,1,0,1,0,0,0,0
near_b4592eaa5949a0207304,LOW_SAME_TARGET_SAME_SOURCE,2,2,0,1,PLDD-UP,1,Potato healthy,1,0,1,0,0,0,0
near_b4620332fc8aa76b571d,LOW_SAME_TARGET_SAME_SOURCE,4,4,0,1,PLDD-UP,1,Potato healthy,3,3,3,0,0,0,0
near_b47078a3c0bd94d346f4,LOW_SAME_TARGET_SAME_SOURCE,2,2,0,1,PLDD-UP,1,Potato healthy,1,1,1,0,0,0,0
near_b494a1e38ef0fe99d269,LOW_SAME_TARGET_SAME_SOURCE,2,2,0,1,PLDD-UP,1,Potato Early blight,1,4,1,0,0,0,0
near_b4cfededd3ca663543ff,LOW_SAME_TARGET_SAME_SOURCE,2,2,0,1,Seasonal Corn Leaf Disease Dataset,1,Corn healthy,1,2,1,0,0,0,0
near_b4f9880b25c6fe1d9e28,LOW_SAME_TARGET_SAME_SOURCE,2,2,0,1,PLDD-UP,1,Potato healthy,1,0,1,0,0,0,0
near_b50eb13d77e89d6c97d9,LOW_SAME_TARGET_SAME_SOURCE,2,2,0,1,PlantDoc,1,Corn Cercospora leaf spot,1,1,0,0,0,0,1
near_b54c603e5cf2bb4da287,LOW_SAME_TARGET_SAME_SOURCE,2,2,0,1,PLDD-UP,1,Potato healthy,1,0,1,0,0,0,0
near_b576caefbc6cc09bf573,LOW_SAME_TARGET_SAME_SOURCE,2,2,0,1,PLDD-UP,1,Potato healthy,1,0,1,0,0,0,0
near_b59c4f9e0036bb028680,LOW_SAME_TARGET_SAME_SOURCE,2,2,0,1,PLDD-UP,1,Potato healthy,1,0,1,0,0,0,0
near_b6046c72c20b9cc40e45,LOW_SAME_TARGET_SAME_SOURCE,2,2,0,1,Seasonal Corn Leaf Disease Dataset,1,Corn healthy,1,1,1,0,0,0,0
near_b6056d558476f3fa30ce,LOW_SAME_TARGET_SAME_SOURCE,2,2,0,1,PLDD-UP,1,Potato healthy,1,0,1,0,0,0,0
near_b605b1e9c5644d98aedb,LOW_SAME_TARGET_SAME_SOURCE,2,2,0,1,PLDD-UP,1,Potato healthy,1,1,1,0,0,0,0
near_b6093beb426ea6bdf71e,LOW_SAME_TARGET_SAME_SOURCE,2,2,0,1,Seasonal Corn Leaf Disease Dataset,1,Corn healthy,1,3,1,0,0,0,0
near_b60bc3d3dc039bc288f4,LOW_SAME_TARGET_SAME_SOURCE,3,3,0,1,PLDD-UP,1,Potato Late blight,3,1,3,0,0,0,0
near_b60d601e863d6847f4de,DIFFERENT_TARGET,3,3,0,2,PLDD-UP | Seasonal Corn Leaf Disease Dataset,2,Corn healthy | Potato Late blight,2,2,1,0,1,0,0
near_b64c895a88c8575a874d,LOW_SAME_TARGET_SAME_SOURCE,2,2,0,1,Seasonal Corn Leaf Disease Dataset,1,Corn healthy,1,1,1,0,0,0,0
near_b6792c2bc77d2137fcc5,LOW_SAME_TARGET_SAME_SOURCE,2,2,0,1,PLDD-UP,1,Potato healthy,1,0,1,0,0,0,0
near_b68eb76523d6d3a955b2,LOW_SAME_TARGET_SAME_SOURCE,2,2,0,1,PLDD-UP,1,Potato healthy,1,0,1,0,0,0,0
near_b68f4360739eb5de329c,LOW_SAME_TARGET_SAME_SOURCE,2,2,0,1,PLDD-UP,1,Potato healthy,1,1,1,0,0,0,0
near_b69f6ed2d422da237e26,LOW_SAME_TARGET_SAME_SOURCE,2,2,0,1,PlantDoc,0,,1,1,0,0,0,0,1
near_b6ea730a5c8dfcce5a60,LOW_SAME_TARGET_SAME_SOURCE,2,2,0,1,PLDD-UP,1,Potato Early blight,1,3,1,0,0,0,0
near_b72b7baf4a508dac192b,LOW_SAME_TARGET_SAME_SOURCE,2,2,0,1,PLDD-UP,1,Potato healthy,1,0,1,0,0,0,0
near_b751ea27d15f83929e21,LOW_SAME_TARGET_SAME_SOURCE,2,2,0,1,PLDD-UP,1,Potato Late blight,1,4,1,0,0,0,0
near_b7897be4207274fffb2c,LOW_SAME_TARGET_SAME_SOURCE,2,2,0,1,PLDD-UP,1,Potato healthy,1,0,1,0,0,0,0
near_b789d8d3662049fc2b17,LOW_SAME_TARGET_SAME_SOURCE,2,2,0,1,PLDD-UP,1,Potato healthy,1,3,1,0,0,0,0
near_b78de91c82069e46874b,LOW_SAME_TARGET_SAME_SOURCE,2,2,0,1,PLDD-UP,1,Potato Late blight,1,4,1,0,0,0,0
near_b7df3e1967d535fe6326,LOW_SAME_TARGET_SAME_SOURCE,2,2,0,1,PLDD-UP,1,Potato Late blight,1,2,1,0,0,0,0
near_b7ea0b1b0173dd71245b,LOW_SAME_TARGET_SAME_SOURCE,2,2,0,1,PlantDoc,0,,1,1,0,0,0,0,1
near_b7fb133c772f32922d29,LOW_SAME_TARGET_SAME_SOURCE,2,2,0,1,Seasonal Corn Leaf Disease Dataset,1,Corn healthy,1,1,1,0,0,0,0
near_b7fe82545420510b0914,LOW_SAME_TARGET_SAME_SOURCE,2,2,0,1,Seasonal Corn Leaf Disease Dataset,1,Corn healthy,1,1,1,0,0,0,0
near_b80c141820e38fe44455,LOW_SAME_TARGET_SAME_SOURCE,2,2,0,1,PLDD-UP,1,Potato healthy,1,0,1,0,0,0,0
near_b829feebfb83a03d3c91,LOW_SAME_TARGET_SAME_SOURCE,2,2,0,1,PLDD-UP,1,Potato Late blight,1,4,1,0,0,0,0
near_b82e5c24db02848b6e5e,LOW_SAME_TARGET_SAME_SOURCE,2,2,0,1,PLDD-UP,1,Potato healthy,1,0,1,0,0,0,0
near_b843218693870c90e202,LOW_SAME_TARGET_SAME_SOURCE,2,2,0,1,PLDD-UP,1,Potato healthy,1,0,1,0,0,0,0
near_b862c0a874b8ebbc5961,LOW_SAME_TARGET_SAME_SOURCE,2,2,0,1,PLDD-UP,1,Potato Early blight,1,4,1,0,0,0,0
near_b8680c7a06dad7b2e92f,LOW_SAME_TARGET_SAME_SOURCE,2,2,0,1,PLDD-UP,1,Potato Early blight,1,3,1,0,0,0,0
near_b884889f1906f1702468,LOW_SAME_TARGET_SAME_SOURCE,2,2,0,1,PLDD-UP,1,Potato healthy,1,0,1,0,0,0,0
near_b8b92cb7735a82211c21,LOW_SAME_TARGET_SAME_SOURCE,2,2,0,1,PLDD-UP,1,Potato healthy,1,0,1,0,0,0,0
near_b8ee6404c9b168f95ec8,LOW_SAME_TARGET_SAME_SOURCE,2,2,0,1,Seasonal Corn Leaf Disease Dataset,1,Corn healthy,1,1,1,0,0,0,0
near_b9024932cdf7d08b459a,LOW_SAME_TARGET_SAME_SOURCE,2,2,0,1,PLDD-UP,1,Potato Late blight,1,2,1,0,0,0,0
near_b9403106551000514cc3,LOW_SAME_TARGET_SAME_SOURCE,2,2,0,1,PLDD-UP,1,Potato healthy,1,0,1,0,0,0,0
near_b9767dcd610ca9023646,LOW_SAME_TARGET_SAME_SOURCE,2,2,0,1,Seasonal Corn Leaf Disease Dataset,1,Corn healthy,1,1,1,0,0,0,0
near_b979ec022ae7078228ee,LOW_SAME_TARGET_SAME_SOURCE,2,2,0,1,PLDD-UP,1,Potato healthy,1,0,1,0,0,0,0
near_b98081e098fbbe1563c9,LOW_SAME_TARGET_SAME_SOURCE,3,3,0,1,PLDD-UP,1,Potato Early blight,3,1,3,0,0,0,0
near_b98ce3d8e33543390070,LOW_SAME_TARGET_SAME_SOURCE,2,2,0,1,PLDD-UP,1,Potato healthy,1,0,1,0,0,0,0
near_b9d1bfc40c6e5c281dd1,LOW_SAME_TARGET_SAME_SOURCE,2,2,0,1,PLDD-UP,1,Potato Late blight,1,3,1,0,0,0,0
near_b9ddb7127c37a5a577dc,LOW_SAME_TARGET_SAME_SOURCE,2,2,0,1,PLDD-UP,1,Potato healthy,1,0,1,0,0,0,0
near_b9ee1ca15575ca8b5bcb,LOW_SAME_TARGET_SAME_SOURCE,2,2,0,1,PLDD-UP,1,Potato healthy,1,0,1,0,0,0,0
near_ba340c5cb23ffe736ce2,LOW_SAME_TARGET_SAME_SOURCE,2,2,0,1,Seasonal Corn Leaf Disease Dataset,1,Corn healthy,1,0,1,0,0,0,0
near_ba4a8227a329dbf05f73,LOW_SAME_TARGET_SAME_SOURCE,2,2,0,1,PLDD-UP,1,Potato healthy,1,0,1,0,0,0,0
near_ba4e6f718903fec44273,LOW_SAME_TARGET_SAME_SOURCE,2,2,0,1,Seasonal Corn Leaf Disease Dataset,1,Corn healthy,1,0,1,0,0,0,0
near_ba540f338bcf2efc9fa1,LOW_SAME_TARGET_SAME_SOURCE,3,3,0,1,PLDD-UP,1,Potato Late blight,2,2,2,0,0,0,0
near_ba5baaced20498efed19,LOW_SAME_TARGET_SAME_SOURCE,2,2,0,1,Seasonal Corn Leaf Disease Dataset,1,Corn healthy,1,1,1,0,0,0,0
near_ba5ff3fc5aa24bc34047,DIFFERENT_TARGET,4,4,0,1,PLDD-UP,2,Potato Early blight | Potato Late blight,4,2,1,0,3,0,0
near_ba75434f997b45d7e712,LOW_SAME_TARGET_SAME_SOURCE,3,3,0,1,PLDD-UP,1,Potato Late blight,3,2,3,0,0,0,0
near_ba79830ce07d80566e1d,LOW_SAME_TARGET_SAME_SOURCE,2,2,0,1,Seasonal Corn Leaf Disease Dataset,1,Corn healthy,1,1,1,0,0,0,0
near_ba905125bff3a3ed2bc5,LOW_SAME_TARGET_SAME_SOURCE,2,2,0,1,PLDD-UP,1,Potato healthy,1,0,1,0,0,0,0
near_ba9d53e7c21c3d3687d1,LOW_SAME_TARGET_SAME_SOURCE,2,2,0,1,PLDD-UP,1,Potato healthy,1,0,1,0,0,0,0
near_babc6d6e8581319d01d5,LOW_SAME_TARGET_SAME_SOURCE,2,2,0,1,PLDD-UP,1,Potato healthy,1,0,1,0,0,0,0
near_bae7a8f1dba446174d0b,LOW_SAME_TARGET_SAME_SOURCE,2,2,0,1,PLDD-UP,1,Potato healthy,1,1,1,0,0,0,0
near_baeefe55fe87dec0ecbe,LOW_SAME_TARGET_SAME_SOURCE,2,2,0,1,PLDD-UP,1,Potato healthy,1,0,1,0,0,0,0
near_bb3e4a98a0bd93c27079,LOW_SAME_TARGET_SAME_SOURCE,2,2,0,1,PLDD-UP,1,Potato Late blight,1,2,1,0,0,0,0
near_bb7cc1b305bc04a02d45,LOW_SAME_TARGET_SAME_SOURCE,2,2,0,1,PLDD-UP,1,Potato healthy,1,0,1,0,0,0,0
near_bba1364c350494b93c10,LOW_SAME_TARGET_SAME_SOURCE,2,2,0,1,PLDD-UP,1,Potato healthy,1,1,1,0,0,0,0
near_bba3041d602078382f97,LOW_SAME_TARGET_SAME_SOURCE,2,2,0,1,PlantDoc,1,Tomato mosaic virus,1,0,0,0,0,0,1
near_bbf977eb88eea0992f91,LOW_SAME_TARGET_SAME_SOURCE,2,2,0,1,PLDD-UP,1,Potato healthy,1,0,1,0,0,0,0
near_bbfbc8155d32f0099ce8,LOW_SAME_TARGET_SAME_SOURCE,2,2,0,1,PLDD-UP,1,Potato Early blight,1,4,1,0,0,0,0
near_bc0c5066a5ecf159397a,LOW_SAME_TARGET_SAME_SOURCE,2,2,0,1,Seasonal Corn Leaf Disease Dataset,1,Corn healthy,1,0,1,0,0,0,0
near_bc4761fc82a05d40f89e,LOW_SAME_TARGET_SAME_SOURCE,2,2,0,1,PLDD-UP,1,Potato healthy,1,0,1,0,0,0,0
near_bc4b3e00b67f5e89bbd2,LOW_SAME_TARGET_SAME_SOURCE,2,2,0,1,PLDD-UP,1,Potato healthy,1,0,1,0,0,0,0
near_bc6c7e4c0072f133c309,LOW_SAME_TARGET_SAME_SOURCE,2,2,0,1,PLDD-UP,1,Potato Late blight,1,1,1,0,0,0,0
near_bcd0b7af8235e9d335f1,LOW_SAME_TARGET_SAME_SOURCE,2,2,0,1,PLDD-UP,1,Potato Late blight,1,0,1,0,0,0,0
near_bcd71e33c4dc085afa79,LOW_SAME_TARGET_SAME_SOURCE,2,2,0,1,PLDD-UP,1,Potato healthy,1,1,1,0,0,0,0
near_bd3d8a1756f0a32a07ab,LOW_SAME_TARGET_SAME_SOURCE,2,2,0,1,PLDD-UP,1,Potato healthy,1,0,1,0,0,0,0
near_bdbe632e17313f923c26,LOW_SAME_TARGET_SAME_SOURCE,5,5,0,1,PLDD-UP,1,Potato Late blight,5,2,5,0,0,0,0
near_bdc0ae71e5f89cf8b6dd,LOW_SAME_TARGET_SAME_SOURCE,2,2,0,1,PLDD-UP,1,Potato healthy,1,0,1,0,0,0,0
near_bdfc48700e74d2f7bf83,LOW_SAME_TARGET_SAME_SOURCE,2,2,0,1,PLDD-UP,1,Potato healthy,1,0,1,0,0,0,0
near_be13d7500f804952f121,LOW_SAME_TARGET_SAME_SOURCE,2,2,0,1,PLDD-UP,1,Potato Late blight,1,2,1,0,0,0,0
near_be4c96368ced645e8614,LOW_SAME_TARGET_SAME_SOURCE,2,2,0,1,PLDD-UP,1,Potato Early blight,1,2,1,0,0,0,0
near_be7936d5440ff8e30fb6,LOW_SAME_TARGET_SAME_SOURCE,2,2,0,1,PLDD-UP,1,Potato healthy,1,0,1,0,0,0,0
near_bea63444132af7119515,LOW_SAME_TARGET_SAME_SOURCE,2,2,0,1,Seasonal Corn Leaf Disease Dataset,1,Corn healthy,1,0,1,0,0,0,0
near_beacf187a640501fa275,LOW_SAME_TARGET_SAME_SOURCE,2,2,0,1,PLDD-UP,1,Potato Early blight,1,2,1,0,0,0,0
near_bed07f966626d3ebb71a,LOW_SAME_TARGET_SAME_SOURCE,2,2,0,1,Seasonal Corn Leaf Disease Dataset,1,Corn healthy,1,0,1,0,0,0,0
near_bee856528d83299c857c,LOW_SAME_TARGET_SAME_SOURCE,2,2,0,1,Seasonal Corn Leaf Disease Dataset,1,Corn healthy,1,2,1,0,0,0,0
near_bf08ad3c7cf1413fcebd,LOW_SAME_TARGET_SAME_SOURCE,2,2,0,1,PLDD-UP,1,Potato healthy,1,0,1,0,0,0,0
near_bf3c45b771d390d5bce1,LOW_SAME_TARGET_SAME_SOURCE,2,2,0,1,PLDD-UP,1,Potato healthy,1,0,1,0,0,0,0
near_bf4507a059dde3080f8e,LOW_SAME_TARGET_SAME_SOURCE,2,2,0,1,PLDD-UP,1,Potato healthy,1,1,1,0,0,0,0
near_bf68c232b517d43b97f1,LOW_SAME_TARGET_SAME_SOURCE,2,2,0,1,PLDD-UP,1,Potato healthy,1,0,1,0,0,0,0
near_bf6ea0515aecf68e534f,LOW_SAME_TARGET_SAME_SOURCE,2,2,0,1,PLDD-UP,1,Potato healthy,1,0,1,0,0,0,0
near_bf81a7b2473e0fd8f7e3,LOW_SAME_TARGET_SAME_SOURCE,2,2,0,1,PLDD-UP,1,Potato healthy,1,0,1,0,0,0,0
near_bf8d6e52789f9cf90d35,LOW_SAME_TARGET_SAME_SOURCE,2,2,0,1,PLDD-UP,1,Potato healthy,1,0,1,0,0,0,0
near_bfa60cbb5fc64beaf671,LOW_SAME_TARGET_SAME_SOURCE,2,2,0,1,PLDD-UP,1,Potato healthy,1,0,1,0,0,0,0
near_bfab9f5d97b93ba63698,LOW_SAME_TARGET_SAME_SOURCE,2,2,0,1,Seasonal Corn Leaf Disease Dataset,1,Corn healthy,1,0,1,0,0,0,0
near_bfb5015dd876caf01887,LOW_SAME_TARGET_SAME_SOURCE,2,2,0,1,PLDD-UP,1,Potato healthy,1,0,1,0,0,0,0
near_bfdc80e8af0d42c8b91e,LOW_SAME_TARGET_SAME_SOURCE,2,2,0,1,PLDD-UP,1,Potato healthy,1,1,1,0,0,0,0
near_c0156b0a0aa91ba3163d,LOW_SAME_TARGET_SAME_SOURCE,3,3,0,1,PLDD-UP,1,Potato Early blight,2,4,2,0,0,0,0
near_c03703c2f50bbdad622f,LOW_SAME_TARGET_SAME_SOURCE,2,2,0,1,Seasonal Corn Leaf Disease Dataset,1,Corn Cercospora leaf spot,1,2,1,0,0,0,0
near_c0807e34ed4676c6aa18,LOW_SAME_TARGET_SAME_SOURCE,8,8,0,1,PLDD-UP,1,Potato healthy,20,0,20,0,0,0,0
near_c0eddf640ed35acf697d,LOW_SAME_TARGET_SAME_SOURCE,2,2,0,1,PLDD-UP,1,Potato healthy,1,0,1,0,0,0,0
near_c1062f406e809a0ea88c,LOW_SAME_TARGET_SAME_SOURCE,2,2,0,1,Seasonal Corn Leaf Disease Dataset,1,Corn healthy,1,0,1,0,0,0,0
near_c107d09d5ee124aab2ee,LOW_SAME_TARGET_SAME_SOURCE,2,2,0,1,PLDD-UP,1,Potato healthy,1,0,1,0,0,0,0
near_c108d05dcdaf4409c9e1,LOW_SAME_TARGET_SAME_SOURCE,2,2,0,1,Seasonal Corn Leaf Disease Dataset,1,Corn healthy,1,1,1,0,0,0,0
near_c10fe61b7f8e98e70527,LOW_SAME_TARGET_SAME_SOURCE,2,2,0,1,PLDD-UP,1,Potato Late blight,1,4,1,0,0,0,0
near_c1271635baa5451fe459,LOW_SAME_TARGET_SAME_SOURCE,2,2,0,1,Seasonal Corn Leaf Disease Dataset,1,Corn healthy,1,2,1,0,0,0,0
near_c1352544f5d83aef9ce1,LOW_SAME_TARGET_SAME_SOURCE,2,2,0,1,PLDD-UP,1,Potato Late blight,1,0,1,0,0,0,0
near_c176cb8d3b719e98290c,LOW_SAME_TARGET_SAME_SOURCE,2,2,0,1,PLDD-UP,1,Potato healthy,1,0,1,0,0,0,0
near_c17cab94ef474da0ae28,LOW_SAME_TARGET_SAME_SOURCE,2,2,0,1,PLDD-UP,1,Potato healthy,1,0,1,0,0,0,0
near_c1833d004607462538ca,LOW_SAME_TARGET_SAME_SOURCE,2,2,0,1,PLDD-UP,1,Potato Late blight,1,1,1,0,0,0,0
near_c1c4f516a2bb6ae08eff,LOW_SAME_TARGET_SAME_SOURCE,2,2,0,1,PLDD-UP,1,Potato healthy,1,0,1,0,0,0,0
near_c1c980499eb57c53f066,LOW_SAME_TARGET_SAME_SOURCE,2,2,0,1,PLDD-UP,1,Potato Early blight,1,4,1,0,0,0,0
near_c2226e6668d1352870f5,LOW_SAME_TARGET_SAME_SOURCE,2,2,0,1,PLDD-UP,1,Potato healthy,1,0,1,0,0,0,0
near_c2570756929de577bb45,LOW_SAME_TARGET_SAME_SOURCE,2,2,0,1,PLDD-UP,1,Potato healthy,1,4,1,0,0,0,0
near_c257da7cd14aa8fa08a0,LOW_SAME_TARGET_SAME_SOURCE,2,2,0,1,PLDD-UP,1,Potato healthy,1,2,1,0,0,0,0
near_c2a5a43af5ce91e11d65,LOW_SAME_TARGET_SAME_SOURCE,2,2,0,1,PLDD-UP,1,Potato Late blight,1,2,1,0,0,0,0
near_c2d57a6cb1f4793ee6e0,LOW_SAME_TARGET_SAME_SOURCE,2,2,0,1,Seasonal Corn Leaf Disease Dataset,1,Corn healthy,1,1,1,0,0,0,0
near_c33fc80b8ad4051f2040,LOW_SAME_TARGET_SAME_SOURCE,2,2,0,1,Seasonal Corn Leaf Disease Dataset,1,Corn healthy,1,1,1,0,0,0,0
near_c34329aeea7a4983456b,LOW_SAME_TARGET_SAME_SOURCE,2,2,0,1,Seasonal Corn Leaf Disease Dataset,1,Corn Cercospora leaf spot,1,0,1,0,0,0,0
near_c348aeb17bf5c403dba3,LOW_SAME_TARGET_SAME_SOURCE,2,2,0,1,PLDD-UP,1,Potato healthy,1,0,1,0,0,0,0
near_c35304a54f7dafe29152,LOW_SAME_TARGET_SAME_SOURCE,2,2,0,1,Seasonal Corn Leaf Disease Dataset,1,Corn healthy,1,0,1,0,0,0,0
near_c35f4f04345140724113,LOW_SAME_TARGET_SAME_SOURCE,2,2,0,1,Seasonal Corn Leaf Disease Dataset,1,Corn healthy,1,0,1,0,0,0,0
near_c361c016e3db2071d345,LOW_SAME_TARGET_SAME_SOURCE,2,2,0,1,PLDD-UP,1,Potato healthy,1,1,1,0,0,0,0
near_c3622af87101f9db3b22,LOW_SAME_TARGET_SAME_SOURCE,2,2,0,1,PLDD-UP,1,Potato healthy,1,0,1,0,0,0,0
near_c3a9bd3fa80397acc265,LOW_SAME_TARGET_SAME_SOURCE,2,2,0,1,PLDD-UP,1,Potato healthy,1,0,1,0,0,0,0
near_c3ad383d9a03b3456253,LOW_SAME_TARGET_SAME_SOURCE,5,5,0,1,PLDD-UP,1,Potato Late blight,8,1,8,0,0,0,0
near_c3ba22899906ac6d802b,LOW_SAME_TARGET_SAME_SOURCE,2,2,0,1,PLDD-UP,1,Potato healthy,1,0,1,0,0,0,0
near_c3e977e59a4158498139,LOW_SAME_TARGET_SAME_SOURCE,2,2,0,1,PLDD-UP,1,Potato healthy,1,0,1,0,0,0,0
near_c41506ae41a85f1ae3d8,LOW_SAME_TARGET_SAME_SOURCE,2,2,0,1,PLDD-UP,1,Potato Late blight,1,4,1,0,0,0,0
near_c421cc1c61099caac1fb,LOW_SAME_TARGET_SAME_SOURCE,2,2,0,1,PLDD-UP,1,Potato healthy,1,0,1,0,0,0,0
near_c42601849a7d91d4680d,LOW_SAME_TARGET_SAME_SOURCE,2,2,0,1,PLDD-UP,1,Potato Late blight,1,2,1,0,0,0,0
near_c427f8569fa401976681,DIFFERENT_TARGET,2,2,0,1,PLDD-UP,2,Potato Early blight | Potato Late blight,1,4,0,0,1,0,0
near_c47800ad17b27c6655f1,LOW_SAME_TARGET_SAME_SOURCE,2,2,0,1,Seasonal Corn Leaf Disease Dataset,1,Corn Cercospora leaf spot,1,0,1,0,0,0,0
near_c4974a26f792db5a85f8,LOW_SAME_TARGET_SAME_SOURCE,2,2,0,1,PLDD-UP,1,Potato Early blight,1,4,1,0,0,0,0
near_c49a30336bff0fdb7c12,LOW_SAME_TARGET_SAME_SOURCE,2,2,0,1,Seasonal Corn Leaf Disease Dataset,1,Corn Cercospora leaf spot,1,0,1,0,0,0,0
near_c4b09eaa5bc98fbe889b,LOW_SAME_TARGET_SAME_SOURCE,2,2,0,1,PLDD-UP,1,Potato healthy,1,0,1,0,0,0,0
near_c4cfce989d094ef89b7f,LOW_SAME_TARGET_SAME_SOURCE,2,2,0,1,PLDD-UP,1,Potato healthy,1,0,1,0,0,0,0
near_c4e745120f1147cc857e,LOW_SAME_TARGET_SAME_SOURCE,2,2,0,1,PLDD-UP,1,Potato healthy,1,0,1,0,0,0,0
near_c4f388829c9ffbc31923,LOW_SAME_TARGET_SAME_SOURCE,2,2,0,1,PLDD-UP,1,Potato healthy,1,0,1,0,0,0,0
near_c5077ba897051f8d72a3,LOW_SAME_TARGET_SAME_SOURCE,3,3,0,1,PLDD-UP,1,Potato Early blight,3,0,3,0,0,0,0
near_c50e40900dbe0a0069ec,LOW_SAME_TARGET_SAME_SOURCE,2,2,0,1,PLDD-UP,1,Potato healthy,1,1,1,0,0,0,0
near_c51307fa8994fd5d8f9f,LOW_SAME_TARGET_SAME_SOURCE,2,2,0,1,Seasonal Corn Leaf Disease Dataset,1,Corn healthy,1,0,1,0,0,0,0
near_c52f0edde06663cca045,LOW_SAME_TARGET_SAME_SOURCE,4,4,0,1,PLDD-UP,1,Potato Early blight,6,0,6,0,0,0,0
near_c531cf9eef9eec7a6290,LOW_SAME_TARGET_SAME_SOURCE,2,2,0,1,PLDD-UP,1,Potato healthy,1,0,1,0,0,0,0
near_c532386a5c87ff6305c7,LOW_SAME_TARGET_SAME_SOURCE,2,2,0,1,PLDD-UP,1,Potato healthy,1,0,1,0,0,0,0
near_c5531ffb8d451b93173c,LOW_SAME_TARGET_SAME_SOURCE,3,3,0,1,PLDD-UP,1,Potato Early blight,3,1,3,0,0,0,0
near_c572b7794dd51710900f,LOW_SAME_TARGET_SAME_SOURCE,2,2,0,1,PLDD-UP,1,Potato Early blight,1,1,1,0,0,0,0
near_c575213c1b77e597118b,LOW_SAME_TARGET_SAME_SOURCE,2,2,0,1,PLDD-UP,1,Potato healthy,1,1,1,0,0,0,0
near_c576cf121bd07cdc14ef,LOW_SAME_TARGET_SAME_SOURCE,3,3,0,1,PLDD-UP,1,Potato Early blight,2,1,2,0,0,0,0
near_c5ad82b5c64ccbf6ed8e,LOW_SAME_TARGET_SAME_SOURCE,3,3,0,1,PLDD-UP,1,Potato Early blight,2,3,2,0,0,0,0
near_c5cb94f0508e916b6f99,LOW_SAME_TARGET_SAME_SOURCE,2,2,0,1,Seasonal Corn Leaf Disease Dataset,1,Corn healthy,1,0,1,0,0,0,0
near_c5daebf8ab2fee8c9e29,LOW_SAME_TARGET_SAME_SOURCE,2,2,0,1,PLDD-UP,1,Potato healthy,1,0,1,0,0,0,0
near_c5eb5daae81c5f71fd47,DIFFERENT_TARGET,2,2,0,1,PlantDoc,2,Potato Early blight | Tomato Late blight,1,0,0,0,1,0,0
near_c6211adef40142d1e7c6,LOW_SAME_TARGET_SAME_SOURCE,2,2,0,1,PLDD-UP,1,Potato Late blight,1,1,1,0,0,0,0
near_c621dbc8d44f5cae252a,LOW_SAME_TARGET_SAME_SOURCE,2,2,0,1,PLDD-UP,1,Potato healthy,1,0,1,0,0,0,0
near_c649ba4813dd9936f225,LOW_SAME_TARGET_SAME_SOURCE,2,2,0,1,PLDD-UP,1,Potato healthy,1,1,1,0,0,0,0
near_c64cdca74d3141f77fb2,DIFFERENT_TARGET,2,2,0,1,PLDD-UP,2,Potato Early blight | Potato Late blight,1,4,0,0,1,0,0
near_c64edfe812a67015a8b5,LOW_SAME_TARGET_SAME_SOURCE,2,2,0,1,PLDD-UP,1,Potato healthy,1,0,1,0,0,0,0
near_c64fa2f60857b32f16f1,LOW_SAME_TARGET_SAME_SOURCE,2,2,0,1,PLDD-UP,1,Potato healthy,1,0,1,0,0,0,0
near_c69ac3289395f03f3807,LOW_SAME_TARGET_SAME_SOURCE,2,2,0,1,PLDD-UP,1,Potato healthy,1,0,1,0,0,0,0
near_c6a6f25c48975a8b7aed,LOW_SAME_TARGET_SAME_SOURCE,2,2,0,1,PLDD-UP,1,Potato healthy,1,0,1,0,0,0,0
near_c6afb7e2086e6404ed93,LOW_SAME_TARGET_SAME_SOURCE,2,2,0,1,PLDD-UP,1,Potato healthy,1,0,1,0,0,0,0
near_c6c323be37fbf84f9645,LOW_SAME_TARGET_SAME_SOURCE,2,2,0,1,Seasonal Corn Leaf Disease Dataset,1,Corn healthy,1,1,1,0,0,0,0
near_c6d98000e65a61cab12c,LOW_SAME_TARGET_SAME_SOURCE,4,4,0,1,PLDD-UP,1,Potato Late blight,6,0,6,0,0,0,0
near_c6eb4cd5d8da53374029,DIFFERENT_TARGET,3,3,0,1,PLDD-UP,2,Potato Early blight | Potato Late blight,3,1,1,0,2,0,0
near_c739e5b8b94078caaed8,LOW_SAME_TARGET_SAME_SOURCE,2,2,0,1,PLDD-UP,1,Potato healthy,1,1,1,0,0,0,0
near_c7470da6575d701b0577,LOW_SAME_TARGET_SAME_SOURCE,2,2,0,1,PLDD-UP,1,Potato healthy,1,2,1,0,0,0,0
near_c748e09cbabef5f62cac,LOW_SAME_TARGET_SAME_SOURCE,2,2,0,1,PLDD-UP,1,Potato healthy,1,0,1,0,0,0,0
near_c7c400ac50ebacb3c07c,LOW_SAME_TARGET_SAME_SOURCE,2,2,0,1,PLDD-UP,1,Potato healthy,1,0,1,0,0,0,0
near_c7cd3e127411c5bf6b68,DIFFERENT_TARGET,2,2,0,1,PlantDoc,2,Potato Early blight | Tomato Late blight,1,0,0,0,1,0,0
near_c7e19366ff0257189427,LOW_SAME_TARGET_SAME_SOURCE,2,2,0,1,PLDD-UP,1,Potato healthy,1,4,1,0,0,0,0
near_c804102c1557c21233bd,LOW_SAME_TARGET_SAME_SOURCE,2,2,0,1,PLDD-UP,1,Potato Late blight,1,1,1,0,0,0,0
near_c81d6bb6769f38379090,LOW_SAME_TARGET_SAME_SOURCE,2,2,0,1,Seasonal Corn Leaf Disease Dataset,1,Corn healthy,1,0,1,0,0,0,0
near_c8203b1ab9498ebee677,LOW_SAME_TARGET_SAME_SOURCE,2,2,0,1,Seasonal Corn Leaf Disease Dataset,1,Corn Cercospora leaf spot,1,0,1,0,0,0,0
near_c83e7ecdfa1ba0b01b93,LOW_SAME_TARGET_SAME_SOURCE,2,2,0,1,PLDD-UP,1,Potato healthy,1,0,1,0,0,0,0
near_c85522d4a133e7161bed,LOW_SAME_TARGET_SAME_SOURCE,2,2,0,1,Seasonal Corn Leaf Disease Dataset,1,Corn healthy,1,1,1,0,0,0,0
near_c868da1c8c39d8575fd7,DIFFERENT_TARGET,6,6,0,1,PLDD-UP,2,Potato Early blight | Potato Late blight,10,0,7,0,3,0,0
near_c8903f60e72d594a1741,LOW_SAME_TARGET_SAME_SOURCE,2,2,0,1,PLDD-UP,1,Potato healthy,1,0,1,0,0,0,0
near_c8a2b177a9e5af843da6,LOW_SAME_TARGET_SAME_SOURCE,2,2,0,1,Seasonal Corn Leaf Disease Dataset,1,Corn healthy,1,1,1,0,0,0,0
near_c8a7536b6e713f1d3d10,LOW_SAME_TARGET_SAME_SOURCE,3,3,0,1,PLDD-UP,1,Potato Late blight,3,2,3,0,0,0,0
near_c8bba3b0cfd858bf79de,LOW_SAME_TARGET_SAME_SOURCE,2,2,0,1,PLDD-UP,1,Potato Early blight,1,3,1,0,0,0,0
near_c8cd6805e750422b6812,LOW_SAME_TARGET_SAME_SOURCE,2,2,0,1,PlantDoc,1,Tomato Late blight,1,0,1,0,0,0,0
near_c8da41faeab03dc862df,LOW_SAME_TARGET_SAME_SOURCE,5,5,0,1,PLDD-UP,1,Potato Late blight,5,3,5,0,0,0,0
near_c90fd7979140cbdce69f,LOW_SAME_TARGET_SAME_SOURCE,2,2,0,1,Seasonal Corn Leaf Disease Dataset,1,Corn healthy,1,1,1,0,0,0,0
near_c917d3436c3021fd738a,LOW_SAME_TARGET_SAME_SOURCE,2,2,0,1,PLDD-UP,1,Potato Late blight,1,4,1,0,0,0,0
near_c951330e5b8fa20f3e16,LOW_SAME_TARGET_SAME_SOURCE,2,2,0,1,PLDD-UP,1,Potato healthy,1,0,1,0,0,0,0
near_c96e83435f16f96f5114,LOW_SAME_TARGET_SAME_SOURCE,2,2,0,1,Seasonal Corn Leaf Disease Dataset,1,Corn healthy,1,1,1,0,0,0,0
near_c972dbafdde00385849c,LOW_SAME_TARGET_SAME_SOURCE,2,2,0,1,PLDD-UP,1,Potato healthy,1,2,1,0,0,0,0
near_c991700197b249ee6932,LOW_SAME_TARGET_SAME_SOURCE,2,2,0,1,PLDD-UP,1,Potato healthy,1,0,1,0,0,0,0
near_c99203ef2e0f8175bf03,LOW_SAME_TARGET_SAME_SOURCE,2,2,0,1,PLDD-UP,1,Potato healthy,1,0,1,0,0,0,0
near_c994abb31d149460d604,DIFFERENT_TARGET,2,2,0,1,PLDD-UP,2,Potato Early blight | Potato Late blight,1,4,0,0,1,0,0
near_c9c7aa7e461f95132460,LOW_SAME_TARGET_SAME_SOURCE,2,2,0,1,PLDD-UP,1,Potato healthy,1,0,1,0,0,0,0
near_c9ea18b96ed6a76ce0cf,LOW_SAME_TARGET_SAME_SOURCE,2,2,0,1,PLDD-UP,1,Potato healthy,1,0,1,0,0,0,0
near_c9fa9911c7f774adb828,LOW_SAME_TARGET_SAME_SOURCE,2,2,0,1,PLDD-UP,1,Potato healthy,1,0,1,0,0,0,0
near_ca1768137d2185fc4fe5,LOW_SAME_TARGET_SAME_SOURCE,2,2,0,1,PLDD-UP,1,Potato Late blight,1,3,1,0,0,0,0
near_ca379b35013c8621c2dd,LOW_SAME_TARGET_SAME_SOURCE,3,3,0,1,PLDD-UP,1,Potato Late blight,3,1,3,0,0,0,0
near_ca3e98e37d95f94564f5,LOW_SAME_TARGET_SAME_SOURCE,2,2,0,1,PLDD-UP,1,Potato healthy,1,4,1,0,0,0,0
near_ca4b5fe44fe8039d6eb4,LOW_SAME_TARGET_SAME_SOURCE,3,3,0,1,PLDD-UP,1,Potato healthy,3,0,3,0,0,0,0
near_ca63650f14cce3a27b19,LOW_SAME_TARGET_SAME_SOURCE,4,4,0,1,PLDD-UP,1,Potato healthy,6,0,6,0,0,0,0
near_ca701302b7ba1768e8fe,LOW_SAME_TARGET_SAME_SOURCE,2,2,0,1,Seasonal Corn Leaf Disease Dataset,1,Corn healthy,1,0,1,0,0,0,0
near_cab9dd5571a7ed271f0d,LOW_SAME_TARGET_SAME_SOURCE,2,2,0,1,PLDD-UP,1,Potato healthy,1,0,1,0,0,0,0
near_cabfa4f5bd69c1aaeb1c,LOW_SAME_TARGET_SAME_SOURCE,2,2,0,1,Seasonal Corn Leaf Disease Dataset,1,Corn healthy,1,0,1,0,0,0,0
near_cad5281a2cb3c9790e24,LOW_SAME_TARGET_SAME_SOURCE,2,2,0,1,Seasonal Corn Leaf Disease Dataset,1,Corn healthy,1,1,1,0,0,0,0
near_cad67f1ead42c32a500f,LOW_SAME_TARGET_SAME_SOURCE,2,2,0,1,PLDD-UP,1,Potato healthy,1,2,1,0,0,0,0
near_cadb8bf3ed8a80240ead,LOW_SAME_TARGET_SAME_SOURCE,2,2,0,1,PLDD-UP,1,Potato healthy,1,0,1,0,0,0,0
near_cae6947588bfeb5c28ff,LOW_SAME_TARGET_SAME_SOURCE,2,2,0,1,PLDD-UP,1,Potato Late blight,1,4,1,0,0,0,0
near_cafe7c8cfb7b16b8059c,LOW_SAME_TARGET_SAME_SOURCE,2,2,0,1,PLDD-UP,1,Potato Early blight,1,2,1,0,0,0,0
near_cb03b76933bfa4cdc3f1,LOW_SAME_TARGET_SAME_SOURCE,2,2,0,1,PLDD-UP,1,Potato healthy,1,0,1,0,0,0,0
near_cb356040d5a4639bd650,LOW_SAME_TARGET_SAME_SOURCE,2,2,0,1,PLDD-UP,1,Potato Late blight,1,3,1,0,0,0,0
near_cb587b8e71f9b4e63269,LOW_SAME_TARGET_SAME_SOURCE,2,2,0,1,PLDD-UP,1,Potato Early blight,1,4,1,0,0,0,0
near_cb5bc97f734b03b36798,LOW_SAME_TARGET_SAME_SOURCE,2,2,0,1,Seasonal Corn Leaf Disease Dataset,1,Corn healthy,1,1,1,0,0,0,0
near_cb6463fdf58ba7975133,LOW_SAME_TARGET_SAME_SOURCE,2,2,0,1,Seasonal Corn Leaf Disease Dataset,1,Corn healthy,1,0,1,0,0,0,0
near_cb684fa3c386354503cf,LOW_SAME_TARGET_SAME_SOURCE,3,3,0,1,PLDD-UP,1,Potato Early blight,3,3,3,0,0,0,0
near_cb757714d266c5019ad3,LOW_SAME_TARGET_SAME_SOURCE,2,2,0,1,PLDD-UP,1,Potato healthy,1,0,1,0,0,0,0
near_cb8194ef8a834cc6620b,LOW_SAME_TARGET_SAME_SOURCE,2,2,0,1,PLDD-UP,1,Potato healthy,1,2,1,0,0,0,0
near_cb866871769f43a9d8bf,LOW_SAME_TARGET_SAME_SOURCE,2,2,0,1,Seasonal Corn Leaf Disease Dataset,1,Corn healthy,1,0,1,0,0,0,0
near_cbab087979745d1c0a74,LOW_SAME_TARGET_SAME_SOURCE,8,8,0,1,PLDD-UP,1,Potato healthy,13,1,13,0,0,0,0
near_cbd680d774514c8fa655,LOW_SAME_TARGET_SAME_SOURCE,2,2,0,1,PLDD-UP,1,Potato healthy,1,3,1,0,0,0,0
near_cc01f1305787c8ff63e9,LOW_SAME_TARGET_SAME_SOURCE,2,2,0,1,PLDD-UP,1,Potato healthy,1,1,1,0,0,0,0
near_cc0496bcef73aecc3438,LOW_SAME_TARGET_SAME_SOURCE,2,2,0,1,PLDD-UP,1,Potato Late blight,1,3,1,0,0,0,0
near_cc174e5bcbc915209606,LOW_SAME_TARGET_SAME_SOURCE,2,2,0,1,Seasonal Corn Leaf Disease Dataset,1,Corn healthy,1,0,1,0,0,0,0
near_cc653984c053d64ca5b2,LOW_SAME_TARGET_SAME_SOURCE,2,2,0,1,PLDD-UP,1,Potato healthy,1,0,1,0,0,0,0
near_cc8babd64ff0f2532104,LOW_SAME_TARGET_SAME_SOURCE,2,2,0,1,PLDD-UP,1,Potato Late blight,1,3,1,0,0,0,0
near_cc9628afc03f4dbf4c36,LOW_SAME_TARGET_SAME_SOURCE,2,2,0,1,PLDD-UP,1,Potato healthy,1,0,1,0,0,0,0
near_cca7520e696c5940f3f9,LOW_SAME_TARGET_SAME_SOURCE,2,2,0,1,Seasonal Corn Leaf Disease Dataset,1,Corn healthy,1,0,1,0,0,0,0
near_ccb0a962346e94adeb59,LOW_SAME_TARGET_SAME_SOURCE,2,2,0,1,PLDD-UP,1,Potato healthy,1,0,1,0,0,0,0
near_ccc707b7756ccbb97fbb,LOW_SAME_TARGET_SAME_SOURCE,2,2,0,1,PLDD-UP,1,Potato healthy,1,0,1,0,0,0,0
near_ccd261d9511ba6143b64,LOW_SAME_TARGET_SAME_SOURCE,2,2,0,1,Seasonal Corn Leaf Disease Dataset,1,Corn healthy,1,1,1,0,0,0,0
near_cce70c3b3912621800b2,LOW_SAME_TARGET_SAME_SOURCE,2,2,0,1,Seasonal Corn Leaf Disease Dataset,1,Corn healthy,1,1,1,0,0,0,0
near_cd6bd3ba943f2c9fcddf,LOW_SAME_TARGET_SAME_SOURCE,2,2,0,1,PLDD-UP,1,Potato healthy,1,0,1,0,0,0,0
near_cd893b023ce2c65f1545,LOW_SAME_TARGET_SAME_SOURCE,2,2,0,1,PLDD-UP,1,Potato healthy,1,0,1,0,0,0,0
near_cd8a2ea8b37fa0f93b42,LOW_SAME_TARGET_SAME_SOURCE,2,2,0,1,Seasonal Corn Leaf Disease Dataset,1,Corn healthy,1,1,1,0,0,0,0
near_cd8c3ea40e89ae9113f9,LOW_SAME_TARGET_SAME_SOURCE,2,2,0,1,PLDD-UP,1,Potato Late blight,1,4,1,0,0,0,0
near_cd9c79a21b01012c21c8,DIFFERENT_TARGET,12,12,0,1,PLDD-UP,2,Potato Early blight | Potato Late blight,19,0,18,0,1,0,0
near_cda12786983bced9f624,LOW_SAME_TARGET_SAME_SOURCE,2,2,0,1,PLDD-UP,1,Potato Early blight,1,2,1,0,0,0,0
near_cdc09d25d35d0f7808c7,LOW_SAME_TARGET_SAME_SOURCE,2,2,0,1,PLDD-UP,1,Potato healthy,1,0,1,0,0,0,0
near_cde61bd55ee3a00e3398,LOW_SAME_TARGET_SAME_SOURCE,2,2,0,1,PLDD-UP,1,Potato healthy,1,0,1,0,0,0,0
near_cdec632db9aae8583aa4,LOW_SAME_TARGET_SAME_SOURCE,2,2,0,1,PlantDoc,1,Tomato Late blight,1,0,1,0,0,0,0
near_cdf7acd0151c8a0ab293,LOW_SAME_TARGET_SAME_SOURCE,2,2,0,1,PLDD-UP,1,Potato Late blight,1,4,1,0,0,0,0
near_ce5a252de857fa25635b,LOW_SAME_TARGET_SAME_SOURCE,2,2,0,1,PLDD-UP,1,Potato healthy,1,0,1,0,0,0,0
near_ce896259be6626f5fc3f,LOW_SAME_TARGET_SAME_SOURCE,3,3,0,1,PLDD-UP,1,Potato Late blight,3,0,3,0,0,0,0
near_ce9b1386510a2af11b21,LOW_SAME_TARGET_SAME_SOURCE,2,2,0,1,PLDD-UP,1,Potato healthy,1,1,1,0,0,0,0
near_cead2fd49e46983fa186,LOW_SAME_TARGET_SAME_SOURCE,2,2,0,1,PLDD-UP,1,Potato healthy,1,0,1,0,0,0,0
near_ced8689bc40f9a98719b,LOW_SAME_TARGET_SAME_SOURCE,2,2,0,1,PLDD-UP,1,Potato healthy,1,0,1,0,0,0,0
near_cedad6ce0a93c54fedb3,LOW_SAME_TARGET_SAME_SOURCE,2,2,0,1,PLDD-UP,1,Potato healthy,1,0,1,0,0,0,0
near_cefbf1f4b140f2a2b329,LOW_SAME_TARGET_SAME_SOURCE,2,2,0,1,Seasonal Corn Leaf Disease Dataset,1,Corn healthy,1,1,1,0,0,0,0
near_cf240e07120abe79aa05,LOW_SAME_TARGET_SAME_SOURCE,3,3,0,1,PLDD-UP,1,Potato Early blight,3,3,3,0,0,0,0
near_cf242b5c7da9c94abbc8,LOW_SAME_TARGET_SAME_SOURCE,2,2,0,1,PLDD-UP,1,Potato healthy,1,1,1,0,0,0,0
near_cf26144cc1792dac55bb,LOW_SAME_TARGET_SAME_SOURCE,2,2,0,1,Seasonal Corn Leaf Disease Dataset,1,Corn healthy,1,0,1,0,0,0,0
near_cf373b4b8ce25c597d84,LOW_SAME_TARGET_SAME_SOURCE,2,2,0,1,PLDD-UP,1,Potato healthy,1,0,1,0,0,0,0
near_cf667cdca928f0d97525,LOW_SAME_TARGET_SAME_SOURCE,2,2,0,1,Seasonal Corn Leaf Disease Dataset,1,Corn healthy,1,2,1,0,0,0,0
near_cf75fa0989c1e71020ea,LOW_SAME_TARGET_SAME_SOURCE,2,2,0,1,PLDD-UP,1,Potato Early blight,1,3,1,0,0,0,0
near_cf7874a1436c9c070469,LOW_SAME_TARGET_SAME_SOURCE,2,2,0,1,PLDD-UP,1,Potato Early blight,1,2,1,0,0,0,0
near_cfa582c9b9f123f405d9,DIFFERENT_TARGET,2,2,0,1,PlantDoc,2,Potato Early blight | Tomato Early blight,1,0,0,0,1,0,0
near_cff8d3d56927905fb346,LOW_SAME_TARGET_SAME_SOURCE,2,2,0,1,PLDD-UP,1,Potato healthy,1,0,1,0,0,0,0
near_cffd93838bef704d07d7,LOW_SAME_TARGET_SAME_SOURCE,2,2,0,1,PLDD-UP,1,Potato Early blight,1,4,1,0,0,0,0
near_d03bc373e6b1493f12da,LOW_SAME_TARGET_SAME_SOURCE,2,2,0,1,PLDD-UP,1,Potato Late blight,1,3,1,0,0,0,0
near_d03ce49d2e685d05567c,LOW_SAME_TARGET_SAME_SOURCE,2,2,0,1,PLDD-UP,1,Potato Late blight,1,4,1,0,0,0,0
near_d047ddfbc1852e6afa6a,LOW_SAME_TARGET_SAME_SOURCE,2,2,0,1,Seasonal Corn Leaf Disease Dataset,1,Corn healthy,1,0,1,0,0,0,0
near_d04f1d233ab271f88453,LOW_SAME_TARGET_SAME_SOURCE,2,2,0,1,PLDD-UP,1,Potato healthy,1,0,1,0,0,0,0
near_d063e124e682fb6fabce,LOW_SAME_TARGET_SAME_SOURCE,2,2,0,1,Seasonal Corn Leaf Disease Dataset,1,Corn healthy,1,0,1,0,0,0,0
near_d06ed89adaac9c1a50fe,LOW_SAME_TARGET_SAME_SOURCE,2,2,0,1,PLDD-UP,1,Potato Late blight,1,4,1,0,0,0,0
near_d081b66785e7aafb4305,LOW_SAME_TARGET_SAME_SOURCE,2,2,0,1,Seasonal Corn Leaf Disease Dataset,1,Corn healthy,1,0,1,0,0,0,0
near_d08c60c892392185117e,LOW_SAME_TARGET_SAME_SOURCE,2,2,0,1,PLDD-UP,1,Potato healthy,1,0,1,0,0,0,0
near_d094370eb6473ba9baac,LOW_SAME_TARGET_SAME_SOURCE,3,3,0,1,PLDD-UP,1,Potato Late blight,3,0,3,0,0,0,0
near_d09b8b88d6f2fbbbaf6b,LOW_SAME_TARGET_SAME_SOURCE,2,2,0,1,PLDD-UP,1,Potato healthy,1,0,1,0,0,0,0
near_d0a4a5f4330597adeee2,DIFFERENT_TARGET,2,2,0,1,PLDD-UP,2,Potato Early blight | Potato healthy,1,4,0,0,1,0,0
near_d0a90ae065d7cf97a219,LOW_SAME_TARGET_SAME_SOURCE,2,2,0,1,PLDD-UP,1,Potato Late blight,1,3,1,0,0,0,0
near_d0be25c6733f9c23b1cb,LOW_SAME_TARGET_SAME_SOURCE,2,2,0,1,PLDD-UP,1,Potato healthy,1,0,1,0,0,0,0
near_d0dd050b2ff4e1265170,LOW_SAME_TARGET_SAME_SOURCE,4,4,0,1,PLDD-UP,1,Potato Late blight,5,3,5,0,0,0,0
near_d103bc5daefc2cad49cb,LOW_SAME_TARGET_SAME_SOURCE,2,2,0,1,PLDD-UP,1,Potato Late blight,1,1,1,0,0,0,0
near_d1102e599475fa0033f5,LOW_SAME_TARGET_SAME_SOURCE,2,2,0,1,Seasonal Corn Leaf Disease Dataset,1,Corn healthy,1,1,1,0,0,0,0
near_d112879da9347c24a985,LOW_SAME_TARGET_SAME_SOURCE,3,3,0,1,PLDD-UP,1,Potato Early blight,2,3,2,0,0,0,0
near_d13aafdc3aadf5c834f8,LOW_SAME_TARGET_SAME_SOURCE,2,2,0,1,PLDD-UP,1,Potato Late blight,1,3,1,0,0,0,0
near_d1617d7db447cebd1ef2,LOW_SAME_TARGET_SAME_SOURCE,2,2,0,1,Seasonal Corn Leaf Disease Dataset,1,Corn healthy,1,0,1,0,0,0,0
near_d188c09ede3a1c5fc4e9,LOW_SAME_TARGET_SAME_SOURCE,2,2,0,1,Seasonal Corn Leaf Disease Dataset,1,Corn Cercospora leaf spot,1,0,1,0,0,0,0
near_d197b2e4ffc61c46bba9,LOW_SAME_TARGET_SAME_SOURCE,2,2,0,1,PLDD-UP,1,Potato Late blight,1,4,1,0,0,0,0
near_d1c5b5f402253a3dee2e,LOW_SAME_TARGET_SAME_SOURCE,2,2,0,1,PLDD-UP,1,Potato healthy,1,0,1,0,0,0,0
near_d1cd8de0f7d693b38a17,LOW_SAME_TARGET_SAME_SOURCE,2,2,0,1,PLDD-UP,1,Potato healthy,1,1,1,0,0,0,0
near_d1d5e7112196c82493ee,LOW_SAME_TARGET_SAME_SOURCE,2,2,0,1,PLDD-UP,1,Potato healthy,1,0,1,0,0,0,0
near_d1ecaa44e0079e6b0390,LOW_SAME_TARGET_SAME_SOURCE,2,2,0,1,PLDD-UP,1,Potato healthy,1,0,1,0,0,0,0
near_d1f1f79dd421bfac0244,LOW_SAME_TARGET_SAME_SOURCE,2,2,0,1,PLDD-UP,1,Potato healthy,1,2,1,0,0,0,0
near_d1f73a71550df8ff8dfc,LOW_SAME_TARGET_SAME_SOURCE,2,2,0,1,Seasonal Corn Leaf Disease Dataset,1,Corn healthy,1,0,1,0,0,0,0
near_d2257a73a643e05f18f5,LOW_SAME_TARGET_SAME_SOURCE,2,2,0,1,PLDD-UP,1,Potato healthy,1,0,1,0,0,0,0
near_d251df00138ac43b4c88,LOW_SAME_TARGET_SAME_SOURCE,2,2,0,1,Seasonal Corn Leaf Disease Dataset,1,Corn Cercospora leaf spot,1,0,1,0,0,0,0
near_d27768779c1ac1221906,LOW_SAME_TARGET_SAME_SOURCE,3,3,0,1,PLDD-UP,1,Potato Early blight,2,3,2,0,0,0,0
near_d28d37aeeca6115e6cd5,LOW_SAME_TARGET_SAME_SOURCE,4,4,0,1,PLDD-UP,1,Potato healthy,6,0,6,0,0,0,0
near_d2ae13ed24883d74df3f,LOW_SAME_TARGET_SAME_SOURCE,2,2,0,1,PLDD-UP,1,Potato healthy,1,0,1,0,0,0,0
near_d2b9aaf0b97b1daeadce,LOW_SAME_TARGET_SAME_SOURCE,2,2,0,1,PLDD-UP,1,Potato healthy,1,0,1,0,0,0,0
near_d2c3a286e038e222366c,LOW_SAME_TARGET_SAME_SOURCE,2,2,0,1,PLDD-UP,1,Potato Early blight,1,4,1,0,0,0,0
near_d2c4e3d95f353bef7d68,LOW_SAME_TARGET_SAME_SOURCE,3,3,0,1,PLDD-UP,1,Potato Late blight,3,1,3,0,0,0,0
near_d2c8d5688890019f1f85,LOW_SAME_TARGET_SAME_SOURCE,2,2,0,1,PLDD-UP,1,Potato healthy,1,0,1,0,0,0,0
near_d2d0d49dc9fbeb6d4c04,LOW_SAME_TARGET_SAME_SOURCE,2,2,0,1,Seasonal Corn Leaf Disease Dataset,1,Corn Cercospora leaf spot,1,0,1,0,0,0,0
near_d2d6cc4f5edbae9c1e49,LOW_SAME_TARGET_SAME_SOURCE,4,4,0,1,PLDD-UP,1,Potato Early blight,5,1,5,0,0,0,0
near_d3019c3c852ca2f51357,LOW_SAME_TARGET_SAME_SOURCE,2,2,0,1,PLDD-UP,1,Potato healthy,1,0,1,0,0,0,0
near_d32fd0670bc6915896a3,LOW_SAME_TARGET_SAME_SOURCE,4,4,0,1,PLDD-UP,1,Potato healthy,4,1,4,0,0,0,0
near_d33d130bed8380256964,LOW_SAME_TARGET_SAME_SOURCE,2,2,0,1,PLDD-UP,1,Potato healthy,1,0,1,0,0,0,0
near_d35a093982901e77aa52,LOW_SAME_TARGET_SAME_SOURCE,2,2,0,1,PLDD-UP,1,Potato Late blight,1,4,1,0,0,0,0
near_d3790f82486f5276a4d7,LOW_SAME_TARGET_SAME_SOURCE,2,2,0,1,PLDD-UP,1,Potato healthy,1,0,1,0,0,0,0
near_d37ff109b5d2cf18c7af,LOW_SAME_TARGET_SAME_SOURCE,2,2,0,1,PLDD-UP,1,Potato healthy,1,0,1,0,0,0,0
near_d3a21a5fcc1c4b300120,LOW_SAME_TARGET_SAME_SOURCE,2,2,0,1,PLDD-UP,1,Potato Late blight,1,4,1,0,0,0,0
near_d3a839bccfca46466615,LOW_SAME_TARGET_SAME_SOURCE,2,2,0,1,PLDD-UP,1,Potato Early blight,1,4,1,0,0,0,0
near_d3c0f5e5444202bc7cba,LOW_SAME_TARGET_SAME_SOURCE,2,2,0,1,PLDD-UP,1,Potato Late blight,1,3,1,0,0,0,0
near_d3d3678c3494092e06d3,LOW_SAME_TARGET_SAME_SOURCE,2,2,0,1,PLDD-UP,1,Potato healthy,1,0,1,0,0,0,0
near_d3f15774350e0553c652,LOW_SAME_TARGET_SAME_SOURCE,8,8,0,1,PLDD-UP,1,Potato healthy,18,0,18,0,0,0,0
near_d3fd0b862f4f00fd4c21,LOW_SAME_TARGET_SAME_SOURCE,2,2,0,1,PLDD-UP,1,Potato healthy,1,0,1,0,0,0,0
near_d4041c77087491191230,LOW_SAME_TARGET_SAME_SOURCE,4,4,0,1,PLDD-UP,1,Potato Late blight,5,3,5,0,0,0,0
near_d41c2c49103e6a0cec69,DIFFERENT_TARGET,9,9,0,1,PLDD-UP,2,Potato Early blight | Potato Late blight,22,0,15,0,7,0,0
near_d43f154bafdb89ba316e,LOW_SAME_TARGET_SAME_SOURCE,2,2,0,1,PlantDoc,1,Tomato Septoria leaf spot,1,2,1,0,0,0,0
near_d4786024aed983fc6800,LOW_SAME_TARGET_SAME_SOURCE,2,2,0,1,PLDD-UP,1,Potato healthy,1,0,1,0,0,0,0
near_d499ce7c4e83a368e310,LOW_SAME_TARGET_SAME_SOURCE,2,2,0,1,PLDD-UP,1,Potato healthy,1,0,1,0,0,0,0
near_d49d366d051779a47b0c,LOW_SAME_TARGET_SAME_SOURCE,2,2,0,1,PLDD-UP,1,Potato healthy,1,0,1,0,0,0,0
near_d4b2e46368a93bc8a605,LOW_SAME_TARGET_SAME_SOURCE,2,2,0,1,PLDD-UP,1,Potato healthy,1,0,1,0,0,0,0
near_d507f4f36bc717bbf7bc,LOW_SAME_TARGET_SAME_SOURCE,2,2,0,1,PLDD-UP,1,Potato healthy,1,0,1,0,0,0,0
near_d55af5a641438f728c28,LOW_SAME_TARGET_SAME_SOURCE,2,2,0,1,Seasonal Corn Leaf Disease Dataset,1,Corn healthy,1,2,1,0,0,0,0
near_d5604384612943b0a587,LOW_SAME_TARGET_SAME_SOURCE,3,3,0,1,PLDD-UP,1,Potato Early blight,2,1,2,0,0,0,0
near_d576236aa89219f8e57f,LOW_SAME_TARGET_SAME_SOURCE,2,2,0,1,PLDD-UP,1,Potato healthy,1,0,1,0,0,0,0
near_d57ca70a1c53722679e6,LOW_SAME_TARGET_SAME_SOURCE,2,2,0,1,PLDD-UP,1,Potato healthy,1,0,1,0,0,0,0
near_d58aba879c4adc7480e3,LOW_SAME_TARGET_SAME_SOURCE,2,2,0,1,PLDD-UP,1,Potato healthy,1,0,1,0,0,0,0
near_d58f8e98f6077f64d6b1,LOW_SAME_TARGET_SAME_SOURCE,2,2,0,1,Seasonal Corn Leaf Disease Dataset,1,Corn healthy,1,1,1,0,0,0,0
near_d59709e0268516726f59,LOW_SAME_TARGET_SAME_SOURCE,2,2,0,1,Seasonal Corn Leaf Disease Dataset,1,Corn healthy,1,0,1,0,0,0,0
near_d5a522123d0c3163323c,LOW_SAME_TARGET_SAME_SOURCE,2,2,0,1,PLDD-UP,1,Potato healthy,1,1,1,0,0,0,0
near_d5d5c3c98edf7ad4c6e8,LOW_SAME_TARGET_SAME_SOURCE,2,2,0,1,Seasonal Corn Leaf Disease Dataset,1,Corn healthy,1,0,1,0,0,0,0
near_d5e60cc3378c63c40f61,LOW_SAME_TARGET_SAME_SOURCE,2,2,0,1,Seasonal Corn Leaf Disease Dataset,1,Corn healthy,1,0,1,0,0,0,0
near_d61dc1a0a0a141ab3417,LOW_SAME_TARGET_SAME_SOURCE,2,2,0,1,PLDD-UP,1,Potato Late blight,1,0,1,0,0,0,0
near_d6a25d62df45429f8d32,LOW_SAME_TARGET_SAME_SOURCE,2,2,0,1,PLDD-UP,1,Potato healthy,1,0,1,0,0,0,0
near_d6b01b82ff555e7f8637,LOW_SAME_TARGET_SAME_SOURCE,2,2,0,1,Seasonal Corn Leaf Disease Dataset,1,Corn healthy,1,1,1,0,0,0,0
near_d6bf66f1c09e96a22c17,LOW_SAME_TARGET_SAME_SOURCE,2,2,0,1,PLDD-UP,1,Potato healthy,1,0,1,0,0,0,0
near_d6f941bb5c1b331dd0c3,LOW_SAME_TARGET_SAME_SOURCE,2,2,0,1,PLDD-UP,1,Potato Late blight,1,1,1,0,0,0,0
near_d74f32695da8f327a202,LOW_SAME_TARGET_SAME_SOURCE,2,2,0,1,PLDD-UP,1,Potato Early blight,1,3,1,0,0,0,0
near_d754baa57ef6f42afb50,LOW_SAME_TARGET_SAME_SOURCE,2,2,0,1,PLDD-UP,1,Potato healthy,1,0,1,0,0,0,0
near_d76ad7279d823931c619,LOW_SAME_TARGET_SAME_SOURCE,2,2,0,1,PLDD-UP,1,Potato healthy,1,0,1,0,0,0,0
near_d77d1c9f948178535e9d,LOW_SAME_TARGET_SAME_SOURCE,2,2,0,1,PLDD-UP,1,Potato healthy,1,0,1,0,0,0,0
near_d77f8b8e93db6353d539,LOW_SAME_TARGET_SAME_SOURCE,2,2,0,1,PLDD-UP,1,Potato healthy,1,0,1,0,0,0,0
near_d812c2ecb7035ba44380,LOW_SAME_TARGET_SAME_SOURCE,2,2,0,1,PLDD-UP,1,Potato healthy,1,0,1,0,0,0,0
near_d84b92bd71f2fc51d771,LOW_SAME_TARGET_SAME_SOURCE,2,2,0,1,PLDD-UP,1,Potato healthy,1,1,1,0,0,0,0
near_d87e850b82a0f2da8859,LOW_SAME_TARGET_SAME_SOURCE,2,2,0,1,PLDD-UP,1,Potato healthy,1,0,1,0,0,0,0
near_d883b21f9bfc2d56b7ac,LOW_SAME_TARGET_SAME_SOURCE,2,2,0,1,PLDD-UP,1,Potato Early blight,1,2,1,0,0,0,0
near_d8d6b72830392e617b81,LOW_SAME_TARGET_SAME_SOURCE,2,2,0,1,PLDD-UP,1,Potato healthy,1,0,1,0,0,0,0
near_d8db2441148540a2ca5c,LOW_SAME_TARGET_SAME_SOURCE,2,2,0,1,Seasonal Corn Leaf Disease Dataset,1,Corn healthy,1,0,1,0,0,0,0
near_d8db3adaa060fcb2251d,LOW_SAME_TARGET_SAME_SOURCE,2,2,0,1,PLDD-UP,1,Potato Early blight,1,1,1,0,0,0,0
near_d90063dde61ee33fa353,LOW_SAME_TARGET_SAME_SOURCE,2,2,0,1,PLDD-UP,1,Potato Late blight,1,2,1,0,0,0,0
near_d911291b87736eed6a18,LOW_SAME_TARGET_SAME_SOURCE,2,2,0,1,PLDD-UP,1,Potato healthy,1,2,1,0,0,0,0
near_d91541b7151d0bba2734,LOW_SAME_TARGET_SAME_SOURCE,2,2,0,1,PLDD-UP,1,Potato healthy,1,1,1,0,0,0,0
near_d91ec508c143118c2944,LOW_SAME_TARGET_SAME_SOURCE,2,2,0,1,PLDD-UP,1,Potato Late blight,1,1,1,0,0,0,0
near_d947a53c05db7a00f9f1,LOW_SAME_TARGET_SAME_SOURCE,2,2,0,1,Seasonal Corn Leaf Disease Dataset,1,Corn healthy,1,1,1,0,0,0,0
near_d981b924a1f52c9039f2,LOW_SAME_TARGET_SAME_SOURCE,2,2,0,1,Seasonal Corn Leaf Disease Dataset,1,Corn healthy,1,0,1,0,0,0,0
near_d997cd2835878527d847,LOW_SAME_TARGET_SAME_SOURCE,2,2,0,1,PLDD-UP,1,Potato healthy,1,0,1,0,0,0,0
near_d9e8c97de8f97cbc2ae1,LOW_SAME_TARGET_SAME_SOURCE,2,2,0,1,PLDD-UP,1,Potato healthy,1,0,1,0,0,0,0
near_da42fe429a56fd1feced,LOW_SAME_TARGET_SAME_SOURCE,2,2,0,1,PLDD-UP,1,Potato Late blight,1,3,1,0,0,0,0
near_da510635f3fef270851c,LOW_SAME_TARGET_SAME_SOURCE,2,2,0,1,PLDD-UP,1,Potato healthy,1,0,1,0,0,0,0
near_da523a0460e3fe999956,LOW_SAME_TARGET_SAME_SOURCE,2,2,0,1,PLDD-UP,1,Potato healthy,1,0,1,0,0,0,0
near_da707a0cfbd2cb62dd58,LOW_SAME_TARGET_SAME_SOURCE,2,2,0,1,PLDD-UP,1,Potato Late blight,1,2,1,0,0,0,0
near_da84bac1798b8dbf4ac5,LOW_SAME_TARGET_SAME_SOURCE,4,4,0,1,PLDD-UP,1,Potato healthy,6,0,6,0,0,0,0
near_da86e356bdbe7b960d56,DIFFERENT_TARGET,2,2,0,1,PLDD-UP,2,Potato Early blight | Potato Late blight,1,4,0,0,1,0,0
near_dab788e16f39a872514a,LOW_SAME_TARGET_SAME_SOURCE,2,2,0,1,Seasonal Corn Leaf Disease Dataset,1,Corn healthy,1,0,1,0,0,0,0
near_dac37825a750e7b938ac,LOW_SAME_TARGET_SAME_SOURCE,2,2,0,1,PLDD-UP,1,Potato healthy,1,0,1,0,0,0,0
near_dadc804a0361cde3e95a,LOW_SAME_TARGET_SAME_SOURCE,2,2,0,1,PLDD-UP,1,Potato healthy,1,0,1,0,0,0,0
near_db1ecaf3c324582a5348,LOW_SAME_TARGET_SAME_SOURCE,2,2,0,1,PLDD-UP,1,Potato Early blight,1,2,1,0,0,0,0
near_db21c649724e4e44f58b,LOW_SAME_TARGET_SAME_SOURCE,2,2,0,1,PlantDoc,1,Tomato Early blight,1,1,1,0,0,0,0
near_db2d7c4cbfcf95b5b830,LOW_SAME_TARGET_SAME_SOURCE,2,2,0,1,PLDD-UP,1,Potato healthy,1,0,1,0,0,0,0
near_db65d77cd884aa3fd817,LOW_SAME_TARGET_SAME_SOURCE,2,2,0,1,Seasonal Corn Leaf Disease Dataset,1,Corn healthy,1,1,1,0,0,0,0
near_db8031ba54673a3f7cdc,LOW_SAME_TARGET_SAME_SOURCE,2,2,0,1,PlantDoc,1,Tomato Early blight,1,3,1,0,0,0,0
near_dbaca8c2601c5a5460e1,DIFFERENT_TARGET,3,3,0,1,PLDD-UP,2,Potato Early blight | Potato healthy,3,0,1,0,2,0,0
near_dbb3e06de850aab18446,LOW_SAME_TARGET_SAME_SOURCE,2,2,0,1,PLDD-UP,1,Potato healthy,1,0,1,0,0,0,0
near_dbe5457bbab934542c8a,LOW_SAME_TARGET_SAME_SOURCE,4,4,0,1,PLDD-UP,1,Potato healthy,6,0,6,0,0,0,0
near_dbf2b764df8e768451de,LOW_SAME_TARGET_SAME_SOURCE,2,2,0,1,PLDD-UP,1,Potato Late blight,1,2,1,0,0,0,0
near_dc3299a28f634588b1e9,LOW_SAME_TARGET_SAME_SOURCE,2,2,0,1,PLDD-UP,1,Potato healthy,1,0,1,0,0,0,0
near_dc33a05d93efb62629a7,LOW_SAME_TARGET_SAME_SOURCE,2,2,0,1,Seasonal Corn Leaf Disease Dataset,1,Corn healthy,1,0,1,0,0,0,0
near_dc40e21fc9004b22feae,LOW_SAME_TARGET_SAME_SOURCE,2,2,0,1,PLDD-UP,1,Potato Late blight,1,1,1,0,0,0,0
near_dc468dcfe2c974374738,LOW_SAME_TARGET_SAME_SOURCE,2,2,0,1,PLDD-UP,1,Potato healthy,1,0,1,0,0,0,0
near_dc5991d9632031f5b8eb,LOW_SAME_TARGET_SAME_SOURCE,3,3,0,1,PLDD-UP,1,Potato Late blight,3,0,3,0,0,0,0
near_dc5de4dc5a0e461baf05,LOW_SAME_TARGET_SAME_SOURCE,2,2,0,1,PLDD-UP,1,Potato healthy,1,0,1,0,0,0,0
near_dc6c7290b5d36e3ba566,LOW_SAME_TARGET_SAME_SOURCE,2,2,0,1,PLDD-UP,1,Potato healthy,1,0,1,0,0,0,0
near_dc6d33c7cb54f893bab5,LOW_SAME_TARGET_SAME_SOURCE,2,2,0,1,PLDD-UP,1,Potato healthy,1,0,1,0,0,0,0
near_dc789a831827a080f58e,LOW_SAME_TARGET_SAME_SOURCE,2,2,0,1,Seasonal Corn Leaf Disease Dataset,1,Corn healthy,1,0,1,0,0,0,0
near_dc8a01e24838a5f3bcb6,LOW_SAME_TARGET_SAME_SOURCE,2,2,0,1,Seasonal Corn Leaf Disease Dataset,1,Corn healthy,1,0,1,0,0,0,0
near_dca99a63a023aeb88d27,LOW_SAME_TARGET_SAME_SOURCE,2,2,0,1,PLDD-UP,1,Potato healthy,1,0,1,0,0,0,0
near_dcbe7b3ef086fb52c204,LOW_SAME_TARGET_SAME_SOURCE,2,2,0,1,PLDD-UP,1,Potato healthy,1,0,1,0,0,0,0
near_dd02a4150021c396ddf4,LOW_SAME_TARGET_SAME_SOURCE,2,2,0,1,PLDD-UP,1,Potato Early blight,1,3,1,0,0,0,0
near_dd1ef4bf93d5f3dae975,LOW_SAME_TARGET_SAME_SOURCE,2,2,0,1,PLDD-UP,1,Potato Early blight,1,2,1,0,0,0,0
near_dd23e3109d5c91af5f9c,LOW_SAME_TARGET_SAME_SOURCE,2,2,0,1,PLDD-UP,1,Potato healthy,1,0,1,0,0,0,0
near_dd8471a591a6c549f50c,LOW_SAME_TARGET_SAME_SOURCE,3,3,0,1,PLDD-UP,1,Potato Early blight,2,2,2,0,0,0,0
near_dd913d835f041cbf6cd4,LOW_SAME_TARGET_SAME_SOURCE,2,2,0,1,PLDD-UP,1,Potato healthy,1,1,1,0,0,0,0
near_dd99c6f2d0d33f755ff7,DIFFERENT_TARGET,2,2,0,1,PLDD-UP,2,Potato Early blight | Potato Late blight,1,3,0,0,1,0,0
near_dd9b29c06fa274f89849,LOW_SAME_TARGET_SAME_SOURCE,2,2,0,1,PLDD-UP,1,Potato healthy,1,0,1,0,0,0,0
near_ddd85f318afe43554e93,LOW_SAME_TARGET_SAME_SOURCE,2,2,0,1,PLDD-UP,1,Potato healthy,1,0,1,0,0,0,0
near_dddabbf5d1feb0af8868,LOW_SAME_TARGET_SAME_SOURCE,2,2,0,1,PLDD-UP,1,Potato healthy,1,0,1,0,0,0,0
near_de388a7328032bdd14c3,LOW_SAME_TARGET_SAME_SOURCE,2,2,0,1,PLDD-UP,1,Potato healthy,1,0,1,0,0,0,0
near_de5dd843f3f7cf91f6b2,LOW_SAME_TARGET_SAME_SOURCE,2,2,0,1,Seasonal Corn Leaf Disease Dataset,1,Corn healthy,1,0,1,0,0,0,0
near_de85791baf91df69cce6,LOW_SAME_TARGET_SAME_SOURCE,2,2,0,1,PLDD-UP,1,Potato healthy,1,1,1,0,0,0,0
near_decaf119a0476c3bf5bb,LOW_SAME_TARGET_SAME_SOURCE,3,3,0,1,PLDD-UP,1,Potato healthy,3,0,3,0,0,0,0
near_deed2670981c1a72ed6f,LOW_SAME_TARGET_SAME_SOURCE,2,2,0,1,PLDD-UP,1,Potato healthy,1,0,1,0,0,0,0
near_df1eab07d1f17df4eab5,LOW_SAME_TARGET_SAME_SOURCE,2,2,0,1,PLDD-UP,1,Potato Early blight,1,3,1,0,0,0,0
near_df3212d5a3229974abb8,LOW_SAME_TARGET_SAME_SOURCE,3,3,0,1,PLDD-UP,1,Potato Early blight,3,1,3,0,0,0,0
near_df36876e619c11e123ba,LOW_SAME_TARGET_SAME_SOURCE,2,2,0,1,Seasonal Corn Leaf Disease Dataset,1,Corn healthy,1,0,1,0,0,0,0
near_df5c7b78f19b42f492b7,LOW_SAME_TARGET_SAME_SOURCE,2,2,0,1,Seasonal Corn Leaf Disease Dataset,1,Corn healthy,1,1,1,0,0,0,0
near_df84f78156cc01019a6c,LOW_SAME_TARGET_SAME_SOURCE,2,2,0,1,PlantDoc,1,Potato Late blight,1,0,1,0,0,0,0
near_df885153522b5ab06958,LOW_SAME_TARGET_SAME_SOURCE,2,2,0,1,PLDD-UP,1,Potato Late blight,1,4,1,0,0,0,0
near_df9a5d62ce5eccee7801,LOW_SAME_TARGET_SAME_SOURCE,2,2,0,1,PLDD-UP,1,Potato healthy,1,0,1,0,0,0,0
near_e000739b805385f13981,LOW_SAME_TARGET_SAME_SOURCE,2,2,0,1,PLDD-UP,1,Potato healthy,1,0,1,0,0,0,0
near_e0207b867355912334ec,LOW_SAME_TARGET_SAME_SOURCE,2,2,0,1,PLDD-UP,1,Potato healthy,1,1,1,0,0,0,0
near_e04d7e3597ec1823d6a3,LOW_SAME_TARGET_SAME_SOURCE,2,2,0,1,Seasonal Corn Leaf Disease Dataset,1,Corn healthy,1,0,1,0,0,0,0
near_e0578f0486d83757d285,LOW_SAME_TARGET_SAME_SOURCE,2,2,0,1,PLDD-UP,1,Potato healthy,1,0,1,0,0,0,0
near_e06e01c528a9d1f1083c,LOW_SAME_TARGET_SAME_SOURCE,2,2,0,1,Seasonal Corn Leaf Disease Dataset,1,Corn Common rust,1,0,1,0,0,0,0
near_e0780ab7f316c6374f4e,LOW_SAME_TARGET_SAME_SOURCE,2,2,0,1,PLDD-UP,1,Potato healthy,1,1,1,0,0,0,0
near_e07dd8752fff1b223823,LOW_SAME_TARGET_SAME_SOURCE,2,2,0,1,PLDD-UP,1,Potato healthy,1,0,1,0,0,0,0
near_e083838a718f87d32390,LOW_SAME_TARGET_SAME_SOURCE,2,2,0,1,PLDD-UP,1,Potato Late blight,1,4,1,0,0,0,0
near_e09f9d75fddffafa2970,LOW_SAME_TARGET_SAME_SOURCE,2,2,0,1,PlantDoc,0,,1,0,0,0,0,0,1
near_e0c029202eadc4a476dc,LOW_SAME_TARGET_SAME_SOURCE,2,2,0,1,PLDD-UP,1,Potato healthy,1,0,1,0,0,0,0
near_e0d01fe97a45d0c893a6,LOW_SAME_TARGET_SAME_SOURCE,2,2,0,1,PLDD-UP,1,Potato healthy,1,1,1,0,0,0,0
near_e0ea5735600ec540f075,LOW_SAME_TARGET_SAME_SOURCE,2,2,0,1,PLDD-UP,1,Potato healthy,1,0,1,0,0,0,0
near_e0f0ae726f05d0c7d0eb,LOW_SAME_TARGET_SAME_SOURCE,3,3,0,1,PLDD-UP,1,Potato Late blight,2,1,2,0,0,0,0
near_e1856a341e0dc9be5170,LOW_SAME_TARGET_SAME_SOURCE,2,2,0,1,PLDD-UP,1,Potato healthy,1,1,1,0,0,0,0
near_e1b7ccf1b59d0cc96d06,LOW_SAME_TARGET_SAME_SOURCE,4,4,0,1,PLDD-UP,1,Potato healthy,6,0,6,0,0,0,0
near_e1c443bbdd92dc284eb8,LOW_SAME_TARGET_SAME_SOURCE,2,2,0,1,PLDD-UP,1,Potato healthy,1,0,1,0,0,0,0
near_e1dc3e9d74b78a134f18,LOW_SAME_TARGET_SAME_SOURCE,2,2,0,1,PLDD-UP,1,Potato Early blight,1,3,1,0,0,0,0
near_e1e06f9af455d4f0f5f7,LOW_SAME_TARGET_SAME_SOURCE,2,2,0,1,PLDD-UP,1,Potato healthy,1,0,1,0,0,0,0
near_e1e5466e6ff4b56529ee,LOW_SAME_TARGET_SAME_SOURCE,2,2,0,1,PLDD-UP,1,Potato Early blight,1,2,1,0,0,0,0
near_e1eeef864ee6d7dbaf67,LOW_SAME_TARGET_SAME_SOURCE,4,4,0,1,PLDD-UP,1,Potato healthy,6,0,6,0,0,0,0
near_e1ef5a5b3332f50e5305,LOW_SAME_TARGET_SAME_SOURCE,2,2,0,1,PLDD-UP,1,Potato healthy,1,0,1,0,0,0,0
near_e25f3e6f0b5286cb23a8,LOW_SAME_TARGET_SAME_SOURCE,2,2,0,1,PLDD-UP,1,Potato healthy,1,0,1,0,0,0,0
near_e27cbf85184cae6d2276,LOW_SAME_TARGET_SAME_SOURCE,2,2,0,1,PLDD-UP,1,Potato healthy,1,2,1,0,0,0,0
near_e2902bb239968d5d7bb1,LOW_SAME_TARGET_SAME_SOURCE,3,3,0,1,PLDD-UP,1,Potato Early blight,2,1,2,0,0,0,0
near_e2af89c3a60d2b585775,LOW_SAME_TARGET_SAME_SOURCE,2,2,0,1,PLDD-UP,1,Potato healthy,1,0,1,0,0,0,0
near_e2b4a84f886698c326c9,LOW_SAME_TARGET_SAME_SOURCE,2,2,0,1,Seasonal Corn Leaf Disease Dataset,1,Corn healthy,1,0,1,0,0,0,0
near_e2d18654ec74181c3afa,LOW_SAME_TARGET_SAME_SOURCE,2,2,0,1,PLDD-UP,1,Potato healthy,1,0,1,0,0,0,0
near_e2f7d6e36cd945c57c05,LOW_SAME_TARGET_SAME_SOURCE,2,2,0,1,Seasonal Corn Leaf Disease Dataset,1,Corn healthy,1,1,1,0,0,0,0
near_e2f853d19541bf40d5fd,LOW_SAME_TARGET_SAME_SOURCE,2,2,0,1,PLDD-UP,1,Potato Late blight,1,0,1,0,0,0,0
near_e330f3ba85361aad6b98,LOW_SAME_TARGET_SAME_SOURCE,2,2,0,1,PLDD-UP,1,Potato healthy,1,0,1,0,0,0,0
near_e399f7a5f5f48e8e1044,LOW_SAME_TARGET_SAME_SOURCE,2,2,0,1,PLDD-UP,1,Potato healthy,1,1,1,0,0,0,0
near_e3ada3270173099b3fd6,LOW_SAME_TARGET_SAME_SOURCE,2,2,0,1,PLDD-UP,1,Potato healthy,1,1,1,0,0,0,0
near_e3bbf788124af852e8f2,LOW_SAME_TARGET_SAME_SOURCE,2,2,0,1,PLDD-UP,1,Potato healthy,1,2,1,0,0,0,0
near_e3c864ca17f4c484bbcb,LOW_SAME_TARGET_SAME_SOURCE,2,2,0,1,Seasonal Corn Leaf Disease Dataset,1,Corn healthy,1,1,1,0,0,0,0
near_e3f3f14302d5011f3ec7,LOW_SAME_TARGET_SAME_SOURCE,2,2,0,1,PLDD-UP,1,Potato Early blight,1,2,1,0,0,0,0
near_e3ff47ad331715b2edf2,LOW_SAME_TARGET_SAME_SOURCE,2,2,0,1,PLDD-UP,1,Potato healthy,1,0,1,0,0,0,0
near_e43c264e013daa66fa08,LOW_SAME_TARGET_SAME_SOURCE,2,2,0,1,PLDD-UP,1,Potato healthy,1,0,1,0,0,0,0
near_e47686b543d84fc833ae,LOW_SAME_TARGET_SAME_SOURCE,2,2,0,1,PLDD-UP,1,Potato healthy,1,0,1,0,0,0,0
near_e49be520a45b8fa4f9fd,LOW_SAME_TARGET_SAME_SOURCE,2,2,0,1,PLDD-UP,1,Potato healthy,1,0,1,0,0,0,0
near_e4d2789ef036afd941d2,LOW_SAME_TARGET_SAME_SOURCE,2,2,0,1,Seasonal Corn Leaf Disease Dataset,1,Corn Cercospora leaf spot,1,0,1,0,0,0,0
near_e501d59d95244a953149,LOW_SAME_TARGET_SAME_SOURCE,2,2,0,1,Seasonal Corn Leaf Disease Dataset,1,Corn healthy,1,1,1,0,0,0,0
near_e50a87893d05e8e209f9,LOW_SAME_TARGET_SAME_SOURCE,3,3,0,1,PLDD-UP,1,Potato Early blight,2,3,2,0,0,0,0
near_e525c6f82536e37ba09d,LOW_SAME_TARGET_SAME_SOURCE,2,2,0,1,PLDD-UP,1,Potato healthy,1,1,1,0,0,0,0
near_e5386b12e990a5c8c4b7,DIFFERENT_TARGET,3,3,0,1,PLDD-UP,2,Potato Early blight | Potato healthy,3,0,1,0,2,0,0
near_e5423eb8bc0af1994179,LOW_SAME_TARGET_SAME_SOURCE,2,2,0,1,PLDD-UP,1,Potato Late blight,1,4,1,0,0,0,0
near_e55da19de528a55fe965,LOW_SAME_TARGET_SAME_SOURCE,2,2,0,1,PLDD-UP,1,Potato healthy,1,0,1,0,0,0,0
near_e565765d05da9a5d9e2d,LOW_SAME_TARGET_SAME_SOURCE,2,2,0,1,PLDD-UP,1,Potato healthy,1,0,1,0,0,0,0
near_e575c6ca7fe7e7167407,LOW_SAME_TARGET_SAME_SOURCE,2,2,0,1,PLDD-UP,1,Potato healthy,1,0,1,0,0,0,0
near_e5b06f8f0661947dc455,LOW_SAME_TARGET_SAME_SOURCE,2,2,0,1,Seasonal Corn Leaf Disease Dataset,1,Corn Cercospora leaf spot,1,0,1,0,0,0,0
near_e614dd14e42e4f4b34e5,LOW_SAME_TARGET_SAME_SOURCE,2,2,0,1,PLDD-UP,1,Potato healthy,1,0,1,0,0,0,0
near_e621e4b290d5647379db,LOW_SAME_TARGET_SAME_SOURCE,3,3,0,1,PLDD-UP,1,Potato Early blight,2,3,2,0,0,0,0
near_e62ac8813936939d40c3,DIFFERENT_TARGET,2,2,0,1,PlantDoc,2,Tomato Early blight | Tomato Septoria leaf spot,1,0,0,0,1,0,0
near_e63e6acd5df1f8fecf4d,LOW_SAME_TARGET_SAME_SOURCE,2,2,0,1,PLDD-UP,1,Potato healthy,1,0,1,0,0,0,0
near_e658a919d95011636889,LOW_SAME_TARGET_SAME_SOURCE,2,2,0,1,PLDD-UP,1,Potato Late blight,1,2,1,0,0,0,0
near_e68cbcb013c609d87c04,LOW_SAME_TARGET_SAME_SOURCE,2,2,0,1,PLDD-UP,1,Potato Early blight,1,1,1,0,0,0,0
near_e695e3ec0229e8f2c2eb,LOW_SAME_TARGET_SAME_SOURCE,2,2,0,1,PLDD-UP,1,Potato healthy,1,4,1,0,0,0,0
near_e6beffa7b3a366af809a,LOW_SAME_TARGET_SAME_SOURCE,2,2,0,1,Seasonal Corn Leaf Disease Dataset,1,Corn healthy,1,0,1,0,0,0,0
near_e6bf12368ee758773f3e,LOW_SAME_TARGET_SAME_SOURCE,2,2,0,1,PLDD-UP,1,Potato healthy,1,0,1,0,0,0,0
near_e72f930c58a00e724694,LOW_SAME_TARGET_SAME_SOURCE,2,2,0,1,PLDD-UP,1,Potato healthy,1,0,1,0,0,0,0
near_e730f139e72c070ed474,LOW_SAME_TARGET_SAME_SOURCE,2,2,0,1,PLDD-UP,1,Potato healthy,1,0,1,0,0,0,0
near_e77de8df8c8ce0aa71b5,LOW_SAME_TARGET_SAME_SOURCE,2,2,0,1,Seasonal Corn Leaf Disease Dataset,1,Corn healthy,1,1,1,0,0,0,0
near_e79e8fe542844120ea23,LOW_SAME_TARGET_SAME_SOURCE,4,4,0,1,PLDD-UP,1,Potato healthy,4,0,4,0,0,0,0
near_e7ae3ef08e215578d1e9,LOW_SAME_TARGET_SAME_SOURCE,2,2,0,1,PLDD-UP,1,Potato healthy,1,0,1,0,0,0,0
near_e7ba7e574b53220ca7b7,LOW_SAME_TARGET_SAME_SOURCE,2,2,0,1,PLDD-UP,1,Potato healthy,1,0,1,0,0,0,0
near_e7bace005b3f68c7db39,LOW_SAME_TARGET_SAME_SOURCE,2,2,0,1,PLDD-UP,1,Potato healthy,1,0,1,0,0,0,0
near_e7ef7586d3fb40a49f5f,LOW_SAME_TARGET_SAME_SOURCE,2,2,0,1,PLDD-UP,1,Potato healthy,1,0,1,0,0,0,0
near_e7f75a09b77208c79562,DIFFERENT_TARGET,3,3,0,1,Seasonal Corn Leaf Disease Dataset,2,Corn Cercospora leaf spot | Corn healthy,3,0,1,0,2,0,0
near_e87feb6b825e173d60ed,LOW_SAME_TARGET_SAME_SOURCE,2,2,0,1,Seasonal Corn Leaf Disease Dataset,1,Corn healthy,1,1,1,0,0,0,0
near_e8b6fbaf885f323b9331,LOW_SAME_TARGET_SAME_SOURCE,2,2,0,1,PLDD-UP,1,Potato healthy,1,0,1,0,0,0,0
near_e8bf29d8ad95c8059705,LOW_SAME_TARGET_SAME_SOURCE,4,4,0,1,PLDD-UP,1,Potato Late blight,6,0,6,0,0,0,0
near_e8d244e2e80da8ac89ae,LOW_SAME_TARGET_SAME_SOURCE,2,2,0,1,PLDD-UP,1,Potato healthy,1,0,1,0,0,0,0
near_e8d29cb77e3ef54fcf9f,LOW_SAME_TARGET_SAME_SOURCE,2,2,0,1,PLDD-UP,1,Potato Late blight,1,1,1,0,0,0,0
near_e8e45415d6c8fdd8b88e,LOW_SAME_TARGET_SAME_SOURCE,2,2,0,1,PLDD-UP,1,Potato healthy,1,0,1,0,0,0,0
near_e8e8816a733d6779e335,LOW_SAME_TARGET_SAME_SOURCE,2,2,0,1,PLDD-UP,1,Potato healthy,1,0,1,0,0,0,0
near_e9263b501b8ed5daf2a7,LOW_SAME_TARGET_SAME_SOURCE,2,2,0,1,PLDD-UP,1,Potato Late blight,1,3,1,0,0,0,0
near_e9277894807d74542202,LOW_SAME_TARGET_SAME_SOURCE,2,2,0,1,PLDD-UP,1,Potato Late blight,1,3,1,0,0,0,0
near_e929276130ecbf543f2d,LOW_SAME_TARGET_SAME_SOURCE,3,3,0,1,PLDD-UP,1,Potato Late blight,3,0,3,0,0,0,0
near_e93b1e6cbce54b022681,LOW_SAME_TARGET_SAME_SOURCE,2,2,0,1,Seasonal Corn Leaf Disease Dataset,1,Corn healthy,1,0,1,0,0,0,0
near_e9473052b05e7ca71bad,LOW_SAME_TARGET_SAME_SOURCE,2,2,0,1,PLDD-UP,1,Potato healthy,1,0,1,0,0,0,0
near_e95573094e0ae7873f60,LOW_SAME_TARGET_SAME_SOURCE,2,2,0,1,PLDD-UP,1,Potato Early blight,1,4,1,0,0,0,0
near_e95eff6f5e0d48737e74,LOW_SAME_TARGET_SAME_SOURCE,3,3,0,1,PLDD-UP,1,Potato Late blight,3,0,3,0,0,0,0
near_e9718a8c6cc7740faf1f,LOW_SAME_TARGET_SAME_SOURCE,2,2,0,1,PLDD-UP,1,Potato healthy,1,0,1,0,0,0,0
near_e98507b1cc91483f2e55,LOW_SAME_TARGET_SAME_SOURCE,2,2,0,1,PLDD-UP,1,Potato Early blight,1,3,1,0,0,0,0
near_e9c34ba458cb9368aca9,LOW_SAME_TARGET_SAME_SOURCE,2,2,0,1,PLDD-UP,1,Potato healthy,1,0,1,0,0,0,0
near_ea18ef8ac72350f50f10,LOW_SAME_TARGET_SAME_SOURCE,5,5,0,1,PLDD-UP,1,Potato Late blight,6,0,6,0,0,0,0
near_ea21d107fac4522f4501,LOW_SAME_TARGET_SAME_SOURCE,2,2,0,1,PLDD-UP,1,Potato healthy,1,0,1,0,0,0,0
near_ea22a8dfe943714240a7,LOW_SAME_TARGET_SAME_SOURCE,2,2,0,1,PlantDoc,1,Apple Apple scab,1,0,1,0,0,0,0
near_ea5293c90c911c9082f3,LOW_SAME_TARGET_SAME_SOURCE,4,4,0,1,PLDD-UP,1,Potato Late blight,4,1,4,0,0,0,0
near_ea628303df2971e2550d,LOW_SAME_TARGET_SAME_SOURCE,2,2,0,1,PLDD-UP,1,Potato Late blight,1,4,1,0,0,0,0
near_eab3fb9ce274bad9a0d6,LOW_SAME_TARGET_SAME_SOURCE,2,2,0,1,PLDD-UP,1,Potato healthy,1,0,1,0,0,0,0
near_eac3585273af0068bb66,LOW_SAME_TARGET_SAME_SOURCE,2,2,0,1,PLDD-UP,1,Potato healthy,1,0,1,0,0,0,0
near_eaf190be805ff1526bd2,LOW_SAME_TARGET_SAME_SOURCE,2,2,0,1,PLDD-UP,1,Potato healthy,1,0,1,0,0,0,0
near_eaf564683fa8ddba4c9b,LOW_SAME_TARGET_SAME_SOURCE,2,2,0,1,PLDD-UP,1,Potato healthy,1,0,1,0,0,0,0
near_eafe927ea5f74080f88e,LOW_SAME_TARGET_SAME_SOURCE,2,2,0,1,PLDD-UP,1,Potato healthy,1,3,1,0,0,0,0
near_eb1b198345c321d8cd6e,LOW_SAME_TARGET_SAME_SOURCE,2,2,0,1,Seasonal Corn Leaf Disease Dataset,1,Corn healthy,1,1,1,0,0,0,0
near_eb5b5f57bc6fac9c2809,LOW_SAME_TARGET_SAME_SOURCE,2,2,0,1,PLDD-UP,1,Potato healthy,1,0,1,0,0,0,0
near_eb610ed96d539f59fb30,LOW_SAME_TARGET_SAME_SOURCE,2,2,0,1,PLDD-UP,1,Potato Late blight,1,3,1,0,0,0,0
near_eb6aea30de5615151c76,DIFFERENT_TARGET,4,4,0,1,Seasonal Corn Leaf Disease Dataset,2,Corn Cercospora leaf spot | Corn healthy,6,0,2,0,4,0,0
near_eb86b103b5efb1ebbdf0,LOW_SAME_TARGET_SAME_SOURCE,2,2,0,1,PLDD-UP,1,Potato healthy,1,0,1,0,0,0,0
near_ebd2c16c405dd2e69ab2,LOW_SAME_TARGET_SAME_SOURCE,2,2,0,1,PLDD-UP,1,Potato healthy,1,0,1,0,0,0,0
near_ebd4ad6b712241365ef9,LOW_SAME_TARGET_SAME_SOURCE,2,2,0,1,Seasonal Corn Leaf Disease Dataset,1,Corn healthy,1,0,1,0,0,0,0
near_ebd5ddb71084e47c1162,LOW_SAME_TARGET_SAME_SOURCE,2,2,0,1,PLDD-UP,1,Potato healthy,1,0,1,0,0,0,0
near_ebd7f7f9465b73556555,LOW_SAME_TARGET_SAME_SOURCE,2,2,0,1,PLDD-UP,1,Potato healthy,1,0,1,0,0,0,0
near_ebf277d1299a2fc3a8fd,LOW_SAME_TARGET_SAME_SOURCE,5,5,0,1,PLDD-UP,1,Potato Early blight,8,0,8,0,0,0,0
near_ec119c7c5dbc0ffb05ff,LOW_SAME_TARGET_SAME_SOURCE,2,2,0,1,Seasonal Corn Leaf Disease Dataset,1,Corn healthy,1,0,1,0,0,0,0
near_ec538c251b7908f1291f,LOW_SAME_TARGET_SAME_SOURCE,2,2,0,1,PLDD-UP,1,Potato healthy,1,0,1,0,0,0,0
near_ec7e090f279a37957919,LOW_SAME_TARGET_SAME_SOURCE,2,2,0,1,PLDD-UP,1,Potato healthy,1,0,1,0,0,0,0
near_ecbd22a424fe2edbab19,LOW_SAME_TARGET_SAME_SOURCE,2,2,0,1,PLDD-UP,1,Potato healthy,1,0,1,0,0,0,0
near_ecc120b1756193d29350,LOW_SAME_TARGET_SAME_SOURCE,2,2,0,1,PLDD-UP,1,Potato healthy,1,4,1,0,0,0,0
near_ed07088ff3e686e944c0,LOW_SAME_TARGET_SAME_SOURCE,2,2,0,1,PLDD-UP,1,Potato healthy,1,0,1,0,0,0,0
near_ed12cbc4874c20ddb69d,LOW_SAME_TARGET_SAME_SOURCE,2,2,0,1,Seasonal Corn Leaf Disease Dataset,1,Corn healthy,1,1,1,0,0,0,0
near_ed16c23f92c0ded19c31,LOW_SAME_TARGET_SAME_SOURCE,2,2,0,1,Seasonal Corn Leaf Disease Dataset,1,Corn healthy,1,2,1,0,0,0,0
near_ed4d4007f3571aff52ff,LOW_SAME_TARGET_SAME_SOURCE,2,2,0,1,PLDD-UP,1,Potato healthy,1,0,1,0,0,0,0
near_ed5d3785ae176f232bca,LOW_SAME_TARGET_SAME_SOURCE,2,2,0,1,Seasonal Corn Leaf Disease Dataset,1,Corn healthy,1,0,1,0,0,0,0
near_ed7bac4e088d31636722,LOW_SAME_TARGET_SAME_SOURCE,2,2,0,1,PLDD-UP,1,Potato healthy,1,0,1,0,0,0,0
near_ed8209866231d7f83adf,LOW_SAME_TARGET_SAME_SOURCE,2,2,0,1,PLDD-UP,1,Potato Early blight,1,4,1,0,0,0,0
near_ed87762df2486470bf4c,LOW_SAME_TARGET_SAME_SOURCE,2,2,0,1,PLDD-UP,1,Potato healthy,1,0,1,0,0,0,0
near_ed9e0c858bb340527b07,LOW_SAME_TARGET_SAME_SOURCE,2,2,0,1,PLDD-UP,1,Potato healthy,1,0,1,0,0,0,0
near_eda89ba14cd9a5fa9ac1,LOW_SAME_TARGET_SAME_SOURCE,2,2,0,1,PLDD-UP,1,Potato healthy,1,0,1,0,0,0,0
near_edf3d29f7b0e027d5046,LOW_SAME_TARGET_SAME_SOURCE,2,2,0,1,PLDD-UP,1,Potato healthy,1,0,1,0,0,0,0
near_ee134333e3619cf2bbff,LOW_SAME_TARGET_SAME_SOURCE,2,2,0,1,PLDD-UP,1,Potato healthy,1,0,1,0,0,0,0
near_ee33d1827fec281e1f3b,LOW_SAME_TARGET_SAME_SOURCE,2,2,0,1,PLDD-UP,1,Potato healthy,1,0,1,0,0,0,0
near_ee38c17b66893025d524,LOW_SAME_TARGET_SAME_SOURCE,3,3,0,1,PLDD-UP,1,Potato healthy,3,0,3,0,0,0,0
near_ee6ca1cf04e18b2b679e,LOW_SAME_TARGET_SAME_SOURCE,2,2,0,1,PLDD-UP,1,Potato healthy,1,0,1,0,0,0,0
near_eeecb63f2ae56ebdf548,LOW_SAME_TARGET_SAME_SOURCE,2,2,0,1,PLDD-UP,1,Potato healthy,1,0,1,0,0,0,0
near_ef3fec369fa2080288fc,LOW_SAME_TARGET_SAME_SOURCE,2,2,0,1,PLDD-UP,1,Potato healthy,1,1,1,0,0,0,0
near_ef5cb072cd1470645e15,LOW_SAME_TARGET_SAME_SOURCE,2,2,0,1,Seasonal Corn Leaf Disease Dataset,1,Corn healthy,1,0,1,0,0,0,0
near_ef6efcc8630ffc600095,LOW_SAME_TARGET_SAME_SOURCE,2,2,0,1,PLDD-UP,1,Potato healthy,1,0,1,0,0,0,0
near_ef7c8511727e2998ec4f,LOW_SAME_TARGET_SAME_SOURCE,2,2,0,1,PLDD-UP,1,Potato healthy,1,0,1,0,0,0,0
near_ef7f02bf216235b14934,LOW_SAME_TARGET_SAME_SOURCE,2,0,2,1,PlantDoc,0,,1,4,0,0,0,0,1
near_efd1482ecd089784fa4b,LOW_SAME_TARGET_SAME_SOURCE,3,3,0,1,PLDD-UP,1,Potato healthy,3,0,3,0,0,0,0
near_efe270363fcb61356eaf,LOW_SAME_TARGET_SAME_SOURCE,2,2,0,1,Seasonal Corn Leaf Disease Dataset,1,Corn healthy,1,0,1,0,0,0,0
near_efe2f94888792a80941b,LOW_SAME_TARGET_SAME_SOURCE,2,2,0,1,PLDD-UP,1,Potato healthy,1,0,1,0,0,0,0
near_efeda34f551786537f20,LOW_SAME_TARGET_SAME_SOURCE,2,2,0,1,Seasonal Corn Leaf Disease Dataset,1,Corn healthy,1,0,1,0,0,0,0
near_eff88268c672c977dc38,LOW_SAME_TARGET_SAME_SOURCE,2,2,0,1,PLDD-UP,1,Potato healthy,1,0,1,0,0,0,0
near_f010339ee1a212867dcd,LOW_SAME_TARGET_SAME_SOURCE,2,2,0,1,PLDD-UP,1,Potato healthy,1,0,1,0,0,0,0
near_f01f9cf0fb375354f8b8,LOW_SAME_TARGET_SAME_SOURCE,2,2,0,1,PLDD-UP,1,Potato healthy,1,0,1,0,0,0,0
near_f02612d91828bfbf7a3e,LOW_SAME_TARGET_SAME_SOURCE,2,2,0,1,PLDD-UP,1,Potato healthy,1,0,1,0,0,0,0
near_f0389ec55d158a3eb098,LOW_SAME_TARGET_SAME_SOURCE,2,2,0,1,PLDD-UP,1,Potato Late blight,1,3,1,0,0,0,0
near_f048d1d99158fd900f58,DIFFERENT_TARGET,3,3,0,1,PLDD-UP,2,Potato Early blight | Potato Late blight,3,3,1,0,2,0,0
near_f077d7e9fa0e3fe8b0a1,LOW_SAME_TARGET_SAME_SOURCE,2,2,0,1,Seasonal Corn Leaf Disease Dataset,1,Corn healthy,1,1,1,0,0,0,0
near_f08440e431447ddb8af2,LOW_SAME_TARGET_SAME_SOURCE,2,2,0,1,PLDD-UP,1,Potato healthy,1,0,1,0,0,0,0
near_f0ae92fdde7932c721cf,LOW_SAME_TARGET_SAME_SOURCE,2,2,0,1,PLDD-UP,1,Potato healthy,1,0,1,0,0,0,0
near_f0b9140bf7951f3b2949,LOW_SAME_TARGET_SAME_SOURCE,2,2,0,1,PLDD-UP,1,Potato healthy,1,0,1,0,0,0,0
near_f0e651ca3aee80c5e22d,LOW_SAME_TARGET_SAME_SOURCE,3,3,0,1,PLDD-UP,1,Potato Early blight,3,3,3,0,0,0,0
near_f120557cd84487351fa1,LOW_SAME_TARGET_SAME_SOURCE,2,2,0,1,Seasonal Corn Leaf Disease Dataset,1,Corn healthy,1,0,1,0,0,0,0
near_f13ae78b1e66ac7949c6,LOW_SAME_TARGET_SAME_SOURCE,2,2,0,1,PLDD-UP,1,Potato Early blight,1,4,1,0,0,0,0
near_f15de4f3182ea31d846b,LOW_SAME_TARGET_SAME_SOURCE,3,3,0,1,PLDD-UP,1,Potato Late blight,2,3,2,0,0,0,0
near_f174b2c5c82bd1ffbd75,LOW_SAME_TARGET_SAME_SOURCE,2,2,0,1,PLDD-UP,1,Potato healthy,1,2,1,0,0,0,0
near_f179fcc7b8582e732838,LOW_SAME_TARGET_SAME_SOURCE,2,2,0,1,PLDD-UP,1,Potato healthy,1,2,1,0,0,0,0
near_f17f18b6660b0253022f,LOW_SAME_TARGET_SAME_SOURCE,2,2,0,1,Seasonal Corn Leaf Disease Dataset,1,Corn healthy,1,0,1,0,0,0,0
near_f22af8db6910161c602a,LOW_SAME_TARGET_SAME_SOURCE,2,2,0,1,PLDD-UP,1,Potato healthy,1,0,1,0,0,0,0
near_f23ee4e6601c14c3ba60,LOW_SAME_TARGET_SAME_SOURCE,2,2,0,1,PLDD-UP,1,Potato healthy,1,0,1,0,0,0,0
near_f25d4521a45c3b4bd26f,LOW_SAME_TARGET_SAME_SOURCE,2,2,0,1,PLDD-UP,1,Potato Late blight,1,4,1,0,0,0,0
near_f26110db06fa90c871ea,DIFFERENT_TARGET,3,3,0,1,PlantDoc,2,Potato Early blight | Tomato Early blight,3,0,1,0,2,0,0
near_f262c36fd8eb57897a29,LOW_SAME_TARGET_SAME_SOURCE,2,2,0,1,PLDD-UP,1,Potato healthy,1,0,1,0,0,0,0
near_f2a1982ee506c3f13924,LOW_SAME_TARGET_SAME_SOURCE,2,2,0,1,PLDD-UP,1,Potato healthy,1,3,1,0,0,0,0
near_f2b36878ef7024dd996a,LOW_SAME_TARGET_SAME_SOURCE,2,2,0,1,PLDD-UP,1,Potato Early blight,1,2,1,0,0,0,0
near_f2ca82f322d24b47e468,LOW_SAME_TARGET_SAME_SOURCE,2,2,0,1,PLDD-UP,1,Potato Late blight,1,2,1,0,0,0,0
near_f3047dc40f081817392b,LOW_SAME_TARGET_SAME_SOURCE,2,2,0,1,PLDD-UP,1,Potato healthy,1,0,1,0,0,0,0
near_f311ef8ddd02146fb0b2,LOW_SAME_TARGET_SAME_SOURCE,3,3,0,1,PLDD-UP,1,Potato Early blight,3,1,3,0,0,0,0
near_f34642f3d25bdad6dbcd,LOW_SAME_TARGET_SAME_SOURCE,2,2,0,1,PLDD-UP,1,Potato healthy,1,0,1,0,0,0,0
near_f38632ccd74751a9e327,LOW_SAME_TARGET_SAME_SOURCE,2,2,0,1,PLDD-UP,1,Potato healthy,1,0,1,0,0,0,0
near_f38c4c8c4ef3620145e3,LOW_SAME_TARGET_SAME_SOURCE,2,2,0,1,PLDD-UP,1,Potato Late blight,1,2,1,0,0,0,0
near_f40d3411030f4ac392bb,LOW_SAME_TARGET_SAME_SOURCE,2,2,0,1,PLDD-UP,1,Potato healthy,1,0,1,0,0,0,0
near_f40e6ac3fde71db1db4c,LOW_SAME_TARGET_SAME_SOURCE,2,2,0,1,Seasonal Corn Leaf Disease Dataset,1,Corn healthy,1,1,1,0,0,0,0
near_f432de9c9e4900359ece,LOW_SAME_TARGET_SAME_SOURCE,2,2,0,1,Seasonal Corn Leaf Disease Dataset,1,Corn healthy,1,0,1,0,0,0,0
near_f43d42a9093bb685ab20,LOW_SAME_TARGET_SAME_SOURCE,2,2,0,1,Seasonal Corn Leaf Disease Dataset,1,Corn healthy,1,2,1,0,0,0,0
near_f472a08abb0869a12c24,LOW_SAME_TARGET_SAME_SOURCE,2,2,0,1,Seasonal Corn Leaf Disease Dataset,1,Corn Cercospora leaf spot,1,0,1,0,0,0,0
near_f4762c76974cb3508c81,LOW_SAME_TARGET_SAME_SOURCE,2,2,0,1,PLDD-UP,1,Potato healthy,1,0,1,0,0,0,0
near_f4a350fa1d09a7f67ee0,LOW_SAME_TARGET_SAME_SOURCE,2,2,0,1,PLDD-UP,1,Potato healthy,1,4,1,0,0,0,0
near_f4ae6d3e0d433a3c5fc0,LOW_SAME_TARGET_SAME_SOURCE,2,2,0,1,PLDD-UP,1,Potato healthy,1,0,1,0,0,0,0
near_f4cabdafc5cae1e1ec48,LOW_SAME_TARGET_SAME_SOURCE,2,2,0,1,PLDD-UP,1,Potato healthy,1,0,1,0,0,0,0
near_f4cca81ac203e094cfe3,LOW_SAME_TARGET_SAME_SOURCE,2,2,0,1,Seasonal Corn Leaf Disease Dataset,1,Corn healthy,1,0,1,0,0,0,0
near_f50fbe62da62dc4373d5,LOW_SAME_TARGET_SAME_SOURCE,2,2,0,1,Seasonal Corn Leaf Disease Dataset,1,Corn healthy,1,1,1,0,0,0,0
near_f523c4d368ff5b22b4ae,LOW_SAME_TARGET_SAME_SOURCE,2,2,0,1,PLDD-UP,1,Potato healthy,1,0,1,0,0,0,0
near_f5265e3fd41557c1f0a6,LOW_SAME_TARGET_SAME_SOURCE,2,2,0,1,PLDD-UP,1,Potato healthy,1,0,1,0,0,0,0
near_f53a3159c583ac856636,LOW_SAME_TARGET_SAME_SOURCE,2,2,0,1,PLDD-UP,1,Potato healthy,1,0,1,0,0,0,0
near_f565c8907ee4fa833a7c,LOW_SAME_TARGET_SAME_SOURCE,2,2,0,1,Seasonal Corn Leaf Disease Dataset,1,Corn healthy,1,0,1,0,0,0,0
near_f5668ba549d180959eb6,LOW_SAME_TARGET_SAME_SOURCE,2,2,0,1,PLDD-UP,1,Potato healthy,1,0,1,0,0,0,0
near_f5833103b88a77239116,LOW_SAME_TARGET_SAME_SOURCE,2,2,0,1,PLDD-UP,1,Potato healthy,1,0,1,0,0,0,0
near_f5986a4ab7c1b38e4267,LOW_SAME_TARGET_SAME_SOURCE,2,2,0,1,PLDD-UP,1,Potato healthy,1,0,1,0,0,0,0
near_f5ddf0139979c30446d2,LOW_SAME_TARGET_SAME_SOURCE,2,2,0,1,PLDD-UP,1,Potato healthy,1,0,1,0,0,0,0
near_f5f451cc67d77d6db500,LOW_SAME_TARGET_SAME_SOURCE,2,2,0,1,Seasonal Corn Leaf Disease Dataset,1,Corn healthy,1,0,1,0,0,0,0
near_f60c1c13f4f23071e2fe,LOW_SAME_TARGET_SAME_SOURCE,2,2,0,1,PLDD-UP,1,Potato Early blight,1,1,1,0,0,0,0
near_f62445ff27e43a087f24,LOW_SAME_TARGET_SAME_SOURCE,2,2,0,1,PLDD-UP,1,Potato healthy,1,0,1,0,0,0,0
near_f624bbc4e534042ec727,LOW_SAME_TARGET_SAME_SOURCE,2,2,0,1,PLDD-UP,1,Potato healthy,1,0,1,0,0,0,0
near_f62a6ac5df9c8359a438,LOW_SAME_TARGET_SAME_SOURCE,2,2,0,1,PLDD-UP,1,Potato healthy,1,1,1,0,0,0,0
near_f64bfd49fd34ff0b7f09,LOW_SAME_TARGET_SAME_SOURCE,2,2,0,1,PLDD-UP,1,Potato Early blight,1,4,1,0,0,0,0
near_f6737e36a3376f94f5d0,LOW_SAME_TARGET_SAME_SOURCE,2,2,0,1,PLDD-UP,1,Potato healthy,1,0,1,0,0,0,0
near_f6b4ddd38b5a6410e7a4,LOW_SAME_TARGET_SAME_SOURCE,2,2,0,1,Seasonal Corn Leaf Disease Dataset,1,Corn healthy,1,0,1,0,0,0,0
near_f6bda62218c9bfe75422,LOW_SAME_TARGET_SAME_SOURCE,2,2,0,1,PLDD-UP,1,Potato Early blight,1,2,1,0,0,0,0
near_f6c50043a5ba09ec6c31,LOW_SAME_TARGET_SAME_SOURCE,2,2,0,1,PLDD-UP,1,Potato healthy,1,0,1,0,0,0,0
near_f6c89bcbb14956266ce1,LOW_SAME_TARGET_SAME_SOURCE,2,2,0,1,PLDD-UP,1,Potato healthy,1,0,1,0,0,0,0
near_f6fa4ec795813b5d41f3,LOW_SAME_TARGET_SAME_SOURCE,2,2,0,1,Seasonal Corn Leaf Disease Dataset,1,Corn healthy,1,1,1,0,0,0,0
near_f70a32b026020e88fe9a,LOW_SAME_TARGET_SAME_SOURCE,2,2,0,1,PLDD-UP,1,Potato Early blight,1,4,1,0,0,0,0
near_f7211825b9101b4a0bb9,LOW_SAME_TARGET_SAME_SOURCE,2,2,0,1,PLDD-UP,1,Potato Early blight,1,3,1,0,0,0,0
near_f76d18eaac9eadf0513e,LOW_SAME_TARGET_SAME_SOURCE,3,3,0,1,PLDD-UP,1,Potato healthy,3,0,3,0,0,0,0
near_f79d6a7d7180594d34bb,LOW_SAME_TARGET_SAME_SOURCE,2,2,0,1,Seasonal Corn Leaf Disease Dataset,1,Corn Cercospora leaf spot,1,0,1,0,0,0,0
near_f7acb73a7a5755e2a335,LOW_SAME_TARGET_SAME_SOURCE,2,2,0,1,Seasonal Corn Leaf Disease Dataset,1,Corn healthy,1,3,1,0,0,0,0
near_f7f81614f71068c8b0af,LOW_SAME_TARGET_SAME_SOURCE,2,2,0,1,PLDD-UP,1,Potato healthy,1,1,1,0,0,0,0
near_f80b7f5638746d70944f,LOW_SAME_TARGET_SAME_SOURCE,2,2,0,1,PLDD-UP,1,Potato healthy,1,0,1,0,0,0,0
near_f8146e4023159e344e02,LOW_SAME_TARGET_SAME_SOURCE,2,2,0,1,PLDD-UP,1,Potato Early blight,1,0,1,0,0,0,0
near_f822f6cda3e1b2a887a6,LOW_SAME_TARGET_SAME_SOURCE,3,3,0,1,PLDD-UP,1,Potato Early blight,3,0,3,0,0,0,0
near_f82d773cc2ebec62f3fa,LOW_SAME_TARGET_SAME_SOURCE,2,2,0,1,Seasonal Corn Leaf Disease Dataset,1,Corn healthy,1,1,1,0,0,0,0
near_f8358ed77649a25bca05,LOW_SAME_TARGET_SAME_SOURCE,2,2,0,1,PLDD-UP,1,Potato healthy,1,0,1,0,0,0,0
near_f843667777a2ee423262,LOW_SAME_TARGET_SAME_SOURCE,2,2,0,1,Seasonal Corn Leaf Disease Dataset,1,Corn healthy,1,1,1,0,0,0,0
near_f86baa453fcb042b9697,LOW_SAME_TARGET_SAME_SOURCE,2,2,0,1,Seasonal Corn Leaf Disease Dataset,1,Corn healthy,1,0,1,0,0,0,0
near_f8b96591d6bda717f51a,LOW_SAME_TARGET_SAME_SOURCE,2,2,0,1,PLDD-UP,1,Potato healthy,1,0,1,0,0,0,0
near_f8c2fa511dccd40da6f1,LOW_SAME_TARGET_SAME_SOURCE,2,2,0,1,PLDD-UP,1,Potato Early blight,1,2,1,0,0,0,0
near_f8e1e88bab3e53cbf2ac,LOW_SAME_TARGET_SAME_SOURCE,2,2,0,1,Seasonal Corn Leaf Disease Dataset,1,Corn healthy,1,0,1,0,0,0,0
near_f8edd8ca550652d0175e,LOW_SAME_TARGET_SAME_SOURCE,2,2,0,1,Seasonal Corn Leaf Disease Dataset,1,Corn Cercospora leaf spot,1,0,1,0,0,0,0
near_f90a2bf3cab3c995d555,LOW_SAME_TARGET_SAME_SOURCE,2,2,0,1,Seasonal Corn Leaf Disease Dataset,1,Corn healthy,1,1,1,0,0,0,0
near_f922ee2ae2168c33d184,LOW_SAME_TARGET_SAME_SOURCE,2,2,0,1,PLDD-UP,1,Potato healthy,1,0,1,0,0,0,0
near_f9366b8b6a0e4a5ccc83,LOW_SAME_TARGET_SAME_SOURCE,3,3,0,1,PLDD-UP,1,Potato Late blight,3,3,3,0,0,0,0
near_f9475186f5cce9980ae2,LOW_SAME_TARGET_SAME_SOURCE,2,2,0,1,PLDD-UP,1,Potato healthy,1,0,1,0,0,0,0
near_f94aa3a684c19e60442a,LOW_SAME_TARGET_SAME_SOURCE,4,4,0,1,PLDD-UP,1,Potato healthy,6,1,6,0,0,0,0
near_f95abd19db7986485190,LOW_SAME_TARGET_SAME_SOURCE,2,2,0,1,Seasonal Corn Leaf Disease Dataset,1,Corn healthy,1,0,1,0,0,0,0
near_f95b82c03d245347b5fe,LOW_SAME_TARGET_SAME_SOURCE,2,2,0,1,PLDD-UP,1,Potato healthy,1,0,1,0,0,0,0
near_f965ad4d2b020fa1ede8,LOW_SAME_TARGET_SAME_SOURCE,2,2,0,1,PLDD-UP,1,Potato Late blight,1,1,1,0,0,0,0
near_f9931ae6e94fba697a7b,LOW_SAME_TARGET_SAME_SOURCE,2,2,0,1,Seasonal Corn Leaf Disease Dataset,1,Corn healthy,1,0,1,0,0,0,0
near_f9bd6d10e39b3ab5f0ae,LOW_SAME_TARGET_SAME_SOURCE,2,2,0,1,PLDD-UP,1,Potato Early blight,1,4,1,0,0,0,0
near_f9cd1c7ac3f890ce094f,LOW_SAME_TARGET_SAME_SOURCE,2,2,0,1,PLDD-UP,1,Potato healthy,1,1,1,0,0,0,0
near_f9d9871bdd0ae3866140,LOW_SAME_TARGET_SAME_SOURCE,3,3,0,1,PLDD-UP,1,Potato Early blight,2,2,2,0,0,0,0
near_f9e2aa7736a7769fd309,LOW_SAME_TARGET_SAME_SOURCE,2,2,0,1,Seasonal Corn Leaf Disease Dataset,1,Corn healthy,1,0,1,0,0,0,0
near_f9f7012e88dc5b8d49da,LOW_SAME_TARGET_SAME_SOURCE,2,2,0,1,PLDD-UP,1,Potato Late blight,1,2,1,0,0,0,0
near_f9fd68ff47fb98c49bde,LOW_SAME_TARGET_SAME_SOURCE,2,2,0,1,PLDD-UP,1,Potato healthy,1,0,1,0,0,0,0
near_fa1025873b6575133677,LOW_SAME_TARGET_SAME_SOURCE,2,2,0,1,PLDD-UP,1,Potato healthy,1,0,1,0,0,0,0
near_fa1b10d1f6dff4d76196,LOW_SAME_TARGET_SAME_SOURCE,2,2,0,1,PLDD-UP,1,Potato Late blight,1,4,1,0,0,0,0
near_fa4396d90017f8d551f1,LOW_SAME_TARGET_SAME_SOURCE,2,2,0,1,Seasonal Corn Leaf Disease Dataset,1,Corn healthy,1,1,1,0,0,0,0
near_fa4d4dc839a1e400db3b,LOW_SAME_TARGET_SAME_SOURCE,2,2,0,1,PLDD-UP,1,Potato healthy,1,0,1,0,0,0,0
near_fa78810dae8728d454e5,LOW_SAME_TARGET_SAME_SOURCE,2,2,0,1,Seasonal Corn Leaf Disease Dataset,1,Corn healthy,1,0,1,0,0,0,0
near_fa7deb975a6815e73b19,LOW_SAME_TARGET_SAME_SOURCE,2,2,0,1,PLDD-UP,1,Potato Late blight,1,4,1,0,0,0,0
near_fab4d9fe1f0d96aa180e,LOW_SAME_TARGET_SAME_SOURCE,2,2,0,1,PLDD-UP,1,Potato healthy,1,0,1,0,0,0,0
near_fac76a4b96ef177b6b6b,LOW_SAME_TARGET_SAME_SOURCE,3,3,0,1,PLDD-UP,1,Potato healthy,3,0,3,0,0,0,0
near_fac9dd3d76e4387b1c2a,LOW_SAME_TARGET_SAME_SOURCE,2,2,0,1,PLDD-UP,1,Potato Early blight,1,0,1,0,0,0,0
near_faceafad79848deab740,LOW_SAME_TARGET_SAME_SOURCE,4,4,0,1,PLDD-UP,1,Potato Early blight,5,0,5,0,0,0,0
near_fadd5b0df2910872e63a,LOW_SAME_TARGET_SAME_SOURCE,2,2,0,1,PLDD-UP,1,Potato healthy,1,0,1,0,0,0,0
near_fae7595bd6a806417435,LOW_SAME_TARGET_SAME_SOURCE,2,2,0,1,Seasonal Corn Leaf Disease Dataset,1,Corn healthy,1,1,1,0,0,0,0
near_faed8d00ec3912688ff9,LOW_SAME_TARGET_SAME_SOURCE,2,2,0,1,Seasonal Corn Leaf Disease Dataset,1,Corn healthy,1,0,1,0,0,0,0
near_faf600d11705b86933c8,LOW_SAME_TARGET_SAME_SOURCE,2,2,0,1,PLDD-UP,1,Potato healthy,1,0,1,0,0,0,0
near_fafbd565cb67990e8b52,LOW_SAME_TARGET_SAME_SOURCE,3,3,0,1,PLDD-UP,1,Potato Late blight,2,3,2,0,0,0,0
near_fafd0895e00a9ce6d87a,LOW_SAME_TARGET_SAME_SOURCE,2,2,0,1,PLDD-UP,1,Potato Early blight,1,4,1,0,0,0,0
near_fb0a11a5747305a9fee7,LOW_SAME_TARGET_SAME_SOURCE,2,2,0,1,Seasonal Corn Leaf Disease Dataset,1,Corn healthy,1,2,1,0,0,0,0
near_fb302f52f841712d1291,LOW_SAME_TARGET_SAME_SOURCE,2,2,0,1,PLDD-UP,1,Potato healthy,1,0,1,0,0,0,0
near_fb6360d57d1d5e5dc28e,LOW_SAME_TARGET_SAME_SOURCE,3,3,0,1,PLDD-UP,1,Potato Early blight,2,4,2,0,0,0,0
near_fb9079af645d3084a105,LOW_SAME_TARGET_SAME_SOURCE,2,2,0,1,PLDD-UP,1,Potato healthy,1,0,1,0,0,0,0
near_fb93ac56b32ae9cef2f6,LOW_SAME_TARGET_SAME_SOURCE,2,2,0,1,PLDD-UP,1,Potato healthy,1,0,1,0,0,0,0
near_fbac34f3ca589e911533,LOW_SAME_TARGET_SAME_SOURCE,2,2,0,1,PLDD-UP,1,Potato Early blight,1,4,1,0,0,0,0
near_fbbfcbb14ff9b7415bdf,LOW_SAME_TARGET_SAME_SOURCE,2,2,0,1,PLDD-UP,1,Potato healthy,1,0,1,0,0,0,0
near_fbc9f9cf47d1e3e499f2,LOW_SAME_TARGET_SAME_SOURCE,2,2,0,1,PLDD-UP,1,Potato Late blight,1,4,1,0,0,0,0
near_fbcab069e0cd04fca848,LOW_SAME_TARGET_SAME_SOURCE,2,2,0,1,PLDD-UP,1,Potato Late blight,1,3,1,0,0,0,0
near_fbe931b6ff79b525423b,LOW_SAME_TARGET_SAME_SOURCE,2,2,0,1,PLDD-UP,1,Potato healthy,1,0,1,0,0,0,0
near_fc37ded3e33dc7a57c84,LOW_SAME_TARGET_SAME_SOURCE,2,2,0,1,PLDD-UP,1,Potato Late blight,1,4,1,0,0,0,0
near_fc4e4f285827e8ed91e0,LOW_SAME_TARGET_SAME_SOURCE,3,3,0,1,PLDD-UP,1,Potato Late blight,2,4,2,0,0,0,0
near_fc4f72f81fc08b21bcd5,LOW_SAME_TARGET_SAME_SOURCE,2,2,0,1,PLDD-UP,1,Potato healthy,1,0,1,0,0,0,0
near_fc7c1bf63af3ab98d893,LOW_SAME_TARGET_SAME_SOURCE,4,4,0,1,PLDD-UP,1,Potato Late blight,6,0,6,0,0,0,0
near_fc8d9df712bfd75d7e02,LOW_SAME_TARGET_SAME_SOURCE,2,2,0,1,PLDD-UP,1,Potato healthy,1,0,1,0,0,0,0
near_fcaca231211d16259d77,LOW_SAME_TARGET_SAME_SOURCE,3,3,0,1,Seasonal Corn Leaf Disease Dataset,1,Corn Cercospora leaf spot,3,0,3,0,0,0,0
near_fd2377e22c2eca16b2ae,LOW_SAME_TARGET_SAME_SOURCE,2,2,0,1,PLDD-UP,1,Potato Early blight,1,3,1,0,0,0,0
near_fd24b4e11bccd019b47b,LOW_SAME_TARGET_SAME_SOURCE,2,2,0,1,Seasonal Corn Leaf Disease Dataset,1,Corn healthy,1,0,1,0,0,0,0
near_fd341f95c3eb5e671993,LOW_SAME_TARGET_SAME_SOURCE,2,2,0,1,PLDD-UP,1,Potato Late blight,1,4,1,0,0,0,0
near_fd449ce5238ad4d7a8d9,LOW_SAME_TARGET_SAME_SOURCE,2,2,0,1,PLDD-UP,1,Potato healthy,1,0,1,0,0,0,0
near_fd724629e8b18b14f6a2,LOW_SAME_TARGET_SAME_SOURCE,2,2,0,1,PLDD-UP,1,Potato Early blight,1,3,1,0,0,0,0
near_fda16a6e895d6169fb90,LOW_SAME_TARGET_SAME_SOURCE,2,2,0,1,PLDD-UP,1,Potato healthy,1,0,1,0,0,0,0
near_fdde4284602100418719,LOW_SAME_TARGET_SAME_SOURCE,2,2,0,1,PLDD-UP,1,Potato healthy,1,2,1,0,0,0,0
near_fde3cbde56ee62539417,LOW_SAME_TARGET_SAME_SOURCE,2,2,0,1,Seasonal Corn Leaf Disease Dataset,1,Corn healthy,1,0,1,0,0,0,0
near_fdeb6ba182eca6a7c395,LOW_SAME_TARGET_SAME_SOURCE,2,2,0,1,PLDD-UP,1,Potato healthy,1,0,1,0,0,0,0
near_fdf9df3ff6840e613de2,LOW_SAME_TARGET_SAME_SOURCE,2,2,0,1,PLDD-UP,1,Potato healthy,1,0,1,0,0,0,0
near_fe163ef3e4ebc2251045,LOW_SAME_TARGET_SAME_SOURCE,2,2,0,1,PLDD-UP,1,Potato healthy,1,1,1,0,0,0,0
near_fe2f635dc34bfe4a50e9,LOW_SAME_TARGET_SAME_SOURCE,2,2,0,1,PLDD-UP,1,Potato Early blight,1,0,1,0,0,0,0
near_fe56decb2b41850183a0,LOW_SAME_TARGET_SAME_SOURCE,3,3,0,1,PLDD-UP,1,Potato Late blight,3,1,3,0,0,0,0
near_fe9067a57c305c821699,LOW_SAME_TARGET_SAME_SOURCE,2,2,0,1,Seasonal Corn Leaf Disease Dataset,1,Corn healthy,1,0,1,0,0,0,0
near_fe9661a5ecb896b8e2f4,LOW_SAME_TARGET_SAME_SOURCE,2,2,0,1,Seasonal Corn Leaf Disease Dataset,1,Corn healthy,1,0,1,0,0,0,0
near_fee1f69eb48c7695224f,LOW_SAME_TARGET_SAME_SOURCE,2,2,0,1,PLDD-UP,1,Potato healthy,1,0,1,0,0,0,0
near_ff1743969a4434397e77,LOW_SAME_TARGET_SAME_SOURCE,2,2,0,1,PLDD-UP,1,Potato healthy,1,0,1,0,0,0,0
near_ff24abcb79fd9f9a268d,LOW_SAME_TARGET_SAME_SOURCE,2,2,0,1,PLDD-UP,1,Potato Early blight,1,4,1,0,0,0,0
near_ff302ec04cf127710965,LOW_SAME_TARGET_SAME_SOURCE,2,2,0,1,PLDD-UP,1,Potato healthy,1,0,1,0,0,0,0
near_ff4411034e86b768c832,DIFFERENT_TARGET,3,3,0,1,PLDD-UP,2,Potato Early blight | Potato healthy,3,0,1,0,2,0,0
near_ff46eefe23c69607d886,LOW_SAME_TARGET_SAME_SOURCE,2,2,0,1,Seasonal Corn Leaf Disease Dataset,1,Corn healthy,1,0,1,0,0,0,0
near_ff611ecfaa9f473a6288,LOW_SAME_TARGET_SAME_SOURCE,2,2,0,1,PLDD-UP,1,Potato healthy,1,0,1,0,0,0,0
near_ff70e95ffa14ab52f258,LOW_SAME_TARGET_SAME_SOURCE,2,2,0,1,PLDD-UP,1,Potato healthy,1,0,1,0,0,0,0
near_ff7986543d35e07219d2,LOW_SAME_TARGET_SAME_SOURCE,2,2,0,1,PLDD-UP,1,Potato healthy,1,0,1,0,0,0,0
near_ff85438c914aa6c5b3a7,LOW_SAME_TARGET_SAME_SOURCE,3,3,0,1,PLDD-UP,1,Potato Late blight,2,1,2,0,0,0,0
near_ffc926dae9970582d3aa,LOW_SAME_TARGET_SAME_SOURCE,2,2,0,1,PLDD-UP,1,Potato healthy,1,3,1,0,0,0,0
