first_dataset,first_role,first_label,first_target_class,first_path,first_width,first_height,second_dataset,second_role,second_label,second_target_class,second_path,second_width,second_height,hamming_distance,same_label,same_target_class,cross_role,touches_locked_test,selection_reason
PLDD-UP,training_candidate,EB,Potato Early blight,EB/early-blight (100).jpeg,719,1600,PLDD-UP,training_candidate,EB,Potato Early blight,EB/early-blight (103).jpeg,719,1600,4,True,True,False,False,DETERMINISTIC_GROUP_SAMPLE
PLDD-UP,training_candidate,EB,Potato Early blight,EB/early-blight (1003).jpg,8160,3672,PLDD-UP,training_candidate,EB,Potato Early blight,EB/early-blight (1008).jpg,8160,3672,1,True,True,False,False,DETERMINISTIC_GROUP_SAMPLE
PLDD-UP,training_candidate,EB,Potato Early blight,EB/early-blight (1003).jpg,8160,3672,PLDD-UP,training_candidate,EB,Potato Early blight,EB/early-blight (1013).jpg,1600,719,3,True,True,False,False,DETERMINISTIC_GROUP_SAMPLE
PLDD-UP,training_candidate,EB,Potato Early blight,EB/early-blight (1003).jpg,8160,3672,PLDD-UP,training_candidate,EB,Potato Early blight,EB/early-blight (1015).jpg,8160,3672,1,True,True,False,False,DETERMINISTIC_GROUP_SAMPLE
PLDD-UP,training_candidate,EB,Potato Early blight,EB/early-blight (1003).jpg,8160,3672,PLDD-UP,training_candidate,EB,Potato Early blight,EB/early-blight (1021).jpg,8160,3672,0,True,True,False,False,DETERMINISTIC_GROUP_SAMPLE
PLDD-UP,training_candidate,EB,Potato Early blight,EB/early-blight (1003).jpg,8160,3672,PLDD-UP,training_candidate,EB,Potato Early blight,EB/early-blight (1028).jpg,8160,3672,2,True,True,False,False,DETERMINISTIC_GROUP_SAMPLE
PLDD-UP,training_candidate,EB,Potato Early blight,EB/early-blight (1003).jpg,8160,3672,PLDD-UP,training_candidate,EB,Potato Early blight,EB/early-blight (1029).jpg,8160,3672,4,True,True,False,False,DETERMINISTIC_GROUP_SAMPLE
PLDD-UP,training_candidate,EB,Potato Early blight,EB/early-blight (1003).jpg,8160,3672,PLDD-UP,training_candidate,EB,Potato Early blight,EB/early-blight (1031).jpg,8160,3672,0,True,True,False,False,DETERMINISTIC_GROUP_SAMPLE
PLDD-UP,training_candidate,EB,Potato Early blight,EB/early-blight (1003).jpg,8160,3672,PLDD-UP,training_candidate,EB,Potato Early blight,EB/early-blight (1035).jpg,1600,719,0,True,True,False,False,DETERMINISTIC_GROUP_SAMPLE
PLDD-UP,training_candidate,EB,Potato Early blight,EB/early-blight (1003).jpg,8160,3672,PLDD-UP,training_candidate,EB,Potato Early blight,EB/early-blight (1040).jpg,1600,719,0,True,True,False,False,DETERMINISTIC_GROUP_SAMPLE
PLDD-UP,training_candidate,EB,Potato Early blight,EB/early-blight (1003).jpg,8160,3672,PLDD-UP,training_candidate,EB,Potato Early blight,EB/early-blight (1043).jpg,8160,3672,0,True,True,False,False,DETERMINISTIC_GROUP_SAMPLE
PLDD-UP,training_candidate,EB,Potato Early blight,EB/early-blight (1003).jpg,8160,3672,PLDD-UP,training_candidate,EB,Potato Early blight,EB/early-blight (1045).jpg,8160,3672,1,True,True,False,False,DETERMINISTIC_GROUP_SAMPLE
PLDD-UP,training_candidate,EB,Potato Early blight,EB/early-blight (1003).jpg,8160,3672,PLDD-UP,training_candidate,EB,Potato Early blight,EB/early-blight (1047).jpg,8160,3672,1,True,True,False,False,DETERMINISTIC_GROUP_SAMPLE
PLDD-UP,training_candidate,EB,Potato Early blight,EB/early-blight (1003).jpg,8160,3672,PLDD-UP,training_candidate,EB,Potato Early blight,EB/early-blight (1050).jpg,8160,3672,0,True,True,False,False,DETERMINISTIC_GROUP_SAMPLE
PLDD-UP,training_candidate,EB,Potato Early blight,EB/early-blight (1003).jpg,8160,3672,PLDD-UP,training_candidate,EB,Potato Early blight,EB/early-blight (1052).jpg,8160,3672,2,True,True,False,False,DETERMINISTIC_GROUP_SAMPLE
PLDD-UP,training_candidate,EB,Potato Early blight,EB/early-blight (1003).jpg,8160,3672,PLDD-UP,training_candidate,EB,Potato Early blight,EB/early-blight (1065).jpg,8160,3672,3,True,True,False,False,DETERMINISTIC_GROUP_SAMPLE
PLDD-UP,training_candidate,EB,Potato Early blight,EB/early-blight (1003).jpg,8160,3672,PLDD-UP,training_candidate,EB,Potato Early blight,EB/early-blight (108).jpg,1600,719,0,True,True,False,False,DETERMINISTIC_GROUP_SAMPLE
PLDD-UP,training_candidate,EB,Potato Early blight,EB/early-blight (1003).jpg,8160,3672,PLDD-UP,training_candidate,Healthy,Potato healthy,Healthy/healthy-leaf (1034).jpg,1600,719,4,False,False,False,False,DETERMINISTIC_GROUP_SAMPLE
PLDD-UP,training_candidate,EB,Potato Early blight,EB/early-blight (1003).jpg,8160,3672,PLDD-UP,training_candidate,LB,Potato Late blight,LB/late-blight (1033).jpg,8160,3672,0,False,False,False,False,DETERMINISTIC_GROUP_SAMPLE
PLDD-UP,training_candidate,EB,Potato Early blight,EB/early-blight (1004).jpg,8160,3672,PLDD-UP,training_candidate,EB,Potato Early blight,EB/early-blight (1036).jpg,8160,3672,4,True,True,False,False,DETERMINISTIC_GROUP_SAMPLE
PLDD-UP,training_candidate,EB,Potato Early blight,EB/early-blight (1007).jpg,8160,3672,PLDD-UP,training_candidate,EB,Potato Early blight,EB/early-blight (1022).jpg,8160,3672,2,True,True,False,False,DETERMINISTIC_GROUP_SAMPLE
PLDD-UP,training_candidate,EB,Potato Early blight,EB/early-blight (1007).jpg,8160,3672,PLDD-UP,training_candidate,EB,Potato Early blight,EB/early-blight (1029).jpg,8160,3672,2,True,True,False,False,DETERMINISTIC_GROUP_SAMPLE
PLDD-UP,training_candidate,EB,Potato Early blight,EB/early-blight (1007).jpg,8160,3672,PLDD-UP,training_candidate,EB,Potato Early blight,EB/early-blight (1032).jpg,8160,3672,4,True,True,False,False,DETERMINISTIC_GROUP_SAMPLE
PLDD-UP,training_candidate,EB,Potato Early blight,EB/early-blight (1007).jpg,8160,3672,PLDD-UP,training_candidate,EB,Potato Early blight,EB/early-blight (1052).jpg,8160,3672,4,True,True,False,False,DETERMINISTIC_GROUP_SAMPLE
PLDD-UP,training_candidate,EB,Potato Early blight,EB/early-blight (1007).jpg,8160,3672,PLDD-UP,training_candidate,EB,Potato Early blight,EB/early-blight (106).jpg,8160,3672,2,True,True,False,False,DETERMINISTIC_GROUP_SAMPLE
PLDD-UP,training_candidate,EB,Potato Early blight,EB/early-blight (1007).jpg,8160,3672,PLDD-UP,training_candidate,Healthy,Potato healthy,Healthy/healthy-leaf (1034).jpg,1600,719,4,False,False,False,False,DETERMINISTIC_GROUP_SAMPLE
PLDD-UP,training_candidate,EB,Potato Early blight,EB/early-blight (1008).jpg,8160,3672,PLDD-UP,training_candidate,EB,Potato Early blight,EB/early-blight (1013).jpg,1600,719,4,True,True,False,False,DETERMINISTIC_GROUP_SAMPLE
PLDD-UP,training_candidate,EB,Potato Early blight,EB/early-blight (1008).jpg,8160,3672,PLDD-UP,training_candidate,EB,Potato Early blight,EB/early-blight (1015).jpg,8160,3672,2,True,True,False,False,DETERMINISTIC_GROUP_SAMPLE
PLDD-UP,training_candidate,EB,Potato Early blight,EB/early-blight (1008).jpg,8160,3672,PLDD-UP,training_candidate,EB,Potato Early blight,EB/early-blight (1021).jpg,8160,3672,1,True,True,False,False,DETERMINISTIC_GROUP_SAMPLE
PLDD-UP,training_candidate,EB,Potato Early blight,EB/early-blight (1008).jpg,8160,3672,PLDD-UP,training_candidate,EB,Potato Early blight,EB/early-blight (1028).jpg,8160,3672,3,True,True,False,False,DETERMINISTIC_GROUP_SAMPLE
PLDD-UP,training_candidate,EB,Potato Early blight,EB/early-blight (1008).jpg,8160,3672,PLDD-UP,training_candidate,EB,Potato Early blight,EB/early-blight (1029).jpg,8160,3672,3,True,True,False,False,DETERMINISTIC_GROUP_SAMPLE
PLDD-UP,training_candidate,EB,Potato Early blight,EB/early-blight (1008).jpg,8160,3672,PLDD-UP,training_candidate,EB,Potato Early blight,EB/early-blight (1031).jpg,8160,3672,1,True,True,False,False,DETERMINISTIC_GROUP_SAMPLE
PLDD-UP,training_candidate,EB,Potato Early blight,EB/early-blight (1008).jpg,8160,3672,PLDD-UP,training_candidate,EB,Potato Early blight,EB/early-blight (1035).jpg,1600,719,1,True,True,False,False,DETERMINISTIC_GROUP_SAMPLE
PLDD-UP,training_candidate,EB,Potato Early blight,EB/early-blight (1008).jpg,8160,3672,PLDD-UP,training_candidate,EB,Potato Early blight,EB/early-blight (1040).jpg,1600,719,1,True,True,False,False,DETERMINISTIC_GROUP_SAMPLE
PLDD-UP,training_candidate,EB,Potato Early blight,EB/early-blight (1008).jpg,8160,3672,PLDD-UP,training_candidate,EB,Potato Early blight,EB/early-blight (1043).jpg,8160,3672,1,True,True,False,False,DETERMINISTIC_GROUP_SAMPLE
PLDD-UP,training_candidate,EB,Potato Early blight,EB/early-blight (1008).jpg,8160,3672,PLDD-UP,training_candidate,EB,Potato Early blight,EB/early-blight (1045).jpg,8160,3672,2,True,True,False,False,DETERMINISTIC_GROUP_SAMPLE
PLDD-UP,training_candidate,EB,Potato Early blight,EB/early-blight (1008).jpg,8160,3672,PLDD-UP,training_candidate,EB,Potato Early blight,EB/early-blight (1047).jpg,8160,3672,2,True,True,False,False,DETERMINISTIC_GROUP_SAMPLE
PLDD-UP,training_candidate,EB,Potato Early blight,EB/early-blight (1008).jpg,8160,3672,PLDD-UP,training_candidate,EB,Potato Early blight,EB/early-blight (1052).jpg,8160,3672,3,True,True,False,False,DETERMINISTIC_GROUP_SAMPLE
PLDD-UP,training_candidate,EB,Potato Early blight,EB/early-blight (1008).jpg,8160,3672,PLDD-UP,training_candidate,EB,Potato Early blight,EB/early-blight (1065).jpg,8160,3672,4,True,True,False,False,DETERMINISTIC_GROUP_SAMPLE
PLDD-UP,training_candidate,EB,Potato Early blight,EB/early-blight (1008).jpg,8160,3672,PLDD-UP,training_candidate,Healthy,Potato healthy,Healthy/healthy-leaf (1034).jpg,1600,719,3,False,False,False,False,DETERMINISTIC_GROUP_SAMPLE
PLDD-UP,training_candidate,EB,Potato Early blight,EB/early-blight (1008).jpg,8160,3672,PLDD-UP,training_candidate,LB,Potato Late blight,LB/late-blight (1033).jpg,8160,3672,1,False,False,False,False,DETERMINISTIC_GROUP_SAMPLE
PLDD-UP,training_candidate,EB,Potato Early blight,EB/early-blight (1013).jpg,1600,719,PLDD-UP,training_candidate,EB,Potato Early blight,EB/early-blight (1015).jpg,8160,3672,4,True,True,False,False,DETERMINISTIC_GROUP_SAMPLE
PLDD-UP,training_candidate,EB,Potato Early blight,EB/early-blight (1013).jpg,1600,719,PLDD-UP,training_candidate,EB,Potato Early blight,EB/early-blight (1021).jpg,8160,3672,3,True,True,False,False,DETERMINISTIC_GROUP_SAMPLE
PLDD-UP,training_candidate,EB,Potato Early blight,EB/early-blight (1013).jpg,1600,719,PLDD-UP,training_candidate,EB,Potato Early blight,EB/early-blight (1031).jpg,8160,3672,3,True,True,False,False,DETERMINISTIC_GROUP_SAMPLE
PLDD-UP,training_candidate,EB,Potato Early blight,EB/early-blight (1013).jpg,1600,719,PLDD-UP,training_candidate,EB,Potato Early blight,EB/early-blight (1035).jpg,1600,719,3,True,True,False,False,DETERMINISTIC_GROUP_SAMPLE
PLDD-UP,training_candidate,EB,Potato Early blight,EB/early-blight (1013).jpg,1600,719,PLDD-UP,training_candidate,EB,Potato Early blight,EB/early-blight (1036).jpg,8160,3672,4,True,True,False,False,DETERMINISTIC_GROUP_SAMPLE
PLDD-UP,training_candidate,EB,Potato Early blight,EB/early-blight (1013).jpg,1600,719,PLDD-UP,training_candidate,EB,Potato Early blight,EB/early-blight (1040).jpg,1600,719,3,True,True,False,False,DETERMINISTIC_GROUP_SAMPLE
PLDD-UP,training_candidate,EB,Potato Early blight,EB/early-blight (1013).jpg,1600,719,PLDD-UP,training_candidate,EB,Potato Early blight,EB/early-blight (1043).jpg,8160,3672,3,True,True,False,False,DETERMINISTIC_GROUP_SAMPLE
PLDD-UP,training_candidate,EB,Potato Early blight,EB/early-blight (1013).jpg,1600,719,PLDD-UP,training_candidate,EB,Potato Early blight,EB/early-blight (1045).jpg,8160,3672,4,True,True,False,False,DETERMINISTIC_GROUP_SAMPLE
PLDD-UP,training_candidate,EB,Potato Early blight,EB/early-blight (1013).jpg,1600,719,PLDD-UP,training_candidate,EB,Potato Early blight,EB/early-blight (1047).jpg,8160,3672,2,True,True,False,False,DETERMINISTIC_GROUP_SAMPLE
PLDD-UP,training_candidate,EB,Potato Early blight,EB/early-blight (1013).jpg,1600,719,PLDD-UP,training_candidate,EB,Potato Early blight,EB/early-blight (1050).jpg,8160,3672,3,True,True,False,False,DETERMINISTIC_GROUP_SAMPLE
PLDD-UP,training_candidate,EB,Potato Early blight,EB/early-blight (1013).jpg,1600,719,PLDD-UP,training_candidate,EB,Potato Early blight,EB/early-blight (1065).jpg,8160,3672,4,True,True,False,False,DETERMINISTIC_GROUP_SAMPLE
PLDD-UP,training_candidate,EB,Potato Early blight,EB/early-blight (1013).jpg,1600,719,PLDD-UP,training_candidate,LB,Potato Late blight,LB/late-blight (1033).jpg,8160,3672,3,False,False,False,False,DETERMINISTIC_GROUP_SAMPLE
PLDD-UP,training_candidate,EB,Potato Early blight,EB/early-blight (1015).jpg,8160,3672,PLDD-UP,training_candidate,EB,Potato Early blight,EB/early-blight (1021).jpg,8160,3672,1,True,True,False,False,DETERMINISTIC_GROUP_SAMPLE
PLDD-UP,training_candidate,EB,Potato Early blight,EB/early-blight (1015).jpg,8160,3672,PLDD-UP,training_candidate,EB,Potato Early blight,EB/early-blight (1028).jpg,8160,3672,3,True,True,False,False,DETERMINISTIC_GROUP_SAMPLE
PLDD-UP,training_candidate,EB,Potato Early blight,EB/early-blight (1015).jpg,8160,3672,PLDD-UP,training_candidate,EB,Potato Early blight,EB/early-blight (1031).jpg,8160,3672,1,True,True,False,False,DETERMINISTIC_GROUP_SAMPLE
PLDD-UP,training_candidate,EB,Potato Early blight,EB/early-blight (1015).jpg,8160,3672,PLDD-UP,training_candidate,EB,Potato Early blight,EB/early-blight (1035).jpg,1600,719,1,True,True,False,False,DETERMINISTIC_GROUP_SAMPLE
PLDD-UP,training_candidate,EB,Potato Early blight,EB/early-blight (1015).jpg,8160,3672,PLDD-UP,training_candidate,EB,Potato Early blight,EB/early-blight (1040).jpg,1600,719,1,True,True,False,False,DETERMINISTIC_GROUP_SAMPLE
PLDD-UP,training_candidate,EB,Potato Early blight,EB/early-blight (1015).jpg,8160,3672,PLDD-UP,training_candidate,EB,Potato Early blight,EB/early-blight (1043).jpg,8160,3672,1,True,True,False,False,DETERMINISTIC_GROUP_SAMPLE
PLDD-UP,training_candidate,EB,Potato Early blight,EB/early-blight (1015).jpg,8160,3672,PLDD-UP,training_candidate,EB,Potato Early blight,EB/early-blight (1045).jpg,8160,3672,2,True,True,False,False,DETERMINISTIC_GROUP_SAMPLE
PLDD-UP,training_candidate,EB,Potato Early blight,EB/early-blight (1015).jpg,8160,3672,PLDD-UP,training_candidate,EB,Potato Early blight,EB/early-blight (1047).jpg,8160,3672,2,True,True,False,False,DETERMINISTIC_GROUP_SAMPLE
PLDD-UP,training_candidate,EB,Potato Early blight,EB/early-blight (1015).jpg,8160,3672,PLDD-UP,training_candidate,EB,Potato Early blight,EB/early-blight (1052).jpg,8160,3672,3,True,True,False,False,DETERMINISTIC_GROUP_SAMPLE
PLDD-UP,training_candidate,EB,Potato Early blight,EB/early-blight (1015).jpg,8160,3672,PLDD-UP,training_candidate,EB,Potato Early blight,EB/early-blight (1065).jpg,8160,3672,4,True,True,False,False,DETERMINISTIC_GROUP_SAMPLE
PLDD-UP,training_candidate,EB,Potato Early blight,EB/early-blight (1015).jpg,8160,3672,PLDD-UP,training_candidate,LB,Potato Late blight,LB/late-blight (1033).jpg,8160,3672,1,False,False,False,False,DETERMINISTIC_GROUP_SAMPLE
PLDD-UP,training_candidate,EB,Potato Early blight,EB/early-blight (102).jpeg,719,1600,PLDD-UP,training_candidate,EB,Potato Early blight,EB/early-blight (104).jpeg,719,1600,3,True,True,False,False,DETERMINISTIC_GROUP_SAMPLE
PLDD-UP,training_candidate,EB,Potato Early blight,EB/early-blight (1021).jpg,8160,3672,PLDD-UP,training_candidate,EB,Potato Early blight,EB/early-blight (1028).jpg,8160,3672,2,True,True,False,False,DETERMINISTIC_GROUP_SAMPLE
PLDD-UP,training_candidate,EB,Potato Early blight,EB/early-blight (1021).jpg,8160,3672,PLDD-UP,training_candidate,EB,Potato Early blight,EB/early-blight (1029).jpg,8160,3672,4,True,True,False,False,DETERMINISTIC_GROUP_SAMPLE
PLDD-UP,training_candidate,EB,Potato Early blight,EB/early-blight (1021).jpg,8160,3672,PLDD-UP,training_candidate,EB,Potato Early blight,EB/early-blight (1031).jpg,8160,3672,0,True,True,False,False,DETERMINISTIC_GROUP_SAMPLE
PLDD-UP,training_candidate,EB,Potato Early blight,EB/early-blight (1021).jpg,8160,3672,PLDD-UP,training_candidate,EB,Potato Early blight,EB/early-blight (1035).jpg,1600,719,0,True,True,False,False,DETERMINISTIC_GROUP_SAMPLE
PLDD-UP,training_candidate,EB,Potato Early blight,EB/early-blight (1021).jpg,8160,3672,PLDD-UP,training_candidate,EB,Potato Early blight,EB/early-blight (1040).jpg,1600,719,0,True,True,False,False,DETERMINISTIC_GROUP_SAMPLE
PLDD-UP,training_candidate,EB,Potato Early blight,EB/early-blight (1021).jpg,8160,3672,PLDD-UP,training_candidate,EB,Potato Early blight,EB/early-blight (1043).jpg,8160,3672,0,True,True,False,False,DETERMINISTIC_GROUP_SAMPLE
PLDD-UP,training_candidate,EB,Potato Early blight,EB/early-blight (1021).jpg,8160,3672,PLDD-UP,training_candidate,EB,Potato Early blight,EB/early-blight (1045).jpg,8160,3672,1,True,True,False,False,DETERMINISTIC_GROUP_SAMPLE
PLDD-UP,training_candidate,EB,Potato Early blight,EB/early-blight (1021).jpg,8160,3672,PLDD-UP,training_candidate,EB,Potato Early blight,EB/early-blight (1047).jpg,8160,3672,1,True,True,False,False,DETERMINISTIC_GROUP_SAMPLE
PLDD-UP,training_candidate,EB,Potato Early blight,EB/early-blight (1021).jpg,8160,3672,PLDD-UP,training_candidate,EB,Potato Early blight,EB/early-blight (1050).jpg,8160,3672,0,True,True,False,False,DETERMINISTIC_GROUP_SAMPLE
PLDD-UP,training_candidate,EB,Potato Early blight,EB/early-blight (1021).jpg,8160,3672,PLDD-UP,training_candidate,EB,Potato Early blight,EB/early-blight (1052).jpg,8160,3672,2,True,True,False,False,DETERMINISTIC_GROUP_SAMPLE
PLDD-UP,training_candidate,EB,Potato Early blight,EB/early-blight (1021).jpg,8160,3672,PLDD-UP,training_candidate,EB,Potato Early blight,EB/early-blight (1065).jpg,8160,3672,3,True,True,False,False,DETERMINISTIC_GROUP_SAMPLE
PLDD-UP,training_candidate,EB,Potato Early blight,EB/early-blight (1021).jpg,8160,3672,PLDD-UP,training_candidate,EB,Potato Early blight,EB/early-blight (108).jpg,1600,719,0,True,True,False,False,DETERMINISTIC_GROUP_SAMPLE
PLDD-UP,training_candidate,EB,Potato Early blight,EB/early-blight (1021).jpg,8160,3672,PLDD-UP,training_candidate,Healthy,Potato healthy,Healthy/healthy-leaf (1034).jpg,1600,719,4,False,False,False,False,DETERMINISTIC_GROUP_SAMPLE
PLDD-UP,training_candidate,EB,Potato Early blight,EB/early-blight (1021).jpg,8160,3672,PLDD-UP,training_candidate,LB,Potato Late blight,LB/late-blight (1033).jpg,8160,3672,0,False,False,False,False,DETERMINISTIC_GROUP_SAMPLE
PLDD-UP,training_candidate,EB,Potato Early blight,EB/early-blight (1022).jpg,8160,3672,PLDD-UP,training_candidate,EB,Potato Early blight,EB/early-blight (1029).jpg,8160,3672,4,True,True,False,False,DETERMINISTIC_GROUP_SAMPLE
PLDD-UP,training_candidate,EB,Potato Early blight,EB/early-blight (1022).jpg,8160,3672,PLDD-UP,training_candidate,Healthy,Potato healthy,Healthy/healthy-leaf (1034).jpg,1600,719,4,False,False,False,False,DETERMINISTIC_GROUP_SAMPLE
PLDD-UP,training_candidate,EB,Potato Early blight,EB/early-blight (1028).jpg,8160,3672,PLDD-UP,training_candidate,EB,Potato Early blight,EB/early-blight (1031).jpg,8160,3672,2,True,True,False,False,DETERMINISTIC_GROUP_SAMPLE
PLDD-UP,training_candidate,EB,Potato Early blight,EB/early-blight (1028).jpg,8160,3672,PLDD-UP,training_candidate,EB,Potato Early blight,EB/early-blight (1035).jpg,1600,719,2,True,True,False,False,DETERMINISTIC_GROUP_SAMPLE
PLDD-UP,training_candidate,EB,Potato Early blight,EB/early-blight (1028).jpg,8160,3672,PLDD-UP,training_candidate,EB,Potato Early blight,EB/early-blight (1040).jpg,1600,719,2,True,True,False,False,DETERMINISTIC_GROUP_SAMPLE
PLDD-UP,training_candidate,EB,Potato Early blight,EB/early-blight (1028).jpg,8160,3672,PLDD-UP,training_candidate,EB,Potato Early blight,EB/early-blight (1043).jpg,8160,3672,2,True,True,False,False,DETERMINISTIC_GROUP_SAMPLE
PLDD-UP,training_candidate,EB,Potato Early blight,EB/early-blight (1028).jpg,8160,3672,PLDD-UP,training_candidate,EB,Potato Early blight,EB/early-blight (1045).jpg,8160,3672,1,True,True,False,False,DETERMINISTIC_GROUP_SAMPLE
PLDD-UP,training_candidate,EB,Potato Early blight,EB/early-blight (1028).jpg,8160,3672,PLDD-UP,training_candidate,EB,Potato Early blight,EB/early-blight (1047).jpg,8160,3672,3,True,True,False,False,DETERMINISTIC_GROUP_SAMPLE
PLDD-UP,training_candidate,EB,Potato Early blight,EB/early-blight (1028).jpg,8160,3672,PLDD-UP,training_candidate,EB,Potato Early blight,EB/early-blight (1050).jpg,8160,3672,2,True,True,False,False,DETERMINISTIC_GROUP_SAMPLE
PLDD-UP,training_candidate,EB,Potato Early blight,EB/early-blight (1028).jpg,8160,3672,PLDD-UP,training_candidate,EB,Potato Early blight,EB/early-blight (1052).jpg,8160,3672,4,True,True,False,False,DETERMINISTIC_GROUP_SAMPLE
PLDD-UP,training_candidate,EB,Potato Early blight,EB/early-blight (1028).jpg,8160,3672,PLDD-UP,training_candidate,EB,Potato Early blight,EB/early-blight (1070).jpg,8160,3672,3,True,True,False,False,DETERMINISTIC_GROUP_SAMPLE
PLDD-UP,training_candidate,EB,Potato Early blight,EB/early-blight (1028).jpg,8160,3672,PLDD-UP,training_candidate,EB,Potato Early blight,EB/early-blight (1072).jpg,8160,3672,3,True,True,False,False,DETERMINISTIC_GROUP_SAMPLE
PLDD-UP,training_candidate,EB,Potato Early blight,EB/early-blight (1028).jpg,8160,3672,PLDD-UP,training_candidate,EB,Potato Early blight,EB/early-blight (1074).jpg,8160,3672,0,True,True,False,False,DETERMINISTIC_GROUP_SAMPLE
PLDD-UP,training_candidate,EB,Potato Early blight,EB/early-blight (1028).jpg,8160,3672,PLDD-UP,training_candidate,Healthy,Potato healthy,Healthy/healthy-leaf (1034).jpg,1600,719,4,False,False,False,False,DETERMINISTIC_GROUP_SAMPLE
PLDD-UP,training_candidate,EB,Potato Early blight,EB/early-blight (1028).jpg,8160,3672,PLDD-UP,training_candidate,LB,Potato Late blight,LB/late-blight (1033).jpg,8160,3672,2,False,False,False,False,DETERMINISTIC_GROUP_SAMPLE
PLDD-UP,training_candidate,EB,Potato Early blight,EB/early-blight (1029).jpg,8160,3672,PLDD-UP,training_candidate,EB,Potato Early blight,EB/early-blight (1031).jpg,8160,3672,4,True,True,False,False,DETERMINISTIC_GROUP_SAMPLE
PLDD-UP,training_candidate,EB,Potato Early blight,EB/early-blight (1029).jpg,8160,3672,PLDD-UP,training_candidate,EB,Potato Early blight,EB/early-blight (1032).jpg,8160,3672,4,True,True,False,False,DETERMINISTIC_GROUP_SAMPLE
PLDD-UP,training_candidate,EB,Potato Early blight,EB/early-blight (1029).jpg,8160,3672,PLDD-UP,training_candidate,EB,Potato Early blight,EB/early-blight (1035).jpg,1600,719,4,True,True,False,False,DETERMINISTIC_GROUP_SAMPLE
PLDD-UP,training_candidate,EB,Potato Early blight,EB/early-blight (1029).jpg,8160,3672,PLDD-UP,training_candidate,EB,Potato Early blight,EB/early-blight (1040).jpg,1600,719,4,True,True,False,False,DETERMINISTIC_GROUP_SAMPLE
PLDD-UP,training_candidate,EB,Potato Early blight,EB/early-blight (1029).jpg,8160,3672,PLDD-UP,training_candidate,EB,Potato Early blight,EB/early-blight (1043).jpg,8160,3672,4,True,True,False,False,DETERMINISTIC_GROUP_SAMPLE
PLDD-UP,training_candidate,EB,Potato Early blight,EB/early-blight (1029).jpg,8160,3672,PLDD-UP,training_candidate,EB,Potato Early blight,EB/early-blight (1050).jpg,8160,3672,4,True,True,False,False,DETERMINISTIC_GROUP_SAMPLE
PLDD-UP,training_candidate,EB,Potato Early blight,EB/early-blight (1029).jpg,8160,3672,PLDD-UP,training_candidate,EB,Potato Early blight,EB/early-blight (1052).jpg,8160,3672,4,True,True,False,False,DETERMINISTIC_GROUP_SAMPLE
PLDD-UP,training_candidate,EB,Potato Early blight,EB/early-blight (1029).jpg,8160,3672,PLDD-UP,training_candidate,Healthy,Potato healthy,Healthy/healthy-leaf (1034).jpg,1600,719,4,False,False,False,False,DETERMINISTIC_GROUP_SAMPLE
PLDD-UP,training_candidate,EB,Potato Early blight,EB/early-blight (1029).jpg,8160,3672,PLDD-UP,training_candidate,LB,Potato Late blight,LB/late-blight (1033).jpg,8160,3672,4,False,False,False,False,DETERMINISTIC_GROUP_SAMPLE
PLDD-UP,training_candidate,EB,Potato Early blight,EB/early-blight (1031).jpg,8160,3672,PLDD-UP,training_candidate,EB,Potato Early blight,EB/early-blight (1035).jpg,1600,719,0,True,True,False,False,DETERMINISTIC_GROUP_SAMPLE
PLDD-UP,training_candidate,EB,Potato Early blight,EB/early-blight (1031).jpg,8160,3672,PLDD-UP,training_candidate,EB,Potato Early blight,EB/early-blight (1040).jpg,1600,719,0,True,True,False,False,DETERMINISTIC_GROUP_SAMPLE
PLDD-UP,training_candidate,EB,Potato Early blight,EB/early-blight (1031).jpg,8160,3672,PLDD-UP,training_candidate,EB,Potato Early blight,EB/early-blight (1043).jpg,8160,3672,0,True,True,False,False,DETERMINISTIC_GROUP_SAMPLE
PLDD-UP,training_candidate,EB,Potato Early blight,EB/early-blight (1031).jpg,8160,3672,PLDD-UP,training_candidate,EB,Potato Early blight,EB/early-blight (1045).jpg,8160,3672,1,True,True,False,False,DETERMINISTIC_GROUP_SAMPLE
PLDD-UP,training_candidate,EB,Potato Early blight,EB/early-blight (1031).jpg,8160,3672,PLDD-UP,training_candidate,EB,Potato Early blight,EB/early-blight (1047).jpg,8160,3672,1,True,True,False,False,DETERMINISTIC_GROUP_SAMPLE
PLDD-UP,training_candidate,EB,Potato Early blight,EB/early-blight (1031).jpg,8160,3672,PLDD-UP,training_candidate,EB,Potato Early blight,EB/early-blight (1050).jpg,8160,3672,0,True,True,False,False,DETERMINISTIC_GROUP_SAMPLE
PLDD-UP,training_candidate,EB,Potato Early blight,EB/early-blight (1031).jpg,8160,3672,PLDD-UP,training_candidate,EB,Potato Early blight,EB/early-blight (1052).jpg,8160,3672,2,True,True,False,False,DETERMINISTIC_GROUP_SAMPLE
PLDD-UP,training_candidate,EB,Potato Early blight,EB/early-blight (1031).jpg,8160,3672,PLDD-UP,training_candidate,EB,Potato Early blight,EB/early-blight (1065).jpg,8160,3672,3,True,True,False,False,DETERMINISTIC_GROUP_SAMPLE
PLDD-UP,training_candidate,EB,Potato Early blight,EB/early-blight (1031).jpg,8160,3672,PLDD-UP,training_candidate,EB,Potato Early blight,EB/early-blight (108).jpg,1600,719,0,True,True,False,False,DETERMINISTIC_GROUP_SAMPLE
PLDD-UP,training_candidate,EB,Potato Early blight,EB/early-blight (1031).jpg,8160,3672,PLDD-UP,training_candidate,Healthy,Potato healthy,Healthy/healthy-leaf (1034).jpg,1600,719,4,False,False,False,False,DETERMINISTIC_GROUP_SAMPLE
PLDD-UP,training_candidate,EB,Potato Early blight,EB/early-blight (1031).jpg,8160,3672,PLDD-UP,training_candidate,LB,Potato Late blight,LB/late-blight (1033).jpg,8160,3672,0,False,False,False,False,DETERMINISTIC_GROUP_SAMPLE
PLDD-UP,training_candidate,EB,Potato Early blight,EB/early-blight (1032).jpg,8160,3672,PLDD-UP,training_candidate,EB,Potato Early blight,EB/early-blight (106).jpg,8160,3672,4,True,True,False,False,DETERMINISTIC_GROUP_SAMPLE
PLDD-UP,training_candidate,EB,Potato Early blight,EB/early-blight (1035).jpg,1600,719,PLDD-UP,training_candidate,EB,Potato Early blight,EB/early-blight (1040).jpg,1600,719,0,True,True,False,False,DETERMINISTIC_GROUP_SAMPLE
PLDD-UP,training_candidate,EB,Potato Early blight,EB/early-blight (1035).jpg,1600,719,PLDD-UP,training_candidate,EB,Potato Early blight,EB/early-blight (1043).jpg,8160,3672,0,True,True,False,False,DETERMINISTIC_GROUP_SAMPLE
PLDD-UP,training_candidate,EB,Potato Early blight,EB/early-blight (1035).jpg,1600,719,PLDD-UP,training_candidate,EB,Potato Early blight,EB/early-blight (1045).jpg,8160,3672,1,True,True,False,False,DETERMINISTIC_GROUP_SAMPLE
PLDD-UP,training_candidate,EB,Potato Early blight,EB/early-blight (1035).jpg,1600,719,PLDD-UP,training_candidate,EB,Potato Early blight,EB/early-blight (1047).jpg,8160,3672,1,True,True,False,False,DETERMINISTIC_GROUP_SAMPLE
PLDD-UP,training_candidate,EB,Potato Early blight,EB/early-blight (1035).jpg,1600,719,PLDD-UP,training_candidate,EB,Potato Early blight,EB/early-blight (1050).jpg,8160,3672,0,True,True,False,False,DETERMINISTIC_GROUP_SAMPLE
PLDD-UP,training_candidate,EB,Potato Early blight,EB/early-blight (1035).jpg,1600,719,PLDD-UP,training_candidate,EB,Potato Early blight,EB/early-blight (1052).jpg,8160,3672,2,True,True,False,False,DETERMINISTIC_GROUP_SAMPLE
PLDD-UP,training_candidate,EB,Potato Early blight,EB/early-blight (1035).jpg,1600,719,PLDD-UP,training_candidate,EB,Potato Early blight,EB/early-blight (1065).jpg,8160,3672,3,True,True,False,False,DETERMINISTIC_GROUP_SAMPLE
PLDD-UP,training_candidate,EB,Potato Early blight,EB/early-blight (1035).jpg,1600,719,PLDD-UP,training_candidate,Healthy,Potato healthy,Healthy/healthy-leaf (1034).jpg,1600,719,4,False,False,False,False,DETERMINISTIC_GROUP_SAMPLE
PLDD-UP,training_candidate,EB,Potato Early blight,EB/early-blight (1035).jpg,1600,719,PLDD-UP,training_candidate,LB,Potato Late blight,LB/late-blight (1033).jpg,8160,3672,0,False,False,False,False,DETERMINISTIC_GROUP_SAMPLE
PLDD-UP,training_candidate,EB,Potato Early blight,EB/early-blight (1036).jpg,8160,3672,PLDD-UP,training_candidate,EB,Potato Early blight,EB/early-blight (1065).jpg,8160,3672,4,True,True,False,False,DETERMINISTIC_GROUP_SAMPLE
PLDD-UP,training_candidate,EB,Potato Early blight,EB/early-blight (1040).jpg,1600,719,PLDD-UP,training_candidate,EB,Potato Early blight,EB/early-blight (1043).jpg,8160,3672,0,True,True,False,False,DETERMINISTIC_GROUP_SAMPLE
PLDD-UP,training_candidate,EB,Potato Early blight,EB/early-blight (1040).jpg,1600,719,PLDD-UP,training_candidate,EB,Potato Early blight,EB/early-blight (1045).jpg,8160,3672,1,True,True,False,False,DETERMINISTIC_GROUP_SAMPLE
PLDD-UP,training_candidate,EB,Potato Early blight,EB/early-blight (1040).jpg,1600,719,PLDD-UP,training_candidate,EB,Potato Early blight,EB/early-blight (1047).jpg,8160,3672,1,True,True,False,False,DETERMINISTIC_GROUP_SAMPLE
PLDD-UP,training_candidate,EB,Potato Early blight,EB/early-blight (1040).jpg,1600,719,PLDD-UP,training_candidate,EB,Potato Early blight,EB/early-blight (1050).jpg,8160,3672,0,True,True,False,False,DETERMINISTIC_GROUP_SAMPLE
PLDD-UP,training_candidate,EB,Potato Early blight,EB/early-blight (1040).jpg,1600,719,PLDD-UP,training_candidate,EB,Potato Early blight,EB/early-blight (1052).jpg,8160,3672,2,True,True,False,False,DETERMINISTIC_GROUP_SAMPLE
PLDD-UP,training_candidate,EB,Potato Early blight,EB/early-blight (1040).jpg,1600,719,PLDD-UP,training_candidate,EB,Potato Early blight,EB/early-blight (1065).jpg,8160,3672,3,True,True,False,False,DETERMINISTIC_GROUP_SAMPLE
PLDD-UP,training_candidate,EB,Potato Early blight,EB/early-blight (1040).jpg,1600,719,PLDD-UP,training_candidate,Healthy,Potato healthy,Healthy/healthy-leaf (1034).jpg,1600,719,4,False,False,False,False,DETERMINISTIC_GROUP_SAMPLE
PLDD-UP,training_candidate,EB,Potato Early blight,EB/early-blight (1040).jpg,1600,719,PLDD-UP,training_candidate,LB,Potato Late blight,LB/late-blight (1033).jpg,8160,3672,0,False,False,False,False,DETERMINISTIC_GROUP_SAMPLE
PLDD-UP,training_candidate,EB,Potato Early blight,EB/early-blight (1043).jpg,8160,3672,PLDD-UP,training_candidate,EB,Potato Early blight,EB/early-blight (1045).jpg,8160,3672,1,True,True,False,False,DETERMINISTIC_GROUP_SAMPLE
PLDD-UP,training_candidate,EB,Potato Early blight,EB/early-blight (1043).jpg,8160,3672,PLDD-UP,training_candidate,EB,Potato Early blight,EB/early-blight (1047).jpg,8160,3672,1,True,True,False,False,DETERMINISTIC_GROUP_SAMPLE
PLDD-UP,training_candidate,EB,Potato Early blight,EB/early-blight (1043).jpg,8160,3672,PLDD-UP,training_candidate,EB,Potato Early blight,EB/early-blight (1050).jpg,8160,3672,0,True,True,False,False,DETERMINISTIC_GROUP_SAMPLE
PLDD-UP,training_candidate,EB,Potato Early blight,EB/early-blight (1043).jpg,8160,3672,PLDD-UP,training_candidate,EB,Potato Early blight,EB/early-blight (1052).jpg,8160,3672,2,True,True,False,False,DETERMINISTIC_GROUP_SAMPLE
PLDD-UP,training_candidate,EB,Potato Early blight,EB/early-blight (1043).jpg,8160,3672,PLDD-UP,training_candidate,EB,Potato Early blight,EB/early-blight (1065).jpg,8160,3672,3,True,True,False,False,DETERMINISTIC_GROUP_SAMPLE
PLDD-UP,training_candidate,EB,Potato Early blight,EB/early-blight (1043).jpg,8160,3672,PLDD-UP,training_candidate,Healthy,Potato healthy,Healthy/healthy-leaf (1034).jpg,1600,719,4,False,False,False,False,DETERMINISTIC_GROUP_SAMPLE
PLDD-UP,training_candidate,EB,Potato Early blight,EB/early-blight (1043).jpg,8160,3672,PLDD-UP,training_candidate,LB,Potato Late blight,LB/late-blight (1033).jpg,8160,3672,0,False,False,False,False,DETERMINISTIC_GROUP_SAMPLE
PLDD-UP,training_candidate,EB,Potato Early blight,EB/early-blight (1044).jpg,719,1600,PLDD-UP,training_candidate,EB,Potato Early blight,EB/early-blight (1053).jpg,719,1600,2,True,True,False,False,DETERMINISTIC_GROUP_SAMPLE
PLDD-UP,training_candidate,EB,Potato Early blight,EB/early-blight (1045).jpg,8160,3672,PLDD-UP,training_candidate,EB,Potato Early blight,EB/early-blight (1047).jpg,8160,3672,2,True,True,False,False,DETERMINISTIC_GROUP_SAMPLE
PLDD-UP,training_candidate,EB,Potato Early blight,EB/early-blight (1045).jpg,8160,3672,PLDD-UP,training_candidate,EB,Potato Early blight,EB/early-blight (1052).jpg,8160,3672,3,True,True,False,False,DETERMINISTIC_GROUP_SAMPLE
PLDD-UP,training_candidate,EB,Potato Early blight,EB/early-blight (1045).jpg,8160,3672,PLDD-UP,training_candidate,Healthy,Potato healthy,Healthy/healthy-leaf (1034).jpg,1600,719,3,False,False,False,False,DETERMINISTIC_GROUP_SAMPLE
PLDD-UP,training_candidate,EB,Potato Early blight,EB/early-blight (1045).jpg,8160,3672,PLDD-UP,training_candidate,LB,Potato Late blight,LB/late-blight (1033).jpg,8160,3672,1,False,False,False,False,DETERMINISTIC_GROUP_SAMPLE
PLDD-UP,training_candidate,EB,Potato Early blight,EB/early-blight (1047).jpg,8160,3672,PLDD-UP,training_candidate,EB,Potato Early blight,EB/early-blight (1052).jpg,8160,3672,3,True,True,False,False,DETERMINISTIC_GROUP_SAMPLE
PLDD-UP,training_candidate,EB,Potato Early blight,EB/early-blight (1047).jpg,8160,3672,PLDD-UP,training_candidate,LB,Potato Late blight,LB/late-blight (1033).jpg,8160,3672,1,False,False,False,False,DETERMINISTIC_GROUP_SAMPLE
PLDD-UP,training_candidate,EB,Potato Early blight,EB/early-blight (1050).jpg,8160,3672,PLDD-UP,training_candidate,EB,Potato Early blight,EB/early-blight (1052).jpg,8160,3672,2,True,True,False,False,DETERMINISTIC_GROUP_SAMPLE
PLDD-UP,training_candidate,EB,Potato Early blight,EB/early-blight (1050).jpg,8160,3672,PLDD-UP,training_candidate,EB,Potato Early blight,EB/early-blight (1065).jpg,8160,3672,3,True,True,False,False,DETERMINISTIC_GROUP_SAMPLE
PLDD-UP,training_candidate,EB,Potato Early blight,EB/early-blight (1050).jpg,8160,3672,PLDD-UP,training_candidate,Healthy,Potato healthy,Healthy/healthy-leaf (1034).jpg,1600,719,4,False,False,False,False,DETERMINISTIC_GROUP_SAMPLE
PLDD-UP,training_candidate,EB,Potato Early blight,EB/early-blight (1050).jpg,8160,3672,PLDD-UP,training_candidate,LB,Potato Late blight,LB/late-blight (1033).jpg,8160,3672,0,False,False,False,False,DETERMINISTIC_GROUP_SAMPLE
PLDD-UP,training_candidate,EB,Potato Early blight,EB/early-blight (1052).jpg,8160,3672,PLDD-UP,training_candidate,EB,Potato Early blight,EB/early-blight (106).jpg,8160,3672,4,True,True,False,False,DETERMINISTIC_GROUP_SAMPLE
PLDD-UP,training_candidate,EB,Potato Early blight,EB/early-blight (1052).jpg,8160,3672,PLDD-UP,training_candidate,Healthy,Potato healthy,Healthy/healthy-leaf (1034).jpg,1600,719,4,False,False,False,False,DETERMINISTIC_GROUP_SAMPLE
PLDD-UP,training_candidate,EB,Potato Early blight,EB/early-blight (1052).jpg,8160,3672,PLDD-UP,training_candidate,LB,Potato Late blight,LB/late-blight (1033).jpg,8160,3672,2,False,False,False,False,DETERMINISTIC_GROUP_SAMPLE
PLDD-UP,training_candidate,EB,Potato Early blight,EB/early-blight (106).jpg,8160,3672,PLDD-UP,training_candidate,Healthy,Potato healthy,Healthy/healthy-leaf (1034).jpg,1600,719,4,False,False,False,False,DETERMINISTIC_GROUP_SAMPLE
PLDD-UP,training_candidate,EB,Potato Early blight,EB/early-blight (1065).jpg,8160,3672,PLDD-UP,training_candidate,LB,Potato Late blight,LB/late-blight (1033).jpg,8160,3672,3,False,False,False,False,DETERMINISTIC_GROUP_SAMPLE
PLDD-UP,training_candidate,EB,Potato Early blight,EB/early-blight (1072).jpg,8160,3672,PLDD-UP,training_candidate,LB,Potato Late blight,LB/late-blight (1033).jpg,8160,3672,1,False,False,False,False,DETERMINISTIC_GROUP_SAMPLE
PLDD-UP,training_candidate,EB,Potato Early blight,EB/early-blight (1073).jpg,8160,3672,PLDD-UP,training_candidate,LB,Potato Late blight,LB/late-blight (1033).jpg,8160,3672,2,False,False,False,False,DETERMINISTIC_GROUP_SAMPLE
PLDD-UP,training_candidate,EB,Potato Early blight,EB/early-blight (1074).jpg,8160,3672,PLDD-UP,training_candidate,Healthy,Potato healthy,Healthy/healthy-leaf (1034).jpg,1600,719,4,False,False,False,False,DETERMINISTIC_GROUP_SAMPLE
PLDD-UP,training_candidate,EB,Potato Early blight,EB/early-blight (1074).jpg,8160,3672,PLDD-UP,training_candidate,LB,Potato Late blight,LB/late-blight (1033).jpg,8160,3672,2,False,False,False,False,DETERMINISTIC_GROUP_SAMPLE
PLDD-UP,training_candidate,EB,Potato Early blight,EB/early-blight (108).jpg,1600,719,PLDD-UP,training_candidate,Healthy,Potato healthy,Healthy/healthy-leaf (1034).jpg,1600,719,4,False,False,False,False,DETERMINISTIC_GROUP_SAMPLE
PLDD-UP,training_candidate,EB,Potato Early blight,EB/early-blight (108).jpg,1600,719,PLDD-UP,training_candidate,LB,Potato Late blight,LB/late-blight (1033).jpg,8160,3672,0,False,False,False,False,DETERMINISTIC_GROUP_SAMPLE
PLDD-UP,training_candidate,EB,Potato Early blight,EB/early-blight (1080).jpg,8160,3672,PLDD-UP,training_candidate,Healthy,Potato healthy,Healthy/healthy-leaf (1034).jpg,1600,719,4,False,False,False,False,DETERMINISTIC_GROUP_SAMPLE
PLDD-UP,training_candidate,EB,Potato Early blight,EB/early-blight (1080).jpg,8160,3672,PLDD-UP,training_candidate,LB,Potato Late blight,LB/late-blight (1033).jpg,8160,3672,0,False,False,False,False,DETERMINISTIC_GROUP_SAMPLE
PLDD-UP,training_candidate,EB,Potato Early blight,EB/early-blight (1085).jpg,8160,3672,PLDD-UP,training_candidate,Healthy,Potato healthy,Healthy/healthy-leaf (1034).jpg,1600,719,4,False,False,False,False,DETERMINISTIC_GROUP_SAMPLE
PLDD-UP,training_candidate,EB,Potato Early blight,EB/early-blight (1085).jpg,8160,3672,PLDD-UP,training_candidate,LB,Potato Late blight,LB/late-blight (1033).jpg,8160,3672,0,False,False,False,False,DETERMINISTIC_GROUP_SAMPLE
PLDD-UP,training_candidate,EB,Potato Early blight,EB/early-blight (1090).jpg,8160,3672,PLDD-UP,training_candidate,Healthy,Potato healthy,Healthy/healthy-leaf (1034).jpg,1600,719,4,False,False,False,False,DETERMINISTIC_GROUP_SAMPLE
PLDD-UP,training_candidate,EB,Potato Early blight,EB/early-blight (1090).jpg,8160,3672,PLDD-UP,training_candidate,LB,Potato Late blight,LB/late-blight (1033).jpg,8160,3672,0,False,False,False,False,DETERMINISTIC_GROUP_SAMPLE
PLDD-UP,training_candidate,EB,Potato Early blight,EB/early-blight (1092).jpg,8160,3672,PLDD-UP,training_candidate,LB,Potato Late blight,LB/late-blight (1033).jpg,8160,3672,1,False,False,False,False,DETERMINISTIC_GROUP_SAMPLE
PLDD-UP,training_candidate,EB,Potato Early blight,EB/early-blight (1094).jpg,8160,3672,PLDD-UP,training_candidate,Healthy,Potato healthy,Healthy/healthy-leaf (1034).jpg,1600,719,4,False,False,False,False,DETERMINISTIC_GROUP_SAMPLE
PLDD-UP,training_candidate,EB,Potato Early blight,EB/early-blight (1094).jpg,8160,3672,PLDD-UP,training_candidate,LB,Potato Late blight,LB/late-blight (1033).jpg,8160,3672,0,False,False,False,False,DETERMINISTIC_GROUP_SAMPLE
PLDD-UP,training_candidate,EB,Potato Early blight,EB/early-blight (110).jpg,8160,3672,PLDD-UP,training_candidate,Healthy,Potato healthy,Healthy/healthy-leaf (1034).jpg,1600,719,4,False,False,False,False,DETERMINISTIC_GROUP_SAMPLE
PLDD-UP,training_candidate,EB,Potato Early blight,EB/early-blight (110).jpg,8160,3672,PLDD-UP,training_candidate,LB,Potato Late blight,LB/late-blight (1033).jpg,8160,3672,0,False,False,False,False,DETERMINISTIC_GROUP_SAMPLE
PLDD-UP,training_candidate,EB,Potato Early blight,EB/early-blight (1103).jpg,8160,3672,PLDD-UP,training_candidate,Healthy,Potato healthy,Healthy/healthy-leaf (1034).jpg,1600,719,4,False,False,False,False,DETERMINISTIC_GROUP_SAMPLE
PLDD-UP,training_candidate,EB,Potato Early blight,EB/early-blight (1103).jpg,8160,3672,PLDD-UP,training_candidate,LB,Potato Late blight,LB/late-blight (1033).jpg,8160,3672,0,False,False,False,False,DETERMINISTIC_GROUP_SAMPLE
PLDD-UP,training_candidate,EB,Potato Early blight,EB/early-blight (1105).jpg,8160,3672,PLDD-UP,training_candidate,LB,Potato Late blight,LB/late-blight (1033).jpg,8160,3672,3,False,False,False,False,DETERMINISTIC_GROUP_SAMPLE
PLDD-UP,training_candidate,EB,Potato Early blight,EB/early-blight (1106).jpg,1600,719,PLDD-UP,training_candidate,LB,Potato Late blight,LB/late-blight (1033).jpg,8160,3672,4,False,False,False,False,DETERMINISTIC_GROUP_SAMPLE
PLDD-UP,training_candidate,EB,Potato Early blight,EB/early-blight (1108).jpg,8160,3672,PLDD-UP,training_candidate,Healthy,Potato healthy,Healthy/healthy-leaf (1034).jpg,1600,719,4,False,False,False,False,DETERMINISTIC_GROUP_SAMPLE
PLDD-UP,training_candidate,EB,Potato Early blight,EB/early-blight (1108).jpg,8160,3672,PLDD-UP,training_candidate,LB,Potato Late blight,LB/late-blight (1033).jpg,8160,3672,0,False,False,False,False,DETERMINISTIC_GROUP_SAMPLE
PLDD-UP,training_candidate,EB,Potato Early blight,EB/early-blight (1109).jpg,8160,3672,PLDD-UP,training_candidate,LB,Potato Late blight,LB/late-blight (1033).jpg,8160,3672,1,False,False,False,False,DETERMINISTIC_GROUP_SAMPLE
PLDD-UP,training_candidate,EB,Potato Early blight,EB/early-blight (1111).jpg,1600,719,PLDD-UP,training_candidate,Healthy,Potato healthy,Healthy/healthy-leaf (1034).jpg,1600,719,3,False,False,False,False,DETERMINISTIC_GROUP_SAMPLE
PLDD-UP,training_candidate,EB,Potato Early blight,EB/early-blight (1112).jpg,8160,3672,PLDD-UP,training_candidate,Healthy,Potato healthy,Healthy/healthy-leaf (1034).jpg,1600,719,4,False,False,False,False,DETERMINISTIC_GROUP_SAMPLE
PLDD-UP,training_candidate,EB,Potato Early blight,EB/early-blight (1112).jpg,8160,3672,PLDD-UP,training_candidate,LB,Potato Late blight,LB/late-blight (1033).jpg,8160,3672,0,False,False,False,False,DETERMINISTIC_GROUP_SAMPLE
PLDD-UP,training_candidate,EB,Potato Early blight,EB/early-blight (112).jpg,1600,719,PLDD-UP,training_candidate,LB,Potato Late blight,LB/late-blight (1033).jpg,8160,3672,2,False,False,False,False,DETERMINISTIC_GROUP_SAMPLE
PLDD-UP,training_candidate,EB,Potato Early blight,EB/early-blight (1132).jpg,8160,3672,PLDD-UP,training_candidate,LB,Potato Late blight,LB/late-blight (1033).jpg,8160,3672,4,False,False,False,False,DETERMINISTIC_GROUP_SAMPLE
PLDD-UP,training_candidate,EB,Potato Early blight,EB/early-blight (1133).jpg,8160,3672,PLDD-UP,training_candidate,Healthy,Potato healthy,Healthy/healthy-leaf (1039).jpg,1600,719,1,False,False,False,False,DETERMINISTIC_GROUP_SAMPLE
PLDD-UP,training_candidate,EB,Potato Early blight,EB/early-blight (1133).jpg,8160,3672,PLDD-UP,training_candidate,LB,Potato Late blight,LB/late-blight (1033).jpg,8160,3672,3,False,False,False,False,DETERMINISTIC_GROUP_SAMPLE
PLDD-UP,training_candidate,EB,Potato Early blight,EB/early-blight (1135).jpg,8160,3672,PLDD-UP,training_candidate,Healthy,Potato healthy,Healthy/healthy-leaf (1034).jpg,1600,719,4,False,False,False,False,DETERMINISTIC_GROUP_SAMPLE
PLDD-UP,training_candidate,EB,Potato Early blight,EB/early-blight (1135).jpg,8160,3672,PLDD-UP,training_candidate,LB,Potato Late blight,LB/late-blight (1033).jpg,8160,3672,0,False,False,False,False,DETERMINISTIC_GROUP_SAMPLE
PLDD-UP,training_candidate,EB,Potato Early blight,EB/early-blight (1149).jpg,1600,719,PLDD-UP,training_candidate,Healthy,Potato healthy,Healthy/healthy-leaf (1038).jpg,1600,719,1,False,False,False,False,DETERMINISTIC_GROUP_SAMPLE
PLDD-UP,training_candidate,EB,Potato Early blight,EB/early-blight (1149).jpg,1600,719,PLDD-UP,training_candidate,LB,Potato Late blight,LB/late-blight (1033).jpg,8160,3672,3,False,False,False,False,DETERMINISTIC_GROUP_SAMPLE
PLDD-UP,training_candidate,EB,Potato Early blight,EB/early-blight (1153).jpg,1600,719,PLDD-UP,training_candidate,LB,Potato Late blight,LB/late-blight (1033).jpg,8160,3672,2,False,False,False,False,DETERMINISTIC_GROUP_SAMPLE
PLDD-UP,training_candidate,EB,Potato Early blight,EB/early-blight (1158).jpg,8160,3672,PLDD-UP,training_candidate,Healthy,Potato healthy,Healthy/healthy-leaf (1034).jpg,1600,719,4,False,False,False,False,DETERMINISTIC_GROUP_SAMPLE
PLDD-UP,training_candidate,EB,Potato Early blight,EB/early-blight (1158).jpg,8160,3672,PLDD-UP,training_candidate,LB,Potato Late blight,LB/late-blight (1033).jpg,8160,3672,0,False,False,False,False,DETERMINISTIC_GROUP_SAMPLE
PLDD-UP,training_candidate,EB,Potato Early blight,EB/early-blight (1161).jpg,8160,3672,PLDD-UP,training_candidate,LB,Potato Late blight,LB/late-blight (1033).jpg,8160,3672,1,False,False,False,False,DETERMINISTIC_GROUP_SAMPLE
PLDD-UP,training_candidate,EB,Potato Early blight,EB/early-blight (1169).jpg,1600,719,PLDD-UP,training_candidate,LB,Potato Late blight,LB/late-blight (1033).jpg,8160,3672,0,False,False,False,False,DETERMINISTIC_GROUP_SAMPLE
PLDD-UP,training_candidate,EB,Potato Early blight,EB/early-blight (117).jpg,8160,3672,PLDD-UP,training_candidate,LB,Potato Late blight,LB/late-blight (1033).jpg,8160,3672,2,False,False,False,False,DETERMINISTIC_GROUP_SAMPLE
PLDD-UP,training_candidate,EB,Potato Early blight,EB/early-blight (1173).jpg,8160,3672,PLDD-UP,training_candidate,Healthy,Potato healthy,Healthy/healthy-leaf (1035).jpg,1600,719,2,False,False,False,False,DETERMINISTIC_GROUP_SAMPLE
PLDD-UP,training_candidate,EB,Potato Early blight,EB/early-blight (1173).jpg,8160,3672,PLDD-UP,training_candidate,Healthy,Potato healthy,Healthy/healthy-leaf (1387).jpg,1600,719,0,False,False,False,False,DETERMINISTIC_GROUP_SAMPLE
PLDD-UP,training_candidate,EB,Potato Early blight,EB/early-blight (1173).jpg,8160,3672,PLDD-UP,training_candidate,LB,Potato Late blight,LB/late-blight (1033).jpg,8160,3672,2,False,False,False,False,DETERMINISTIC_GROUP_SAMPLE
PLDD-UP,training_candidate,EB,Potato Early blight,EB/early-blight (1174).jpg,1600,719,PLDD-UP,training_candidate,LB,Potato Late blight,LB/late-blight (1033).jpg,8160,3672,2,False,False,False,False,DETERMINISTIC_GROUP_SAMPLE
PLDD-UP,training_candidate,EB,Potato Early blight,EB/early-blight (1176).jpg,8160,3672,PLDD-UP,training_candidate,LB,Potato Late blight,LB/late-blight (1033).jpg,8160,3672,0,False,False,False,False,DETERMINISTIC_GROUP_SAMPLE
PLDD-UP,training_candidate,EB,Potato Early blight,EB/early-blight (1177).jpg,8160,3672,PLDD-UP,training_candidate,LB,Potato Late blight,LB/late-blight (1033).jpg,8160,3672,2,False,False,False,False,DETERMINISTIC_GROUP_SAMPLE
PLDD-UP,training_candidate,EB,Potato Early blight,EB/early-blight (1179).jpg,8160,3672,PLDD-UP,training_candidate,LB,Potato Late blight,LB/late-blight (1033).jpg,8160,3672,0,False,False,False,False,DETERMINISTIC_GROUP_SAMPLE
PLDD-UP,training_candidate,EB,Potato Early blight,EB/early-blight (1182).jpg,8160,3672,PLDD-UP,training_candidate,Healthy,Potato healthy,Healthy/healthy-leaf (1034).jpg,1600,719,3,False,False,False,False,DETERMINISTIC_GROUP_SAMPLE
PLDD-UP,training_candidate,EB,Potato Early blight,EB/early-blight (1182).jpg,8160,3672,PLDD-UP,training_candidate,LB,Potato Late blight,LB/late-blight (1033).jpg,8160,3672,1,False,False,False,False,DETERMINISTIC_GROUP_SAMPLE
PLDD-UP,training_candidate,EB,Potato Early blight,EB/early-blight (1184).jpg,8160,3672,PLDD-UP,training_candidate,LB,Potato Late blight,LB/late-blight (1033).jpg,8160,3672,0,False,False,False,False,DETERMINISTIC_GROUP_SAMPLE
PLDD-UP,training_candidate,EB,Potato Early blight,EB/early-blight (1190).jpg,8160,3672,PLDD-UP,training_candidate,LB,Potato Late blight,LB/late-blight (1033).jpg,8160,3672,0,False,False,False,False,DETERMINISTIC_GROUP_SAMPLE
PLDD-UP,training_candidate,EB,Potato Early blight,EB/early-blight (1191).jpg,8160,3672,PLDD-UP,training_candidate,LB,Potato Late blight,LB/late-blight (1033).jpg,8160,3672,0,False,False,False,False,DETERMINISTIC_GROUP_SAMPLE
PLDD-UP,training_candidate,EB,Potato Early blight,EB/early-blight (1192).jpg,8160,3672,PLDD-UP,training_candidate,LB,Potato Late blight,LB/late-blight (1033).jpg,8160,3672,0,False,False,False,False,DETERMINISTIC_GROUP_SAMPLE
PLDD-UP,training_candidate,EB,Potato Early blight,EB/early-blight (1204).jpg,1600,719,PLDD-UP,training_candidate,LB,Potato Late blight,LB/late-blight (1033).jpg,8160,3672,1,False,False,False,False,DETERMINISTIC_GROUP_SAMPLE
PLDD-UP,training_candidate,EB,Potato Early blight,EB/early-blight (1218).jpg,8160,3672,PLDD-UP,training_candidate,LB,Potato Late blight,LB/late-blight (1033).jpg,8160,3672,1,False,False,False,False,DETERMINISTIC_GROUP_SAMPLE
PLDD-UP,training_candidate,EB,Potato Early blight,EB/early-blight (1233).jpg,1600,719,PLDD-UP,training_candidate,Healthy,Potato healthy,Healthy/healthy-leaf (1053).jpg,1600,719,0,False,False,False,False,DETERMINISTIC_GROUP_SAMPLE
PLDD-UP,training_candidate,EB,Potato Early blight,EB/early-blight (1252).jpg,8160,3672,PLDD-UP,training_candidate,LB,Potato Late blight,LB/late-blight (1033).jpg,8160,3672,3,False,False,False,False,DETERMINISTIC_GROUP_SAMPLE
PLDD-UP,training_candidate,EB,Potato Early blight,EB/early-blight (1255).jpg,8160,3672,PLDD-UP,training_candidate,Healthy,Potato healthy,Healthy/healthy-leaf (1034).jpg,1600,719,3,False,False,False,False,DETERMINISTIC_GROUP_SAMPLE
PLDD-UP,training_candidate,EB,Potato Early blight,EB/early-blight (1255).jpg,8160,3672,PLDD-UP,training_candidate,LB,Potato Late blight,LB/late-blight (1033).jpg,8160,3672,3,False,False,False,False,DETERMINISTIC_GROUP_SAMPLE
PLDD-UP,training_candidate,EB,Potato Early blight,EB/early-blight (1264).jpg,1600,719,PLDD-UP,training_candidate,Healthy,Potato healthy,Healthy/healthy-leaf (1034).jpg,1600,719,3,False,False,False,False,DETERMINISTIC_GROUP_SAMPLE
PLDD-UP,training_candidate,EB,Potato Early blight,EB/early-blight (1264).jpg,1600,719,PLDD-UP,training_candidate,LB,Potato Late blight,LB/late-blight (1033).jpg,8160,3672,1,False,False,False,False,DETERMINISTIC_GROUP_SAMPLE
PLDD-UP,training_candidate,EB,Potato Early blight,EB/early-blight (128).jpg,1600,719,PLDD-UP,training_candidate,Healthy,Potato healthy,Healthy/healthy-leaf (1034).jpg,1600,719,2,False,False,False,False,DETERMINISTIC_GROUP_SAMPLE
PLDD-UP,training_candidate,EB,Potato Early blight,EB/early-blight (128).jpg,1600,719,PLDD-UP,training_candidate,Healthy,Potato healthy,Healthy/healthy-leaf (1386).jpg,1600,719,0,False,False,False,False,DETERMINISTIC_GROUP_SAMPLE
PLDD-UP,training_candidate,EB,Potato Early blight,EB/early-blight (128).jpg,1600,719,PLDD-UP,training_candidate,LB,Potato Late blight,LB/late-blight (1033).jpg,8160,3672,2,False,False,False,False,DETERMINISTIC_GROUP_SAMPLE
PLDD-UP,training_candidate,EB,Potato Early blight,EB/early-blight (1281).jpg,8160,3672,PLDD-UP,training_candidate,LB,Potato Late blight,LB/late-blight (1033).jpg,8160,3672,1,False,False,False,False,DETERMINISTIC_GROUP_SAMPLE
PLDD-UP,training_candidate,EB,Potato Early blight,EB/early-blight (1287).jpg,8160,3672,PLDD-UP,training_candidate,Healthy,Potato healthy,Healthy/healthy-leaf (1035).jpg,1600,719,2,False,False,False,False,DETERMINISTIC_GROUP_SAMPLE
PLDD-UP,training_candidate,EB,Potato Early blight,EB/early-blight (1287).jpg,8160,3672,PLDD-UP,training_candidate,Healthy,Potato healthy,Healthy/healthy-leaf (1387).jpg,1600,719,0,False,False,False,False,DETERMINISTIC_GROUP_SAMPLE
PLDD-UP,training_candidate,EB,Potato Early blight,EB/early-blight (1287).jpg,8160,3672,PLDD-UP,training_candidate,LB,Potato Late blight,LB/late-blight (1033).jpg,8160,3672,2,False,False,False,False,DETERMINISTIC_GROUP_SAMPLE
PLDD-UP,training_candidate,EB,Potato Early blight,EB/early-blight (1304).jpg,8160,3672,PLDD-UP,training_candidate,LB,Potato Late blight,LB/late-blight (1033).jpg,8160,3672,1,False,False,False,False,DETERMINISTIC_GROUP_SAMPLE
PLDD-UP,training_candidate,EB,Potato Early blight,EB/early-blight (1313).jpg,8160,3672,PLDD-UP,training_candidate,LB,Potato Late blight,LB/late-blight (1033).jpg,8160,3672,1,False,False,False,False,DETERMINISTIC_GROUP_SAMPLE
PLDD-UP,training_candidate,EB,Potato Early blight,EB/early-blight (1323).jpg,8160,3672,PLDD-UP,training_candidate,LB,Potato Late blight,LB/late-blight (1033).jpg,8160,3672,1,False,False,False,False,DETERMINISTIC_GROUP_SAMPLE
PLDD-UP,training_candidate,EB,Potato Early blight,EB/early-blight (1324).jpg,1600,719,PLDD-UP,training_candidate,LB,Potato Late blight,LB/late-blight (1033).jpg,8160,3672,3,False,False,False,False,DETERMINISTIC_GROUP_SAMPLE
PLDD-UP,training_candidate,EB,Potato Early blight,EB/early-blight (1332).jpg,8160,3672,PLDD-UP,training_candidate,LB,Potato Late blight,LB/late-blight (1033).jpg,8160,3672,1,False,False,False,False,DETERMINISTIC_GROUP_SAMPLE
PLDD-UP,training_candidate,EB,Potato Early blight,EB/early-blight (1350).jpg,8160,3672,PLDD-UP,training_candidate,LB,Potato Late blight,LB/late-blight (1033).jpg,8160,3672,1,False,False,False,False,DETERMINISTIC_GROUP_SAMPLE
PLDD-UP,training_candidate,EB,Potato Early blight,EB/early-blight (1357).jpg,1600,719,PLDD-UP,training_candidate,Healthy,Potato healthy,Healthy/healthy-leaf (1034).jpg,1600,719,2,False,False,False,False,DETERMINISTIC_GROUP_SAMPLE
PLDD-UP,training_candidate,EB,Potato Early blight,EB/early-blight (1357).jpg,1600,719,PLDD-UP,training_candidate,LB,Potato Late blight,LB/late-blight (1033).jpg,8160,3672,2,False,False,False,False,DETERMINISTIC_GROUP_SAMPLE
PLDD-UP,training_candidate,EB,Potato Early blight,EB/early-blight (1361).jpg,8160,3672,PLDD-UP,training_candidate,Healthy,Potato healthy,Healthy/healthy-leaf (1038).jpg,1600,719,1,False,False,False,False,DETERMINISTIC_GROUP_SAMPLE
PLDD-UP,training_candidate,EB,Potato Early blight,EB/early-blight (1361).jpg,8160,3672,PLDD-UP,training_candidate,LB,Potato Late blight,LB/late-blight (1033).jpg,8160,3672,3,False,False,False,False,DETERMINISTIC_GROUP_SAMPLE
PLDD-UP,training_candidate,EB,Potato Early blight,EB/early-blight (1364).jpg,8160,3672,PLDD-UP,training_candidate,LB,Potato Late blight,LB/late-blight (1033).jpg,8160,3672,3,False,False,False,False,DETERMINISTIC_GROUP_SAMPLE
PLDD-UP,training_candidate,EB,Potato Early blight,EB/early-blight (1375).jpg,8160,3672,PLDD-UP,training_candidate,LB,Potato Late blight,LB/late-blight (1033).jpg,8160,3672,1,False,False,False,False,DETERMINISTIC_GROUP_SAMPLE
PLDD-UP,training_candidate,EB,Potato Early blight,EB/early-blight (1377).jpg,8160,3672,PLDD-UP,training_candidate,LB,Potato Late blight,LB/late-blight (1033).jpg,8160,3672,4,False,False,False,False,DETERMINISTIC_GROUP_SAMPLE
PLDD-UP,training_candidate,EB,Potato Early blight,EB/early-blight (1378).jpg,8160,3672,PLDD-UP,training_candidate,Healthy,Potato healthy,Healthy/healthy-leaf (1034).jpg,1600,719,3,False,False,False,False,DETERMINISTIC_GROUP_SAMPLE
PLDD-UP,training_candidate,EB,Potato Early blight,EB/early-blight (1378).jpg,8160,3672,PLDD-UP,training_candidate,LB,Potato Late blight,LB/late-blight (1033).jpg,8160,3672,1,False,False,False,False,DETERMINISTIC_GROUP_SAMPLE
PLDD-UP,training_candidate,EB,Potato Early blight,EB/early-blight (1382).jpg,8160,3672,PLDD-UP,training_candidate,Healthy,Potato healthy,Healthy/healthy-leaf (1038).jpg,1600,719,1,False,False,False,False,DETERMINISTIC_GROUP_SAMPLE
PLDD-UP,training_candidate,EB,Potato Early blight,EB/early-blight (1383).jpg,8160,3672,PLDD-UP,training_candidate,LB,Potato Late blight,LB/late-blight (1033).jpg,8160,3672,1,False,False,False,False,DETERMINISTIC_GROUP_SAMPLE
PLDD-UP,training_candidate,EB,Potato Early blight,EB/early-blight (1393).jpg,8160,3672,PLDD-UP,training_candidate,LB,Potato Late blight,LB/late-blight (1033).jpg,8160,3672,3,False,False,False,False,DETERMINISTIC_GROUP_SAMPLE
PLDD-UP,training_candidate,EB,Potato Early blight,EB/early-blight (1396).jpg,8160,3672,PLDD-UP,training_candidate,LB,Potato Late blight,LB/late-blight (1033).jpg,8160,3672,2,False,False,False,False,DETERMINISTIC_GROUP_SAMPLE
PLDD-UP,training_candidate,EB,Potato Early blight,EB/early-blight (1412).jpg,8160,3672,PLDD-UP,training_candidate,Healthy,Potato healthy,Healthy/healthy-leaf (1034).jpg,1600,719,2,False,False,False,False,DETERMINISTIC_GROUP_SAMPLE
PLDD-UP,training_candidate,EB,Potato Early blight,EB/early-blight (1412).jpg,8160,3672,PLDD-UP,training_candidate,Healthy,Potato healthy,Healthy/healthy-leaf (1386).jpg,1600,719,0,False,False,False,False,DETERMINISTIC_GROUP_SAMPLE
PLDD-UP,training_candidate,EB,Potato Early blight,EB/early-blight (1412).jpg,8160,3672,PLDD-UP,training_candidate,LB,Potato Late blight,LB/late-blight (1033).jpg,8160,3672,2,False,False,False,False,DETERMINISTIC_GROUP_SAMPLE
PLDD-UP,training_candidate,EB,Potato Early blight,EB/early-blight (1421).jpg,8160,3672,PLDD-UP,training_candidate,LB,Potato Late blight,LB/late-blight (1033).jpg,8160,3672,2,False,False,False,False,DETERMINISTIC_GROUP_SAMPLE
PLDD-UP,training_candidate,EB,Potato Early blight,EB/early-blight (1443).jpg,1600,719,PLDD-UP,training_candidate,Healthy,Potato healthy,Healthy/healthy-leaf (1034).jpg,1600,719,2,False,False,False,False,DETERMINISTIC_GROUP_SAMPLE
PLDD-UP,training_candidate,EB,Potato Early blight,EB/early-blight (1443).jpg,1600,719,PLDD-UP,training_candidate,Healthy,Potato healthy,Healthy/healthy-leaf (1386).jpg,1600,719,0,False,False,False,False,DETERMINISTIC_GROUP_SAMPLE
PLDD-UP,training_candidate,EB,Potato Early blight,EB/early-blight (1443).jpg,1600,719,PLDD-UP,training_candidate,LB,Potato Late blight,LB/late-blight (1033).jpg,8160,3672,2,False,False,False,False,DETERMINISTIC_GROUP_SAMPLE
PLDD-UP,training_candidate,EB,Potato Early blight,EB/early-blight (1456).jpg,8160,3672,PLDD-UP,training_candidate,Healthy,Potato healthy,Healthy/healthy-leaf (1034).jpg,1600,719,3,False,False,False,False,DETERMINISTIC_GROUP_SAMPLE
PLDD-UP,training_candidate,EB,Potato Early blight,EB/early-blight (146).jpg,1600,719,PLDD-UP,training_candidate,LB,Potato Late blight,LB/late-blight (1033).jpg,8160,3672,4,False,False,False,False,DETERMINISTIC_GROUP_SAMPLE
PLDD-UP,training_candidate,EB,Potato Early blight,EB/early-blight (1465).jpg,8160,3672,PLDD-UP,training_candidate,LB,Potato Late blight,LB/late-blight (1033).jpg,8160,3672,1,False,False,False,False,DETERMINISTIC_GROUP_SAMPLE
PLDD-UP,training_candidate,EB,Potato Early blight,EB/early-blight (1474).jpg,8160,3672,PLDD-UP,training_candidate,LB,Potato Late blight,LB/late-blight (1033).jpg,8160,3672,3,False,False,False,False,DETERMINISTIC_GROUP_SAMPLE
PLDD-UP,training_candidate,EB,Potato Early blight,EB/early-blight (1475).jpg,8160,3672,PLDD-UP,training_candidate,LB,Potato Late blight,LB/late-blight (1033).jpg,8160,3672,1,False,False,False,False,DETERMINISTIC_GROUP_SAMPLE
PLDD-UP,training_candidate,EB,Potato Early blight,EB/early-blight (1482).jpg,1600,719,PLDD-UP,training_candidate,LB,Potato Late blight,LB/late-blight (1033).jpg,8160,3672,2,False,False,False,False,DETERMINISTIC_GROUP_SAMPLE
PLDD-UP,training_candidate,EB,Potato Early blight,EB/early-blight (1493).jpg,8160,3672,PLDD-UP,training_candidate,LB,Potato Late blight,LB/late-blight (1033).jpg,8160,3672,4,False,False,False,False,DETERMINISTIC_GROUP_SAMPLE
PLDD-UP,training_candidate,EB,Potato Early blight,EB/early-blight (1502).jpg,1600,719,PLDD-UP,training_candidate,LB,Potato Late blight,LB/late-blight (1033).jpg,8160,3672,1,False,False,False,False,DETERMINISTIC_GROUP_SAMPLE
PLDD-UP,training_candidate,EB,Potato Early blight,EB/early-blight (1509).jpg,8160,3672,PLDD-UP,training_candidate,Healthy,Potato healthy,Healthy/healthy-leaf (1034).jpg,1600,719,3,False,False,False,False,DETERMINISTIC_GROUP_SAMPLE
PLDD-UP,training_candidate,EB,Potato Early blight,EB/early-blight (151).jpg,1600,719,PLDD-UP,training_candidate,LB,Potato Late blight,LB/late-blight (1033).jpg,8160,3672,4,False,False,False,False,DETERMINISTIC_GROUP_SAMPLE
PLDD-UP,training_candidate,EB,Potato Early blight,EB/early-blight (1527).jpg,8160,3672,PLDD-UP,training_candidate,LB,Potato Late blight,LB/late-blight (1033).jpg,8160,3672,3,False,False,False,False,DETERMINISTIC_GROUP_SAMPLE
PLDD-UP,training_candidate,EB,Potato Early blight,EB/early-blight (1532).jpg,8160,3672,PLDD-UP,training_candidate,LB,Potato Late blight,LB/late-blight (1033).jpg,8160,3672,1,False,False,False,False,DETERMINISTIC_GROUP_SAMPLE
PLDD-UP,training_candidate,EB,Potato Early blight,EB/early-blight (1533).jpg,8160,3672,PLDD-UP,training_candidate,LB,Potato Late blight,LB/late-blight (1033).jpg,8160,3672,4,False,False,False,False,DETERMINISTIC_GROUP_SAMPLE
PLDD-UP,training_candidate,EB,Potato Early blight,EB/early-blight (1536).jpg,1600,719,PLDD-UP,training_candidate,Healthy,Potato healthy,Healthy/healthy-leaf (1034).jpg,1600,719,2,False,False,False,False,DETERMINISTIC_GROUP_SAMPLE
PLDD-UP,training_candidate,EB,Potato Early blight,EB/early-blight (1536).jpg,1600,719,PLDD-UP,training_candidate,Healthy,Potato healthy,Healthy/healthy-leaf (1386).jpg,1600,719,0,False,False,False,False,DETERMINISTIC_GROUP_SAMPLE
PLDD-UP,training_candidate,EB,Potato Early blight,EB/early-blight (1536).jpg,1600,719,PLDD-UP,training_candidate,LB,Potato Late blight,LB/late-blight (1033).jpg,8160,3672,2,False,False,False,False,DETERMINISTIC_GROUP_SAMPLE
PLDD-UP,training_candidate,EB,Potato Early blight,EB/early-blight (1545).jpg,1600,719,PLDD-UP,training_candidate,LB,Potato Late blight,LB/late-blight (1033).jpg,8160,3672,3,False,False,False,False,DETERMINISTIC_GROUP_SAMPLE
PLDD-UP,training_candidate,EB,Potato Early blight,EB/early-blight (1546).jpg,8160,3672,PLDD-UP,training_candidate,LB,Potato Late blight,LB/late-blight (1033).jpg,8160,3672,3,False,False,False,False,DETERMINISTIC_GROUP_SAMPLE
PLDD-UP,training_candidate,EB,Potato Early blight,EB/early-blight (1582).jpg,1600,719,PLDD-UP,training_candidate,LB,Potato Late blight,LB/late-blight (1033).jpg,8160,3672,2,False,False,False,False,DETERMINISTIC_GROUP_SAMPLE
PLDD-UP,training_candidate,EB,Potato Early blight,EB/early-blight (1584).jpg,8160,3672,PLDD-UP,training_candidate,LB,Potato Late blight,LB/late-blight (1033).jpg,8160,3672,3,False,False,False,False,DETERMINISTIC_GROUP_SAMPLE
PLDD-UP,training_candidate,EB,Potato Early blight,EB/early-blight (1598).jpg,8160,3672,PLDD-UP,training_candidate,LB,Potato Late blight,LB/late-blight (1033).jpg,8160,3672,4,False,False,False,False,DETERMINISTIC_GROUP_SAMPLE
PLDD-UP,training_candidate,EB,Potato Early blight,EB/early-blight (1599).jpg,8160,3672,PLDD-UP,training_candidate,LB,Potato Late blight,LB/late-blight (1033).jpg,8160,3672,2,False,False,False,False,DETERMINISTIC_GROUP_SAMPLE
PLDD-UP,training_candidate,EB,Potato Early blight,EB/early-blight (1608).jpg,8160,3672,PLDD-UP,training_candidate,LB,Potato Late blight,LB/late-blight (1033).jpg,8160,3672,3,False,False,False,False,DETERMINISTIC_GROUP_SAMPLE
PLDD-UP,training_candidate,EB,Potato Early blight,EB/early-blight (1620).jpg,8160,3672,PLDD-UP,training_candidate,Healthy,Potato healthy,Healthy/healthy-leaf (1034).jpg,1600,719,3,False,False,False,False,DETERMINISTIC_GROUP_SAMPLE
PLDD-UP,training_candidate,EB,Potato Early blight,EB/early-blight (1632).jpg,1600,719,PLDD-UP,training_candidate,Healthy,Potato healthy,Healthy/healthy-leaf (1034).jpg,1600,719,1,False,False,False,False,DETERMINISTIC_GROUP_SAMPLE
PLDD-UP,training_candidate,EB,Potato Early blight,EB/early-blight (1632).jpg,1600,719,PLDD-UP,training_candidate,LB,Potato Late blight,LB/late-blight (1033).jpg,8160,3672,3,False,False,False,False,DETERMINISTIC_GROUP_SAMPLE
PLDD-UP,training_candidate,EB,Potato Early blight,EB/early-blight (1633).jpg,1600,719,PLDD-UP,training_candidate,Healthy,Potato healthy,Healthy/healthy-leaf (1034).jpg,1600,719,3,False,False,False,False,DETERMINISTIC_GROUP_SAMPLE
PLDD-UP,training_candidate,EB,Potato Early blight,EB/early-blight (1637).jpg,8160,3672,PLDD-UP,training_candidate,Healthy,Potato healthy,Healthy/healthy-leaf (1034).jpg,1600,719,2,False,False,False,False,DETERMINISTIC_GROUP_SAMPLE
PLDD-UP,training_candidate,EB,Potato Early blight,EB/early-blight (1637).jpg,8160,3672,PLDD-UP,training_candidate,LB,Potato Late blight,LB/late-blight (1033).jpg,8160,3672,2,False,False,False,False,DETERMINISTIC_GROUP_SAMPLE
PLDD-UP,training_candidate,EB,Potato Early blight,EB/early-blight (1641).jpg,8160,3672,PLDD-UP,training_candidate,Healthy,Potato healthy,Healthy/healthy-leaf (1034).jpg,1600,719,3,False,False,False,False,DETERMINISTIC_GROUP_SAMPLE
PLDD-UP,training_candidate,EB,Potato Early blight,EB/early-blight (1647).jpg,8160,3672,PLDD-UP,training_candidate,Healthy,Potato healthy,Healthy/healthy-leaf (1035).jpg,1600,719,1,False,False,False,False,DETERMINISTIC_GROUP_SAMPLE
PLDD-UP,training_candidate,EB,Potato Early blight,EB/early-blight (1647).jpg,8160,3672,PLDD-UP,training_candidate,LB,Potato Late blight,LB/late-blight (1033).jpg,8160,3672,3,False,False,False,False,DETERMINISTIC_GROUP_SAMPLE
PLDD-UP,training_candidate,EB,Potato Early blight,EB/early-blight (1662).jpg,1600,719,PLDD-UP,training_candidate,Healthy,Potato healthy,Healthy/healthy-leaf (1034).jpg,1600,719,3,False,False,False,False,DETERMINISTIC_GROUP_SAMPLE
PLDD-UP,training_candidate,EB,Potato Early blight,EB/early-blight (1679).jpg,8160,3672,PLDD-UP,training_candidate,LB,Potato Late blight,LB/late-blight (1033).jpg,8160,3672,3,False,False,False,False,DETERMINISTIC_GROUP_SAMPLE
PLDD-UP,training_candidate,EB,Potato Early blight,EB/early-blight (1685).jpg,1600,719,PLDD-UP,training_candidate,LB,Potato Late blight,LB/late-blight (1033).jpg,8160,3672,3,False,False,False,False,DETERMINISTIC_GROUP_SAMPLE
PLDD-UP,training_candidate,EB,Potato Early blight,EB/early-blight (1703).jpg,8160,3672,PLDD-UP,training_candidate,LB,Potato Late blight,LB/late-blight (1033).jpg,8160,3672,4,False,False,False,False,DETERMINISTIC_GROUP_SAMPLE
PLDD-UP,training_candidate,EB,Potato Early blight,EB/early-blight (1716).jpg,8160,3672,PLDD-UP,training_candidate,Healthy,Potato healthy,Healthy/healthy-leaf (1038).jpg,1600,719,1,False,False,False,False,DETERMINISTIC_GROUP_SAMPLE
PLDD-UP,training_candidate,EB,Potato Early blight,EB/early-blight (1716).jpg,8160,3672,PLDD-UP,training_candidate,LB,Potato Late blight,LB/late-blight (1033).jpg,8160,3672,3,False,False,False,False,DETERMINISTIC_GROUP_SAMPLE
PLDD-UP,training_candidate,EB,Potato Early blight,EB/early-blight (1718).jpg,1600,719,PLDD-UP,training_candidate,LB,Potato Late blight,LB/late-blight (1033).jpg,8160,3672,3,False,False,False,False,DETERMINISTIC_GROUP_SAMPLE
PLDD-UP,training_candidate,EB,Potato Early blight,EB/early-blight (172).jpg,8160,3672,PLDD-UP,training_candidate,Healthy,Potato healthy,Healthy/healthy-leaf (1034).jpg,1600,719,2,False,False,False,False,DETERMINISTIC_GROUP_SAMPLE
PLDD-UP,training_candidate,EB,Potato Early blight,EB/early-blight (172).jpg,8160,3672,PLDD-UP,training_candidate,LB,Potato Late blight,LB/late-blight (1033).jpg,8160,3672,4,False,False,False,False,DETERMINISTIC_GROUP_SAMPLE
PLDD-UP,training_candidate,EB,Potato Early blight,EB/early-blight (1722).jpg,8160,3672,PLDD-UP,training_candidate,Healthy,Potato healthy,Healthy/healthy-leaf (1034).jpg,1600,719,2,False,False,False,False,DETERMINISTIC_GROUP_SAMPLE
PLDD-UP,training_candidate,EB,Potato Early blight,EB/early-blight (1722).jpg,8160,3672,PLDD-UP,training_candidate,Healthy,Potato healthy,Healthy/healthy-leaf (1386).jpg,1600,719,0,False,False,False,False,DETERMINISTIC_GROUP_SAMPLE
PLDD-UP,training_candidate,EB,Potato Early blight,EB/early-blight (1722).jpg,8160,3672,PLDD-UP,training_candidate,LB,Potato Late blight,LB/late-blight (1033).jpg,8160,3672,2,False,False,False,False,DETERMINISTIC_GROUP_SAMPLE
PLDD-UP,training_candidate,EB,Potato Early blight,EB/early-blight (1726).jpg,1600,719,PLDD-UP,training_candidate,Healthy,Potato healthy,Healthy/healthy-leaf (1034).jpg,1600,719,2,False,False,False,False,DETERMINISTIC_GROUP_SAMPLE
PLDD-UP,training_candidate,EB,Potato Early blight,EB/early-blight (1731).jpg,1600,719,PLDD-UP,training_candidate,Healthy,Potato healthy,Healthy/healthy-leaf (1034).jpg,1600,719,2,False,False,False,False,DETERMINISTIC_GROUP_SAMPLE
PLDD-UP,training_candidate,EB,Potato Early blight,EB/early-blight (1731).jpg,1600,719,PLDD-UP,training_candidate,Healthy,Potato healthy,Healthy/healthy-leaf (1386).jpg,1600,719,0,False,False,False,False,DETERMINISTIC_GROUP_SAMPLE
PLDD-UP,training_candidate,EB,Potato Early blight,EB/early-blight (1731).jpg,1600,719,PLDD-UP,training_candidate,LB,Potato Late blight,LB/late-blight (1033).jpg,8160,3672,2,False,False,False,False,DETERMINISTIC_GROUP_SAMPLE
PLDD-UP,training_candidate,EB,Potato Early blight,EB/early-blight (1735).jpg,1600,719,PLDD-UP,training_candidate,LB,Potato Late blight,LB/late-blight (1033).jpg,8160,3672,4,False,False,False,False,DETERMINISTIC_GROUP_SAMPLE
PLDD-UP,training_candidate,EB,Potato Early blight,EB/early-blight (1756).jpg,8160,3672,PLDD-UP,training_candidate,LB,Potato Late blight,LB/late-blight (1033).jpg,8160,3672,3,False,False,False,False,DETERMINISTIC_GROUP_SAMPLE
PLDD-UP,training_candidate,EB,Potato Early blight,EB/early-blight (1760).jpg,1600,719,PLDD-UP,training_candidate,LB,Potato Late blight,LB/late-blight (1033).jpg,8160,3672,2,False,False,False,False,DETERMINISTIC_GROUP_SAMPLE
PLDD-UP,training_candidate,EB,Potato Early blight,EB/early-blight (1764).jpg,8160,3672,PLDD-UP,training_candidate,Healthy,Potato healthy,Healthy/healthy-leaf (1034).jpg,1600,719,3,False,False,False,False,DETERMINISTIC_GROUP_SAMPLE
PLDD-UP,training_candidate,EB,Potato Early blight,EB/early-blight (177).jpg,1600,719,PLDD-UP,training_candidate,Healthy,Potato healthy,Healthy/healthy-leaf (1056).jpg,1600,719,0,False,False,False,False,DETERMINISTIC_GROUP_SAMPLE
PLDD-UP,training_candidate,EB,Potato Early blight,EB/early-blight (1775).jpg,8160,3672,PLDD-UP,training_candidate,Healthy,Potato healthy,Healthy/healthy-leaf (1035).jpg,1600,719,1,False,False,False,False,DETERMINISTIC_GROUP_SAMPLE
PLDD-UP,training_candidate,EB,Potato Early blight,EB/early-blight (1795).jpg,8160,3672,PLDD-UP,training_candidate,Healthy,Potato healthy,Healthy/healthy-leaf (1034).jpg,1600,719,3,False,False,False,False,DETERMINISTIC_GROUP_SAMPLE
PLDD-UP,training_candidate,EB,Potato Early blight,EB/early-blight (1803).jpg,8160,3672,PLDD-UP,training_candidate,LB,Potato Late blight,LB/late-blight (1033).jpg,8160,3672,3,False,False,False,False,DETERMINISTIC_GROUP_SAMPLE
PLDD-UP,training_candidate,EB,Potato Early blight,EB/early-blight (1804).jpg,8160,3672,PLDD-UP,training_candidate,LB,Potato Late blight,LB/late-blight (1033).jpg,8160,3672,4,False,False,False,False,DETERMINISTIC_GROUP_SAMPLE
PLDD-UP,training_candidate,EB,Potato Early blight,EB/early-blight (1806).jpg,1600,719,PLDD-UP,training_candidate,Healthy,Potato healthy,Healthy/healthy-leaf (1034).jpg,1600,719,3,False,False,False,False,DETERMINISTIC_GROUP_SAMPLE
PLDD-UP,training_candidate,EB,Potato Early blight,EB/early-blight (1818).jpg,8160,3672,PLDD-UP,training_candidate,Healthy,Potato healthy,Healthy/healthy-leaf (1034).jpg,1600,719,3,False,False,False,False,DETERMINISTIC_GROUP_SAMPLE
PLDD-UP,training_candidate,EB,Potato Early blight,EB/early-blight (1823).jpg,8160,3672,PLDD-UP,training_candidate,Healthy,Potato healthy,Healthy/healthy-leaf (1034).jpg,1600,719,1,False,False,False,False,DETERMINISTIC_GROUP_SAMPLE
PLDD-UP,training_candidate,EB,Potato Early blight,EB/early-blight (1868).jpg,8160,3672,PLDD-UP,training_candidate,Healthy,Potato healthy,Healthy/healthy-leaf (1034).jpg,1600,719,2,False,False,False,False,DETERMINISTIC_GROUP_SAMPLE
PLDD-UP,training_candidate,EB,Potato Early blight,EB/early-blight (187).jpg,8160,3672,PLDD-UP,training_candidate,Healthy,Potato healthy,Healthy/healthy-leaf (1035).jpg,1600,719,1,False,False,False,False,DETERMINISTIC_GROUP_SAMPLE
PLDD-UP,training_candidate,EB,Potato Early blight,EB/early-blight (1903).jpg,1600,719,PLDD-UP,training_candidate,LB,Potato Late blight,LB/late-blight (1033).jpg,8160,3672,4,False,False,False,False,DETERMINISTIC_GROUP_SAMPLE
PLDD-UP,training_candidate,EB,Potato Early blight,EB/early-blight (1929).jpg,8160,3672,PLDD-UP,training_candidate,Healthy,Potato healthy,Healthy/healthy-leaf (1034).jpg,1600,719,2,False,False,False,False,DETERMINISTIC_GROUP_SAMPLE
PLDD-UP,training_candidate,EB,Potato Early blight,EB/early-blight (1960).jpg,1600,719,PLDD-UP,training_candidate,LB,Potato Late blight,LB/late-blight (1033).jpg,8160,3672,4,False,False,False,False,DETERMINISTIC_GROUP_SAMPLE
PLDD-UP,training_candidate,EB,Potato Early blight,EB/early-blight (1976).jpg,8160,3672,PLDD-UP,training_candidate,LB,Potato Late blight,LB/late-blight (1033).jpg,8160,3672,4,False,False,False,False,DETERMINISTIC_GROUP_SAMPLE
PLDD-UP,training_candidate,EB,Potato Early blight,EB/early-blight (1979).jpg,8160,3672,PLDD-UP,training_candidate,Healthy,Potato healthy,Healthy/healthy-leaf (1034).jpg,1600,719,3,False,False,False,False,DETERMINISTIC_GROUP_SAMPLE
PLDD-UP,training_candidate,EB,Potato Early blight,EB/early-blight (2028).jpg,8160,3672,PLDD-UP,training_candidate,LB,Potato Late blight,LB/late-blight (1033).jpg,8160,3672,4,False,False,False,False,DETERMINISTIC_GROUP_SAMPLE
PLDD-UP,training_candidate,EB,Potato Early blight,EB/early-blight (205).jpg,8160,3672,PLDD-UP,training_candidate,LB,Potato Late blight,LB/late-blight (1033).jpg,8160,3672,4,False,False,False,False,DETERMINISTIC_GROUP_SAMPLE
PLDD-UP,training_candidate,EB,Potato Early blight,EB/early-blight (2050).jpg,1600,719,PLDD-UP,training_candidate,LB,Potato Late blight,LB/late-blight (1033).jpg,8160,3672,4,False,False,False,False,DETERMINISTIC_GROUP_SAMPLE
PLDD-UP,training_candidate,EB,Potato Early blight,EB/early-blight (2062).jpg,1600,719,PLDD-UP,training_candidate,Healthy,Potato healthy,Healthy/healthy-leaf (1034).jpg,1600,719,3,False,False,False,False,DETERMINISTIC_GROUP_SAMPLE
PLDD-UP,training_candidate,EB,Potato Early blight,EB/early-blight (2096).jpg,8160,3672,PLDD-UP,training_candidate,Healthy,Potato healthy,Healthy/healthy-leaf (1034).jpg,1600,719,3,False,False,False,False,DETERMINISTIC_GROUP_SAMPLE
PLDD-UP,training_candidate,EB,Potato Early blight,EB/early-blight (2101).jpg,1600,719,PLDD-UP,training_candidate,Healthy,Potato healthy,Healthy/healthy-leaf (1034).jpg,1600,719,1,False,False,False,False,DETERMINISTIC_GROUP_SAMPLE
PLDD-UP,training_candidate,EB,Potato Early blight,EB/early-blight (2115).jpg,1600,719,PLDD-UP,training_candidate,Healthy,Potato healthy,Healthy/healthy-leaf (1034).jpg,1600,719,3,False,False,False,False,DETERMINISTIC_GROUP_SAMPLE
PLDD-UP,training_candidate,EB,Potato Early blight,EB/early-blight (2127).jpg,8160,3672,PLDD-UP,training_candidate,Healthy,Potato healthy,Healthy/healthy-leaf (1034).jpg,1600,719,3,False,False,False,False,DETERMINISTIC_GROUP_SAMPLE
PLDD-UP,training_candidate,EB,Potato Early blight,EB/early-blight (2143).jpg,8160,3672,PLDD-UP,training_candidate,Healthy,Potato healthy,Healthy/healthy-leaf (1034).jpg,1600,719,2,False,False,False,False,DETERMINISTIC_GROUP_SAMPLE
PLDD-UP,training_candidate,EB,Potato Early blight,EB/early-blight (2143).jpg,8160,3672,PLDD-UP,training_candidate,LB,Potato Late blight,LB/late-blight (1033).jpg,8160,3672,4,False,False,False,False,DETERMINISTIC_GROUP_SAMPLE
PLDD-UP,training_candidate,EB,Potato Early blight,EB/early-blight (2146).jpg,8160,3672,PLDD-UP,training_candidate,Healthy,Potato healthy,Healthy/healthy-leaf (1034).jpg,1600,719,2,False,False,False,False,DETERMINISTIC_GROUP_SAMPLE
PLDD-UP,training_candidate,EB,Potato Early blight,EB/early-blight (2146).jpg,8160,3672,PLDD-UP,training_candidate,Healthy,Potato healthy,Healthy/healthy-leaf (1386).jpg,1600,719,0,False,False,False,False,DETERMINISTIC_GROUP_SAMPLE
PLDD-UP,training_candidate,EB,Potato Early blight,EB/early-blight (2185).jpg,1600,719,PLDD-UP,training_candidate,LB,Potato Late blight,LB/late-blight (1033).jpg,8160,3672,4,False,False,False,False,DETERMINISTIC_GROUP_SAMPLE
PLDD-UP,training_candidate,EB,Potato Early blight,EB/early-blight (2188).jpg,8160,3672,PLDD-UP,training_candidate,Healthy,Potato healthy,Healthy/healthy-leaf (1034).jpg,1600,719,2,False,False,False,False,DETERMINISTIC_GROUP_SAMPLE
PLDD-UP,training_candidate,EB,Potato Early blight,EB/early-blight (2188).jpg,8160,3672,PLDD-UP,training_candidate,Healthy,Potato healthy,Healthy/healthy-leaf (1386).jpg,1600,719,0,False,False,False,False,DETERMINISTIC_GROUP_SAMPLE
PLDD-UP,training_candidate,EB,Potato Early blight,EB/early-blight (2192).jpg,8160,3672,PLDD-UP,training_candidate,Healthy,Potato healthy,Healthy/healthy-leaf (1034).jpg,1600,719,1,False,False,False,False,DETERMINISTIC_GROUP_SAMPLE
PLDD-UP,training_candidate,EB,Potato Early blight,EB/early-blight (2262).jpg,8160,3672,PLDD-UP,training_candidate,Healthy,Potato healthy,Healthy/healthy-leaf (1034).jpg,1600,719,3,False,False,False,False,DETERMINISTIC_GROUP_SAMPLE
PLDD-UP,training_candidate,EB,Potato Early blight,EB/early-blight (2269).jpg,8160,3672,PLDD-UP,training_candidate,Healthy,Potato healthy,Healthy/healthy-leaf (1034).jpg,1600,719,2,False,False,False,False,DETERMINISTIC_GROUP_SAMPLE
PLDD-UP,training_candidate,EB,Potato Early blight,EB/early-blight (2301).jpg,1600,719,PLDD-UP,training_candidate,Healthy,Potato healthy,Healthy/healthy-leaf (1035).jpg,1600,719,1,False,False,False,False,DETERMINISTIC_GROUP_SAMPLE
PLDD-UP,training_candidate,EB,Potato Early blight,EB/early-blight (2319).jpg,8160,3672,PLDD-UP,training_candidate,Healthy,Potato healthy,Healthy/healthy-leaf (1034).jpg,1600,719,3,False,False,False,False,DETERMINISTIC_GROUP_SAMPLE
PLDD-UP,training_candidate,EB,Potato Early blight,EB/early-blight (2332).jpg,1600,719,PLDD-UP,training_candidate,Healthy,Potato healthy,Healthy/healthy-leaf (1387).jpg,1600,719,0,False,False,False,False,DETERMINISTIC_GROUP_SAMPLE
PLDD-UP,training_candidate,EB,Potato Early blight,EB/early-blight (2341).jpg,8160,3672,PLDD-UP,training_candidate,Healthy,Potato healthy,Healthy/healthy-leaf (1387).jpg,1600,719,0,False,False,False,False,DETERMINISTIC_GROUP_SAMPLE
PLDD-UP,training_candidate,EB,Potato Early blight,EB/early-blight (2344).jpg,8160,3672,PLDD-UP,training_candidate,Healthy,Potato healthy,Healthy/healthy-leaf (1034).jpg,1600,719,3,False,False,False,False,DETERMINISTIC_GROUP_SAMPLE
PLDD-UP,training_candidate,EB,Potato Early blight,EB/early-blight (2432).jpg,1600,719,PLDD-UP,training_candidate,LB,Potato Late blight,LB/late-blight (1033).jpg,8160,3672,4,False,False,False,False,DETERMINISTIC_GROUP_SAMPLE
PLDD-UP,training_candidate,EB,Potato Early blight,EB/early-blight (2454).jpg,1600,719,PLDD-UP,training_candidate,LB,Potato Late blight,LB/late-blight (1033).jpg,8160,3672,4,False,False,False,False,DETERMINISTIC_GROUP_SAMPLE
PLDD-UP,training_candidate,EB,Potato Early blight,EB/early-blight (2456).jpg,8160,3672,PLDD-UP,training_candidate,Healthy,Potato healthy,Healthy/healthy-leaf (1035).jpg,1600,719,1,False,False,False,False,DETERMINISTIC_GROUP_SAMPLE
PLDD-UP,training_candidate,EB,Potato Early blight,EB/early-blight (2481).jpg,1600,719,PLDD-UP,training_candidate,LB,Potato Late blight,LB/late-blight (1033).jpg,8160,3672,4,False,False,False,False,DETERMINISTIC_GROUP_SAMPLE
PLDD-UP,training_candidate,EB,Potato Early blight,EB/early-blight (2524).jpg,8160,3672,PLDD-UP,training_candidate,Healthy,Potato healthy,Healthy/healthy-leaf (1034).jpg,1600,719,1,False,False,False,False,DETERMINISTIC_GROUP_SAMPLE
PLDD-UP,training_candidate,EB,Potato Early blight,EB/early-blight (259).jpg,8160,3672,PLDD-UP,training_candidate,LB,Potato Late blight,LB/late-blight (1033).jpg,8160,3672,4,False,False,False,False,DETERMINISTIC_GROUP_SAMPLE
PLDD-UP,training_candidate,EB,Potato Early blight,EB/early-blight (2654).jpg,1600,719,PLDD-UP,training_candidate,Healthy,Potato healthy,Healthy/healthy-leaf (1038).jpg,1600,719,1,False,False,False,False,DETERMINISTIC_GROUP_SAMPLE
PLDD-UP,training_candidate,EB,Potato Early blight,EB/early-blight (2759).jpg,1600,719,PLDD-UP,training_candidate,Healthy,Potato healthy,Healthy/healthy-leaf (1035).jpg,1600,719,1,False,False,False,False,DETERMINISTIC_GROUP_SAMPLE
PLDD-UP,training_candidate,EB,Potato Early blight,EB/early-blight (2762).jpg,8160,3672,PLDD-UP,training_candidate,Healthy,Potato healthy,Healthy/healthy-leaf (1038).jpg,1600,719,1,False,False,False,False,DETERMINISTIC_GROUP_SAMPLE
PLDD-UP,training_candidate,EB,Potato Early blight,EB/early-blight (2804).jpg,8160,3672,PLDD-UP,training_candidate,Healthy,Potato healthy,Healthy/healthy-leaf (1034).jpg,1600,719,2,False,False,False,False,DETERMINISTIC_GROUP_SAMPLE
PLDD-UP,training_candidate,EB,Potato Early blight,EB/early-blight (2804).jpg,8160,3672,PLDD-UP,training_candidate,Healthy,Potato healthy,Healthy/healthy-leaf (1386).jpg,1600,719,0,False,False,False,False,DETERMINISTIC_GROUP_SAMPLE
PLDD-UP,training_candidate,EB,Potato Early blight,EB/early-blight (2920).jpg,8160,3672,PLDD-UP,training_candidate,Healthy,Potato healthy,Healthy/healthy-leaf (1035).jpg,1600,719,1,False,False,False,False,DETERMINISTIC_GROUP_SAMPLE
PLDD-UP,training_candidate,EB,Potato Early blight,EB/early-blight (3045).jpg,1600,719,PLDD-UP,training_candidate,Healthy,Potato healthy,Healthy/healthy-leaf (1034).jpg,1600,719,2,False,False,False,False,DETERMINISTIC_GROUP_SAMPLE
PLDD-UP,training_candidate,EB,Potato Early blight,EB/early-blight (3045).jpg,1600,719,PLDD-UP,training_candidate,Healthy,Potato healthy,Healthy/healthy-leaf (1386).jpg,1600,719,0,False,False,False,False,DETERMINISTIC_GROUP_SAMPLE
PLDD-UP,training_candidate,EB,Potato Early blight,EB/early-blight (3075).jpg,1600,719,PLDD-UP,training_candidate,Healthy,Potato healthy,Healthy/healthy-leaf (1034).jpg,1600,719,2,False,False,False,False,DETERMINISTIC_GROUP_SAMPLE
PLDD-UP,training_candidate,EB,Potato Early blight,EB/early-blight (3104).jpg,8160,3672,PLDD-UP,training_candidate,Healthy,Potato healthy,Healthy/healthy-leaf (1034).jpg,1600,719,1,False,False,False,False,DETERMINISTIC_GROUP_SAMPLE
PLDD-UP,training_candidate,EB,Potato Early blight,EB/early-blight (3191).jpg,8160,3672,PLDD-UP,training_candidate,Healthy,Potato healthy,Healthy/healthy-leaf (1035).jpg,1600,719,1,False,False,False,False,DETERMINISTIC_GROUP_SAMPLE
PLDD-UP,training_candidate,EB,Potato Early blight,EB/early-blight (359).jpg,8160,3672,PLDD-UP,training_candidate,Healthy,Potato healthy,Healthy/healthy-leaf (1034).jpg,1600,719,1,False,False,False,False,DETERMINISTIC_GROUP_SAMPLE
PLDD-UP,training_candidate,EB,Potato Early blight,EB/early-blight (404).jpg,8160,3672,PLDD-UP,training_candidate,Healthy,Potato healthy,Healthy/healthy-leaf (1034).jpg,1600,719,2,False,False,False,False,DETERMINISTIC_GROUP_SAMPLE
PLDD-UP,training_candidate,EB,Potato Early blight,EB/early-blight (404).jpg,8160,3672,PLDD-UP,training_candidate,Healthy,Potato healthy,Healthy/healthy-leaf (1386).jpg,1600,719,0,False,False,False,False,DETERMINISTIC_GROUP_SAMPLE
PLDD-UP,training_candidate,EB,Potato Early blight,EB/early-blight (435).jpg,8160,3672,PLDD-UP,training_candidate,Healthy,Potato healthy,Healthy/healthy-leaf (1034).jpg,1600,719,1,False,False,False,False,DETERMINISTIC_GROUP_SAMPLE
PLDD-UP,training_candidate,EB,Potato Early blight,EB/early-blight (560).jpg,8160,3672,PLDD-UP,training_candidate,Healthy,Potato healthy,Healthy/healthy-leaf (1038).jpg,1600,719,1,False,False,False,False,DETERMINISTIC_GROUP_SAMPLE
PLDD-UP,training_candidate,EB,Potato Early blight,EB/early-blight (580).jpg,8160,3672,PLDD-UP,training_candidate,Healthy,Potato healthy,Healthy/healthy-leaf (1387).jpg,1600,719,0,False,False,False,False,DETERMINISTIC_GROUP_SAMPLE
PLDD-UP,training_candidate,EB,Potato Early blight,EB/early-blight (605).jpg,1600,719,PLDD-UP,training_candidate,Healthy,Potato healthy,Healthy/healthy-leaf (1034).jpg,1600,719,2,False,False,False,False,DETERMINISTIC_GROUP_SAMPLE
PLDD-UP,training_candidate,EB,Potato Early blight,EB/early-blight (659).jpg,8160,3672,PLDD-UP,training_candidate,Healthy,Potato healthy,Healthy/healthy-leaf (1387).jpg,1600,719,0,False,False,False,False,DETERMINISTIC_GROUP_SAMPLE
PLDD-UP,training_candidate,EB,Potato Early blight,EB/early-blight (711).jpg,1600,719,PLDD-UP,training_candidate,Healthy,Potato healthy,Healthy/healthy-leaf (1387).jpg,1600,719,0,False,False,False,False,DETERMINISTIC_GROUP_SAMPLE
PLDD-UP,training_candidate,EB,Potato Early blight,EB/early-blight (738).jpg,1600,719,PLDD-UP,training_candidate,Healthy,Potato healthy,Healthy/healthy-leaf (1387).jpg,1600,719,0,False,False,False,False,DETERMINISTIC_GROUP_SAMPLE
PLDD-UP,training_candidate,EB,Potato Early blight,EB/early-blight (753).jpg,8160,3672,PLDD-UP,training_candidate,Healthy,Potato healthy,Healthy/healthy-leaf (1034).jpg,1600,719,2,False,False,False,False,DETERMINISTIC_GROUP_SAMPLE
PLDD-UP,training_candidate,EB,Potato Early blight,EB/early-blight (806).jpg,8160,3672,PLDD-UP,training_candidate,Healthy,Potato healthy,Healthy/healthy-leaf (1038).jpg,1600,719,1,False,False,False,False,DETERMINISTIC_GROUP_SAMPLE
PLDD-UP,training_candidate,EB,Potato Early blight,EB/early-blight (881).jpg,1600,719,PLDD-UP,training_candidate,Healthy,Potato healthy,Healthy/healthy-leaf (1057).jpg,1600,719,0,False,False,False,False,DETERMINISTIC_GROUP_SAMPLE
PLDD-UP,training_candidate,EB,Potato Early blight,EB/early-blight (896).jpg,1600,719,PLDD-UP,training_candidate,Healthy,Potato healthy,Healthy/healthy-leaf (1052).jpg,1600,719,0,False,False,False,False,DETERMINISTIC_GROUP_SAMPLE
PLDD-UP,training_candidate,EB,Potato Early blight,EB/early-blight (902).jpg,8160,3672,PLDD-UP,training_candidate,Healthy,Potato healthy,Healthy/healthy-leaf (1034).jpg,1600,719,2,False,False,False,False,DETERMINISTIC_GROUP_SAMPLE
PLDD-UP,training_candidate,EB,Potato Early blight,EB/early-blight (902).jpg,8160,3672,PLDD-UP,training_candidate,Healthy,Potato healthy,Healthy/healthy-leaf (1386).jpg,1600,719,0,False,False,False,False,DETERMINISTIC_GROUP_SAMPLE
PLDD-UP,training_candidate,EB,Potato Early blight,EB/early-blight (954).jpg,1600,719,PLDD-UP,training_candidate,Healthy,Potato healthy,Healthy/healthy-leaf (1387).jpg,1600,719,0,False,False,False,False,DETERMINISTIC_GROUP_SAMPLE
PLDD-UP,training_candidate,Healthy,Potato healthy,Healthy/healthy-leaf (1034).jpg,1600,719,PLDD-UP,training_candidate,Healthy,Potato healthy,Healthy/healthy-leaf (1039).jpg,1600,719,4,True,True,False,False,DETERMINISTIC_GROUP_SAMPLE
PLDD-UP,training_candidate,Healthy,Potato healthy,Healthy/healthy-leaf (1034).jpg,1600,719,PLDD-UP,training_candidate,Healthy,Potato healthy,Healthy/healthy-leaf (1052).jpg,1600,719,4,True,True,False,False,DETERMINISTIC_GROUP_SAMPLE
PLDD-UP,training_candidate,Healthy,Potato healthy,Healthy/healthy-leaf (1034).jpg,1600,719,PLDD-UP,training_candidate,Healthy,Potato healthy,Healthy/healthy-leaf (1062).jpg,1600,719,3,True,True,False,False,DETERMINISTIC_GROUP_SAMPLE
PLDD-UP,training_candidate,Healthy,Potato healthy,Healthy/healthy-leaf (1034).jpg,1600,719,PLDD-UP,training_candidate,Healthy,Potato healthy,Healthy/healthy-leaf (1070).jpg,1600,719,2,True,True,False,False,DETERMINISTIC_GROUP_SAMPLE
PLDD-UP,training_candidate,Healthy,Potato healthy,Healthy/healthy-leaf (1034).jpg,1600,719,PLDD-UP,training_candidate,Healthy,Potato healthy,Healthy/healthy-leaf (1075).jpg,1600,719,2,True,True,False,False,DETERMINISTIC_GROUP_SAMPLE
PLDD-UP,training_candidate,Healthy,Potato healthy,Healthy/healthy-leaf (1034).jpg,1600,719,PLDD-UP,training_candidate,Healthy,Potato healthy,Healthy/healthy-leaf (1076).jpg,1600,719,3,True,True,False,False,DETERMINISTIC_GROUP_SAMPLE
PLDD-UP,training_candidate,Healthy,Potato healthy,Healthy/healthy-leaf (1034).jpg,1600,719,PLDD-UP,training_candidate,Healthy,Potato healthy,Healthy/healthy-leaf (1081).jpg,1600,719,3,True,True,False,False,DETERMINISTIC_GROUP_SAMPLE
PLDD-UP,training_candidate,Healthy,Potato healthy,Healthy/healthy-leaf (1034).jpg,1600,719,PLDD-UP,training_candidate,Healthy,Potato healthy,Healthy/healthy-leaf (1082).jpg,1600,719,3,True,True,False,False,DETERMINISTIC_GROUP_SAMPLE
PLDD-UP,training_candidate,Healthy,Potato healthy,Healthy/healthy-leaf (1034).jpg,1600,719,PLDD-UP,training_candidate,Healthy,Potato healthy,Healthy/healthy-leaf (1386).jpg,1600,719,2,True,True,False,False,DETERMINISTIC_GROUP_SAMPLE
PLDD-UP,training_candidate,Healthy,Potato healthy,Healthy/healthy-leaf (1034).jpg,1600,719,PLDD-UP,training_candidate,LB,Potato Late blight,LB/late-blight (1033).jpg,8160,3672,4,False,False,False,False,DETERMINISTIC_GROUP_SAMPLE
PLDD-UP,training_candidate,Healthy,Potato healthy,Healthy/healthy-leaf (1035).jpg,1600,719,PLDD-UP,training_candidate,Healthy,Potato healthy,Healthy/healthy-leaf (1038).jpg,1600,719,4,True,True,False,False,DETERMINISTIC_GROUP_SAMPLE
PLDD-UP,training_candidate,Healthy,Potato healthy,Healthy/healthy-leaf (1035).jpg,1600,719,PLDD-UP,training_candidate,Healthy,Potato healthy,Healthy/healthy-leaf (1053).jpg,1600,719,4,True,True,False,False,DETERMINISTIC_GROUP_SAMPLE
PLDD-UP,training_candidate,Healthy,Potato healthy,Healthy/healthy-leaf (1035).jpg,1600,719,PLDD-UP,training_candidate,Healthy,Potato healthy,Healthy/healthy-leaf (1063).jpg,1600,719,3,True,True,False,False,DETERMINISTIC_GROUP_SAMPLE
PLDD-UP,training_candidate,Healthy,Potato healthy,Healthy/healthy-leaf (1035).jpg,1600,719,PLDD-UP,training_candidate,Healthy,Potato healthy,Healthy/healthy-leaf (1071).jpg,1600,719,2,True,True,False,False,DETERMINISTIC_GROUP_SAMPLE
PLDD-UP,training_candidate,Healthy,Potato healthy,Healthy/healthy-leaf (1035).jpg,1600,719,PLDD-UP,training_candidate,Healthy,Potato healthy,Healthy/healthy-leaf (1074).jpg,1600,719,2,True,True,False,False,DETERMINISTIC_GROUP_SAMPLE
PLDD-UP,training_candidate,Healthy,Potato healthy,Healthy/healthy-leaf (1035).jpg,1600,719,PLDD-UP,training_candidate,Healthy,Potato healthy,Healthy/healthy-leaf (1077).jpg,1600,719,3,True,True,False,False,DETERMINISTIC_GROUP_SAMPLE
PLDD-UP,training_candidate,Healthy,Potato healthy,Healthy/healthy-leaf (1035).jpg,1600,719,PLDD-UP,training_candidate,Healthy,Potato healthy,Healthy/healthy-leaf (1080).jpg,1600,719,3,True,True,False,False,DETERMINISTIC_GROUP_SAMPLE
PLDD-UP,training_candidate,Healthy,Potato healthy,Healthy/healthy-leaf (1035).jpg,1600,719,PLDD-UP,training_candidate,Healthy,Potato healthy,Healthy/healthy-leaf (1387).jpg,1600,719,2,True,True,False,False,DETERMINISTIC_GROUP_SAMPLE
PLDD-UP,training_candidate,Healthy,Potato healthy,Healthy/healthy-leaf (1035).jpg,1600,719,PLDD-UP,training_candidate,LB,Potato Late blight,LB/late-blight (1033).jpg,8160,3672,4,False,False,False,False,DETERMINISTIC_GROUP_SAMPLE
PLDD-UP,training_candidate,Healthy,Potato healthy,Healthy/healthy-leaf (1038).jpg,1600,719,PLDD-UP,training_candidate,Healthy,Potato healthy,Healthy/healthy-leaf (1056).jpg,1600,719,4,True,True,False,False,DETERMINISTIC_GROUP_SAMPLE
PLDD-UP,training_candidate,Healthy,Potato healthy,Healthy/healthy-leaf (1038).jpg,1600,719,PLDD-UP,training_candidate,Healthy,Potato healthy,Healthy/healthy-leaf (1058).jpg,1600,719,3,True,True,False,False,DETERMINISTIC_GROUP_SAMPLE
PLDD-UP,training_candidate,Healthy,Potato healthy,Healthy/healthy-leaf (1038).jpg,1600,719,PLDD-UP,training_candidate,Healthy,Potato healthy,Healthy/healthy-leaf (1071).jpg,1600,719,2,True,True,False,False,DETERMINISTIC_GROUP_SAMPLE
PLDD-UP,training_candidate,Healthy,Potato healthy,Healthy/healthy-leaf (1038).jpg,1600,719,PLDD-UP,training_candidate,Healthy,Potato healthy,Healthy/healthy-leaf (1074).jpg,1600,719,2,True,True,False,False,DETERMINISTIC_GROUP_SAMPLE
PLDD-UP,training_candidate,Healthy,Potato healthy,Healthy/healthy-leaf (1038).jpg,1600,719,PLDD-UP,training_candidate,Healthy,Potato healthy,Healthy/healthy-leaf (1077).jpg,1600,719,3,True,True,False,False,DETERMINISTIC_GROUP_SAMPLE
PLDD-UP,training_candidate,Healthy,Potato healthy,Healthy/healthy-leaf (1038).jpg,1600,719,PLDD-UP,training_candidate,Healthy,Potato healthy,Healthy/healthy-leaf (1080).jpg,1600,719,3,True,True,False,False,DETERMINISTIC_GROUP_SAMPLE
PLDD-UP,training_candidate,Healthy,Potato healthy,Healthy/healthy-leaf (1038).jpg,1600,719,PLDD-UP,training_candidate,LB,Potato Late blight,LB/late-blight (1033).jpg,8160,3672,4,False,False,False,False,DETERMINISTIC_GROUP_SAMPLE
PLDD-UP,training_candidate,Healthy,Potato healthy,Healthy/healthy-leaf (1039).jpg,1600,719,PLDD-UP,training_candidate,Healthy,Potato healthy,Healthy/healthy-leaf (1057).jpg,1600,719,4,True,True,False,False,DETERMINISTIC_GROUP_SAMPLE
PLDD-UP,training_candidate,Healthy,Potato healthy,Healthy/healthy-leaf (1039).jpg,1600,719,PLDD-UP,training_candidate,Healthy,Potato healthy,Healthy/healthy-leaf (1059).jpg,1600,719,3,True,True,False,False,DETERMINISTIC_GROUP_SAMPLE
PLDD-UP,training_candidate,Healthy,Potato healthy,Healthy/healthy-leaf (1039).jpg,1600,719,PLDD-UP,training_candidate,Healthy,Potato healthy,Healthy/healthy-leaf (1070).jpg,1600,719,2,True,True,False,False,DETERMINISTIC_GROUP_SAMPLE
PLDD-UP,training_candidate,Healthy,Potato healthy,Healthy/healthy-leaf (1039).jpg,1600,719,PLDD-UP,training_candidate,Healthy,Potato healthy,Healthy/healthy-leaf (1075).jpg,1600,719,2,True,True,False,False,DETERMINISTIC_GROUP_SAMPLE
PLDD-UP,training_candidate,Healthy,Potato healthy,Healthy/healthy-leaf (1039).jpg,1600,719,PLDD-UP,training_candidate,Healthy,Potato healthy,Healthy/healthy-leaf (1076).jpg,1600,719,3,True,True,False,False,DETERMINISTIC_GROUP_SAMPLE
PLDD-UP,training_candidate,Healthy,Potato healthy,Healthy/healthy-leaf (1039).jpg,1600,719,PLDD-UP,training_candidate,Healthy,Potato healthy,Healthy/healthy-leaf (1081).jpg,1600,719,3,True,True,False,False,DETERMINISTIC_GROUP_SAMPLE
PLDD-UP,training_candidate,Healthy,Potato healthy,Healthy/healthy-leaf (1039).jpg,1600,719,PLDD-UP,training_candidate,LB,Potato Late blight,LB/late-blight (1033).jpg,8160,3672,4,False,False,False,False,DETERMINISTIC_GROUP_SAMPLE
PLDD-UP,training_candidate,Healthy,Potato healthy,Healthy/healthy-leaf (1040).jpg,1600,719,PLDD-UP,training_candidate,Healthy,Potato healthy,Healthy/healthy-leaf (1041).jpg,1600,719,2,True,True,False,False,DETERMINISTIC_GROUP_SAMPLE
PLDD-UP,training_candidate,Healthy,Potato healthy,Healthy/healthy-leaf (1040).jpg,1600,719,PLDD-UP,training_candidate,Healthy,Potato healthy,Healthy/healthy-leaf (1068).jpg,1600,719,4,True,True,False,False,DETERMINISTIC_GROUP_SAMPLE
PLDD-UP,training_candidate,Healthy,Potato healthy,Healthy/healthy-leaf (1040).jpg,1600,719,PLDD-UP,training_candidate,Healthy,Potato healthy,Healthy/healthy-leaf (1069).jpg,1600,719,4,True,True,False,False,DETERMINISTIC_GROUP_SAMPLE
PLDD-UP,training_candidate,Healthy,Potato healthy,Healthy/healthy-leaf (1041).jpg,1600,719,PLDD-UP,training_candidate,Healthy,Potato healthy,Healthy/healthy-leaf (1068).jpg,1600,719,4,True,True,False,False,DETERMINISTIC_GROUP_SAMPLE
PLDD-UP,training_candidate,Healthy,Potato healthy,Healthy/healthy-leaf (1041).jpg,1600,719,PLDD-UP,training_candidate,Healthy,Potato healthy,Healthy/healthy-leaf (1069).jpg,1600,719,4,True,True,False,False,DETERMINISTIC_GROUP_SAMPLE
PLDD-UP,training_candidate,Healthy,Potato healthy,Healthy/healthy-leaf (1044).jpg,1600,719,PLDD-UP,training_candidate,Healthy,Potato healthy,Healthy/healthy-leaf (1045).jpg,1600,719,2,True,True,False,False,DETERMINISTIC_GROUP_SAMPLE
PLDD-UP,training_candidate,Healthy,Potato healthy,Healthy/healthy-leaf (1044).jpg,1600,719,PLDD-UP,training_candidate,Healthy,Potato healthy,Healthy/healthy-leaf (1064).jpg,1600,719,4,True,True,False,False,DETERMINISTIC_GROUP_SAMPLE
PLDD-UP,training_candidate,Healthy,Potato healthy,Healthy/healthy-leaf (1044).jpg,1600,719,PLDD-UP,training_candidate,Healthy,Potato healthy,Healthy/healthy-leaf (1065).jpg,1600,719,4,True,True,False,False,DETERMINISTIC_GROUP_SAMPLE
PLDD-UP,training_candidate,Healthy,Potato healthy,Healthy/healthy-leaf (1045).jpg,1600,719,PLDD-UP,training_candidate,Healthy,Potato healthy,Healthy/healthy-leaf (1064).jpg,1600,719,4,True,True,False,False,DETERMINISTIC_GROUP_SAMPLE
PLDD-UP,training_candidate,Healthy,Potato healthy,Healthy/healthy-leaf (1045).jpg,1600,719,PLDD-UP,training_candidate,Healthy,Potato healthy,Healthy/healthy-leaf (1065).jpg,1600,719,4,True,True,False,False,DETERMINISTIC_GROUP_SAMPLE
PLDD-UP,training_candidate,Healthy,Potato healthy,Healthy/healthy-leaf (1052).jpg,1600,719,PLDD-UP,training_candidate,Healthy,Potato healthy,Healthy/healthy-leaf (1062).jpg,1600,719,3,True,True,False,False,DETERMINISTIC_GROUP_SAMPLE
PLDD-UP,training_candidate,Healthy,Potato healthy,Healthy/healthy-leaf (1053).jpg,1600,719,PLDD-UP,training_candidate,Healthy,Potato healthy,Healthy/healthy-leaf (1063).jpg,1600,719,3,True,True,False,False,DETERMINISTIC_GROUP_SAMPLE
PLDD-UP,training_candidate,Healthy,Potato healthy,Healthy/healthy-leaf (1056).jpg,1600,719,PLDD-UP,training_candidate,Healthy,Potato healthy,Healthy/healthy-leaf (1058).jpg,1600,719,3,True,True,False,False,DETERMINISTIC_GROUP_SAMPLE
PLDD-UP,training_candidate,Healthy,Potato healthy,Healthy/healthy-leaf (1057).jpg,1600,719,PLDD-UP,training_candidate,Healthy,Potato healthy,Healthy/healthy-leaf (1059).jpg,1600,719,3,True,True,False,False,DETERMINISTIC_GROUP_SAMPLE
PLDD-UP,training_candidate,Healthy,Potato healthy,Healthy/healthy-leaf (1058).jpg,1600,719,PLDD-UP,training_candidate,Healthy,Potato healthy,Healthy/healthy-leaf (1059).jpg,1600,719,2,True,True,False,False,DETERMINISTIC_GROUP_SAMPLE
PLDD-UP,training_candidate,Healthy,Potato healthy,Healthy/healthy-leaf (1058).jpg,1600,719,PLDD-UP,training_candidate,Healthy,Potato healthy,Healthy/healthy-leaf (1080).jpg,1600,719,4,True,True,False,False,DETERMINISTIC_GROUP_SAMPLE
PLDD-UP,training_candidate,Healthy,Potato healthy,Healthy/healthy-leaf (1058).jpg,1600,719,PLDD-UP,training_candidate,Healthy,Potato healthy,Healthy/healthy-leaf (1086).jpg,1600,719,4,True,True,False,False,DETERMINISTIC_GROUP_SAMPLE
PLDD-UP,training_candidate,Healthy,Potato healthy,Healthy/healthy-leaf (1058).jpg,1600,719,PLDD-UP,training_candidate,Healthy,Potato healthy,Healthy/healthy-leaf (1404).jpg,1600,719,1,True,True,False,False,DETERMINISTIC_GROUP_SAMPLE
PLDD-UP,training_candidate,Healthy,Potato healthy,Healthy/healthy-leaf (1058).jpg,1600,719,PLDD-UP,training_candidate,Healthy,Potato healthy,Healthy/healthy-leaf (1411).jpg,1600,719,0,True,True,False,False,DETERMINISTIC_GROUP_SAMPLE
PLDD-UP,training_candidate,Healthy,Potato healthy,Healthy/healthy-leaf (1058).jpg,1600,719,PLDD-UP,training_candidate,Healthy,Potato healthy,Healthy/healthy-leaf (1416).jpg,1600,719,1,True,True,False,False,DETERMINISTIC_GROUP_SAMPLE
PLDD-UP,training_candidate,Healthy,Potato healthy,Healthy/healthy-leaf (1058).jpg,1600,719,PLDD-UP,training_candidate,Healthy,Potato healthy,Healthy/healthy-leaf (1417).jpg,1600,719,1,True,True,False,False,DETERMINISTIC_GROUP_SAMPLE
PLDD-UP,training_candidate,Healthy,Potato healthy,Healthy/healthy-leaf (1059).jpg,1600,719,PLDD-UP,training_candidate,Healthy,Potato healthy,Healthy/healthy-leaf (1081).jpg,1600,719,4,True,True,False,False,DETERMINISTIC_GROUP_SAMPLE
PLDD-UP,training_candidate,Healthy,Potato healthy,Healthy/healthy-leaf (1059).jpg,1600,719,PLDD-UP,training_candidate,Healthy,Potato healthy,Healthy/healthy-leaf (1087).jpg,1600,719,4,True,True,False,False,DETERMINISTIC_GROUP_SAMPLE
PLDD-UP,training_candidate,Healthy,Potato healthy,Healthy/healthy-leaf (1059).jpg,1600,719,PLDD-UP,training_candidate,Healthy,Potato healthy,Healthy/healthy-leaf (1404).jpg,1600,719,1,True,True,False,False,DETERMINISTIC_GROUP_SAMPLE
PLDD-UP,training_candidate,Healthy,Potato healthy,Healthy/healthy-leaf (1059).jpg,1600,719,PLDD-UP,training_candidate,Healthy,Potato healthy,Healthy/healthy-leaf (1410).jpg,1600,719,0,True,True,False,False,DETERMINISTIC_GROUP_SAMPLE
PLDD-UP,training_candidate,Healthy,Potato healthy,Healthy/healthy-leaf (1059).jpg,1600,719,PLDD-UP,training_candidate,Healthy,Potato healthy,Healthy/healthy-leaf (1416).jpg,1600,719,1,True,True,False,False,DETERMINISTIC_GROUP_SAMPLE
PLDD-UP,training_candidate,Healthy,Potato healthy,Healthy/healthy-leaf (1062).jpg,1600,719,PLDD-UP,training_candidate,Healthy,Potato healthy,Healthy/healthy-leaf (1063).jpg,1600,719,2,True,True,False,False,DETERMINISTIC_GROUP_SAMPLE
PLDD-UP,training_candidate,Healthy,Potato healthy,Healthy/healthy-leaf (1062).jpg,1600,719,PLDD-UP,training_candidate,Healthy,Potato healthy,Healthy/healthy-leaf (1076).jpg,1600,719,4,True,True,False,False,DETERMINISTIC_GROUP_SAMPLE
PLDD-UP,training_candidate,Healthy,Potato healthy,Healthy/healthy-leaf (1062).jpg,1600,719,PLDD-UP,training_candidate,Healthy,Potato healthy,Healthy/healthy-leaf (1082).jpg,1600,719,4,True,True,False,False,DETERMINISTIC_GROUP_SAMPLE
PLDD-UP,training_candidate,Healthy,Potato healthy,Healthy/healthy-leaf (1062).jpg,1600,719,PLDD-UP,training_candidate,Healthy,Potato healthy,Healthy/healthy-leaf (1409).jpg,1600,719,1,True,True,False,False,DETERMINISTIC_GROUP_SAMPLE
PLDD-UP,training_candidate,Healthy,Potato healthy,Healthy/healthy-leaf (1062).jpg,1600,719,PLDD-UP,training_candidate,Healthy,Potato healthy,Healthy/healthy-leaf (1415).jpg,1600,719,0,True,True,False,False,DETERMINISTIC_GROUP_SAMPLE
PLDD-UP,training_candidate,Healthy,Potato healthy,Healthy/healthy-leaf (1063).jpg,1600,719,PLDD-UP,training_candidate,Healthy,Potato healthy,Healthy/healthy-leaf (1077).jpg,1600,719,4,True,True,False,False,DETERMINISTIC_GROUP_SAMPLE
PLDD-UP,training_candidate,Healthy,Potato healthy,Healthy/healthy-leaf (1063).jpg,1600,719,PLDD-UP,training_candidate,Healthy,Potato healthy,Healthy/healthy-leaf (1083).jpg,1600,719,4,True,True,False,False,DETERMINISTIC_GROUP_SAMPLE
PLDD-UP,training_candidate,Healthy,Potato healthy,Healthy/healthy-leaf (1063).jpg,1600,719,PLDD-UP,training_candidate,Healthy,Potato healthy,Healthy/healthy-leaf (1409).jpg,1600,719,1,True,True,False,False,DETERMINISTIC_GROUP_SAMPLE
PLDD-UP,training_candidate,Healthy,Potato healthy,Healthy/healthy-leaf (1063).jpg,1600,719,PLDD-UP,training_candidate,Healthy,Potato healthy,Healthy/healthy-leaf (1414).jpg,1600,719,0,True,True,False,False,DETERMINISTIC_GROUP_SAMPLE
PLDD-UP,training_candidate,Healthy,Potato healthy,Healthy/healthy-leaf (1070).jpg,1600,719,PLDD-UP,training_candidate,Healthy,Potato healthy,Healthy/healthy-leaf (1075).jpg,1600,719,0,True,True,False,False,DETERMINISTIC_GROUP_SAMPLE
PLDD-UP,training_candidate,Healthy,Potato healthy,Healthy/healthy-leaf (1070).jpg,1600,719,PLDD-UP,training_candidate,Healthy,Potato healthy,Healthy/healthy-leaf (1076).jpg,1600,719,3,True,True,False,False,DETERMINISTIC_GROUP_SAMPLE
PLDD-UP,training_candidate,Healthy,Potato healthy,Healthy/healthy-leaf (1070).jpg,1600,719,PLDD-UP,training_candidate,Healthy,Potato healthy,Healthy/healthy-leaf (1081).jpg,1600,719,3,True,True,False,False,DETERMINISTIC_GROUP_SAMPLE
PLDD-UP,training_candidate,Healthy,Potato healthy,Healthy/healthy-leaf (1070).jpg,1600,719,PLDD-UP,training_candidate,Healthy,Potato healthy,Healthy/healthy-leaf (1386).jpg,1600,719,2,True,True,False,False,DETERMINISTIC_GROUP_SAMPLE
PLDD-UP,training_candidate,Healthy,Potato healthy,Healthy/healthy-leaf (1070).jpg,1600,719,PLDD-UP,training_candidate,LB,Potato Late blight,LB/late-blight (1033).jpg,8160,3672,4,False,False,False,False,DETERMINISTIC_GROUP_SAMPLE
PLDD-UP,training_candidate,Healthy,Potato healthy,Healthy/healthy-leaf (1071).jpg,1600,719,PLDD-UP,training_candidate,Healthy,Potato healthy,Healthy/healthy-leaf (1074).jpg,1600,719,0,True,True,False,False,DETERMINISTIC_GROUP_SAMPLE
PLDD-UP,training_candidate,Healthy,Potato healthy,Healthy/healthy-leaf (1071).jpg,1600,719,PLDD-UP,training_candidate,Healthy,Potato healthy,Healthy/healthy-leaf (1077).jpg,1600,719,3,True,True,False,False,DETERMINISTIC_GROUP_SAMPLE
PLDD-UP,training_candidate,Healthy,Potato healthy,Healthy/healthy-leaf (1071).jpg,1600,719,PLDD-UP,training_candidate,Healthy,Potato healthy,Healthy/healthy-leaf (1080).jpg,1600,719,3,True,True,False,False,DETERMINISTIC_GROUP_SAMPLE
PLDD-UP,training_candidate,Healthy,Potato healthy,Healthy/healthy-leaf (1071).jpg,1600,719,PLDD-UP,training_candidate,LB,Potato Late blight,LB/late-blight (1033).jpg,8160,3672,4,False,False,False,False,DETERMINISTIC_GROUP_SAMPLE
PLDD-UP,training_candidate,Healthy,Potato healthy,Healthy/healthy-leaf (1074).jpg,1600,719,PLDD-UP,training_candidate,Healthy,Potato healthy,Healthy/healthy-leaf (1077).jpg,1600,719,3,True,True,False,False,DETERMINISTIC_GROUP_SAMPLE
PLDD-UP,training_candidate,Healthy,Potato healthy,Healthy/healthy-leaf (1074).jpg,1600,719,PLDD-UP,training_candidate,Healthy,Potato healthy,Healthy/healthy-leaf (1080).jpg,1600,719,3,True,True,False,False,DETERMINISTIC_GROUP_SAMPLE
PLDD-UP,training_candidate,Healthy,Potato healthy,Healthy/healthy-leaf (1074).jpg,1600,719,PLDD-UP,training_candidate,LB,Potato Late blight,LB/late-blight (1033).jpg,8160,3672,4,False,False,False,False,DETERMINISTIC_GROUP_SAMPLE
PLDD-UP,training_candidate,Healthy,Potato healthy,Healthy/healthy-leaf (1075).jpg,1600,719,PLDD-UP,training_candidate,Healthy,Potato healthy,Healthy/healthy-leaf (1076).jpg,1600,719,3,True,True,False,False,DETERMINISTIC_GROUP_SAMPLE
PLDD-UP,training_candidate,Healthy,Potato healthy,Healthy/healthy-leaf (1075).jpg,1600,719,PLDD-UP,training_candidate,Healthy,Potato healthy,Healthy/healthy-leaf (1081).jpg,1600,719,3,True,True,False,False,DETERMINISTIC_GROUP_SAMPLE
PLDD-UP,training_candidate,Healthy,Potato healthy,Healthy/healthy-leaf (1075).jpg,1600,719,PLDD-UP,training_candidate,Healthy,Potato healthy,Healthy/healthy-leaf (1386).jpg,1600,719,2,True,True,False,False,DETERMINISTIC_GROUP_SAMPLE
PLDD-UP,training_candidate,Healthy,Potato healthy,Healthy/healthy-leaf (1075).jpg,1600,719,PLDD-UP,training_candidate,LB,Potato Late blight,LB/late-blight (1033).jpg,8160,3672,4,False,False,False,False,DETERMINISTIC_GROUP_SAMPLE
PLDD-UP,training_candidate,Healthy,Potato healthy,Healthy/healthy-leaf (1076).jpg,1600,719,PLDD-UP,training_candidate,Healthy,Potato healthy,Healthy/healthy-leaf (1082).jpg,1600,719,0,True,True,False,False,DETERMINISTIC_GROUP_SAMPLE
PLDD-UP,training_candidate,Healthy,Potato healthy,Healthy/healthy-leaf (1076).jpg,1600,719,PLDD-UP,training_candidate,LB,Potato Late blight,LB/late-blight (1033).jpg,8160,3672,3,False,False,False,False,DETERMINISTIC_GROUP_SAMPLE
PLDD-UP,training_candidate,Healthy,Potato healthy,Healthy/healthy-leaf (1077).jpg,1600,719,PLDD-UP,training_candidate,Healthy,Potato healthy,Healthy/healthy-leaf (1083).jpg,1600,719,0,True,True,False,False,DETERMINISTIC_GROUP_SAMPLE
PLDD-UP,training_candidate,Healthy,Potato healthy,Healthy/healthy-leaf (1077).jpg,1600,719,PLDD-UP,training_candidate,LB,Potato Late blight,LB/late-blight (1033).jpg,8160,3672,3,False,False,False,False,DETERMINISTIC_GROUP_SAMPLE
PLDD-UP,training_candidate,Healthy,Potato healthy,Healthy/healthy-leaf (1079).jpg,1600,719,PLDD-UP,training_candidate,Healthy,Potato healthy,Healthy/healthy-leaf (1085).jpg,1600,719,4,True,True,False,False,DETERMINISTIC_GROUP_SAMPLE
PLDD-UP,training_candidate,Healthy,Potato healthy,Healthy/healthy-leaf (1080).jpg,1600,719,PLDD-UP,training_candidate,Healthy,Potato healthy,Healthy/healthy-leaf (1086).jpg,1600,719,0,True,True,False,False,DETERMINISTIC_GROUP_SAMPLE
PLDD-UP,training_candidate,Healthy,Potato healthy,Healthy/healthy-leaf (1080).jpg,1600,719,PLDD-UP,training_candidate,LB,Potato Late blight,LB/late-blight (1033).jpg,8160,3672,3,False,False,False,False,DETERMINISTIC_GROUP_SAMPLE
PLDD-UP,training_candidate,Healthy,Potato healthy,Healthy/healthy-leaf (1081).jpg,1600,719,PLDD-UP,training_candidate,Healthy,Potato healthy,Healthy/healthy-leaf (1087).jpg,1600,719,0,True,True,False,False,DETERMINISTIC_GROUP_SAMPLE
PLDD-UP,training_candidate,Healthy,Potato healthy,Healthy/healthy-leaf (1081).jpg,1600,719,PLDD-UP,training_candidate,LB,Potato Late blight,LB/late-blight (1033).jpg,8160,3672,3,False,False,False,False,DETERMINISTIC_GROUP_SAMPLE
PLDD-UP,training_candidate,Healthy,Potato healthy,Healthy/healthy-leaf (1082).jpg,1600,719,PLDD-UP,training_candidate,LB,Potato Late blight,LB/late-blight (1033).jpg,8160,3672,3,False,False,False,False,DETERMINISTIC_GROUP_SAMPLE
PLDD-UP,training_candidate,Healthy,Potato healthy,Healthy/healthy-leaf (1083).jpg,1600,719,PLDD-UP,training_candidate,LB,Potato Late blight,LB/late-blight (1033).jpg,8160,3672,3,False,False,False,False,DETERMINISTIC_GROUP_SAMPLE
PLDD-UP,training_candidate,Healthy,Potato healthy,Healthy/healthy-leaf (1086).jpg,1600,719,PLDD-UP,training_candidate,LB,Potato Late blight,LB/late-blight (1033).jpg,8160,3672,3,False,False,False,False,DETERMINISTIC_GROUP_SAMPLE
PLDD-UP,training_candidate,Healthy,Potato healthy,Healthy/healthy-leaf (1087).jpg,1600,719,PLDD-UP,training_candidate,LB,Potato Late blight,LB/late-blight (1033).jpg,8160,3672,3,False,False,False,False,DETERMINISTIC_GROUP_SAMPLE
PLDD-UP,training_candidate,Healthy,Potato healthy,Healthy/healthy-leaf (1088).jpg,1600,719,PLDD-UP,training_candidate,Healthy,Potato healthy,Healthy/healthy-leaf (1089).jpg,1600,719,4,True,True,False,False,DETERMINISTIC_GROUP_SAMPLE
PLDD-UP,training_candidate,Healthy,Potato healthy,Healthy/healthy-leaf (1092).jpg,1600,719,PLDD-UP,training_candidate,Healthy,Potato healthy,Healthy/healthy-leaf (1093).jpg,1600,719,4,True,True,False,False,DETERMINISTIC_GROUP_SAMPLE
PLDD-UP,training_candidate,Healthy,Potato healthy,Healthy/healthy-leaf (1127).jpg,719,1600,PLDD-UP,training_candidate,Healthy,Potato healthy,Healthy/healthy-leaf (1187).jpg,719,1600,2,True,True,False,False,DETERMINISTIC_GROUP_SAMPLE
PLDD-UP,training_candidate,Healthy,Potato healthy,Healthy/healthy-leaf (1161).jpg,719,1600,PLDD-UP,training_candidate,Healthy,Potato healthy,Healthy/healthy-leaf (1179).jpg,719,1600,2,True,True,False,False,DETERMINISTIC_GROUP_SAMPLE
PLDD-UP,training_candidate,Healthy,Potato healthy,Healthy/healthy-leaf (1164).jpg,719,1600,PLDD-UP,training_candidate,Healthy,Potato healthy,Healthy/healthy-leaf (1182).jpg,719,1600,2,True,True,False,False,DETERMINISTIC_GROUP_SAMPLE
PLDD-UP,training_candidate,Healthy,Potato healthy,Healthy/healthy-leaf (1327).jpg,719,1600,PLDD-UP,training_candidate,Healthy,Potato healthy,Healthy/healthy-leaf (1339).jpg,719,1600,2,True,True,False,False,DETERMINISTIC_GROUP_SAMPLE
PLDD-UP,training_candidate,Healthy,Potato healthy,Healthy/healthy-leaf (1330).jpg,719,1600,PLDD-UP,training_candidate,Healthy,Potato healthy,Healthy/healthy-leaf (1342).jpg,719,1600,2,True,True,False,False,DETERMINISTIC_GROUP_SAMPLE
PLDD-UP,training_candidate,Healthy,Potato healthy,Healthy/healthy-leaf (1344).jpg,719,1600,PLDD-UP,training_candidate,Healthy,Potato healthy,Healthy/healthy-leaf (1356).jpg,719,1600,2,True,True,False,False,DETERMINISTIC_GROUP_SAMPLE
PLDD-UP,training_candidate,Healthy,Potato healthy,Healthy/healthy-leaf (1344).jpg,719,1600,PLDD-UP,training_candidate,Healthy,Potato healthy,Healthy/healthy-leaf (1374).jpg,719,1600,1,True,True,False,False,DETERMINISTIC_GROUP_SAMPLE
PLDD-UP,training_candidate,Healthy,Potato healthy,Healthy/healthy-leaf (1344).jpg,719,1600,PLDD-UP,training_candidate,Healthy,Potato healthy,Healthy/healthy-leaf (1380).jpg,719,1600,1,True,True,False,False,DETERMINISTIC_GROUP_SAMPLE
PLDD-UP,training_candidate,Healthy,Potato healthy,Healthy/healthy-leaf (1349).jpg,719,1600,PLDD-UP,training_candidate,Healthy,Potato healthy,Healthy/healthy-leaf (1361).jpg,719,1600,2,True,True,False,False,DETERMINISTIC_GROUP_SAMPLE
PLDD-UP,training_candidate,Healthy,Potato healthy,Healthy/healthy-leaf (1349).jpg,719,1600,PLDD-UP,training_candidate,Healthy,Potato healthy,Healthy/healthy-leaf (1379).jpg,719,1600,1,True,True,False,False,DETERMINISTIC_GROUP_SAMPLE
PLDD-UP,training_candidate,Healthy,Potato healthy,Healthy/healthy-leaf (1349).jpg,719,1600,PLDD-UP,training_candidate,Healthy,Potato healthy,Healthy/healthy-leaf (1385).jpg,719,1600,1,True,True,False,False,DETERMINISTIC_GROUP_SAMPLE
PLDD-UP,training_candidate,Healthy,Potato healthy,Healthy/healthy-leaf (1356).jpg,719,1600,PLDD-UP,training_candidate,Healthy,Potato healthy,Healthy/healthy-leaf (1380).jpg,719,1600,1,True,True,False,False,DETERMINISTIC_GROUP_SAMPLE
PLDD-UP,training_candidate,Healthy,Potato healthy,Healthy/healthy-leaf (1361).jpg,719,1600,PLDD-UP,training_candidate,Healthy,Potato healthy,Healthy/healthy-leaf (1385).jpg,719,1600,1,True,True,False,False,DETERMINISTIC_GROUP_SAMPLE
PLDD-UP,training_candidate,Healthy,Potato healthy,Healthy/healthy-leaf (1374).jpg,719,1600,PLDD-UP,training_candidate,Healthy,Potato healthy,Healthy/healthy-leaf (1380).jpg,719,1600,2,True,True,False,False,DETERMINISTIC_GROUP_SAMPLE
PLDD-UP,training_candidate,Healthy,Potato healthy,Healthy/healthy-leaf (1375).jpg,719,1600,PLDD-UP,training_candidate,Healthy,Potato healthy,Healthy/healthy-leaf (1381).jpg,719,1600,1,True,True,False,False,DETERMINISTIC_GROUP_SAMPLE
PLDD-UP,training_candidate,Healthy,Potato healthy,Healthy/healthy-leaf (1376).jpg,719,1600,PLDD-UP,training_candidate,Healthy,Potato healthy,Healthy/healthy-leaf (1382).jpg,719,1600,1,True,True,False,False,DETERMINISTIC_GROUP_SAMPLE
PLDD-UP,training_candidate,Healthy,Potato healthy,Healthy/healthy-leaf (1377).jpg,719,1600,PLDD-UP,training_candidate,Healthy,Potato healthy,Healthy/healthy-leaf (1383).jpg,719,1600,1,True,True,False,False,DETERMINISTIC_GROUP_SAMPLE
PLDD-UP,training_candidate,Healthy,Potato healthy,Healthy/healthy-leaf (1378).jpg,719,1600,PLDD-UP,training_candidate,Healthy,Potato healthy,Healthy/healthy-leaf (1384).jpg,719,1600,1,True,True,False,False,DETERMINISTIC_GROUP_SAMPLE
PLDD-UP,training_candidate,Healthy,Potato healthy,Healthy/healthy-leaf (1379).jpg,719,1600,PLDD-UP,training_candidate,Healthy,Potato healthy,Healthy/healthy-leaf (1385).jpg,719,1600,2,True,True,False,False,DETERMINISTIC_GROUP_SAMPLE
PLDD-UP,training_candidate,Healthy,Potato healthy,Healthy/healthy-leaf (1386).jpg,1600,719,PLDD-UP,training_candidate,Healthy,Potato healthy,Healthy/healthy-leaf (1392).jpg,1600,719,0,True,True,False,False,DETERMINISTIC_GROUP_SAMPLE
PLDD-UP,training_candidate,Healthy,Potato healthy,Healthy/healthy-leaf (1386).jpg,1600,719,PLDD-UP,training_candidate,LB,Potato Late blight,LB/late-blight (1033).jpg,8160,3672,2,False,False,False,False,DETERMINISTIC_GROUP_SAMPLE
PLDD-UP,training_candidate,Healthy,Potato healthy,Healthy/healthy-leaf (1387).jpg,1600,719,PLDD-UP,training_candidate,Healthy,Potato healthy,Healthy/healthy-leaf (1393).jpg,1600,719,0,True,True,False,False,DETERMINISTIC_GROUP_SAMPLE
PLDD-UP,training_candidate,Healthy,Potato healthy,Healthy/healthy-leaf (1387).jpg,1600,719,PLDD-UP,training_candidate,LB,Potato Late blight,LB/late-blight (1033).jpg,8160,3672,2,False,False,False,False,DETERMINISTIC_GROUP_SAMPLE
PLDD-UP,training_candidate,Healthy,Potato healthy,Healthy/healthy-leaf (1390).jpg,1600,719,PLDD-UP,training_candidate,Healthy,Potato healthy,Healthy/healthy-leaf (1396).jpg,1600,719,0,True,True,False,False,DETERMINISTIC_GROUP_SAMPLE
PLDD-UP,training_candidate,Healthy,Potato healthy,Healthy/healthy-leaf (1390).jpg,1600,719,PLDD-UP,training_candidate,LB,Potato Late blight,LB/late-blight (1033).jpg,8160,3672,2,False,False,False,False,DETERMINISTIC_GROUP_SAMPLE
PLDD-UP,training_candidate,Healthy,Potato healthy,Healthy/healthy-leaf (1391).jpg,1600,719,PLDD-UP,training_candidate,Healthy,Potato healthy,Healthy/healthy-leaf (1397).jpg,1600,719,0,True,True,False,False,DETERMINISTIC_GROUP_SAMPLE
PLDD-UP,training_candidate,Healthy,Potato healthy,Healthy/healthy-leaf (1391).jpg,1600,719,PLDD-UP,training_candidate,LB,Potato Late blight,LB/late-blight (1033).jpg,8160,3672,2,False,False,False,False,DETERMINISTIC_GROUP_SAMPLE
PLDD-UP,training_candidate,Healthy,Potato healthy,Healthy/healthy-leaf (1392).jpg,1600,719,PLDD-UP,training_candidate,LB,Potato Late blight,LB/late-blight (1033).jpg,8160,3672,2,False,False,False,False,DETERMINISTIC_GROUP_SAMPLE
PLDD-UP,training_candidate,Healthy,Potato healthy,Healthy/healthy-leaf (1393).jpg,1600,719,PLDD-UP,training_candidate,LB,Potato Late blight,LB/late-blight (1033).jpg,8160,3672,2,False,False,False,False,DETERMINISTIC_GROUP_SAMPLE
PLDD-UP,training_candidate,Healthy,Potato healthy,Healthy/healthy-leaf (1396).jpg,1600,719,PLDD-UP,training_candidate,LB,Potato Late blight,LB/late-blight (1033).jpg,8160,3672,2,False,False,False,False,DETERMINISTIC_GROUP_SAMPLE
PLDD-UP,training_candidate,Healthy,Potato healthy,Healthy/healthy-leaf (1397).jpg,1600,719,PLDD-UP,training_candidate,LB,Potato Late blight,LB/late-blight (1033).jpg,8160,3672,2,False,False,False,False,DETERMINISTIC_GROUP_SAMPLE
PLDD-UP,training_candidate,Healthy,Potato healthy,Healthy/healthy-leaf (1398).jpg,1600,719,PLDD-UP,training_candidate,Healthy,Potato healthy,Healthy/healthy-leaf (1399).jpg,1600,719,0,True,True,False,False,DETERMINISTIC_GROUP_SAMPLE
PLDD-UP,training_candidate,Healthy,Potato healthy,Healthy/healthy-leaf (1398).jpg,1600,719,PLDD-UP,training_candidate,Healthy,Potato healthy,Healthy/healthy-leaf (1402).jpg,1600,719,0,True,True,False,False,DETERMINISTIC_GROUP_SAMPLE
PLDD-UP,training_candidate,Healthy,Potato healthy,Healthy/healthy-leaf (1398).jpg,1600,719,PLDD-UP,training_candidate,Healthy,Potato healthy,Healthy/healthy-leaf (1403).jpg,1600,719,0,True,True,False,False,DETERMINISTIC_GROUP_SAMPLE
PLDD-UP,training_candidate,Healthy,Potato healthy,Healthy/healthy-leaf (1398).jpg,1600,719,PLDD-UP,training_candidate,Healthy,Potato healthy,Healthy/healthy-leaf (1452).jpg,1600,719,0,True,True,False,False,DETERMINISTIC_GROUP_SAMPLE
PLDD-UP,training_candidate,Healthy,Potato healthy,Healthy/healthy-leaf (1398).jpg,1600,719,PLDD-UP,training_candidate,LB,Potato Late blight,LB/late-blight (1033).jpg,8160,3672,0,False,False,False,False,DETERMINISTIC_GROUP_SAMPLE
PLDD-UP,training_candidate,Healthy,Potato healthy,Healthy/healthy-leaf (1399).jpg,1600,719,PLDD-UP,training_candidate,Healthy,Potato healthy,Healthy/healthy-leaf (1402).jpg,1600,719,0,True,True,False,False,DETERMINISTIC_GROUP_SAMPLE
PLDD-UP,training_candidate,Healthy,Potato healthy,Healthy/healthy-leaf (1399).jpg,1600,719,PLDD-UP,training_candidate,Healthy,Potato healthy,Healthy/healthy-leaf (1403).jpg,1600,719,0,True,True,False,False,DETERMINISTIC_GROUP_SAMPLE
PLDD-UP,training_candidate,Healthy,Potato healthy,Healthy/healthy-leaf (1399).jpg,1600,719,PLDD-UP,training_candidate,Healthy,Potato healthy,Healthy/healthy-leaf (1452).jpg,1600,719,0,True,True,False,False,DETERMINISTIC_GROUP_SAMPLE
PLDD-UP,training_candidate,Healthy,Potato healthy,Healthy/healthy-leaf (1399).jpg,1600,719,PLDD-UP,training_candidate,LB,Potato Late blight,LB/late-blight (1033).jpg,8160,3672,0,False,False,False,False,DETERMINISTIC_GROUP_SAMPLE
PLDD-UP,training_candidate,Healthy,Potato healthy,Healthy/healthy-leaf (1402).jpg,1600,719,PLDD-UP,training_candidate,Healthy,Potato healthy,Healthy/healthy-leaf (1403).jpg,1600,719,0,True,True,False,False,DETERMINISTIC_GROUP_SAMPLE
PLDD-UP,training_candidate,Healthy,Potato healthy,Healthy/healthy-leaf (1402).jpg,1600,719,PLDD-UP,training_candidate,Healthy,Potato healthy,Healthy/healthy-leaf (1452).jpg,1600,719,0,True,True,False,False,DETERMINISTIC_GROUP_SAMPLE
PLDD-UP,training_candidate,Healthy,Potato healthy,Healthy/healthy-leaf (1402).jpg,1600,719,PLDD-UP,training_candidate,LB,Potato Late blight,LB/late-blight (1033).jpg,8160,3672,0,False,False,False,False,DETERMINISTIC_GROUP_SAMPLE
PLDD-UP,training_candidate,Healthy,Potato healthy,Healthy/healthy-leaf (1403).jpg,1600,719,PLDD-UP,training_candidate,LB,Potato Late blight,LB/late-blight (1033).jpg,8160,3672,0,False,False,False,False,DETERMINISTIC_GROUP_SAMPLE
PLDD-UP,training_candidate,Healthy,Potato healthy,Healthy/healthy-leaf (1404).jpg,1600,719,PLDD-UP,training_candidate,Healthy,Potato healthy,Healthy/healthy-leaf (1405).jpg,1600,719,1,True,True,False,False,DETERMINISTIC_GROUP_SAMPLE
PLDD-UP,training_candidate,Healthy,Potato healthy,Healthy/healthy-leaf (1404).jpg,1600,719,PLDD-UP,training_candidate,Healthy,Potato healthy,Healthy/healthy-leaf (1410).jpg,1600,719,1,True,True,False,False,DETERMINISTIC_GROUP_SAMPLE
PLDD-UP,training_candidate,Healthy,Potato healthy,Healthy/healthy-leaf (1404).jpg,1600,719,PLDD-UP,training_candidate,Healthy,Potato healthy,Healthy/healthy-leaf (1411).jpg,1600,719,1,True,True,False,False,DETERMINISTIC_GROUP_SAMPLE
PLDD-UP,training_candidate,Healthy,Potato healthy,Healthy/healthy-leaf (1408).jpg,1600,719,PLDD-UP,training_candidate,Healthy,Potato healthy,Healthy/healthy-leaf (1409).jpg,1600,719,1,True,True,False,False,DETERMINISTIC_GROUP_SAMPLE
PLDD-UP,training_candidate,Healthy,Potato healthy,Healthy/healthy-leaf (1409).jpg,1600,719,PLDD-UP,training_candidate,Healthy,Potato healthy,Healthy/healthy-leaf (1414).jpg,1600,719,1,True,True,False,False,DETERMINISTIC_GROUP_SAMPLE
PLDD-UP,training_candidate,Healthy,Potato healthy,Healthy/healthy-leaf (1409).jpg,1600,719,PLDD-UP,training_candidate,Healthy,Potato healthy,Healthy/healthy-leaf (1415).jpg,1600,719,1,True,True,False,False,DETERMINISTIC_GROUP_SAMPLE
PLDD-UP,training_candidate,Healthy,Potato healthy,Healthy/healthy-leaf (1410).jpg,1600,719,PLDD-UP,training_candidate,Healthy,Potato healthy,Healthy/healthy-leaf (1416).jpg,1600,719,1,True,True,False,False,DETERMINISTIC_GROUP_SAMPLE
PLDD-UP,training_candidate,Healthy,Potato healthy,Healthy/healthy-leaf (1411).jpg,1600,719,PLDD-UP,training_candidate,Healthy,Potato healthy,Healthy/healthy-leaf (1416).jpg,1600,719,1,True,True,False,False,DETERMINISTIC_GROUP_SAMPLE
PLDD-UP,training_candidate,Healthy,Potato healthy,Healthy/healthy-leaf (1416).jpg,1600,719,PLDD-UP,training_candidate,Healthy,Potato healthy,Healthy/healthy-leaf (1417).jpg,1600,719,0,True,True,False,False,DETERMINISTIC_GROUP_SAMPLE
PLDD-UP,training_candidate,Healthy,Potato healthy,Healthy/healthy-leaf (1416).jpg,1600,719,PLDD-UP,training_candidate,LB,Potato Late blight,LB/late-blight (1033).jpg,8160,3672,4,False,False,False,False,DETERMINISTIC_GROUP_SAMPLE
PLDD-UP,training_candidate,Healthy,Potato healthy,Healthy/healthy-leaf (1417).jpg,1600,719,PLDD-UP,training_candidate,LB,Potato Late blight,LB/late-blight (1033).jpg,8160,3672,4,False,False,False,False,DETERMINISTIC_GROUP_SAMPLE
PLDD-UP,training_candidate,Healthy,Potato healthy,Healthy/healthy-leaf (1420).jpg,1600,719,PLDD-UP,training_candidate,Healthy,Potato healthy,Healthy/healthy-leaf (1421).jpg,1600,719,0,True,True,False,False,DETERMINISTIC_GROUP_SAMPLE
PLDD-UP,training_candidate,Healthy,Potato healthy,Healthy/healthy-leaf (1420).jpg,1600,719,PLDD-UP,training_candidate,LB,Potato Late blight,LB/late-blight (1033).jpg,8160,3672,4,False,False,False,False,DETERMINISTIC_GROUP_SAMPLE
PLDD-UP,training_candidate,Healthy,Potato healthy,Healthy/healthy-leaf (1421).jpg,1600,719,PLDD-UP,training_candidate,LB,Potato Late blight,LB/late-blight (1033).jpg,8160,3672,4,False,False,False,False,DETERMINISTIC_GROUP_SAMPLE
PLDD-UP,training_candidate,Healthy,Potato healthy,Healthy/healthy-leaf (1422).jpg,1600,719,PLDD-UP,training_candidate,LB,Potato Late blight,LB/late-blight (1033).jpg,8160,3672,1,False,False,False,False,DETERMINISTIC_GROUP_SAMPLE
PLDD-UP,training_candidate,Healthy,Potato healthy,Healthy/healthy-leaf (1423).jpg,1600,719,PLDD-UP,training_candidate,LB,Potato Late blight,LB/late-blight (1033).jpg,8160,3672,1,False,False,False,False,DETERMINISTIC_GROUP_SAMPLE
PLDD-UP,training_candidate,Healthy,Potato healthy,Healthy/healthy-leaf (1426).jpg,1600,719,PLDD-UP,training_candidate,LB,Potato Late blight,LB/late-blight (1033).jpg,8160,3672,1,False,False,False,False,DETERMINISTIC_GROUP_SAMPLE
PLDD-UP,training_candidate,Healthy,Potato healthy,Healthy/healthy-leaf (1427).jpg,1600,719,PLDD-UP,training_candidate,LB,Potato Late blight,LB/late-blight (1033).jpg,8160,3672,1,False,False,False,False,DETERMINISTIC_GROUP_SAMPLE
PLDD-UP,training_candidate,Healthy,Potato healthy,Healthy/healthy-leaf (1446).jpg,1600,719,PLDD-UP,training_candidate,LB,Potato Late blight,LB/late-blight (1033).jpg,8160,3672,1,False,False,False,False,DETERMINISTIC_GROUP_SAMPLE
PLDD-UP,training_candidate,Healthy,Potato healthy,Healthy/healthy-leaf (1447).jpg,1600,719,PLDD-UP,training_candidate,LB,Potato Late blight,LB/late-blight (1033).jpg,8160,3672,1,False,False,False,False,DETERMINISTIC_GROUP_SAMPLE
PLDD-UP,training_candidate,Healthy,Potato healthy,Healthy/healthy-leaf (1450).jpg,1600,719,PLDD-UP,training_candidate,LB,Potato Late blight,LB/late-blight (1033).jpg,8160,3672,1,False,False,False,False,DETERMINISTIC_GROUP_SAMPLE
PLDD-UP,training_candidate,Healthy,Potato healthy,Healthy/healthy-leaf (1451).jpg,1600,719,PLDD-UP,training_candidate,LB,Potato Late blight,LB/late-blight (1033).jpg,8160,3672,1,False,False,False,False,DETERMINISTIC_GROUP_SAMPLE
PLDD-UP,training_candidate,Healthy,Potato healthy,Healthy/healthy-leaf (1452).jpg,1600,719,PLDD-UP,training_candidate,LB,Potato Late blight,LB/late-blight (1033).jpg,8160,3672,0,False,False,False,False,DETERMINISTIC_GROUP_SAMPLE
PLDD-UP,training_candidate,Healthy,Potato healthy,Healthy/healthy-leaf (1453).jpg,1600,719,PLDD-UP,training_candidate,LB,Potato Late blight,LB/late-blight (1033).jpg,8160,3672,0,False,False,False,False,DETERMINISTIC_GROUP_SAMPLE
PLDD-UP,training_candidate,Healthy,Potato healthy,Healthy/healthy-leaf (1456).jpg,1600,719,PLDD-UP,training_candidate,LB,Potato Late blight,LB/late-blight (1033).jpg,8160,3672,0,False,False,False,False,DETERMINISTIC_GROUP_SAMPLE
PLDD-UP,training_candidate,Healthy,Potato healthy,Healthy/healthy-leaf (1457).jpg,1600,719,PLDD-UP,training_candidate,LB,Potato Late blight,LB/late-blight (1033).jpg,8160,3672,0,False,False,False,False,DETERMINISTIC_GROUP_SAMPLE
PLDD-UP,training_candidate,Healthy,Potato healthy,Healthy/healthy-leaf (1696).jpg,1600,719,PLDD-UP,training_candidate,LB,Potato Late blight,LB/late-blight (1033).jpg,8160,3672,3,False,False,False,False,DETERMINISTIC_GROUP_SAMPLE
PLDD-UP,training_candidate,Healthy,Potato healthy,Healthy/healthy-leaf (1697).jpg,1600,719,PLDD-UP,training_candidate,LB,Potato Late blight,LB/late-blight (1033).jpg,8160,3672,3,False,False,False,False,DETERMINISTIC_GROUP_SAMPLE
PLDD-UP,training_candidate,Healthy,Potato healthy,Healthy/healthy-leaf (1700).jpg,1600,719,PLDD-UP,training_candidate,LB,Potato Late blight,LB/late-blight (1033).jpg,8160,3672,3,False,False,False,False,DETERMINISTIC_GROUP_SAMPLE
PLDD-UP,training_candidate,Healthy,Potato healthy,Healthy/healthy-leaf (1701).jpg,1600,719,PLDD-UP,training_candidate,LB,Potato Late blight,LB/late-blight (1033).jpg,8160,3672,3,False,False,False,False,DETERMINISTIC_GROUP_SAMPLE
PLDD-UP,training_candidate,Healthy,Potato healthy,Healthy/healthy-leaf (1702).jpg,1600,719,PLDD-UP,training_candidate,LB,Potato Late blight,LB/late-blight (1033).jpg,8160,3672,3,False,False,False,False,DETERMINISTIC_GROUP_SAMPLE
PLDD-UP,training_candidate,Healthy,Potato healthy,Healthy/healthy-leaf (1703).jpg,1600,719,PLDD-UP,training_candidate,LB,Potato Late blight,LB/late-blight (1033).jpg,8160,3672,3,False,False,False,False,DETERMINISTIC_GROUP_SAMPLE
PLDD-UP,training_candidate,Healthy,Potato healthy,Healthy/healthy-leaf (1706).jpg,1600,719,PLDD-UP,training_candidate,LB,Potato Late blight,LB/late-blight (1033).jpg,8160,3672,3,False,False,False,False,DETERMINISTIC_GROUP_SAMPLE
PLDD-UP,training_candidate,Healthy,Potato healthy,Healthy/healthy-leaf (1707).jpg,1600,719,PLDD-UP,training_candidate,LB,Potato Late blight,LB/late-blight (1033).jpg,8160,3672,3,False,False,False,False,DETERMINISTIC_GROUP_SAMPLE
PLDD-UP,training_candidate,Healthy,Potato healthy,Healthy/healthy-leaf (2207).jpg,8160,3672,PLDD-UP,training_candidate,LB,Potato Late blight,LB/late-blight (1033).jpg,8160,3672,4,False,False,False,False,DETERMINISTIC_GROUP_SAMPLE
PLDD-UP,training_candidate,Healthy,Potato healthy,Healthy/healthy-leaf (2208).jpg,8160,3672,PLDD-UP,training_candidate,LB,Potato Late blight,LB/late-blight (1033).jpg,8160,3672,4,False,False,False,False,DETERMINISTIC_GROUP_SAMPLE
PLDD-UP,training_candidate,Healthy,Potato healthy,Healthy/healthy-leaf (2211).jpg,8160,3672,PLDD-UP,training_candidate,LB,Potato Late blight,LB/late-blight (1033).jpg,8160,3672,4,False,False,False,False,DETERMINISTIC_GROUP_SAMPLE
PLDD-UP,training_candidate,Healthy,Potato healthy,Healthy/healthy-leaf (2212).jpg,8160,3672,PLDD-UP,training_candidate,LB,Potato Late blight,LB/late-blight (1033).jpg,8160,3672,4,False,False,False,False,DETERMINISTIC_GROUP_SAMPLE
PLDD-UP,training_candidate,Healthy,Potato healthy,Healthy/healthy-leaf (2213).jpg,8160,3672,PLDD-UP,training_candidate,LB,Potato Late blight,LB/late-blight (1033).jpg,8160,3672,2,False,False,False,False,DETERMINISTIC_GROUP_SAMPLE
PLDD-UP,training_candidate,Healthy,Potato healthy,Healthy/healthy-leaf (2214).jpg,8160,3672,PLDD-UP,training_candidate,LB,Potato Late blight,LB/late-blight (1033).jpg,8160,3672,2,False,False,False,False,DETERMINISTIC_GROUP_SAMPLE
PLDD-UP,training_candidate,Healthy,Potato healthy,Healthy/healthy-leaf (2217).jpg,8160,3672,PLDD-UP,training_candidate,LB,Potato Late blight,LB/late-blight (1033).jpg,8160,3672,2,False,False,False,False,DETERMINISTIC_GROUP_SAMPLE
PLDD-UP,training_candidate,Healthy,Potato healthy,Healthy/healthy-leaf (2218).jpg,8160,3672,PLDD-UP,training_candidate,LB,Potato Late blight,LB/late-blight (1033).jpg,8160,3672,2,False,False,False,False,DETERMINISTIC_GROUP_SAMPLE
PLDD-UP,training_candidate,Healthy,Potato healthy,Healthy/healthy-leaf (2219).jpg,8160,3672,PLDD-UP,training_candidate,LB,Potato Late blight,LB/late-blight (1033).jpg,8160,3672,3,False,False,False,False,DETERMINISTIC_GROUP_SAMPLE
PLDD-UP,training_candidate,Healthy,Potato healthy,Healthy/healthy-leaf (2220).jpg,8160,3672,PLDD-UP,training_candidate,LB,Potato Late blight,LB/late-blight (1033).jpg,8160,3672,3,False,False,False,False,DETERMINISTIC_GROUP_SAMPLE
PLDD-UP,training_candidate,Healthy,Potato healthy,Healthy/healthy-leaf (2223).jpg,8160,3672,PLDD-UP,training_candidate,LB,Potato Late blight,LB/late-blight (1033).jpg,8160,3672,3,False,False,False,False,DETERMINISTIC_GROUP_SAMPLE
PLDD-UP,training_candidate,Healthy,Potato healthy,Healthy/healthy-leaf (2224).jpg,8160,3672,PLDD-UP,training_candidate,LB,Potato Late blight,LB/late-blight (1033).jpg,8160,3672,3,False,False,False,False,DETERMINISTIC_GROUP_SAMPLE
PLDD-UP,training_candidate,Healthy,Potato healthy,Healthy/healthy-leaf (2225).jpg,8160,3672,PLDD-UP,training_candidate,LB,Potato Late blight,LB/late-blight (1033).jpg,8160,3672,1,False,False,False,False,DETERMINISTIC_GROUP_SAMPLE
PLDD-UP,training_candidate,Healthy,Potato healthy,Healthy/healthy-leaf (2226).jpg,8160,3672,PLDD-UP,training_candidate,LB,Potato Late blight,LB/late-blight (1033).jpg,8160,3672,1,False,False,False,False,DETERMINISTIC_GROUP_SAMPLE
PLDD-UP,training_candidate,Healthy,Potato healthy,Healthy/healthy-leaf (2229).jpg,8160,3672,PLDD-UP,training_candidate,LB,Potato Late blight,LB/late-blight (1033).jpg,8160,3672,1,False,False,False,False,DETERMINISTIC_GROUP_SAMPLE
PLDD-UP,training_candidate,Healthy,Potato healthy,Healthy/healthy-leaf (2230).jpg,8160,3672,PLDD-UP,training_candidate,LB,Potato Late blight,LB/late-blight (1033).jpg,8160,3672,1,False,False,False,False,DETERMINISTIC_GROUP_SAMPLE
PLDD-UP,training_candidate,Healthy,Potato healthy,Healthy/healthy-leaf (2231).jpg,8160,3672,PLDD-UP,training_candidate,LB,Potato Late blight,LB/late-blight (1033).jpg,8160,3672,2,False,False,False,False,DETERMINISTIC_GROUP_SAMPLE
PLDD-UP,training_candidate,Healthy,Potato healthy,Healthy/healthy-leaf (2232).jpg,8160,3672,PLDD-UP,training_candidate,LB,Potato Late blight,LB/late-blight (1033).jpg,8160,3672,2,False,False,False,False,DETERMINISTIC_GROUP_SAMPLE
PLDD-UP,training_candidate,Healthy,Potato healthy,Healthy/healthy-leaf (2235).jpg,8160,3672,PLDD-UP,training_candidate,LB,Potato Late blight,LB/late-blight (1033).jpg,8160,3672,2,False,False,False,False,DETERMINISTIC_GROUP_SAMPLE
PLDD-UP,training_candidate,Healthy,Potato healthy,Healthy/healthy-leaf (2236).jpg,8160,3672,PLDD-UP,training_candidate,LB,Potato Late blight,LB/late-blight (1033).jpg,8160,3672,2,False,False,False,False,DETERMINISTIC_GROUP_SAMPLE
PLDD-UP,training_candidate,Healthy,Potato healthy,Healthy/healthy-leaf (2237).jpg,8160,3672,PLDD-UP,training_candidate,LB,Potato Late blight,LB/late-blight (1033).jpg,8160,3672,1,False,False,False,False,DETERMINISTIC_GROUP_SAMPLE
PLDD-UP,training_candidate,Healthy,Potato healthy,Healthy/healthy-leaf (2238).jpg,8160,3672,PLDD-UP,training_candidate,LB,Potato Late blight,LB/late-blight (1033).jpg,8160,3672,1,False,False,False,False,DETERMINISTIC_GROUP_SAMPLE
PLDD-UP,training_candidate,Healthy,Potato healthy,Healthy/healthy-leaf (2241).jpg,8160,3672,PLDD-UP,training_candidate,LB,Potato Late blight,LB/late-blight (1033).jpg,8160,3672,1,False,False,False,False,DETERMINISTIC_GROUP_SAMPLE
PLDD-UP,training_candidate,Healthy,Potato healthy,Healthy/healthy-leaf (2242).jpg,8160,3672,PLDD-UP,training_candidate,LB,Potato Late blight,LB/late-blight (1033).jpg,8160,3672,1,False,False,False,False,DETERMINISTIC_GROUP_SAMPLE
PLDD-UP,training_candidate,Healthy,Potato healthy,Healthy/healthy-leaf (2243).jpg,8160,3672,PLDD-UP,training_candidate,LB,Potato Late blight,LB/late-blight (1033).jpg,8160,3672,4,False,False,False,False,DETERMINISTIC_GROUP_SAMPLE
PLDD-UP,training_candidate,Healthy,Potato healthy,Healthy/healthy-leaf (2244).jpg,8160,3672,PLDD-UP,training_candidate,LB,Potato Late blight,LB/late-blight (1033).jpg,8160,3672,4,False,False,False,False,DETERMINISTIC_GROUP_SAMPLE
PLDD-UP,training_candidate,Healthy,Potato healthy,Healthy/healthy-leaf (2247).jpg,8160,3672,PLDD-UP,training_candidate,LB,Potato Late blight,LB/late-blight (1033).jpg,8160,3672,4,False,False,False,False,DETERMINISTIC_GROUP_SAMPLE
PLDD-UP,training_candidate,Healthy,Potato healthy,Healthy/healthy-leaf (2248).jpg,8160,3672,PLDD-UP,training_candidate,LB,Potato Late blight,LB/late-blight (1033).jpg,8160,3672,4,False,False,False,False,DETERMINISTIC_GROUP_SAMPLE
PLDD-UP,training_candidate,Healthy,Potato healthy,Healthy/healthy-leaf (2249).jpg,8160,3672,PLDD-UP,training_candidate,LB,Potato Late blight,LB/late-blight (1033).jpg,8160,3672,3,False,False,False,False,DETERMINISTIC_GROUP_SAMPLE
PLDD-UP,training_candidate,Healthy,Potato healthy,Healthy/healthy-leaf (2250).jpg,8160,3672,PLDD-UP,training_candidate,LB,Potato Late blight,LB/late-blight (1033).jpg,8160,3672,3,False,False,False,False,DETERMINISTIC_GROUP_SAMPLE
PLDD-UP,training_candidate,Healthy,Potato healthy,Healthy/healthy-leaf (2253).jpg,8160,3672,PLDD-UP,training_candidate,LB,Potato Late blight,LB/late-blight (1033).jpg,8160,3672,3,False,False,False,False,DETERMINISTIC_GROUP_SAMPLE
PLDD-UP,training_candidate,Healthy,Potato healthy,Healthy/healthy-leaf (2254).jpg,8160,3672,PLDD-UP,training_candidate,LB,Potato Late blight,LB/late-blight (1033).jpg,8160,3672,3,False,False,False,False,DETERMINISTIC_GROUP_SAMPLE
PLDD-UP,training_candidate,Healthy,Potato healthy,Healthy/healthy-leaf (2255).jpg,8160,3672,PLDD-UP,training_candidate,LB,Potato Late blight,LB/late-blight (1033).jpg,8160,3672,3,False,False,False,False,DETERMINISTIC_GROUP_SAMPLE
PLDD-UP,training_candidate,Healthy,Potato healthy,Healthy/healthy-leaf (2291).jpg,8160,3672,PLDD-UP,training_candidate,LB,Potato Late blight,LB/late-blight (1033).jpg,8160,3672,0,False,False,False,False,DETERMINISTIC_GROUP_SAMPLE
PLDD-UP,training_candidate,Healthy,Potato healthy,Healthy/healthy-leaf (2292).jpg,8160,3672,PLDD-UP,training_candidate,LB,Potato Late blight,LB/late-blight (1033).jpg,8160,3672,0,False,False,False,False,DETERMINISTIC_GROUP_SAMPLE
PLDD-UP,training_candidate,Healthy,Potato healthy,Healthy/healthy-leaf (2295).jpg,8160,3672,PLDD-UP,training_candidate,LB,Potato Late blight,LB/late-blight (1033).jpg,8160,3672,0,False,False,False,False,DETERMINISTIC_GROUP_SAMPLE
PLDD-UP,training_candidate,Healthy,Potato healthy,Healthy/healthy-leaf (2296).jpg,8160,3672,PLDD-UP,training_candidate,LB,Potato Late blight,LB/late-blight (1033).jpg,8160,3672,0,False,False,False,False,DETERMINISTIC_GROUP_SAMPLE
PLDD-UP,training_candidate,Healthy,Potato healthy,Healthy/healthy-leaf (2297).jpg,8160,3672,PLDD-UP,training_candidate,LB,Potato Late blight,LB/late-blight (1033).jpg,8160,3672,4,False,False,False,False,DETERMINISTIC_GROUP_SAMPLE
PLDD-UP,training_candidate,Healthy,Potato healthy,Healthy/healthy-leaf (2298).jpg,8160,3672,PLDD-UP,training_candidate,LB,Potato Late blight,LB/late-blight (1033).jpg,8160,3672,4,False,False,False,False,DETERMINISTIC_GROUP_SAMPLE
PLDD-UP,training_candidate,Healthy,Potato healthy,Healthy/healthy-leaf (2301).jpg,8160,3672,PLDD-UP,training_candidate,LB,Potato Late blight,LB/late-blight (1033).jpg,8160,3672,4,False,False,False,False,DETERMINISTIC_GROUP_SAMPLE
PLDD-UP,training_candidate,Healthy,Potato healthy,Healthy/healthy-leaf (2302).jpg,8160,3672,PLDD-UP,training_candidate,LB,Potato Late blight,LB/late-blight (1033).jpg,8160,3672,4,False,False,False,False,DETERMINISTIC_GROUP_SAMPLE
PLDD-UP,training_candidate,Healthy,Potato healthy,Healthy/healthy-leaf (2303).jpg,8160,3672,PLDD-UP,training_candidate,LB,Potato Late blight,LB/late-blight (1033).jpg,8160,3672,2,False,False,False,False,DETERMINISTIC_GROUP_SAMPLE
PLDD-UP,training_candidate,Healthy,Potato healthy,Healthy/healthy-leaf (2304).jpg,8160,3672,PLDD-UP,training_candidate,LB,Potato Late blight,LB/late-blight (1033).jpg,8160,3672,2,False,False,False,False,DETERMINISTIC_GROUP_SAMPLE
PLDD-UP,training_candidate,Healthy,Potato healthy,Healthy/healthy-leaf (2307).jpg,8160,3672,PLDD-UP,training_candidate,LB,Potato Late blight,LB/late-blight (1033).jpg,8160,3672,2,False,False,False,False,DETERMINISTIC_GROUP_SAMPLE
PLDD-UP,training_candidate,Healthy,Potato healthy,Healthy/healthy-leaf (2308).jpg,8160,3672,PLDD-UP,training_candidate,LB,Potato Late blight,LB/late-blight (1033).jpg,8160,3672,2,False,False,False,False,DETERMINISTIC_GROUP_SAMPLE
PLDD-UP,training_candidate,Healthy,Potato healthy,Healthy/healthy-leaf (2309).jpg,8160,3672,PLDD-UP,training_candidate,LB,Potato Late blight,LB/late-blight (1033).jpg,8160,3672,2,False,False,False,False,DETERMINISTIC_GROUP_SAMPLE
PLDD-UP,training_candidate,Healthy,Potato healthy,Healthy/healthy-leaf (2310).jpg,8160,3672,PLDD-UP,training_candidate,LB,Potato Late blight,LB/late-blight (1033).jpg,8160,3672,2,False,False,False,False,DETERMINISTIC_GROUP_SAMPLE
PLDD-UP,training_candidate,Healthy,Potato healthy,Healthy/healthy-leaf (2313).jpg,8160,3672,PLDD-UP,training_candidate,LB,Potato Late blight,LB/late-blight (1033).jpg,8160,3672,2,False,False,False,False,DETERMINISTIC_GROUP_SAMPLE
PLDD-UP,training_candidate,Healthy,Potato healthy,Healthy/healthy-leaf (2314).jpg,8160,3672,PLDD-UP,training_candidate,LB,Potato Late blight,LB/late-blight (1033).jpg,8160,3672,2,False,False,False,False,DETERMINISTIC_GROUP_SAMPLE
PLDD-UP,training_candidate,Healthy,Potato healthy,Healthy/healthy-leaf (2327).jpg,8160,3672,PLDD-UP,training_candidate,LB,Potato Late blight,LB/late-blight (1033).jpg,8160,3672,1,False,False,False,False,DETERMINISTIC_GROUP_SAMPLE
PLDD-UP,training_candidate,Healthy,Potato healthy,Healthy/healthy-leaf (2328).jpg,8160,3672,PLDD-UP,training_candidate,LB,Potato Late blight,LB/late-blight (1033).jpg,8160,3672,1,False,False,False,False,DETERMINISTIC_GROUP_SAMPLE
PLDD-UP,training_candidate,Healthy,Potato healthy,Healthy/healthy-leaf (2331).jpg,8160,3672,PLDD-UP,training_candidate,LB,Potato Late blight,LB/late-blight (1033).jpg,8160,3672,1,False,False,False,False,DETERMINISTIC_GROUP_SAMPLE
PLDD-UP,training_candidate,Healthy,Potato healthy,Healthy/healthy-leaf (2332).jpg,8160,3672,PLDD-UP,training_candidate,LB,Potato Late blight,LB/late-blight (1033).jpg,8160,3672,1,False,False,False,False,DETERMINISTIC_GROUP_SAMPLE
PLDD-UP,training_candidate,Healthy,Potato healthy,Healthy/healthy-leaf (2375).jpg,8160,3672,PLDD-UP,training_candidate,LB,Potato Late blight,LB/late-blight (1033).jpg,8160,3672,1,False,False,False,False,DETERMINISTIC_GROUP_SAMPLE
PLDD-UP,training_candidate,Healthy,Potato healthy,Healthy/healthy-leaf (2376).jpg,8160,3672,PLDD-UP,training_candidate,LB,Potato Late blight,LB/late-blight (1033).jpg,8160,3672,1,False,False,False,False,DETERMINISTIC_GROUP_SAMPLE
PLDD-UP,training_candidate,Healthy,Potato healthy,Healthy/healthy-leaf (2379).jpg,8160,3672,PLDD-UP,training_candidate,LB,Potato Late blight,LB/late-blight (1033).jpg,8160,3672,1,False,False,False,False,DETERMINISTIC_GROUP_SAMPLE
PLDD-UP,training_candidate,Healthy,Potato healthy,Healthy/healthy-leaf (2380).jpg,8160,3672,PLDD-UP,training_candidate,LB,Potato Late blight,LB/late-blight (1033).jpg,8160,3672,1,False,False,False,False,DETERMINISTIC_GROUP_SAMPLE
PLDD-UP,training_candidate,Healthy,Potato healthy,Healthy/healthy-leaf (2381).jpg,8160,3672,PLDD-UP,training_candidate,LB,Potato Late blight,LB/late-blight (1033).jpg,8160,3672,1,False,False,False,False,DETERMINISTIC_GROUP_SAMPLE
PLDD-UP,training_candidate,Healthy,Potato healthy,Healthy/healthy-leaf (2382).jpg,8160,3672,PLDD-UP,training_candidate,LB,Potato Late blight,LB/late-blight (1033).jpg,8160,3672,0,False,False,False,False,DETERMINISTIC_GROUP_SAMPLE
PLDD-UP,training_candidate,Healthy,Potato healthy,Healthy/healthy-leaf (2385).jpg,8160,3672,PLDD-UP,training_candidate,LB,Potato Late blight,LB/late-blight (1033).jpg,8160,3672,0,False,False,False,False,DETERMINISTIC_GROUP_SAMPLE
PLDD-UP,training_candidate,Healthy,Potato healthy,Healthy/healthy-leaf (2387).jpg,8160,3672,PLDD-UP,training_candidate,LB,Potato Late blight,LB/late-blight (1033).jpg,8160,3672,0,False,False,False,False,DETERMINISTIC_GROUP_SAMPLE
PLDD-UP,training_candidate,Healthy,Potato healthy,Healthy/healthy-leaf (2388).jpg,8160,3672,PLDD-UP,training_candidate,LB,Potato Late blight,LB/late-blight (1033).jpg,8160,3672,0,False,False,False,False,DETERMINISTIC_GROUP_SAMPLE
PLDD-UP,training_candidate,Healthy,Potato healthy,Healthy/healthy-leaf (2391).jpg,8160,3672,PLDD-UP,training_candidate,LB,Potato Late blight,LB/late-blight (1033).jpg,8160,3672,0,False,False,False,False,DETERMINISTIC_GROUP_SAMPLE
PLDD-UP,training_candidate,Healthy,Potato healthy,Healthy/healthy-leaf (2392).jpg,8160,3672,PLDD-UP,training_candidate,LB,Potato Late blight,LB/late-blight (1033).jpg,8160,3672,0,False,False,False,False,DETERMINISTIC_GROUP_SAMPLE
PLDD-UP,training_candidate,Healthy,Potato healthy,Healthy/healthy-leaf (2408).jpg,8160,3672,PLDD-UP,training_candidate,LB,Potato Late blight,LB/late-blight (1033).jpg,8160,3672,4,False,False,False,False,DETERMINISTIC_GROUP_SAMPLE
PLDD-UP,training_candidate,Healthy,Potato healthy,Healthy/healthy-leaf (2413).jpg,8160,3672,PLDD-UP,training_candidate,LB,Potato Late blight,LB/late-blight (1033).jpg,8160,3672,2,False,False,False,False,DETERMINISTIC_GROUP_SAMPLE
PLDD-UP,training_candidate,Healthy,Potato healthy,Healthy/healthy-leaf (2479).jpg,8160,3672,PLDD-UP,training_candidate,LB,Potato Late blight,LB/late-blight (1033).jpg,8160,3672,0,False,False,False,False,DETERMINISTIC_GROUP_SAMPLE
PLDD-UP,training_candidate,Healthy,Potato healthy,Healthy/healthy-leaf (2480).jpg,8160,3672,PLDD-UP,training_candidate,LB,Potato Late blight,LB/late-blight (1033).jpg,8160,3672,0,False,False,False,False,DETERMINISTIC_GROUP_SAMPLE
PLDD-UP,training_candidate,Healthy,Potato healthy,Healthy/healthy-leaf (2483).jpg,8160,3672,PLDD-UP,training_candidate,LB,Potato Late blight,LB/late-blight (1033).jpg,8160,3672,0,False,False,False,False,DETERMINISTIC_GROUP_SAMPLE
PLDD-UP,training_candidate,Healthy,Potato healthy,Healthy/healthy-leaf (2484).jpg,8160,3672,PLDD-UP,training_candidate,LB,Potato Late blight,LB/late-blight (1033).jpg,8160,3672,0,False,False,False,False,DETERMINISTIC_GROUP_SAMPLE
PLDD-UP,training_candidate,Healthy,Potato healthy,Healthy/healthy-leaf (2549).jpg,8160,3672,PLDD-UP,training_candidate,LB,Potato Late blight,LB/late-blight (1033).jpg,8160,3672,0,False,False,False,False,DETERMINISTIC_GROUP_SAMPLE
PLDD-UP,training_candidate,Healthy,Potato healthy,Healthy/healthy-leaf (2550).jpg,8160,3672,PLDD-UP,training_candidate,LB,Potato Late blight,LB/late-blight (1033).jpg,8160,3672,0,False,False,False,False,DETERMINISTIC_GROUP_SAMPLE
PLDD-UP,training_candidate,Healthy,Potato healthy,Healthy/healthy-leaf (2553).jpg,8160,3672,PLDD-UP,training_candidate,LB,Potato Late blight,LB/late-blight (1033).jpg,8160,3672,0,False,False,False,False,DETERMINISTIC_GROUP_SAMPLE
PLDD-UP,training_candidate,LB,Potato Late blight,LB/late-blight (1000).jpg,224,224,PLDD-UP,training_candidate,LB,Potato Late blight,LB/late-blight (1008).jpg,224,224,3,True,True,False,False,DETERMINISTIC_GROUP_SAMPLE
PLDD-UP,training_candidate,LB,Potato Late blight,LB/late-blight (1033).jpg,8160,3672,PLDD-UP,training_candidate,LB,Potato Late blight,LB/late-blight (1035).jpg,1600,719,0,True,True,False,False,DETERMINISTIC_GROUP_SAMPLE
PLDD-UP,training_candidate,LB,Potato Late blight,LB/late-blight (1033).jpg,8160,3672,PLDD-UP,training_candidate,LB,Potato Late blight,LB/late-blight (1037).jpg,1600,719,0,True,True,False,False,DETERMINISTIC_GROUP_SAMPLE
PLDD-UP,training_candidate,LB,Potato Late blight,LB/late-blight (1033).jpg,8160,3672,PLDD-UP,training_candidate,LB,Potato Late blight,LB/late-blight (1038).jpg,1600,719,1,True,True,False,False,DETERMINISTIC_GROUP_SAMPLE
PLDD-UP,training_candidate,LB,Potato Late blight,LB/late-blight (1033).jpg,8160,3672,PLDD-UP,training_candidate,LB,Potato Late blight,LB/late-blight (1041).jpg,1600,719,2,True,True,False,False,DETERMINISTIC_GROUP_SAMPLE
PLDD-UP,training_candidate,LB,Potato Late blight,LB/late-blight (1033).jpg,8160,3672,PLDD-UP,training_candidate,LB,Potato Late blight,LB/late-blight (1063).jpg,1600,719,4,True,True,False,False,DETERMINISTIC_GROUP_SAMPLE
PLDD-UP,training_candidate,LB,Potato Late blight,LB/late-blight (1033).jpg,8160,3672,PLDD-UP,training_candidate,LB,Potato Late blight,LB/late-blight (1064).jpg,1600,719,3,True,True,False,False,DETERMINISTIC_GROUP_SAMPLE
PLDD-UP,training_candidate,LB,Potato Late blight,LB/late-blight (1033).jpg,8160,3672,PLDD-UP,training_candidate,LB,Potato Late blight,LB/late-blight (1065).jpg,1600,719,3,True,True,False,False,DETERMINISTIC_GROUP_SAMPLE
PLDD-UP,training_candidate,LB,Potato Late blight,LB/late-blight (1033).jpg,8160,3672,PLDD-UP,training_candidate,LB,Potato Late blight,LB/late-blight (1066).jpg,1600,719,0,True,True,False,False,DETERMINISTIC_GROUP_SAMPLE
PLDD-UP,training_candidate,LB,Potato Late blight,LB/late-blight (1033).jpg,8160,3672,PLDD-UP,training_candidate,LB,Potato Late blight,LB/late-blight (1067).jpg,1600,719,3,True,True,False,False,DETERMINISTIC_GROUP_SAMPLE
PLDD-UP,training_candidate,LB,Potato Late blight,LB/late-blight (1033).jpg,8160,3672,PLDD-UP,training_candidate,LB,Potato Late blight,LB/late-blight (1069).jpg,1600,719,2,True,True,False,False,DETERMINISTIC_GROUP_SAMPLE
PLDD-UP,training_candidate,LB,Potato Late blight,LB/late-blight (1033).jpg,8160,3672,PLDD-UP,training_candidate,LB,Potato Late blight,LB/late-blight (1080).jpg,8160,3672,0,True,True,False,False,DETERMINISTIC_GROUP_SAMPLE
PLDD-UP,training_candidate,LB,Potato Late blight,LB/late-blight (1033).jpg,8160,3672,PLDD-UP,training_candidate,LB,Potato Late blight,LB/late-blight (1096).jpg,8160,3672,0,True,True,False,False,DETERMINISTIC_GROUP_SAMPLE
PLDD-UP,training_candidate,LB,Potato Late blight,LB/late-blight (1033).jpg,8160,3672,PLDD-UP,training_candidate,LB,Potato Late blight,LB/late-blight (1100).jpg,1600,719,2,True,True,False,False,DETERMINISTIC_GROUP_SAMPLE
PLDD-UP,training_candidate,LB,Potato Late blight,LB/late-blight (1033).jpg,8160,3672,PLDD-UP,training_candidate,LB,Potato Late blight,LB/late-blight (1107).jpg,1600,719,4,True,True,False,False,DETERMINISTIC_GROUP_SAMPLE
PLDD-UP,training_candidate,LB,Potato Late blight,LB/late-blight (1033).jpg,8160,3672,PLDD-UP,training_candidate,LB,Potato Late blight,LB/late-blight (1114).jpg,1600,719,2,True,True,False,False,DETERMINISTIC_GROUP_SAMPLE
PLDD-UP,training_candidate,LB,Potato Late blight,LB/late-blight (1033).jpg,8160,3672,PLDD-UP,training_candidate,LB,Potato Late blight,LB/late-blight (1127).jpg,1600,719,0,True,True,False,False,DETERMINISTIC_GROUP_SAMPLE
PLDD-UP,training_candidate,LB,Potato Late blight,LB/late-blight (1033).jpg,8160,3672,PLDD-UP,training_candidate,LB,Potato Late blight,LB/late-blight (1135).jpg,8160,3672,1,True,True,False,False,DETERMINISTIC_GROUP_SAMPLE
PLDD-UP,training_candidate,LB,Potato Late blight,LB/late-blight (1033).jpg,8160,3672,PLDD-UP,training_candidate,LB,Potato Late blight,LB/late-blight (1142).jpg,8160,3672,0,True,True,False,False,DETERMINISTIC_GROUP_SAMPLE
PLDD-UP,training_candidate,LB,Potato Late blight,LB/late-blight (1033).jpg,8160,3672,PLDD-UP,training_candidate,LB,Potato Late blight,LB/late-blight (1179).jpg,8160,3672,1,True,True,False,False,DETERMINISTIC_GROUP_SAMPLE
PLDD-UP,training_candidate,LB,Potato Late blight,LB/late-blight (1035).jpg,1600,719,PLDD-UP,training_candidate,LB,Potato Late blight,LB/late-blight (1037).jpg,1600,719,0,True,True,False,False,DETERMINISTIC_GROUP_SAMPLE
PLDD-UP,training_candidate,LB,Potato Late blight,LB/late-blight (1035).jpg,1600,719,PLDD-UP,training_candidate,LB,Potato Late blight,LB/late-blight (1038).jpg,1600,719,1,True,True,False,False,DETERMINISTIC_GROUP_SAMPLE
PLDD-UP,training_candidate,LB,Potato Late blight,LB/late-blight (1035).jpg,1600,719,PLDD-UP,training_candidate,LB,Potato Late blight,LB/late-blight (1041).jpg,1600,719,2,True,True,False,False,DETERMINISTIC_GROUP_SAMPLE
PLDD-UP,training_candidate,LB,Potato Late blight,LB/late-blight (1035).jpg,1600,719,PLDD-UP,training_candidate,LB,Potato Late blight,LB/late-blight (1063).jpg,1600,719,4,True,True,False,False,DETERMINISTIC_GROUP_SAMPLE
PLDD-UP,training_candidate,LB,Potato Late blight,LB/late-blight (1035).jpg,1600,719,PLDD-UP,training_candidate,LB,Potato Late blight,LB/late-blight (1064).jpg,1600,719,3,True,True,False,False,DETERMINISTIC_GROUP_SAMPLE
PLDD-UP,training_candidate,LB,Potato Late blight,LB/late-blight (1035).jpg,1600,719,PLDD-UP,training_candidate,LB,Potato Late blight,LB/late-blight (1065).jpg,1600,719,3,True,True,False,False,DETERMINISTIC_GROUP_SAMPLE
PLDD-UP,training_candidate,LB,Potato Late blight,LB/late-blight (1035).jpg,1600,719,PLDD-UP,training_candidate,LB,Potato Late blight,LB/late-blight (1066).jpg,1600,719,0,True,True,False,False,DETERMINISTIC_GROUP_SAMPLE
PLDD-UP,training_candidate,LB,Potato Late blight,LB/late-blight (1035).jpg,1600,719,PLDD-UP,training_candidate,LB,Potato Late blight,LB/late-blight (1067).jpg,1600,719,3,True,True,False,False,DETERMINISTIC_GROUP_SAMPLE
PLDD-UP,training_candidate,LB,Potato Late blight,LB/late-blight (1035).jpg,1600,719,PLDD-UP,training_candidate,LB,Potato Late blight,LB/late-blight (1069).jpg,1600,719,2,True,True,False,False,DETERMINISTIC_GROUP_SAMPLE
PLDD-UP,training_candidate,LB,Potato Late blight,LB/late-blight (1035).jpg,1600,719,PLDD-UP,training_candidate,LB,Potato Late blight,LB/late-blight (1080).jpg,8160,3672,0,True,True,False,False,DETERMINISTIC_GROUP_SAMPLE
PLDD-UP,training_candidate,LB,Potato Late blight,LB/late-blight (1035).jpg,1600,719,PLDD-UP,training_candidate,LB,Potato Late blight,LB/late-blight (1096).jpg,8160,3672,0,True,True,False,False,DETERMINISTIC_GROUP_SAMPLE
PLDD-UP,training_candidate,LB,Potato Late blight,LB/late-blight (1035).jpg,1600,719,PLDD-UP,training_candidate,LB,Potato Late blight,LB/late-blight (1100).jpg,1600,719,2,True,True,False,False,DETERMINISTIC_GROUP_SAMPLE
PLDD-UP,training_candidate,LB,Potato Late blight,LB/late-blight (1035).jpg,1600,719,PLDD-UP,training_candidate,LB,Potato Late blight,LB/late-blight (1107).jpg,1600,719,4,True,True,False,False,DETERMINISTIC_GROUP_SAMPLE
PLDD-UP,training_candidate,LB,Potato Late blight,LB/late-blight (1035).jpg,1600,719,PLDD-UP,training_candidate,LB,Potato Late blight,LB/late-blight (1114).jpg,1600,719,2,True,True,False,False,DETERMINISTIC_GROUP_SAMPLE
PLDD-UP,training_candidate,LB,Potato Late blight,LB/late-blight (1035).jpg,1600,719,PLDD-UP,training_candidate,LB,Potato Late blight,LB/late-blight (1127).jpg,1600,719,0,True,True,False,False,DETERMINISTIC_GROUP_SAMPLE
PLDD-UP,training_candidate,LB,Potato Late blight,LB/late-blight (1035).jpg,1600,719,PLDD-UP,training_candidate,LB,Potato Late blight,LB/late-blight (1135).jpg,8160,3672,1,True,True,False,False,DETERMINISTIC_GROUP_SAMPLE
PLDD-UP,training_candidate,LB,Potato Late blight,LB/late-blight (1035).jpg,1600,719,PLDD-UP,training_candidate,LB,Potato Late blight,LB/late-blight (1142).jpg,8160,3672,0,True,True,False,False,DETERMINISTIC_GROUP_SAMPLE
PLDD-UP,training_candidate,LB,Potato Late blight,LB/late-blight (1037).jpg,1600,719,PLDD-UP,training_candidate,LB,Potato Late blight,LB/late-blight (1038).jpg,1600,719,1,True,True,False,False,DETERMINISTIC_GROUP_SAMPLE
PLDD-UP,training_candidate,LB,Potato Late blight,LB/late-blight (1037).jpg,1600,719,PLDD-UP,training_candidate,LB,Potato Late blight,LB/late-blight (1041).jpg,1600,719,2,True,True,False,False,DETERMINISTIC_GROUP_SAMPLE
PLDD-UP,training_candidate,LB,Potato Late blight,LB/late-blight (1037).jpg,1600,719,PLDD-UP,training_candidate,LB,Potato Late blight,LB/late-blight (1063).jpg,1600,719,4,True,True,False,False,DETERMINISTIC_GROUP_SAMPLE
PLDD-UP,training_candidate,LB,Potato Late blight,LB/late-blight (1037).jpg,1600,719,PLDD-UP,training_candidate,LB,Potato Late blight,LB/late-blight (1064).jpg,1600,719,3,True,True,False,False,DETERMINISTIC_GROUP_SAMPLE
PLDD-UP,training_candidate,LB,Potato Late blight,LB/late-blight (1037).jpg,1600,719,PLDD-UP,training_candidate,LB,Potato Late blight,LB/late-blight (1065).jpg,1600,719,3,True,True,False,False,DETERMINISTIC_GROUP_SAMPLE
PLDD-UP,training_candidate,LB,Potato Late blight,LB/late-blight (1037).jpg,1600,719,PLDD-UP,training_candidate,LB,Potato Late blight,LB/late-blight (1066).jpg,1600,719,0,True,True,False,False,DETERMINISTIC_GROUP_SAMPLE
PLDD-UP,training_candidate,LB,Potato Late blight,LB/late-blight (1037).jpg,1600,719,PLDD-UP,training_candidate,LB,Potato Late blight,LB/late-blight (1067).jpg,1600,719,3,True,True,False,False,DETERMINISTIC_GROUP_SAMPLE
PLDD-UP,training_candidate,LB,Potato Late blight,LB/late-blight (1037).jpg,1600,719,PLDD-UP,training_candidate,LB,Potato Late blight,LB/late-blight (1069).jpg,1600,719,2,True,True,False,False,DETERMINISTIC_GROUP_SAMPLE
PLDD-UP,training_candidate,LB,Potato Late blight,LB/late-blight (1037).jpg,1600,719,PLDD-UP,training_candidate,LB,Potato Late blight,LB/late-blight (1080).jpg,8160,3672,0,True,True,False,False,DETERMINISTIC_GROUP_SAMPLE
PLDD-UP,training_candidate,LB,Potato Late blight,LB/late-blight (1037).jpg,1600,719,PLDD-UP,training_candidate,LB,Potato Late blight,LB/late-blight (1096).jpg,8160,3672,0,True,True,False,False,DETERMINISTIC_GROUP_SAMPLE
PLDD-UP,training_candidate,LB,Potato Late blight,LB/late-blight (1037).jpg,1600,719,PLDD-UP,training_candidate,LB,Potato Late blight,LB/late-blight (1100).jpg,1600,719,2,True,True,False,False,DETERMINISTIC_GROUP_SAMPLE
PLDD-UP,training_candidate,LB,Potato Late blight,LB/late-blight (1037).jpg,1600,719,PLDD-UP,training_candidate,LB,Potato Late blight,LB/late-blight (1107).jpg,1600,719,4,True,True,False,False,DETERMINISTIC_GROUP_SAMPLE
PLDD-UP,training_candidate,LB,Potato Late blight,LB/late-blight (1037).jpg,1600,719,PLDD-UP,training_candidate,LB,Potato Late blight,LB/late-blight (1114).jpg,1600,719,2,True,True,False,False,DETERMINISTIC_GROUP_SAMPLE
PLDD-UP,training_candidate,LB,Potato Late blight,LB/late-blight (1037).jpg,1600,719,PLDD-UP,training_candidate,LB,Potato Late blight,LB/late-blight (1127).jpg,1600,719,0,True,True,False,False,DETERMINISTIC_GROUP_SAMPLE
PLDD-UP,training_candidate,LB,Potato Late blight,LB/late-blight (1037).jpg,1600,719,PLDD-UP,training_candidate,LB,Potato Late blight,LB/late-blight (1135).jpg,8160,3672,1,True,True,False,False,DETERMINISTIC_GROUP_SAMPLE
PLDD-UP,training_candidate,LB,Potato Late blight,LB/late-blight (1037).jpg,1600,719,PLDD-UP,training_candidate,LB,Potato Late blight,LB/late-blight (1142).jpg,8160,3672,0,True,True,False,False,DETERMINISTIC_GROUP_SAMPLE
PLDD-UP,training_candidate,LB,Potato Late blight,LB/late-blight (1038).jpg,1600,719,PLDD-UP,training_candidate,LB,Potato Late blight,LB/late-blight (1041).jpg,1600,719,3,True,True,False,False,DETERMINISTIC_GROUP_SAMPLE
PLDD-UP,training_candidate,LB,Potato Late blight,LB/late-blight (1038).jpg,1600,719,PLDD-UP,training_candidate,LB,Potato Late blight,LB/late-blight (1064).jpg,1600,719,4,True,True,False,False,DETERMINISTIC_GROUP_SAMPLE
PLDD-UP,training_candidate,LB,Potato Late blight,LB/late-blight (1038).jpg,1600,719,PLDD-UP,training_candidate,LB,Potato Late blight,LB/late-blight (1065).jpg,1600,719,2,True,True,False,False,DETERMINISTIC_GROUP_SAMPLE
PLDD-UP,training_candidate,LB,Potato Late blight,LB/late-blight (1038).jpg,1600,719,PLDD-UP,training_candidate,LB,Potato Late blight,LB/late-blight (1066).jpg,1600,719,1,True,True,False,False,DETERMINISTIC_GROUP_SAMPLE
PLDD-UP,training_candidate,LB,Potato Late blight,LB/late-blight (1038).jpg,1600,719,PLDD-UP,training_candidate,LB,Potato Late blight,LB/late-blight (1067).jpg,1600,719,4,True,True,False,False,DETERMINISTIC_GROUP_SAMPLE
PLDD-UP,training_candidate,LB,Potato Late blight,LB/late-blight (1038).jpg,1600,719,PLDD-UP,training_candidate,LB,Potato Late blight,LB/late-blight (1069).jpg,1600,719,3,True,True,False,False,DETERMINISTIC_GROUP_SAMPLE
PLDD-UP,training_candidate,LB,Potato Late blight,LB/late-blight (1038).jpg,1600,719,PLDD-UP,training_candidate,LB,Potato Late blight,LB/late-blight (1080).jpg,8160,3672,1,True,True,False,False,DETERMINISTIC_GROUP_SAMPLE
PLDD-UP,training_candidate,LB,Potato Late blight,LB/late-blight (1038).jpg,1600,719,PLDD-UP,training_candidate,LB,Potato Late blight,LB/late-blight (1096).jpg,8160,3672,1,True,True,False,False,DETERMINISTIC_GROUP_SAMPLE
PLDD-UP,training_candidate,LB,Potato Late blight,LB/late-blight (1038).jpg,1600,719,PLDD-UP,training_candidate,LB,Potato Late blight,LB/late-blight (1100).jpg,1600,719,1,True,True,False,False,DETERMINISTIC_GROUP_SAMPLE
PLDD-UP,training_candidate,LB,Potato Late blight,LB/late-blight (1038).jpg,1600,719,PLDD-UP,training_candidate,LB,Potato Late blight,LB/late-blight (1107).jpg,1600,719,3,True,True,False,False,DETERMINISTIC_GROUP_SAMPLE
PLDD-UP,training_candidate,LB,Potato Late blight,LB/late-blight (1038).jpg,1600,719,PLDD-UP,training_candidate,LB,Potato Late blight,LB/late-blight (1127).jpg,1600,719,1,True,True,False,False,DETERMINISTIC_GROUP_SAMPLE
PLDD-UP,training_candidate,LB,Potato Late blight,LB/late-blight (1038).jpg,1600,719,PLDD-UP,training_candidate,LB,Potato Late blight,LB/late-blight (1142).jpg,8160,3672,1,True,True,False,False,DETERMINISTIC_GROUP_SAMPLE
PLDD-UP,training_candidate,LB,Potato Late blight,LB/late-blight (1038).jpg,1600,719,PLDD-UP,training_candidate,LB,Potato Late blight,LB/late-blight (1146).jpg,8160,3672,1,True,True,False,False,DETERMINISTIC_GROUP_SAMPLE
PLDD-UP,training_candidate,LB,Potato Late blight,LB/late-blight (1038).jpg,1600,719,PLDD-UP,training_candidate,LB,Potato Late blight,LB/late-blight (1172).jpg,8160,3672,1,True,True,False,False,DETERMINISTIC_GROUP_SAMPLE
PLDD-UP,training_candidate,LB,Potato Late blight,LB/late-blight (1041).jpg,1600,719,PLDD-UP,training_candidate,LB,Potato Late blight,LB/late-blight (1064).jpg,1600,719,3,True,True,False,False,DETERMINISTIC_GROUP_SAMPLE
PLDD-UP,training_candidate,LB,Potato Late blight,LB/late-blight (1041).jpg,1600,719,PLDD-UP,training_candidate,LB,Potato Late blight,LB/late-blight (1066).jpg,1600,719,2,True,True,False,False,DETERMINISTIC_GROUP_SAMPLE
PLDD-UP,training_candidate,LB,Potato Late blight,LB/late-blight (1041).jpg,1600,719,PLDD-UP,training_candidate,LB,Potato Late blight,LB/late-blight (1067).jpg,1600,719,3,True,True,False,False,DETERMINISTIC_GROUP_SAMPLE
PLDD-UP,training_candidate,LB,Potato Late blight,LB/late-blight (1041).jpg,1600,719,PLDD-UP,training_candidate,LB,Potato Late blight,LB/late-blight (1069).jpg,1600,719,4,True,True,False,False,DETERMINISTIC_GROUP_SAMPLE
PLDD-UP,training_candidate,LB,Potato Late blight,LB/late-blight (1041).jpg,1600,719,PLDD-UP,training_candidate,LB,Potato Late blight,LB/late-blight (1080).jpg,8160,3672,2,True,True,False,False,DETERMINISTIC_GROUP_SAMPLE
PLDD-UP,training_candidate,LB,Potato Late blight,LB/late-blight (1041).jpg,1600,719,PLDD-UP,training_candidate,LB,Potato Late blight,LB/late-blight (1096).jpg,8160,3672,2,True,True,False,False,DETERMINISTIC_GROUP_SAMPLE
PLDD-UP,training_candidate,LB,Potato Late blight,LB/late-blight (1041).jpg,1600,719,PLDD-UP,training_candidate,LB,Potato Late blight,LB/late-blight (1100).jpg,1600,719,4,True,True,False,False,DETERMINISTIC_GROUP_SAMPLE
PLDD-UP,training_candidate,LB,Potato Late blight,LB/late-blight (1041).jpg,1600,719,PLDD-UP,training_candidate,LB,Potato Late blight,LB/late-blight (1114).jpg,1600,719,2,True,True,False,False,DETERMINISTIC_GROUP_SAMPLE
PLDD-UP,training_candidate,LB,Potato Late blight,LB/late-blight (1043).jpg,8160,3672,PLDD-UP,training_candidate,LB,Potato Late blight,LB/late-blight (1069).jpg,1600,719,4,True,True,False,False,DETERMINISTIC_GROUP_SAMPLE
PLDD-UP,training_candidate,LB,Potato Late blight,LB/late-blight (1046).jpg,1600,719,PLDD-UP,training_candidate,LB,Potato Late blight,LB/late-blight (1100).jpg,1600,719,4,True,True,False,False,DETERMINISTIC_GROUP_SAMPLE
PLDD-UP,training_candidate,LB,Potato Late blight,LB/late-blight (1063).jpg,1600,719,PLDD-UP,training_candidate,LB,Potato Late blight,LB/late-blight (1066).jpg,1600,719,4,True,True,False,False,DETERMINISTIC_GROUP_SAMPLE
PLDD-UP,training_candidate,LB,Potato Late blight,LB/late-blight (1063).jpg,1600,719,PLDD-UP,training_candidate,LB,Potato Late blight,LB/late-blight (1080).jpg,8160,3672,4,True,True,False,False,DETERMINISTIC_GROUP_SAMPLE
PLDD-UP,training_candidate,LB,Potato Late blight,LB/late-blight (1063).jpg,1600,719,PLDD-UP,training_candidate,LB,Potato Late blight,LB/late-blight (1096).jpg,8160,3672,4,True,True,False,False,DETERMINISTIC_GROUP_SAMPLE
PLDD-UP,training_candidate,LB,Potato Late blight,LB/late-blight (1063).jpg,1600,719,PLDD-UP,training_candidate,LB,Potato Late blight,LB/late-blight (1110).jpg,1600,719,4,True,True,False,False,DETERMINISTIC_GROUP_SAMPLE
PLDD-UP,training_candidate,LB,Potato Late blight,LB/late-blight (1064).jpg,1600,719,PLDD-UP,training_candidate,LB,Potato Late blight,LB/late-blight (1066).jpg,1600,719,3,True,True,False,False,DETERMINISTIC_GROUP_SAMPLE
PLDD-UP,training_candidate,LB,Potato Late blight,LB/late-blight (1064).jpg,1600,719,PLDD-UP,training_candidate,LB,Potato Late blight,LB/late-blight (1080).jpg,8160,3672,3,True,True,False,False,DETERMINISTIC_GROUP_SAMPLE
PLDD-UP,training_candidate,LB,Potato Late blight,LB/late-blight (1064).jpg,1600,719,PLDD-UP,training_candidate,LB,Potato Late blight,LB/late-blight (1096).jpg,8160,3672,3,True,True,False,False,DETERMINISTIC_GROUP_SAMPLE
PLDD-UP,training_candidate,LB,Potato Late blight,LB/late-blight (1065).jpg,1600,719,PLDD-UP,training_candidate,LB,Potato Late blight,LB/late-blight (1066).jpg,1600,719,3,True,True,False,False,DETERMINISTIC_GROUP_SAMPLE
PLDD-UP,training_candidate,LB,Potato Late blight,LB/late-blight (1065).jpg,1600,719,PLDD-UP,training_candidate,LB,Potato Late blight,LB/late-blight (1067).jpg,1600,719,4,True,True,False,False,DETERMINISTIC_GROUP_SAMPLE
PLDD-UP,training_candidate,LB,Potato Late blight,LB/late-blight (1065).jpg,1600,719,PLDD-UP,training_candidate,LB,Potato Late blight,LB/late-blight (1080).jpg,8160,3672,3,True,True,False,False,DETERMINISTIC_GROUP_SAMPLE
PLDD-UP,training_candidate,LB,Potato Late blight,LB/late-blight (1065).jpg,1600,719,PLDD-UP,training_candidate,LB,Potato Late blight,LB/late-blight (1096).jpg,8160,3672,3,True,True,False,False,DETERMINISTIC_GROUP_SAMPLE
PLDD-UP,training_candidate,LB,Potato Late blight,LB/late-blight (1065).jpg,1600,719,PLDD-UP,training_candidate,LB,Potato Late blight,LB/late-blight (1100).jpg,1600,719,3,True,True,False,False,DETERMINISTIC_GROUP_SAMPLE
PLDD-UP,training_candidate,LB,Potato Late blight,LB/late-blight (1065).jpg,1600,719,PLDD-UP,training_candidate,LB,Potato Late blight,LB/late-blight (1107).jpg,1600,719,1,True,True,False,False,DETERMINISTIC_GROUP_SAMPLE
PLDD-UP,training_candidate,LB,Potato Late blight,LB/late-blight (1066).jpg,1600,719,PLDD-UP,training_candidate,LB,Potato Late blight,LB/late-blight (1067).jpg,1600,719,3,True,True,False,False,DETERMINISTIC_GROUP_SAMPLE
PLDD-UP,training_candidate,LB,Potato Late blight,LB/late-blight (1066).jpg,1600,719,PLDD-UP,training_candidate,LB,Potato Late blight,LB/late-blight (1069).jpg,1600,719,2,True,True,False,False,DETERMINISTIC_GROUP_SAMPLE
PLDD-UP,training_candidate,LB,Potato Late blight,LB/late-blight (1066).jpg,1600,719,PLDD-UP,training_candidate,LB,Potato Late blight,LB/late-blight (1080).jpg,8160,3672,0,True,True,False,False,DETERMINISTIC_GROUP_SAMPLE
PLDD-UP,training_candidate,LB,Potato Late blight,LB/late-blight (1066).jpg,1600,719,PLDD-UP,training_candidate,LB,Potato Late blight,LB/late-blight (1096).jpg,8160,3672,0,True,True,False,False,DETERMINISTIC_GROUP_SAMPLE
PLDD-UP,training_candidate,LB,Potato Late blight,LB/late-blight (1066).jpg,1600,719,PLDD-UP,training_candidate,LB,Potato Late blight,LB/late-blight (1100).jpg,1600,719,2,True,True,False,False,DETERMINISTIC_GROUP_SAMPLE
PLDD-UP,training_candidate,LB,Potato Late blight,LB/late-blight (1066).jpg,1600,719,PLDD-UP,training_candidate,LB,Potato Late blight,LB/late-blight (1107).jpg,1600,719,4,True,True,False,False,DETERMINISTIC_GROUP_SAMPLE
PLDD-UP,training_candidate,LB,Potato Late blight,LB/late-blight (1066).jpg,1600,719,PLDD-UP,training_candidate,LB,Potato Late blight,LB/late-blight (1114).jpg,1600,719,2,True,True,False,False,DETERMINISTIC_GROUP_SAMPLE
PLDD-UP,training_candidate,LB,Potato Late blight,LB/late-blight (1066).jpg,1600,719,PLDD-UP,training_candidate,LB,Potato Late blight,LB/late-blight (1127).jpg,1600,719,0,True,True,False,False,DETERMINISTIC_GROUP_SAMPLE
PLDD-UP,training_candidate,LB,Potato Late blight,LB/late-blight (1066).jpg,1600,719,PLDD-UP,training_candidate,LB,Potato Late blight,LB/late-blight (1135).jpg,8160,3672,1,True,True,False,False,DETERMINISTIC_GROUP_SAMPLE
PLDD-UP,training_candidate,LB,Potato Late blight,LB/late-blight (1066).jpg,1600,719,PLDD-UP,training_candidate,LB,Potato Late blight,LB/late-blight (1142).jpg,8160,3672,0,True,True,False,False,DETERMINISTIC_GROUP_SAMPLE
PLDD-UP,training_candidate,LB,Potato Late blight,LB/late-blight (1067).jpg,1600,719,PLDD-UP,training_candidate,LB,Potato Late blight,LB/late-blight (1080).jpg,8160,3672,3,True,True,False,False,DETERMINISTIC_GROUP_SAMPLE
PLDD-UP,training_candidate,LB,Potato Late blight,LB/late-blight (1067).jpg,1600,719,PLDD-UP,training_candidate,LB,Potato Late blight,LB/late-blight (1096).jpg,8160,3672,3,True,True,False,False,DETERMINISTIC_GROUP_SAMPLE
PLDD-UP,training_candidate,LB,Potato Late blight,LB/late-blight (1067).jpg,1600,719,PLDD-UP,training_candidate,LB,Potato Late blight,LB/late-blight (1114).jpg,1600,719,1,True,True,False,False,DETERMINISTIC_GROUP_SAMPLE
PLDD-UP,training_candidate,LB,Potato Late blight,LB/late-blight (1069).jpg,1600,719,PLDD-UP,training_candidate,LB,Potato Late blight,LB/late-blight (1080).jpg,8160,3672,2,True,True,False,False,DETERMINISTIC_GROUP_SAMPLE
PLDD-UP,training_candidate,LB,Potato Late blight,LB/late-blight (1069).jpg,1600,719,PLDD-UP,training_candidate,LB,Potato Late blight,LB/late-blight (1096).jpg,8160,3672,2,True,True,False,False,DETERMINISTIC_GROUP_SAMPLE
PLDD-UP,training_candidate,LB,Potato Late blight,LB/late-blight (1069).jpg,1600,719,PLDD-UP,training_candidate,LB,Potato Late blight,LB/late-blight (1100).jpg,1600,719,4,True,True,False,False,DETERMINISTIC_GROUP_SAMPLE
PLDD-UP,training_candidate,LB,Potato Late blight,LB/late-blight (1069).jpg,1600,719,PLDD-UP,training_candidate,LB,Potato Late blight,LB/late-blight (1114).jpg,1600,719,4,True,True,False,False,DETERMINISTIC_GROUP_SAMPLE
PLDD-UP,training_candidate,LB,Potato Late blight,LB/late-blight (1069).jpg,1600,719,PLDD-UP,training_candidate,LB,Potato Late blight,LB/late-blight (1123).jpg,1600,719,4,True,True,False,False,DETERMINISTIC_GROUP_SAMPLE
PLDD-UP,training_candidate,LB,Potato Late blight,LB/late-blight (1080).jpg,8160,3672,PLDD-UP,training_candidate,LB,Potato Late blight,LB/late-blight (1096).jpg,8160,3672,0,True,True,False,False,DETERMINISTIC_GROUP_SAMPLE
PLDD-UP,training_candidate,LB,Potato Late blight,LB/late-blight (1080).jpg,8160,3672,PLDD-UP,training_candidate,LB,Potato Late blight,LB/late-blight (1100).jpg,1600,719,2,True,True,False,False,DETERMINISTIC_GROUP_SAMPLE
PLDD-UP,training_candidate,LB,Potato Late blight,LB/late-blight (1080).jpg,8160,3672,PLDD-UP,training_candidate,LB,Potato Late blight,LB/late-blight (1107).jpg,1600,719,4,True,True,False,False,DETERMINISTIC_GROUP_SAMPLE
PLDD-UP,training_candidate,LB,Potato Late blight,LB/late-blight (1080).jpg,8160,3672,PLDD-UP,training_candidate,LB,Potato Late blight,LB/late-blight (1114).jpg,1600,719,2,True,True,False,False,DETERMINISTIC_GROUP_SAMPLE
PLDD-UP,training_candidate,LB,Potato Late blight,LB/late-blight (1080).jpg,8160,3672,PLDD-UP,training_candidate,LB,Potato Late blight,LB/late-blight (1127).jpg,1600,719,0,True,True,False,False,DETERMINISTIC_GROUP_SAMPLE
PLDD-UP,training_candidate,LB,Potato Late blight,LB/late-blight (1080).jpg,8160,3672,PLDD-UP,training_candidate,LB,Potato Late blight,LB/late-blight (1135).jpg,8160,3672,1,True,True,False,False,DETERMINISTIC_GROUP_SAMPLE
PLDD-UP,training_candidate,LB,Potato Late blight,LB/late-blight (1096).jpg,8160,3672,PLDD-UP,training_candidate,LB,Potato Late blight,LB/late-blight (1100).jpg,1600,719,2,True,True,False,False,DETERMINISTIC_GROUP_SAMPLE
PLDD-UP,training_candidate,LB,Potato Late blight,LB/late-blight (1096).jpg,8160,3672,PLDD-UP,training_candidate,LB,Potato Late blight,LB/late-blight (1107).jpg,1600,719,4,True,True,False,False,DETERMINISTIC_GROUP_SAMPLE
PLDD-UP,training_candidate,LB,Potato Late blight,LB/late-blight (1096).jpg,8160,3672,PLDD-UP,training_candidate,LB,Potato Late blight,LB/late-blight (1127).jpg,1600,719,0,True,True,False,False,DETERMINISTIC_GROUP_SAMPLE
PLDD-UP,training_candidate,LB,Potato Late blight,LB/late-blight (1096).jpg,8160,3672,PLDD-UP,training_candidate,LB,Potato Late blight,LB/late-blight (1135).jpg,8160,3672,1,True,True,False,False,DETERMINISTIC_GROUP_SAMPLE
PLDD-UP,training_candidate,LB,Potato Late blight,LB/late-blight (1100).jpg,1600,719,PLDD-UP,training_candidate,LB,Potato Late blight,LB/late-blight (1107).jpg,1600,719,4,True,True,False,False,DETERMINISTIC_GROUP_SAMPLE
PLDD-UP,training_candidate,LB,Potato Late blight,LB/late-blight (1100).jpg,1600,719,PLDD-UP,training_candidate,LB,Potato Late blight,LB/late-blight (1114).jpg,1600,719,4,True,True,False,False,DETERMINISTIC_GROUP_SAMPLE
PLDD-UP,training_candidate,LB,Potato Late blight,LB/late-blight (1100).jpg,1600,719,PLDD-UP,training_candidate,LB,Potato Late blight,LB/late-blight (1135).jpg,8160,3672,1,True,True,False,False,DETERMINISTIC_GROUP_SAMPLE
PLDD-UP,training_candidate,LB,Potato Late blight,LB/late-blight (1127).jpg,1600,719,PLDD-UP,training_candidate,LB,Potato Late blight,LB/late-blight (1135).jpg,8160,3672,1,True,True,False,False,DETERMINISTIC_GROUP_SAMPLE
PLDD-UP,training_candidate,LB,Potato Late blight,LB/late-blight (1135).jpg,8160,3672,PLDD-UP,training_candidate,LB,Potato Late blight,LB/late-blight (1142).jpg,8160,3672,1,True,True,False,False,DETERMINISTIC_GROUP_SAMPLE
PLDD-UP,training_candidate,LB,Potato Late blight,LB/late-blight (1135).jpg,8160,3672,PLDD-UP,training_candidate,LB,Potato Late blight,LB/late-blight (1146).jpg,8160,3672,1,True,True,False,False,DETERMINISTIC_GROUP_SAMPLE
PLDD-UP,training_candidate,LB,Potato Late blight,LB/late-blight (1135).jpg,8160,3672,PLDD-UP,training_candidate,LB,Potato Late blight,LB/late-blight (1172).jpg,8160,3672,1,True,True,False,False,DETERMINISTIC_GROUP_SAMPLE
PlantDoc,locked_test,Peach leaf,,test/Peach leaf/7190f27ead55c0f6e3ff8b982972810a5446a9713a49d_1260x1260.jpg,1056,1260,PlantDoc,locked_test,Peach leaf,,test/Peach leaf/depositphotos_3786198-Peach-leaf.jpg,1024,1024,4,True,True,False,True,LOCKED_TEST
PlantDoc,training_candidate,Apple Scab Leaf,Apple Apple scab,train/Apple Scab Leaf/Apple-Scab1.jpg,279,181,PlantDoc,training_candidate,Apple Scab Leaf,Apple Apple scab,train/Apple Scab Leaf/applescab.jpg,500,325,0,True,True,False,False,DETERMINISTIC_GROUP_SAMPLE
PlantDoc,training_candidate,Bell_pepper leaf spot,,train/Bell_pepper leaf spot/Septoria-leaf-spot.jpg,800,600,PlantDoc,training_candidate,Tomato Septoria leaf spot,Tomato Septoria leaf spot,train/Tomato Septoria leaf spot/tomato-blight-treatment-blight.jpg,800,600,2,False,False,False,False,DETERMINISTIC_GROUP_SAMPLE
PlantDoc,training_candidate,Bell_pepper leaf spot,,train/Bell_pepper leaf spot/green-pepper-plant-diseases-bacterial-spot-on-pepper-plant-green-pepper-plant-diseases-photos.jpg,700,525,PlantDoc,training_candidate,Bell_pepper leaf spot,,train/Bell_pepper leaf spot/peppers_bacterial_spot_zoom.jpg,700,525,0,True,True,False,False,DETERMINISTIC_GROUP_SAMPLE
PlantDoc,training_candidate,Bell_pepper leaf spot,,train/Bell_pepper leaf spot/image_1500x1500%253E.jpeg?1467983528.jpg,1500,1120,PlantDoc,training_candidate,Bell_pepper leaf spot,,train/Bell_pepper leaf spot/image_original.jpeg?1472603886.jpg,2592,1936,0,True,True,False,False,DETERMINISTIC_GROUP_SAMPLE
PlantDoc,training_candidate,Bell_pepper leaf spot,,train/Bell_pepper leaf spot/image_1500x1500%253E.jpeg?1472603885.jpg,1500,1120,PlantDoc,training_candidate,Bell_pepper leaf spot,,train/Bell_pepper leaf spot/image_original.jpeg?1472603885.jpg,2592,1936,0,True,True,False,False,DETERMINISTIC_GROUP_SAMPLE
PlantDoc,training_candidate,Cherry leaf,,train/Cherry leaf/Cherry-Fruit-and-Leaves-tp1263.jpg,1800,1350,PlantDoc,training_candidate,Cherry leaf,,train/Cherry leaf/i-have-a-cherry-tree-5252.jpg,2048,1536,1,True,True,False,False,DETERMINISTIC_GROUP_SAMPLE
PlantDoc,training_candidate,Corn Gray leaf spot,Corn Cercospora leaf spot,train/Corn Gray leaf spot/gls99-anamosa.jpg,430,359,PlantDoc,training_candidate,Corn leaf blight,,train/Corn leaf blight/gls99-anamosa-400x334.jpg,400,334,1,False,False,False,False,DETERMINISTIC_GROUP_SAMPLE
PlantDoc,training_candidate,Corn leaf blight,,train/Corn leaf blight/28430_rel.jpg,200,383,PlantDoc,training_candidate,Corn leaf blight,,train/Corn leaf blight/28430_web.jpg,400,766,0,True,True,False,False,DETERMINISTIC_GROUP_SAMPLE
PlantDoc,training_candidate,Corn leaf blight,,train/Corn leaf blight/Corn-gray-leaf-spot-8-14-15-F1.jpg,1200,900,PlantDoc,training_candidate,Corn leaf blight,,train/Corn leaf blight/corn_gray_leaf_spot.jpg,600,400,1,True,True,False,False,DETERMINISTIC_GROUP_SAMPLE
PlantDoc,training_candidate,Corn leaf blight,,train/Corn leaf blight/Figure-2-.jpg,2448,3264,PlantDoc,training_candidate,Corn leaf blight,,train/Corn leaf blight/Northern-corn-leaf-blight-NM-F2.jpg,1200,1600,0,True,True,False,False,DETERMINISTIC_GROUP_SAMPLE
PlantDoc,training_candidate,Corn leaf blight,,train/Corn leaf blight/Northern-Corn-Leaf-Blight.ashx.jpg,500,734,PlantDoc,training_candidate,Corn leaf blight,,train/Corn leaf blight/agriculture-crop-disease-northern-corn-leaf-blight-fungus-exserohilum-FRA00E.jpg,886,1390,1,True,True,False,False,DETERMINISTIC_GROUP_SAMPLE
PlantDoc,training_candidate,Corn leaf blight,,train/Corn leaf blight/bacterial-corn-1.jpg,400,400,PlantDoc,training_candidate,Corn leaf blight,,train/Corn leaf blight/bacterial-corn-300x300.jpg,300,300,1,True,True,False,False,DETERMINISTIC_GROUP_SAMPLE
PlantDoc,training_candidate,Corn leaf blight,,train/Corn leaf blight/corn-short-backlit-Xanth-lesions-halos-f2-.jpg,588,887,PlantDoc,training_candidate,Corn leaf blight,,train/Corn leaf blight/corn-short-backlit-Xanth-lesions-halos-f2.jpg,600,887,2,True,True,False,False,DETERMINISTIC_GROUP_SAMPLE
PlantDoc,training_candidate,Corn rust leaf,,train/Corn rust leaf/Corn-Common-Rust-300x225.jpg,300,225,PlantDoc,training_candidate,Corn rust leaf,,train/Corn rust leaf/Corn-Common-Rust.jpg,1278,958,0,True,True,False,False,DETERMINISTIC_GROUP_SAMPLE
PlantDoc,training_candidate,Peach leaf,,train/Peach leaf/fresh-peach-fruits-green-leaves-15654533.jpg,1300,1229,PlantDoc,training_candidate,Peach leaf,,train/Peach leaf/stock-photo-fresh-peach-fruits-with-green-leaves-isolated-on-white-background-59305621.jpg,450,414,4,True,True,False,False,DETERMINISTIC_GROUP_SAMPLE
PlantDoc,training_candidate,Peach leaf,,train/Peach leaf/peach-with-leaf-isolated-on-white-picture-id466696757.jpg,1024,1024,PlantDoc,training_candidate,Peach leaf,,train/Peach leaf/stock-photo-peach-with-leaf-isolated-on-white-168119267.jpg,450,470,3,True,True,False,False,DETERMINISTIC_GROUP_SAMPLE
PlantDoc,training_candidate,Potato leaf early blight,Potato Early blight,train/Potato leaf early blight/14321627273_58d893c3e2_potato-plant.jpg,500,333,PlantDoc,training_candidate,Potato leaf late blight,Potato Late blight,train/Potato leaf late blight/14321627273_58d893c3e2_b.jpg,850,566,0,False,False,False,False,DETERMINISTIC_GROUP_SAMPLE
PlantDoc,training_candidate,Potato leaf early blight,Potato Early blight,train/Potato leaf early blight/2OBH_29_Gardening_early_blight.jpg,300,225,PlantDoc,training_candidate,Tomato Early blight leaf,Tomato Early blight,train/Tomato Early blight leaf/Early_Blight_of_Tomato1687.jpg,800,600,1,False,False,False,False,DETERMINISTIC_GROUP_SAMPLE
PlantDoc,training_candidate,Potato leaf early blight,Potato Early blight,train/Potato leaf early blight/36-early-blight-concentric-rings.jpg,675,1013,PlantDoc,training_candidate,Tomato Early blight leaf,Tomato Early blight,train/Tomato Early blight leaf/EBTomato.jpg,300,450,0,False,False,False,False,DETERMINISTIC_GROUP_SAMPLE
PlantDoc,training_candidate,Potato leaf early blight,Potato Early blight,train/Potato leaf early blight/36-early-blight-concentric-rings.jpg,675,1013,PlantDoc,training_candidate,Tomato Early blight leaf,Tomato Early blight,train/Tomato Early blight leaf/tomatoblight.jpg,300,450,0,False,False,False,False,DETERMINISTIC_GROUP_SAMPLE
PlantDoc,training_candidate,Potato leaf early blight,Potato Early blight,train/Potato leaf early blight/45035_1.jpg,1200,750,PlantDoc,training_candidate,Potato leaf late blight,Potato Late blight,train/Potato leaf late blight/Late+blight+on+potato.jpg,1600,1000,2,False,False,False,False,DETERMINISTIC_GROUP_SAMPLE
PlantDoc,training_candidate,Potato leaf early blight,Potato Early blight,train/Potato leaf early blight/5816740026_d42ef24413_Phytophthora-Infestans.jpg,333,500,PlantDoc,training_candidate,Tomato leaf late blight,Tomato Late blight,train/Tomato leaf late blight/tomato-late-blight-foliar-lesions_Scot-Nelson_CC-BY-SA-2.0.jpg,683,1024,0,False,False,False,False,DETERMINISTIC_GROUP_SAMPLE
PlantDoc,training_candidate,Potato leaf early blight,Potato Early blight,train/Potato leaf early blight/Blght.jpg,2400,1800,PlantDoc,training_candidate,Tomato leaf late blight,Tomato Late blight,train/Tomato leaf late blight/LBleaf2INIA_0.jpg,2048,1536,0,False,False,False,False,DETERMINISTIC_GROUP_SAMPLE
PlantDoc,training_candidate,Potato leaf early blight,Potato Early blight,train/Potato leaf early blight/Early-Blight-Leaves-56a348bf3df78cf7727cb35e.jpg,768,768,PlantDoc,training_candidate,Tomato leaf late blight,Tomato Late blight,train/Tomato leaf late blight/Pest2369.jpg,600,600,0,False,False,False,False,DETERMINISTIC_GROUP_SAMPLE
PlantDoc,training_candidate,Potato leaf early blight,Potato Early blight,train/Potato leaf early blight/IMG_9055.JPG.jpg,640,480,PlantDoc,training_candidate,Tomato Septoria leaf spot,Tomato Septoria leaf spot,train/Tomato Septoria leaf spot/caf212ccf4696675469a0beaa9e57213.jpg,640,480,0,False,False,False,False,DETERMINISTIC_GROUP_SAMPLE
PlantDoc,training_candidate,Potato leaf early blight,Potato Early blight,train/Potato leaf early blight/backus-045-potato-blight.jpg,2848,2136,PlantDoc,training_candidate,Tomato leaf late blight,Tomato Late blight,train/Tomato leaf late blight/a7710b5901ba1f8e9759ef7576cd9f09.jpg,2848,2136,0,False,False,False,False,DETERMINISTIC_GROUP_SAMPLE
PlantDoc,training_candidate,Potato leaf early blight,Potato Early blight,train/Potato leaf early blight/early-blight-closeup-NCSU.jpg,454,291,PlantDoc,training_candidate,Tomato Early blight leaf,Tomato Early blight,train/Tomato Early blight leaf/early-blight-closeup-sm.jpg,454,291,0,False,False,False,False,DETERMINISTIC_GROUP_SAMPLE
PlantDoc,training_candidate,Potato leaf early blight,Potato Early blight,train/Potato leaf early blight/early-blight-or-target-spot-alternaria-solani-lesions-on-a-tomato-by9j8r.jpg,307,320,PlantDoc,training_candidate,Tomato Early blight leaf,Tomato Early blight,train/Tomato Early blight leaf/early-blight-or-target-spot-alternaria-solani-lesions-on-a-tomato-BY9J8R.jpg,1300,1359,3,False,False,False,False,DETERMINISTIC_GROUP_SAMPLE
PlantDoc,training_candidate,Potato leaf late blight,Potato Late blight,train/Potato leaf late blight/IMG_5813-1024x768.jpg,1024,768,PlantDoc,training_candidate,Tomato leaf late blight,Tomato Late blight,train/Tomato leaf late blight/IMG_5813.jpg,4000,3000,1,False,False,False,False,DETERMINISTIC_GROUP_SAMPLE
PlantDoc,training_candidate,Potato leaf late blight,Potato Late blight,train/Potato leaf late blight/Jessore-potato-late-blight-8-2h2fdkl.jpg,2448,3264,PlantDoc,training_candidate,Tomato leaf late blight,Tomato Late blight,train/Tomato leaf late blight/symptoms_of_late_blight_0.jpg,814,1085,0,False,False,False,False,DETERMINISTIC_GROUP_SAMPLE
PlantDoc,training_candidate,Potato leaf late blight,Potato Late blight,train/Potato leaf late blight/LB_potato_leaf_topside.jpg,3008,2000,PlantDoc,training_candidate,Potato leaf late blight,Potato Late blight,train/Potato leaf late blight/PotatoLateBlight2.jpg,313,208,0,True,True,False,False,DETERMINISTIC_GROUP_SAMPLE
PlantDoc,training_candidate,Potato leaf late blight,Potato Late blight,train/Potato leaf late blight/Symptom_potato_late_blight.jpg,800,559,PlantDoc,training_candidate,Tomato Early blight leaf,Tomato Early blight,train/Tomato Early blight leaf/126689-004-D622CD2F.jpg,550,384,0,False,False,False,False,DETERMINISTIC_GROUP_SAMPLE
PlantDoc,training_candidate,Potato leaf late blight,Potato Late blight,train/Potato leaf late blight/b3a52d4eda0deedc34260c4dee847a5b.jpg,250,249,PlantDoc,training_candidate,Potato leaf late blight,Potato Late blight,train/Potato leaf late blight/early_blight.jpg,250,249,0,True,True,False,False,DETERMINISTIC_GROUP_SAMPLE
PlantDoc,training_candidate,Raspberry leaf,,train/Raspberry leaf/579a1aa0c6b3fd0354d1a6b57a40ac42--red-raspberry-medicinal-plants.jpg,736,981,PlantDoc,training_candidate,Raspberry leaf,,train/Raspberry leaf/Raspberry-Suckers1.jpg,960,1280,0,True,True,False,False,DETERMINISTIC_GROUP_SAMPLE
PlantDoc,training_candidate,Soyabean leaf,,train/Soyabean leaf/fresh-soy-leaves-white-46020567.jpg,1300,1357,PlantDoc,training_candidate,Soyabean leaf,,train/Soyabean leaf/stock-photo-fresh-soy-leaves-isolated-on-white-224197243.jpg,450,459,4,True,True,False,False,DETERMINISTIC_GROUP_SAMPLE
PlantDoc,training_candidate,Squash Powdery mildew leaf,Squash Powdery mildew,train/Squash Powdery mildew leaf/6c460a55e7e8607e922d98e1416448d4.jpg,736,552,PlantDoc,training_candidate,Squash Powdery mildew leaf,Squash Powdery mildew,train/Squash Powdery mildew leaf/Aug+16+2010+051.jpg,1600,1200,0,True,True,False,False,DETERMINISTIC_GROUP_SAMPLE
PlantDoc,training_candidate,Squash Powdery mildew leaf,Squash Powdery mildew,train/Squash Powdery mildew leaf/squash-plant-identification-squash-powdery-mildew-garden-squash-varieties-pictures.jpg,750,350,PlantDoc,training_candidate,Squash Powdery mildew leaf,Squash Powdery mildew,train/Squash Powdery mildew leaf/squash-powdery-mildew.jpg,750,350,0,True,True,False,False,DETERMINISTIC_GROUP_SAMPLE
PlantDoc,training_candidate,Tomato Early blight leaf,Tomato Early blight,train/Tomato Early blight leaf/3606630.jpg,325,216,PlantDoc,training_candidate,Tomato Early blight leaf,Tomato Early blight,train/Tomato Early blight leaf/early-blight-pp-labeled_orig.jpg,499,332,1,True,True,False,False,DETERMINISTIC_GROUP_SAMPLE
PlantDoc,training_candidate,Tomato Early blight leaf,Tomato Early blight,train/Tomato Early blight leaf/EBTomato.jpg,300,450,PlantDoc,training_candidate,Tomato Early blight leaf,Tomato Early blight,train/Tomato Early blight leaf/tomatoblight.jpg,300,450,0,True,True,False,False,DETERMINISTIC_GROUP_SAMPLE
PlantDoc,training_candidate,Tomato Early blight leaf,Tomato Early blight,train/Tomato Early blight leaf/Early-bligh_t.jpg,810,450,PlantDoc,training_candidate,Tomato Early blight leaf,Tomato Early blight,train/Tomato Early blight leaf/Early-blight.jpg,598,332,1,True,True,False,False,DETERMINISTIC_GROUP_SAMPLE
PlantDoc,training_candidate,Tomato Early blight leaf,Tomato Early blight,train/Tomato Early blight leaf/MPC105550.jpg.rendition.largest.ss.jpg,300,300,PlantDoc,training_candidate,Tomato Septoria leaf spot,Tomato Septoria leaf spot,train/Tomato Septoria leaf spot/MPC105550.jpg.rendition.largest.550.jpg,550,550,0,False,False,False,False,DETERMINISTIC_GROUP_SAMPLE
PlantDoc,training_candidate,Tomato Early blight leaf,Tomato Early blight,train/Tomato Early blight leaf/b54d0e40027ff5e90e8ba7e1e9abf9bd--garden-guide-garden-ideas.jpg,448,336,PlantDoc,training_candidate,Tomato Septoria leaf spot,Tomato Septoria leaf spot,train/Tomato Septoria leaf spot/b54d0e40027ff5e90e8ba7e1e9abf9bd.jpg,200,150,0,False,False,False,False,DETERMINISTIC_GROUP_SAMPLE
PlantDoc,training_candidate,Tomato Early blight leaf,Tomato Early blight,train/Tomato Early blight leaf/confused-bacterial-canker-early-blight-zoom.JPG.jpg,419,284,PlantDoc,training_candidate,Tomato Early blight leaf,Tomato Early blight,train/Tomato Early blight leaf/tomato_D2b-Early-blight---RPitblado_zoom.jpg,847,574,3,True,True,False,False,DETERMINISTIC_GROUP_SAMPLE
PlantDoc,training_candidate,Tomato Early blight leaf,Tomato Early blight,train/Tomato Early blight leaf/earlyblightpotato.jpg,465,350,PlantDoc,locked_test,Potato leaf early blight,Potato Early blight,test/Potato leaf early blight/earlyblightpotato.jpg,465,350,0,False,False,True,True,LOCKED_TEST
PlantDoc,training_candidate,Tomato Early blight leaf,Tomato Early blight,train/Tomato Early blight leaf/p1020084s.jpg,800,600,PlantDoc,training_candidate,Tomato leaf late blight,Tomato Late blight,train/Tomato leaf late blight/tomato_late-blight_04_zoom.jpg,900,675,0,False,False,False,False,DETERMINISTIC_GROUP_SAMPLE
PlantDoc,training_candidate,Tomato Septoria leaf spot,Tomato Septoria leaf spot,train/Tomato Septoria leaf spot/5c77186a4ea326e5495c9d03cd89ce16.jpg,575,609,PlantDoc,training_candidate,Tomato Septoria leaf spot,Tomato Septoria leaf spot,train/Tomato Septoria leaf spot/eb56b488e349c2de423ab6afbcc4bd5b.jpg,500,635,2,True,True,False,False,DETERMINISTIC_GROUP_SAMPLE
PlantDoc,training_candidate,Tomato Septoria leaf spot,Tomato Septoria leaf spot,train/Tomato Septoria leaf spot/Sept9-300x225.jpg,300,225,PlantDoc,training_candidate,Tomato leaf bacterial spot,Tomato Bacterial spot,train/Tomato leaf bacterial spot/FS547-4-big.jpg,640,480,1,False,False,False,False,DETERMINISTIC_GROUP_SAMPLE
PlantDoc,training_candidate,Tomato Septoria leaf spot,Tomato Septoria leaf spot,train/Tomato Septoria leaf spot/Septoria-Tomato.jpg,3872,2592,PlantDoc,training_candidate,Tomato Septoria leaf spot,Tomato Septoria leaf spot,train/Tomato Septoria leaf spot/tomatofactsheet.png.png,355,240,0,True,True,False,False,DETERMINISTIC_GROUP_SAMPLE
PlantDoc,training_candidate,Tomato Septoria leaf spot,Tomato Septoria leaf spot,train/Tomato Septoria leaf spot/Tomato%20bacterial%20spot%20closeup-050S.JPG.jpg,640,480,PlantDoc,training_candidate,Tomato leaf bacterial spot,Tomato Bacterial spot,train/Tomato leaf bacterial spot/RyBx7MH.jpg,259,194,0,False,False,False,False,DETERMINISTIC_GROUP_SAMPLE
PlantDoc,training_candidate,Tomato Septoria leaf spot,Tomato Septoria leaf spot,train/Tomato Septoria leaf spot/gray-leaf-spot.jpg,205,300,PlantDoc,training_candidate,Tomato Septoria leaf spot,Tomato Septoria leaf spot,train/Tomato Septoria leaf spot/xgray-leaf-spot.jpg.pagespeed.ic.ltF8KfKtQ1.jpg,205,300,0,True,True,False,False,DETERMINISTIC_GROUP_SAMPLE
PlantDoc,training_candidate,Tomato Septoria leaf spot,Tomato Septoria leaf spot,train/Tomato Septoria leaf spot/tomato-septoria-3-500x384.jpg,500,384,PlantDoc,training_candidate,Tomato Septoria leaf spot,Tomato Septoria leaf spot,train/Tomato Septoria leaf spot/tomato-septoria-3.jpg,1497,1152,0,True,True,False,False,DETERMINISTIC_GROUP_SAMPLE
PlantDoc,training_candidate,Tomato Septoria leaf spot,Tomato Septoria leaf spot,train/Tomato Septoria leaf spot/tomato-septoria-5-500x384.jpg,500,384,PlantDoc,training_candidate,Tomato Septoria leaf spot,Tomato Septoria leaf spot,train/Tomato Septoria leaf spot/tomato-septoria-5.jpg,1500,1154,2,True,True,False,False,DETERMINISTIC_GROUP_SAMPLE
PlantDoc,training_candidate,Tomato leaf bacterial spot,Tomato Bacterial spot,train/Tomato leaf bacterial spot/BCH%20medium%20thumbnail%20for%20upload%20%2814%29.jpg,375,300,PlantDoc,training_candidate,Tomato leaf bacterial spot,Tomato Bacterial spot,train/Tomato leaf bacterial spot/BCH%20small%20thumbnail%20for%20upload%20%2814%29.jpg,187,150,1,True,True,False,False,DETERMINISTIC_GROUP_SAMPLE
PlantDoc,training_candidate,Tomato leaf bacterial spot,Tomato Bacterial spot,train/Tomato leaf bacterial spot/TomatoBacterialSpot2.jpg,322,268,PlantDoc,training_candidate,Tomato leaf bacterial spot,Tomato Bacterial spot,train/Tomato leaf bacterial spot/bact-spot-leaf-big.jpg,768,768,3,True,True,False,False,DETERMINISTIC_GROUP_SAMPLE
PlantDoc,training_candidate,Tomato leaf bacterial spot,Tomato Bacterial spot,train/Tomato leaf bacterial spot/bacterial-canker3x2400-2ia1kgd.jpg,2400,2791,PlantDoc,locked_test,Tomato leaf bacterial spot,Tomato Bacterial spot,test/Tomato leaf bacterial spot/07.17.18-Common_Tomato_Diseases_Canker-258x300.jpg,258,300,0,True,True,True,True,LOCKED_TEST
PlantDoc,training_candidate,Tomato leaf late blight,Tomato Late blight,train/Tomato leaf late blight/20150619d.jpg,500,420,PlantDoc,training_candidate,Tomato leaf late blight,Tomato Late blight,train/Tomato leaf late blight/IMG_5360.jpg,500,420,0,True,True,False,False,DETERMINISTIC_GROUP_SAMPLE
PlantDoc,training_candidate,Tomato leaf late blight,Tomato Late blight,train/Tomato leaf late blight/924977LateBlightLeaf.jpg,800,600,PlantDoc,training_candidate,Tomato leaf late blight,Tomato Late blight,train/Tomato leaf late blight/LateBlightLeaf.jpg,800,600,0,True,True,False,False,DETERMINISTIC_GROUP_SAMPLE
PlantDoc,training_candidate,Tomato leaf late blight,Tomato Late blight,train/Tomato leaf late blight/TomatoLateBlight-3-Underside-2ebj05b-300x225.jpg,300,225,PlantDoc,training_candidate,Tomato leaf late blight,Tomato Late blight,train/Tomato leaf late blight/symptoms_of_late_blight.jpg2__0.jpg,1431,1073,0,True,True,False,False,DETERMINISTIC_GROUP_SAMPLE
PlantDoc,training_candidate,Tomato leaf late blight,Tomato Late blight,train/Tomato leaf late blight/late_blight1.jpg,600,438,PlantDoc,locked_test,Tomato leaf late blight,Tomato Late blight,test/Tomato leaf late blight/18c.jpg,350,255,0,True,True,True,True,LOCKED_TEST
PlantDoc,training_candidate,Tomato leaf late blight,Tomato Late blight,train/Tomato leaf late blight/tomato-late-blight-foliar-lesions_Scot-Nelson_CC-BY-SA-2.0.jpg,683,1024,PlantDoc,locked_test,Potato leaf late blight,Potato Late blight,test/Potato leaf late blight/5816740026_d42ef24413_Phytophthora-Infestans.jpg,333,500,0,False,False,True,True,LOCKED_TEST
PlantDoc,training_candidate,Tomato leaf mosaic virus,Tomato mosaic virus,train/Tomato leaf mosaic virus/ab40cce958c60d8b6e0ec2e4fdb8f526.jpg,300,321,PlantDoc,training_candidate,Tomato leaf yellow virus,,train/Tomato leaf yellow virus/Tomato2.jpg,700,749,0,False,False,False,False,DETERMINISTIC_GROUP_SAMPLE
PlantDoc,training_candidate,Tomato leaf yellow virus,,train/Tomato leaf yellow virus/TYLCVDFerrinlr.jpg,500,438,PlantDoc,training_candidate,Tomato leaf yellow virus,,train/Tomato leaf yellow virus/tomato-plant-virus-tomato-yellow-leaf-curl-virus-tomato-plant-disease-mosaic-virus.jpg,500,438,2,True,True,False,False,DETERMINISTIC_GROUP_SAMPLE
PlantDoc,training_candidate,Tomato leaf yellow virus,,train/Tomato leaf yellow virus/tomato-yellow-leaf-curl-disease.jpg,798,605,PlantDoc,training_candidate,Tomato mold leaf,Tomato Leaf Mold,train/Tomato mold leaf/tylc.jpg,798,605,0,False,False,False,False,DETERMINISTIC_GROUP_SAMPLE
PlantDoc,training_candidate,grape leaf black rot,Grape Black rot,train/grape leaf black rot/image66.jpg,231,159,PlantDoc,training_candidate,grape leaf black rot,Grape Black rot,train/grape leaf black rot/muscals2.jpg,433,299,2,True,True,False,False,DETERMINISTIC_GROUP_SAMPLE
Potato Leaf Disease Dataset,training_candidate,Fungal Late Blight,Potato Late blight,Potato Leaf Disease Dataset/Fungal Late Blight/orig_2.jpg,224,224,Potato Leaf Disease Dataset,training_candidate,Fungal Late Blight,Potato Late blight,Potato Leaf Disease Dataset/Fungal Late Blight/orig_1.jpg,224,224,4,True,True,False,False,DETERMINISTIC_GROUP_SAMPLE
Potato Leaf Disease Dataset,training_candidate,Viral PVX,,Potato Leaf Disease Dataset/Viral PVX/orig_4.jpg,224,224,Potato Leaf Disease Dataset,training_candidate,Viral PVX,,Potato Leaf Disease Dataset/Viral PVX/orig_3.jpg,224,224,4,True,True,False,False,DETERMINISTIC_GROUP_SAMPLE
Seasonal Corn Leaf Disease Dataset,training_candidate,Bacterial Leaf Streak,,Final corn dataset/Bacterial Leaf Streak/DSC_1022.JPG,4032,3024,Seasonal Corn Leaf Disease Dataset,training_candidate,Healthy,Corn healthy,Final corn dataset/Healthy/healty_original_DSC_1483.JPG_2b45f1c7-932c-4ab9-8bdc-8eb71f43e130.JPG,4032,3024,4,False,False,False,False,DETERMINISTIC_GROUP_SAMPLE
Seasonal Corn Leaf Disease Dataset,training_candidate,Common_rust,Corn Common rust,Final corn dataset/Common_rust/IMG_20230429_174905.png,200,200,Seasonal Corn Leaf Disease Dataset,training_candidate,Common_rust,Corn Common rust,Final corn dataset/Common_rust/rsz_4img_20230429_174905.png,200,200,0,True,True,False,False,DETERMINISTIC_GROUP_SAMPLE
Seasonal Corn Leaf Disease Dataset,training_candidate,Common_rust,Corn Common rust,Final corn dataset/Common_rust/IMG_20230429_180716.png,200,200,Seasonal Corn Leaf Disease Dataset,training_candidate,Common_rust,Corn Common rust,Final corn dataset/Common_rust/IMG_20230429_180717.png,200,200,4,True,True,False,False,DETERMINISTIC_GROUP_SAMPLE
Seasonal Corn Leaf Disease Dataset,training_candidate,Gray_leaf_spot,Corn Cercospora leaf spot,Final corn dataset/Gray_leaf_spot/33333.png,200,200,Seasonal Corn Leaf Disease Dataset,training_candidate,Gray_leaf_spot,Corn Cercospora leaf spot,Final corn dataset/Gray_leaf_spot/IMG_23330230429_174916-0.png,200,200,0,True,True,False,False,DETERMINISTIC_GROUP_SAMPLE
Seasonal Corn Leaf Disease Dataset,training_candidate,Gray_leaf_spot,Corn Cercospora leaf spot,Final corn dataset/Gray_leaf_spot/IMG_202222230429_174914.png,200,200,Seasonal Corn Leaf Disease Dataset,training_candidate,Gray_leaf_spot,Corn Cercospora leaf spot,Final corn dataset/Gray_leaf_spot/IMG_23330230429_174916-1.png,200,200,0,True,True,False,False,DETERMINISTIC_GROUP_SAMPLE
Seasonal Corn Leaf Disease Dataset,training_candidate,Gray_leaf_spot,Corn Cercospora leaf spot,Final corn dataset/Gray_leaf_spot/IMG_20230429_17422222935.png,200,200,Seasonal Corn Leaf Disease Dataset,training_candidate,Gray_leaf_spot,Corn Cercospora leaf spot,Final corn dataset/Gray_leaf_spot/IMG_23330230429_174916-10.png,200,200,0,True,True,False,False,DETERMINISTIC_GROUP_SAMPLE
Seasonal Corn Leaf Disease Dataset,training_candidate,Gray_leaf_spot,Corn Cercospora leaf spot,Final corn dataset/Gray_leaf_spot/IMG_20230429_174839.png,200,200,Seasonal Corn Leaf Disease Dataset,training_candidate,Gray_leaf_spot,Corn Cercospora leaf spot,Final corn dataset/Gray_leaf_spot/IMG_23330230429_174916-11.png,200,200,0,True,True,False,False,DETERMINISTIC_GROUP_SAMPLE
Seasonal Corn Leaf Disease Dataset,training_candidate,Gray_leaf_spot,Corn Cercospora leaf spot,Final corn dataset/Gray_leaf_spot/IMG_20230429_174852.png,200,200,Seasonal Corn Leaf Disease Dataset,training_candidate,Gray_leaf_spot,Corn Cercospora leaf spot,Final corn dataset/Gray_leaf_spot/IMG_23330230429_174916-12.png,200,200,0,True,True,False,False,DETERMINISTIC_GROUP_SAMPLE
Seasonal Corn Leaf Disease Dataset,training_candidate,Gray_leaf_spot,Corn Cercospora leaf spot,Final corn dataset/Gray_leaf_spot/IMG_20230429_174914.png,200,200,Seasonal Corn Leaf Disease Dataset,training_candidate,Gray_leaf_spot,Corn Cercospora leaf spot,Final corn dataset/Gray_leaf_spot/IMG_23330230429_174916-13.png,200,200,0,True,True,False,False,DETERMINISTIC_GROUP_SAMPLE
Seasonal Corn Leaf Disease Dataset,training_candidate,Gray_leaf_spot,Corn Cercospora leaf spot,Final corn dataset/Gray_leaf_spot/IMG_20230429_174916.png,200,200,Seasonal Corn Leaf Disease Dataset,training_candidate,Gray_leaf_spot,Corn Cercospora leaf spot,Final corn dataset/Gray_leaf_spot/IMG_23330230429_174916-14.png,200,200,0,True,True,False,False,DETERMINISTIC_GROUP_SAMPLE
Seasonal Corn Leaf Disease Dataset,training_candidate,Gray_leaf_spot,Corn Cercospora leaf spot,Final corn dataset/Gray_leaf_spot/IMG_20230429_174935.png,200,200,Seasonal Corn Leaf Disease Dataset,training_candidate,Gray_leaf_spot,Corn Cercospora leaf spot,Final corn dataset/Gray_leaf_spot/IMG_23330230429_174916-15.png,200,200,0,True,True,False,False,DETERMINISTIC_GROUP_SAMPLE
Seasonal Corn Leaf Disease Dataset,training_candidate,Gray_leaf_spot,Corn Cercospora leaf spot,Final corn dataset/Gray_leaf_spot/IMG_20230429_175008.png,200,200,Seasonal Corn Leaf Disease Dataset,training_candidate,Gray_leaf_spot,Corn Cercospora leaf spot,Final corn dataset/Gray_leaf_spot/IMG_23330230429_174916-16.png,200,200,2,True,True,False,False,DETERMINISTIC_GROUP_SAMPLE
Seasonal Corn Leaf Disease Dataset,training_candidate,Gray_leaf_spot,Corn Cercospora leaf spot,Final corn dataset/Gray_leaf_spot/IMG_20230429_1750113.png,200,200,Seasonal Corn Leaf Disease Dataset,training_candidate,Gray_leaf_spot,Corn Cercospora leaf spot,Final corn dataset/Gray_leaf_spot/IMG_23330230429_174916-17.png,200,200,0,True,True,False,False,DETERMINISTIC_GROUP_SAMPLE
Seasonal Corn Leaf Disease Dataset,training_candidate,Gray_leaf_spot,Corn Cercospora leaf spot,Final corn dataset/Gray_leaf_spot/IMG_20230429_175013.png,200,200,Seasonal Corn Leaf Disease Dataset,training_candidate,Gray_leaf_spot,Corn Cercospora leaf spot,Final corn dataset/Gray_leaf_spot/IMG_23330230429_174916-18.png,200,200,0,True,True,False,False,DETERMINISTIC_GROUP_SAMPLE
Seasonal Corn Leaf Disease Dataset,training_candidate,Gray_leaf_spot,Corn Cercospora leaf spot,Final corn dataset/Gray_leaf_spot/IMG_20240210_154247.png,200,200,Seasonal Corn Leaf Disease Dataset,training_candidate,Healthy,Corn healthy,Final corn dataset/Healthy/IMG_20240210_154247.jpg,200,200,0,False,False,False,False,DETERMINISTIC_GROUP_SAMPLE
Seasonal Corn Leaf Disease Dataset,training_candidate,Gray_leaf_spot,Corn Cercospora leaf spot,Final corn dataset/Gray_leaf_spot/IMG_20240210_154247.png,200,200,Seasonal Corn Leaf Disease Dataset,training_candidate,Healthy,Corn healthy,Final corn dataset/Healthy/IMG_20240210_154247.png,200,200,0,False,False,False,False,DETERMINISTIC_GROUP_SAMPLE
Seasonal Corn Leaf Disease Dataset,training_candidate,Gray_leaf_spot,Corn Cercospora leaf spot,Final corn dataset/Gray_leaf_spot/IMG_20240210_154256.jpg,200,200,Seasonal Corn Leaf Disease Dataset,training_candidate,Healthy,Corn healthy,Final corn dataset/Healthy/IMG_20240210_154256.png,200,200,1,False,False,False,False,DETERMINISTIC_GROUP_SAMPLE
Seasonal Corn Leaf Disease Dataset,training_candidate,Gray_leaf_spot,Corn Cercospora leaf spot,Final corn dataset/Gray_leaf_spot/IMG_20240210_154301.jpg,200,200,Seasonal Corn Leaf Disease Dataset,training_candidate,Healthy,Corn healthy,Final corn dataset/Healthy/IMG_20240210_154301.png,200,200,0,False,False,False,False,DETERMINISTIC_GROUP_SAMPLE
Seasonal Corn Leaf Disease Dataset,training_candidate,Gray_leaf_spot,Corn Cercospora leaf spot,Final corn dataset/Gray_leaf_spot/IMG_20240210_154358.jpg,200,200,Seasonal Corn Leaf Disease Dataset,training_candidate,Gray_leaf_spot,Corn Cercospora leaf spot,Final corn dataset/Gray_leaf_spot/resized_6.png,200,200,1,True,True,False,False,DETERMINISTIC_GROUP_SAMPLE
Seasonal Corn Leaf Disease Dataset,training_candidate,Gray_leaf_spot,Corn Cercospora leaf spot,Final corn dataset/Gray_leaf_spot/IMG_20240210_154546.jpg,200,200,Seasonal Corn Leaf Disease Dataset,training_candidate,Gray_leaf_spot,Corn Cercospora leaf spot,Final corn dataset/Gray_leaf_spot/resized_16.png,200,200,1,True,True,False,False,DETERMINISTIC_GROUP_SAMPLE
Seasonal Corn Leaf Disease Dataset,training_candidate,Gray_leaf_spot,Corn Cercospora leaf spot,Final corn dataset/Gray_leaf_spot/IMG_20240210_154622.jpg,200,200,Seasonal Corn Leaf Disease Dataset,training_candidate,Gray_leaf_spot,Corn Cercospora leaf spot,Final corn dataset/Gray_leaf_spot/resized_23.png,200,200,1,True,True,False,False,DETERMINISTIC_GROUP_SAMPLE
Seasonal Corn Leaf Disease Dataset,training_candidate,Gray_leaf_spot,Corn Cercospora leaf spot,Final corn dataset/Gray_leaf_spot/IMG_20240210_154624.jpg,200,200,Seasonal Corn Leaf Disease Dataset,training_candidate,Gray_leaf_spot,Corn Cercospora leaf spot,Final corn dataset/Gray_leaf_spot/IMG_20240210_154624.png,200,200,1,True,True,False,False,DETERMINISTIC_GROUP_SAMPLE
Seasonal Corn Leaf Disease Dataset,training_candidate,Gray_leaf_spot,Corn Cercospora leaf spot,Final corn dataset/Gray_leaf_spot/IMG_20240210_154624.png,200,200,Seasonal Corn Leaf Disease Dataset,training_candidate,Gray_leaf_spot,Corn Cercospora leaf spot,Final corn dataset/Gray_leaf_spot/resized_24.png,200,200,1,True,True,False,False,DETERMINISTIC_GROUP_SAMPLE
Seasonal Corn Leaf Disease Dataset,training_candidate,Gray_leaf_spot,Corn Cercospora leaf spot,Final corn dataset/Gray_leaf_spot/IMG_20240210_154952.jpg,200,200,Seasonal Corn Leaf Disease Dataset,training_candidate,Gray_leaf_spot,Corn Cercospora leaf spot,Final corn dataset/Gray_leaf_spot/IMG_20240210_154952.png,200,200,1,True,True,False,False,DETERMINISTIC_GROUP_SAMPLE
Seasonal Corn Leaf Disease Dataset,training_candidate,Gray_leaf_spot,Corn Cercospora leaf spot,Final corn dataset/Gray_leaf_spot/IMG_20240210_155148.jpg,200,200,Seasonal Corn Leaf Disease Dataset,training_candidate,Gray_leaf_spot,Corn Cercospora leaf spot,Final corn dataset/Gray_leaf_spot/IMG_20240210_155148.png,200,200,0,True,True,False,False,DETERMINISTIC_GROUP_SAMPLE
Seasonal Corn Leaf Disease Dataset,training_candidate,Gray_leaf_spot,Corn Cercospora leaf spot,Final corn dataset/Gray_leaf_spot/IMG_20240210_155149.jpg,200,200,Seasonal Corn Leaf Disease Dataset,training_candidate,Gray_leaf_spot,Corn Cercospora leaf spot,Final corn dataset/Gray_leaf_spot/IMG_20240210_155149.png,200,200,0,True,True,False,False,DETERMINISTIC_GROUP_SAMPLE
Seasonal Corn Leaf Disease Dataset,training_candidate,Gray_leaf_spot,Corn Cercospora leaf spot,Final corn dataset/Gray_leaf_spot/IMG_20240210_155151.jpg,200,200,Seasonal Corn Leaf Disease Dataset,training_candidate,Gray_leaf_spot,Corn Cercospora leaf spot,Final corn dataset/Gray_leaf_spot/IMG_20240210_155151.png,200,200,0,True,True,False,False,DETERMINISTIC_GROUP_SAMPLE
Seasonal Corn Leaf Disease Dataset,training_candidate,Gray_leaf_spot,Corn Cercospora leaf spot,Final corn dataset/Gray_leaf_spot/IMG_20240210_155612.jpg,200,200,Seasonal Corn Leaf Disease Dataset,training_candidate,Gray_leaf_spot,Corn Cercospora leaf spot,Final corn dataset/Gray_leaf_spot/IMG_20240210_155612.png,200,200,0,True,True,False,False,DETERMINISTIC_GROUP_SAMPLE
Seasonal Corn Leaf Disease Dataset,training_candidate,Gray_leaf_spot,Corn Cercospora leaf spot,Final corn dataset/Gray_leaf_spot/IMG_20240210_155623.jpg,200,200,Seasonal Corn Leaf Disease Dataset,training_candidate,Gray_leaf_spot,Corn Cercospora leaf spot,Final corn dataset/Gray_leaf_spot/IMG_20240210_155623.png,200,200,0,True,True,False,False,DETERMINISTIC_GROUP_SAMPLE
Seasonal Corn Leaf Disease Dataset,training_candidate,Gray_leaf_spot,Corn Cercospora leaf spot,Final corn dataset/Gray_leaf_spot/IMG_20240210_155623.jpg,200,200,Seasonal Corn Leaf Disease Dataset,training_candidate,Gray_leaf_spot,Corn Cercospora leaf spot,Final corn dataset/Gray_leaf_spot/IMG_20240210_155624.jpg,200,200,2,True,True,False,False,DETERMINISTIC_GROUP_SAMPLE
Seasonal Corn Leaf Disease Dataset,training_candidate,Gray_leaf_spot,Corn Cercospora leaf spot,Final corn dataset/Gray_leaf_spot/IMG_20240210_155623.jpg,200,200,Seasonal Corn Leaf Disease Dataset,training_candidate,Gray_leaf_spot,Corn Cercospora leaf spot,Final corn dataset/Gray_leaf_spot/IMG_20240210_155624.png,200,200,2,True,True,False,False,DETERMINISTIC_GROUP_SAMPLE
Seasonal Corn Leaf Disease Dataset,training_candidate,Gray_leaf_spot,Corn Cercospora leaf spot,Final corn dataset/Gray_leaf_spot/IMG_20240210_155623.png,200,200,Seasonal Corn Leaf Disease Dataset,training_candidate,Gray_leaf_spot,Corn Cercospora leaf spot,Final corn dataset/Gray_leaf_spot/IMG_20240210_155624.jpg,200,200,2,True,True,False,False,DETERMINISTIC_GROUP_SAMPLE
Seasonal Corn Leaf Disease Dataset,training_candidate,Gray_leaf_spot,Corn Cercospora leaf spot,Final corn dataset/Gray_leaf_spot/IMG_20240210_155623.png,200,200,Seasonal Corn Leaf Disease Dataset,training_candidate,Gray_leaf_spot,Corn Cercospora leaf spot,Final corn dataset/Gray_leaf_spot/IMG_20240210_155624.png,200,200,2,True,True,False,False,DETERMINISTIC_GROUP_SAMPLE
Seasonal Corn Leaf Disease Dataset,training_candidate,Gray_leaf_spot,Corn Cercospora leaf spot,Final corn dataset/Gray_leaf_spot/IMG_20240210_155624.jpg,200,200,Seasonal Corn Leaf Disease Dataset,training_candidate,Gray_leaf_spot,Corn Cercospora leaf spot,Final corn dataset/Gray_leaf_spot/IMG_20240210_155624.png,200,200,0,True,True,False,False,DETERMINISTIC_GROUP_SAMPLE
Seasonal Corn Leaf Disease Dataset,training_candidate,Gray_leaf_spot,Corn Cercospora leaf spot,Final corn dataset/Gray_leaf_spot/IMG_20240210_155630.jpg,200,200,Seasonal Corn Leaf Disease Dataset,training_candidate,Gray_leaf_spot,Corn Cercospora leaf spot,Final corn dataset/Gray_leaf_spot/IMG_20240210_155630.png,200,200,0,True,True,False,False,DETERMINISTIC_GROUP_SAMPLE
Seasonal Corn Leaf Disease Dataset,training_candidate,Gray_leaf_spot,Corn Cercospora leaf spot,Final corn dataset/Gray_leaf_spot/IMG_20240210_155632.jpg,200,200,Seasonal Corn Leaf Disease Dataset,training_candidate,Gray_leaf_spot,Corn Cercospora leaf spot,Final corn dataset/Gray_leaf_spot/IMG_20240210_155632.png,200,200,0,True,True,False,False,DETERMINISTIC_GROUP_SAMPLE
Seasonal Corn Leaf Disease Dataset,training_candidate,Gray_leaf_spot,Corn Cercospora leaf spot,Final corn dataset/Gray_leaf_spot/IMG_20240210_155717.jpg,200,200,Seasonal Corn Leaf Disease Dataset,training_candidate,Gray_leaf_spot,Corn Cercospora leaf spot,Final corn dataset/Gray_leaf_spot/IMG_20240210_155717.png,200,200,0,True,True,False,False,DETERMINISTIC_GROUP_SAMPLE
Seasonal Corn Leaf Disease Dataset,training_candidate,Gray_leaf_spot,Corn Cercospora leaf spot,Final corn dataset/Gray_leaf_spot/IMG_20240210_155721.jpg,200,200,Seasonal Corn Leaf Disease Dataset,training_candidate,Gray_leaf_spot,Corn Cercospora leaf spot,Final corn dataset/Gray_leaf_spot/IMG_20240210_155721.png,200,200,0,True,True,False,False,DETERMINISTIC_GROUP_SAMPLE
Seasonal Corn Leaf Disease Dataset,training_candidate,Gray_leaf_spot,Corn Cercospora leaf spot,Final corn dataset/Gray_leaf_spot/IMG_20240210_160800.jpg,200,200,Seasonal Corn Leaf Disease Dataset,training_candidate,Gray_leaf_spot,Corn Cercospora leaf spot,Final corn dataset/Gray_leaf_spot/IMG_20240210_160800.png,200,200,0,True,True,False,False,DETERMINISTIC_GROUP_SAMPLE
Seasonal Corn Leaf Disease Dataset,training_candidate,Gray_leaf_spot,Corn Cercospora leaf spot,Final corn dataset/Gray_leaf_spot/IMG_20240210_160850.jpg,200,200,Seasonal Corn Leaf Disease Dataset,training_candidate,Gray_leaf_spot,Corn Cercospora leaf spot,Final corn dataset/Gray_leaf_spot/IMG_20240210_160850.png,200,200,0,True,True,False,False,DETERMINISTIC_GROUP_SAMPLE
Seasonal Corn Leaf Disease Dataset,training_candidate,Gray_leaf_spot,Corn Cercospora leaf spot,Final corn dataset/Gray_leaf_spot/IMG_20240210_161405.jpg,200,200,Seasonal Corn Leaf Disease Dataset,training_candidate,Gray_leaf_spot,Corn Cercospora leaf spot,Final corn dataset/Gray_leaf_spot/IMG_20240210_161405.png,200,200,1,True,True,False,False,DETERMINISTIC_GROUP_SAMPLE
Seasonal Corn Leaf Disease Dataset,training_candidate,Gray_leaf_spot,Corn Cercospora leaf spot,Final corn dataset/Gray_leaf_spot/IMG_20240210_161517.jpg,200,200,Seasonal Corn Leaf Disease Dataset,training_candidate,Gray_leaf_spot,Corn Cercospora leaf spot,Final corn dataset/Gray_leaf_spot/IMG_20240210_161517.png,200,200,0,True,True,False,False,DETERMINISTIC_GROUP_SAMPLE
Seasonal Corn Leaf Disease Dataset,training_candidate,Gray_leaf_spot,Corn Cercospora leaf spot,Final corn dataset/Gray_leaf_spot/IMG_20240210_162357.jpg,200,200,Seasonal Corn Leaf Disease Dataset,training_candidate,Gray_leaf_spot,Corn Cercospora leaf spot,Final corn dataset/Gray_leaf_spot/IMG_20240210_162357.png,200,200,0,True,True,False,False,DETERMINISTIC_GROUP_SAMPLE
Seasonal Corn Leaf Disease Dataset,training_candidate,Gray_leaf_spot,Corn Cercospora leaf spot,Final corn dataset/Gray_leaf_spot/IMG_20240210_162405.jpg,200,200,Seasonal Corn Leaf Disease Dataset,training_candidate,Gray_leaf_spot,Corn Cercospora leaf spot,Final corn dataset/Gray_leaf_spot/IMG_20240210_162405.png,200,200,1,True,True,False,False,DETERMINISTIC_GROUP_SAMPLE
Seasonal Corn Leaf Disease Dataset,training_candidate,Gray_leaf_spot,Corn Cercospora leaf spot,Final corn dataset/Gray_leaf_spot/IMG_20240210_162559.jpg,200,200,Seasonal Corn Leaf Disease Dataset,training_candidate,Gray_leaf_spot,Corn Cercospora leaf spot,Final corn dataset/Gray_leaf_spot/IMG_20240210_162559.png,200,200,2,True,True,False,False,DETERMINISTIC_GROUP_SAMPLE
Seasonal Corn Leaf Disease Dataset,training_candidate,Gray_leaf_spot,Corn Cercospora leaf spot,Final corn dataset/Gray_leaf_spot/IMG_20240210_162819.jpg,200,200,Seasonal Corn Leaf Disease Dataset,training_candidate,Gray_leaf_spot,Corn Cercospora leaf spot,Final corn dataset/Gray_leaf_spot/IMG_20240210_162819.png,200,200,0,True,True,False,False,DETERMINISTIC_GROUP_SAMPLE
Seasonal Corn Leaf Disease Dataset,training_candidate,Gray_leaf_spot,Corn Cercospora leaf spot,Final corn dataset/Gray_leaf_spot/resized_1.png,200,200,Seasonal Corn Leaf Disease Dataset,training_candidate,Healthy,Corn healthy,Final corn dataset/Healthy/IMG_20240210_154247.jpg,200,200,0,False,False,False,False,DETERMINISTIC_GROUP_SAMPLE
Seasonal Corn Leaf Disease Dataset,training_candidate,Gray_leaf_spot,Corn Cercospora leaf spot,Final corn dataset/Gray_leaf_spot/resized_1.png,200,200,Seasonal Corn Leaf Disease Dataset,training_candidate,Healthy,Corn healthy,Final corn dataset/Healthy/IMG_20240210_154247.png,200,200,0,False,False,False,False,DETERMINISTIC_GROUP_SAMPLE
Seasonal Corn Leaf Disease Dataset,training_candidate,Gray_leaf_spot,Corn Cercospora leaf spot,Final corn dataset/Gray_leaf_spot/resized_2.png,200,200,Seasonal Corn Leaf Disease Dataset,training_candidate,Healthy,Corn healthy,Final corn dataset/Healthy/IMG_20240210_154256.jpg,200,200,0,False,False,False,False,DETERMINISTIC_GROUP_SAMPLE
Seasonal Corn Leaf Disease Dataset,training_candidate,Gray_leaf_spot,Corn Cercospora leaf spot,Final corn dataset/Gray_leaf_spot/resized_2.png,200,200,Seasonal Corn Leaf Disease Dataset,training_candidate,Healthy,Corn healthy,Final corn dataset/Healthy/IMG_20240210_154256.png,200,200,1,False,False,False,False,DETERMINISTIC_GROUP_SAMPLE
Seasonal Corn Leaf Disease Dataset,training_candidate,Gray_leaf_spot,Corn Cercospora leaf spot,Final corn dataset/Gray_leaf_spot/resized_3.png,200,200,Seasonal Corn Leaf Disease Dataset,training_candidate,Healthy,Corn healthy,Final corn dataset/Healthy/IMG_20240210_154257.jpg,200,200,0,False,False,False,False,DETERMINISTIC_GROUP_SAMPLE
Seasonal Corn Leaf Disease Dataset,training_candidate,Gray_leaf_spot,Corn Cercospora leaf spot,Final corn dataset/Gray_leaf_spot/resized_3.png,200,200,Seasonal Corn Leaf Disease Dataset,training_candidate,Healthy,Corn healthy,Final corn dataset/Healthy/IMG_20240210_154257.png,200,200,2,False,False,False,False,DETERMINISTIC_GROUP_SAMPLE
Seasonal Corn Leaf Disease Dataset,training_candidate,Gray_leaf_spot,Corn Cercospora leaf spot,Final corn dataset/Gray_leaf_spot/resized_4.png,200,200,Seasonal Corn Leaf Disease Dataset,training_candidate,Healthy,Corn healthy,Final corn dataset/Healthy/IMG_20240210_154301.jpg,200,200,0,False,False,False,False,DETERMINISTIC_GROUP_SAMPLE
Seasonal Corn Leaf Disease Dataset,training_candidate,Gray_leaf_spot,Corn Cercospora leaf spot,Final corn dataset/Gray_leaf_spot/resized_4.png,200,200,Seasonal Corn Leaf Disease Dataset,training_candidate,Healthy,Corn healthy,Final corn dataset/Healthy/IMG_20240210_154301.png,200,200,0,False,False,False,False,DETERMINISTIC_GROUP_SAMPLE
Seasonal Corn Leaf Disease Dataset,training_candidate,Healthy,Corn healthy,Final corn dataset/Healthy/IMG_20240210_154217.jpg,200,200,Seasonal Corn Leaf Disease Dataset,training_candidate,Healthy,Corn healthy,Final corn dataset/Healthy/IMG_20240210_154217.png,200,200,0,True,True,False,False,DETERMINISTIC_GROUP_SAMPLE
Seasonal Corn Leaf Disease Dataset,training_candidate,Healthy,Corn healthy,Final corn dataset/Healthy/IMG_20240210_154218.jpg,200,200,Seasonal Corn Leaf Disease Dataset,training_candidate,Healthy,Corn healthy,Final corn dataset/Healthy/IMG_20240210_154218.png,200,200,2,True,True,False,False,DETERMINISTIC_GROUP_SAMPLE
Seasonal Corn Leaf Disease Dataset,training_candidate,Healthy,Corn healthy,Final corn dataset/Healthy/IMG_20240210_154222.jpg,200,200,Seasonal Corn Leaf Disease Dataset,training_candidate,Healthy,Corn healthy,Final corn dataset/Healthy/IMG_20240210_154222.png,200,200,0,True,True,False,False,DETERMINISTIC_GROUP_SAMPLE
Seasonal Corn Leaf Disease Dataset,training_candidate,Healthy,Corn healthy,Final corn dataset/Healthy/IMG_20240210_154224.jpg,200,200,Seasonal Corn Leaf Disease Dataset,training_candidate,Healthy,Corn healthy,Final corn dataset/Healthy/IMG_20240210_154224.png,200,200,1,True,True,False,False,DETERMINISTIC_GROUP_SAMPLE
Seasonal Corn Leaf Disease Dataset,training_candidate,Healthy,Corn healthy,Final corn dataset/Healthy/IMG_20240210_154229.jpg,200,200,Seasonal Corn Leaf Disease Dataset,training_candidate,Healthy,Corn healthy,Final corn dataset/Healthy/IMG_20240210_154229.png,200,200,1,True,True,False,False,DETERMINISTIC_GROUP_SAMPLE
Seasonal Corn Leaf Disease Dataset,training_candidate,Healthy,Corn healthy,Final corn dataset/Healthy/IMG_20240210_154247.jpg,200,200,Seasonal Corn Leaf Disease Dataset,training_candidate,Healthy,Corn healthy,Final corn dataset/Healthy/IMG_20240210_154247.png,200,200,0,True,True,False,False,DETERMINISTIC_GROUP_SAMPLE
Seasonal Corn Leaf Disease Dataset,training_candidate,Healthy,Corn healthy,Final corn dataset/Healthy/IMG_20240210_154256.jpg,200,200,Seasonal Corn Leaf Disease Dataset,training_candidate,Healthy,Corn healthy,Final corn dataset/Healthy/IMG_20240210_154256.png,200,200,1,True,True,False,False,DETERMINISTIC_GROUP_SAMPLE
Seasonal Corn Leaf Disease Dataset,training_candidate,Healthy,Corn healthy,Final corn dataset/Healthy/IMG_20240210_154257.jpg,200,200,Seasonal Corn Leaf Disease Dataset,training_candidate,Healthy,Corn healthy,Final corn dataset/Healthy/IMG_20240210_154257.png,200,200,2,True,True,False,False,DETERMINISTIC_GROUP_SAMPLE
Seasonal Corn Leaf Disease Dataset,training_candidate,Healthy,Corn healthy,Final corn dataset/Healthy/IMG_20240210_154301.jpg,200,200,Seasonal Corn Leaf Disease Dataset,training_candidate,Healthy,Corn healthy,Final corn dataset/Healthy/IMG_20240210_154301.png,200,200,0,True,True,False,False,DETERMINISTIC_GROUP_SAMPLE
Seasonal Corn Leaf Disease Dataset,training_candidate,Healthy,Corn healthy,Final corn dataset/Healthy/IMG_20240210_155319.jpg,200,200,Seasonal Corn Leaf Disease Dataset,training_candidate,Healthy,Corn healthy,Final corn dataset/Healthy/IMG_20240210_155319.png,200,200,2,True,True,False,False,DETERMINISTIC_GROUP_SAMPLE
Seasonal Corn Leaf Disease Dataset,training_candidate,Healthy,Corn healthy,Final corn dataset/Healthy/IMG_20240210_155322.jpg,200,200,Seasonal Corn Leaf Disease Dataset,training_candidate,Healthy,Corn healthy,Final corn dataset/Healthy/IMG_20240210_155322.png,200,200,0,True,True,False,False,DETERMINISTIC_GROUP_SAMPLE
Seasonal Corn Leaf Disease Dataset,training_candidate,Healthy,Corn healthy,Final corn dataset/Healthy/IMG_20240210_155324.jpg,200,200,Seasonal Corn Leaf Disease Dataset,training_candidate,Healthy,Corn healthy,Final corn dataset/Healthy/IMG_20240210_155324.png,200,200,0,True,True,False,False,DETERMINISTIC_GROUP_SAMPLE
Seasonal Corn Leaf Disease Dataset,training_candidate,Healthy,Corn healthy,Final corn dataset/Healthy/IMG_20240210_155326.jpg,200,200,Seasonal Corn Leaf Disease Dataset,training_candidate,Healthy,Corn healthy,Final corn dataset/Healthy/IMG_20240210_155326.png,200,200,1,True,True,False,False,DETERMINISTIC_GROUP_SAMPLE
Seasonal Corn Leaf Disease Dataset,training_candidate,Healthy,Corn healthy,Final corn dataset/Healthy/IMG_20240210_155330.jpg,200,200,Seasonal Corn Leaf Disease Dataset,training_candidate,Healthy,Corn healthy,Final corn dataset/Healthy/IMG_20240210_155330.png,200,200,1,True,True,False,False,DETERMINISTIC_GROUP_SAMPLE
Seasonal Corn Leaf Disease Dataset,training_candidate,Healthy,Corn healthy,Final corn dataset/Healthy/IMG_20240210_155336.jpg,200,200,Seasonal Corn Leaf Disease Dataset,training_candidate,Healthy,Corn healthy,Final corn dataset/Healthy/IMG_20240210_155336.png,200,200,1,True,True,False,False,DETERMINISTIC_GROUP_SAMPLE
Seasonal Corn Leaf Disease Dataset,training_candidate,Healthy,Corn healthy,Final corn dataset/Healthy/IMG_20240210_155338.jpg,200,200,Seasonal Corn Leaf Disease Dataset,training_candidate,Healthy,Corn healthy,Final corn dataset/Healthy/IMG_20240210_155338.png,200,200,2,True,True,False,False,DETERMINISTIC_GROUP_SAMPLE
Seasonal Corn Leaf Disease Dataset,training_candidate,Healthy,Corn healthy,Final corn dataset/Healthy/IMG_20240210_155340.jpg,200,200,Seasonal Corn Leaf Disease Dataset,training_candidate,Healthy,Corn healthy,Final corn dataset/Healthy/IMG_20240210_155340.png,200,200,1,True,True,False,False,DETERMINISTIC_GROUP_SAMPLE
Seasonal Corn Leaf Disease Dataset,training_candidate,Healthy,Corn healthy,Final corn dataset/Healthy/IMG_20240210_155342.jpg,200,200,Seasonal Corn Leaf Disease Dataset,training_candidate,Healthy,Corn healthy,Final corn dataset/Healthy/IMG_20240210_155342.png,200,200,0,True,True,False,False,DETERMINISTIC_GROUP_SAMPLE
Seasonal Corn Leaf Disease Dataset,training_candidate,Healthy,Corn healthy,Final corn dataset/Healthy/IMG_20240210_155344.jpg,200,200,Seasonal Corn Leaf Disease Dataset,training_candidate,Healthy,Corn healthy,Final corn dataset/Healthy/IMG_20240210_155344.png,200,200,0,True,True,False,False,DETERMINISTIC_GROUP_SAMPLE
Seasonal Corn Leaf Disease Dataset,training_candidate,Healthy,Corn healthy,Final corn dataset/Healthy/IMG_20240210_155349.jpg,200,200,Seasonal Corn Leaf Disease Dataset,training_candidate,Healthy,Corn healthy,Final corn dataset/Healthy/IMG_20240210_155349.png,200,200,0,True,True,False,False,DETERMINISTIC_GROUP_SAMPLE
Seasonal Corn Leaf Disease Dataset,training_candidate,Healthy,Corn healthy,Final corn dataset/Healthy/IMG_20240210_155355.jpg,200,200,Seasonal Corn Leaf Disease Dataset,training_candidate,Healthy,Corn healthy,Final corn dataset/Healthy/IMG_20240210_155355.png,200,200,1,True,True,False,False,DETERMINISTIC_GROUP_SAMPLE
Seasonal Corn Leaf Disease Dataset,training_candidate,Healthy,Corn healthy,Final corn dataset/Healthy/IMG_20240210_155405.jpg,200,200,Seasonal Corn Leaf Disease Dataset,training_candidate,Healthy,Corn healthy,Final corn dataset/Healthy/IMG_20240210_155405.png,200,200,1,True,True,False,False,DETERMINISTIC_GROUP_SAMPLE
Seasonal Corn Leaf Disease Dataset,training_candidate,Healthy,Corn healthy,Final corn dataset/Healthy/IMG_20240210_155409.jpg,200,200,Seasonal Corn Leaf Disease Dataset,training_candidate,Healthy,Corn healthy,Final corn dataset/Healthy/IMG_20240210_155409.png,200,200,0,True,True,False,False,DETERMINISTIC_GROUP_SAMPLE
Seasonal Corn Leaf Disease Dataset,training_candidate,Healthy,Corn healthy,Final corn dataset/Healthy/IMG_20240210_155411.jpg,200,200,Seasonal Corn Leaf Disease Dataset,training_candidate,Healthy,Corn healthy,Final corn dataset/Healthy/IMG_20240210_155411.png,200,200,1,True,True,False,False,DETERMINISTIC_GROUP_SAMPLE
Seasonal Corn Leaf Disease Dataset,training_candidate,Healthy,Corn healthy,Final corn dataset/Healthy/IMG_20240210_155415.jpg,200,200,Seasonal Corn Leaf Disease Dataset,training_candidate,Healthy,Corn healthy,Final corn dataset/Healthy/IMG_20240210_155415.png,200,200,1,True,True,False,False,DETERMINISTIC_GROUP_SAMPLE
Seasonal Corn Leaf Disease Dataset,training_candidate,Healthy,Corn healthy,Final corn dataset/Healthy/IMG_20240210_155420.jpg,200,200,Seasonal Corn Leaf Disease Dataset,training_candidate,Healthy,Corn healthy,Final corn dataset/Healthy/IMG_20240210_155420.png,200,200,0,True,True,False,False,DETERMINISTIC_GROUP_SAMPLE
Seasonal Corn Leaf Disease Dataset,training_candidate,Healthy,Corn healthy,Final corn dataset/Healthy/IMG_20240210_155444.jpg,200,200,Seasonal Corn Leaf Disease Dataset,training_candidate,Healthy,Corn healthy,Final corn dataset/Healthy/IMG_20240210_155444.png,200,200,0,True,True,False,False,DETERMINISTIC_GROUP_SAMPLE
Seasonal Corn Leaf Disease Dataset,training_candidate,Healthy,Corn healthy,Final corn dataset/Healthy/IMG_20240210_155445.jpg,200,200,Seasonal Corn Leaf Disease Dataset,training_candidate,Healthy,Corn healthy,Final corn dataset/Healthy/IMG_20240210_155445.png,200,200,0,True,True,False,False,DETERMINISTIC_GROUP_SAMPLE
Seasonal Corn Leaf Disease Dataset,training_candidate,Healthy,Corn healthy,Final corn dataset/Healthy/IMG_20240210_155446.jpg,200,200,Seasonal Corn Leaf Disease Dataset,training_candidate,Healthy,Corn healthy,Final corn dataset/Healthy/IMG_20240210_155446.png,200,200,1,True,True,False,False,DETERMINISTIC_GROUP_SAMPLE
Seasonal Corn Leaf Disease Dataset,training_candidate,Healthy,Corn healthy,Final corn dataset/Healthy/IMG_20240210_155448.jpg,200,200,Seasonal Corn Leaf Disease Dataset,training_candidate,Healthy,Corn healthy,Final corn dataset/Healthy/IMG_20240210_155448.png,200,200,0,True,True,False,False,DETERMINISTIC_GROUP_SAMPLE
Seasonal Corn Leaf Disease Dataset,training_candidate,Healthy,Corn healthy,Final corn dataset/Healthy/IMG_20240210_155449.jpg,200,200,Seasonal Corn Leaf Disease Dataset,training_candidate,Healthy,Corn healthy,Final corn dataset/Healthy/IMG_20240210_155449.png,200,200,1,True,True,False,False,DETERMINISTIC_GROUP_SAMPLE
Seasonal Corn Leaf Disease Dataset,training_candidate,Healthy,Corn healthy,Final corn dataset/Healthy/IMG_20240210_155450.jpg,200,200,Seasonal Corn Leaf Disease Dataset,training_candidate,Healthy,Corn healthy,Final corn dataset/Healthy/IMG_20240210_155450.png,200,200,1,True,True,False,False,DETERMINISTIC_GROUP_SAMPLE
Seasonal Corn Leaf Disease Dataset,training_candidate,Healthy,Corn healthy,Final corn dataset/Healthy/IMG_20240210_155452.jpg,200,200,Seasonal Corn Leaf Disease Dataset,training_candidate,Healthy,Corn healthy,Final corn dataset/Healthy/IMG_20240210_155452.png,200,200,1,True,True,False,False,DETERMINISTIC_GROUP_SAMPLE
Seasonal Corn Leaf Disease Dataset,training_candidate,Healthy,Corn healthy,Final corn dataset/Healthy/IMG_20240210_155456.jpg,200,200,Seasonal Corn Leaf Disease Dataset,training_candidate,Healthy,Corn healthy,Final corn dataset/Healthy/IMG_20240210_155456.png,200,200,0,True,True,False,False,DETERMINISTIC_GROUP_SAMPLE
Seasonal Corn Leaf Disease Dataset,training_candidate,Healthy,Corn healthy,Final corn dataset/Healthy/IMG_20240210_155457.jpg,200,200,Seasonal Corn Leaf Disease Dataset,training_candidate,Healthy,Corn healthy,Final corn dataset/Healthy/IMG_20240210_155457.png,200,200,0,True,True,False,False,DETERMINISTIC_GROUP_SAMPLE
Seasonal Corn Leaf Disease Dataset,training_candidate,Healthy,Corn healthy,Final corn dataset/Healthy/IMG_20240210_155459.jpg,200,200,Seasonal Corn Leaf Disease Dataset,training_candidate,Healthy,Corn healthy,Final corn dataset/Healthy/IMG_20240210_155459.png,200,200,0,True,True,False,False,DETERMINISTIC_GROUP_SAMPLE
Seasonal Corn Leaf Disease Dataset,training_candidate,Healthy,Corn healthy,Final corn dataset/Healthy/IMG_20240210_155502.jpg,200,200,Seasonal Corn Leaf Disease Dataset,training_candidate,Healthy,Corn healthy,Final corn dataset/Healthy/IMG_20240210_155502.png,200,200,1,True,True,False,False,DETERMINISTIC_GROUP_SAMPLE
Seasonal Corn Leaf Disease Dataset,training_candidate,Healthy,Corn healthy,Final corn dataset/Healthy/IMG_20240210_155504.jpg,200,200,Seasonal Corn Leaf Disease Dataset,training_candidate,Healthy,Corn healthy,Final corn dataset/Healthy/IMG_20240210_155504.png,200,200,0,True,True,False,False,DETERMINISTIC_GROUP_SAMPLE
Seasonal Corn Leaf Disease Dataset,training_candidate,Healthy,Corn healthy,Final corn dataset/Healthy/IMG_20240210_155504.jpg,200,200,Seasonal Corn Leaf Disease Dataset,training_candidate,Healthy,Corn healthy,Final corn dataset/Healthy/IMG_20240210_155505.jpg,200,200,4,True,True,False,False,DETERMINISTIC_GROUP_SAMPLE
Seasonal Corn Leaf Disease Dataset,training_candidate,Healthy,Corn healthy,Final corn dataset/Healthy/IMG_20240210_155504.png,200,200,Seasonal Corn Leaf Disease Dataset,training_candidate,Healthy,Corn healthy,Final corn dataset/Healthy/IMG_20240210_155505.jpg,200,200,4,True,True,False,False,DETERMINISTIC_GROUP_SAMPLE
Seasonal Corn Leaf Disease Dataset,training_candidate,Healthy,Corn healthy,Final corn dataset/Healthy/IMG_20240210_155505.jpg,200,200,Seasonal Corn Leaf Disease Dataset,training_candidate,Healthy,Corn healthy,Final corn dataset/Healthy/IMG_20240210_155505.png,200,200,1,True,True,False,False,DETERMINISTIC_GROUP_SAMPLE
Seasonal Corn Leaf Disease Dataset,training_candidate,Healthy,Corn healthy,Final corn dataset/Healthy/IMG_20240210_155509.jpg,200,200,Seasonal Corn Leaf Disease Dataset,training_candidate,Healthy,Corn healthy,Final corn dataset/Healthy/IMG_20240210_155509.png,200,200,0,True,True,False,False,DETERMINISTIC_GROUP_SAMPLE
Seasonal Corn Leaf Disease Dataset,training_candidate,Healthy,Corn healthy,Final corn dataset/Healthy/IMG_20240210_155513.jpg,200,200,Seasonal Corn Leaf Disease Dataset,training_candidate,Healthy,Corn healthy,Final corn dataset/Healthy/IMG_20240210_155513.png,200,200,1,True,True,False,False,DETERMINISTIC_GROUP_SAMPLE
Seasonal Corn Leaf Disease Dataset,training_candidate,Healthy,Corn healthy,Final corn dataset/Healthy/IMG_20240210_155519.jpg,200,200,Seasonal Corn Leaf Disease Dataset,training_candidate,Healthy,Corn healthy,Final corn dataset/Healthy/IMG_20240210_155519.png,200,200,0,True,True,False,False,DETERMINISTIC_GROUP_SAMPLE
Seasonal Corn Leaf Disease Dataset,training_candidate,Healthy,Corn healthy,Final corn dataset/Healthy/IMG_20240210_155520.jpg,200,200,Seasonal Corn Leaf Disease Dataset,training_candidate,Healthy,Corn healthy,Final corn dataset/Healthy/IMG_20240210_155520.png,200,200,1,True,True,False,False,DETERMINISTIC_GROUP_SAMPLE
Seasonal Corn Leaf Disease Dataset,training_candidate,Healthy,Corn healthy,Final corn dataset/Healthy/IMG_20240210_155524.jpg,200,200,Seasonal Corn Leaf Disease Dataset,training_candidate,Healthy,Corn healthy,Final corn dataset/Healthy/IMG_20240210_155524.png,200,200,0,True,True,False,False,DETERMINISTIC_GROUP_SAMPLE
Seasonal Corn Leaf Disease Dataset,training_candidate,Healthy,Corn healthy,Final corn dataset/Healthy/IMG_20240210_155525.jpg,200,200,Seasonal Corn Leaf Disease Dataset,training_candidate,Healthy,Corn healthy,Final corn dataset/Healthy/IMG_20240210_155525.png,200,200,0,True,True,False,False,DETERMINISTIC_GROUP_SAMPLE
Seasonal Corn Leaf Disease Dataset,training_candidate,Healthy,Corn healthy,Final corn dataset/Healthy/IMG_20240210_155526.jpg,200,200,Seasonal Corn Leaf Disease Dataset,training_candidate,Healthy,Corn healthy,Final corn dataset/Healthy/IMG_20240210_155526.png,200,200,0,True,True,False,False,DETERMINISTIC_GROUP_SAMPLE
Seasonal Corn Leaf Disease Dataset,training_candidate,Healthy,Corn healthy,Final corn dataset/Healthy/IMG_20240210_155530.jpg,200,200,Seasonal Corn Leaf Disease Dataset,training_candidate,Healthy,Corn healthy,Final corn dataset/Healthy/IMG_20240210_155530.png,200,200,1,True,True,False,False,DETERMINISTIC_GROUP_SAMPLE
Seasonal Corn Leaf Disease Dataset,training_candidate,Healthy,Corn healthy,Final corn dataset/Healthy/IMG_20240210_155533.jpg,200,200,Seasonal Corn Leaf Disease Dataset,training_candidate,Healthy,Corn healthy,Final corn dataset/Healthy/IMG_20240210_155533.png,200,200,3,True,True,False,False,DETERMINISTIC_GROUP_SAMPLE
Seasonal Corn Leaf Disease Dataset,training_candidate,Healthy,Corn healthy,Final corn dataset/Healthy/IMG_20240210_155535.jpg,200,200,Seasonal Corn Leaf Disease Dataset,training_candidate,Healthy,Corn healthy,Final corn dataset/Healthy/IMG_20240210_155535.png,200,200,1,True,True,False,False,DETERMINISTIC_GROUP_SAMPLE
Seasonal Corn Leaf Disease Dataset,training_candidate,Healthy,Corn healthy,Final corn dataset/Healthy/IMG_20240210_155538.jpg,200,200,Seasonal Corn Leaf Disease Dataset,training_candidate,Healthy,Corn healthy,Final corn dataset/Healthy/IMG_20240210_155538.png,200,200,1,True,True,False,False,DETERMINISTIC_GROUP_SAMPLE
Seasonal Corn Leaf Disease Dataset,training_candidate,Healthy,Corn healthy,Final corn dataset/Healthy/IMG_20240210_155540.jpg,200,200,Seasonal Corn Leaf Disease Dataset,training_candidate,Healthy,Corn healthy,Final corn dataset/Healthy/IMG_20240210_155540.png,200,200,1,True,True,False,False,DETERMINISTIC_GROUP_SAMPLE
Seasonal Corn Leaf Disease Dataset,training_candidate,Healthy,Corn healthy,Final corn dataset/Healthy/IMG_20240210_155542.jpg,200,200,Seasonal Corn Leaf Disease Dataset,training_candidate,Healthy,Corn healthy,Final corn dataset/Healthy/IMG_20240210_155542.png,200,200,2,True,True,False,False,DETERMINISTIC_GROUP_SAMPLE
Seasonal Corn Leaf Disease Dataset,training_candidate,Healthy,Corn healthy,Final corn dataset/Healthy/IMG_20240210_155545.jpg,200,200,Seasonal Corn Leaf Disease Dataset,training_candidate,Healthy,Corn healthy,Final corn dataset/Healthy/IMG_20240210_155545.png,200,200,0,True,True,False,False,DETERMINISTIC_GROUP_SAMPLE
Seasonal Corn Leaf Disease Dataset,training_candidate,Healthy,Corn healthy,Final corn dataset/Healthy/IMG_20240210_155552.jpg,200,200,Seasonal Corn Leaf Disease Dataset,training_candidate,Healthy,Corn healthy,Final corn dataset/Healthy/IMG_20240210_155552.png,200,200,1,True,True,False,False,DETERMINISTIC_GROUP_SAMPLE
Seasonal Corn Leaf Disease Dataset,training_candidate,Healthy,Corn healthy,Final corn dataset/Healthy/IMG_20240210_155553.jpg,200,200,Seasonal Corn Leaf Disease Dataset,training_candidate,Healthy,Corn healthy,Final corn dataset/Healthy/IMG_20240210_155553.png,200,200,1,True,True,False,False,DETERMINISTIC_GROUP_SAMPLE
Seasonal Corn Leaf Disease Dataset,training_candidate,Healthy,Corn healthy,Final corn dataset/Healthy/IMG_20240210_155556.jpg,200,200,Seasonal Corn Leaf Disease Dataset,training_candidate,Healthy,Corn healthy,Final corn dataset/Healthy/IMG_20240210_155556.png,200,200,4,True,True,False,False,DETERMINISTIC_GROUP_SAMPLE
Seasonal Corn Leaf Disease Dataset,training_candidate,Healthy,Corn healthy,Final corn dataset/Healthy/IMG_20240210_155740.jpg,200,200,Seasonal Corn Leaf Disease Dataset,training_candidate,Healthy,Corn healthy,Final corn dataset/Healthy/IMG_20240210_155740.png,200,200,0,True,True,False,False,DETERMINISTIC_GROUP_SAMPLE
Seasonal Corn Leaf Disease Dataset,training_candidate,Healthy,Corn healthy,Final corn dataset/Healthy/IMG_20240210_155752.jpg,200,200,Seasonal Corn Leaf Disease Dataset,training_candidate,Healthy,Corn healthy,Final corn dataset/Healthy/IMG_20240210_155752.png,200,200,2,True,True,False,False,DETERMINISTIC_GROUP_SAMPLE
Seasonal Corn Leaf Disease Dataset,training_candidate,Healthy,Corn healthy,Final corn dataset/Healthy/IMG_20240210_155801.jpg,200,200,Seasonal Corn Leaf Disease Dataset,training_candidate,Healthy,Corn healthy,Final corn dataset/Healthy/IMG_20240210_155801.png,200,200,3,True,True,False,False,DETERMINISTIC_GROUP_SAMPLE
Seasonal Corn Leaf Disease Dataset,training_candidate,Healthy,Corn healthy,Final corn dataset/Healthy/IMG_20240210_160412.jpg,200,200,Seasonal Corn Leaf Disease Dataset,training_candidate,Healthy,Corn healthy,Final corn dataset/Healthy/IMG_20240210_160412.png,200,200,3,True,True,False,False,DETERMINISTIC_GROUP_SAMPLE
Seasonal Corn Leaf Disease Dataset,training_candidate,Healthy,Corn healthy,Final corn dataset/Healthy/IMG_20240210_160517.jpg,200,200,Seasonal Corn Leaf Disease Dataset,training_candidate,Healthy,Corn healthy,Final corn dataset/Healthy/IMG_20240210_160517.png,200,200,2,True,True,False,False,DETERMINISTIC_GROUP_SAMPLE
Seasonal Corn Leaf Disease Dataset,training_candidate,Healthy,Corn healthy,Final corn dataset/Healthy/IMG_20240210_160709.jpg,200,200,Seasonal Corn Leaf Disease Dataset,training_candidate,Healthy,Corn healthy,Final corn dataset/Healthy/IMG_20240210_160709.png,200,200,2,True,True,False,False,DETERMINISTIC_GROUP_SAMPLE
Seasonal Corn Leaf Disease Dataset,training_candidate,Healthy,Corn healthy,Final corn dataset/Healthy/IMG_20240210_160730.jpg,200,200,Seasonal Corn Leaf Disease Dataset,training_candidate,Healthy,Corn healthy,Final corn dataset/Healthy/IMG_20240210_160730.png,200,200,2,True,True,False,False,DETERMINISTIC_GROUP_SAMPLE
Seasonal Corn Leaf Disease Dataset,training_candidate,Healthy,Corn healthy,Final corn dataset/Healthy/IMG_20240210_160731.jpg,200,200,Seasonal Corn Leaf Disease Dataset,training_candidate,Healthy,Corn healthy,Final corn dataset/Healthy/IMG_20240210_160731.png,200,200,3,True,True,False,False,DETERMINISTIC_GROUP_SAMPLE
Seasonal Corn Leaf Disease Dataset,training_candidate,Healthy,Corn healthy,Final corn dataset/Healthy/IMG_20240210_161001.jpg,200,200,Seasonal Corn Leaf Disease Dataset,training_candidate,Healthy,Corn healthy,Final corn dataset/Healthy/IMG_20240210_161001.png,200,200,2,True,True,False,False,DETERMINISTIC_GROUP_SAMPLE
Seasonal Corn Leaf Disease Dataset,training_candidate,Healthy,Corn healthy,Final corn dataset/Healthy/IMG_20240210_161045.jpg,200,200,Seasonal Corn Leaf Disease Dataset,training_candidate,Healthy,Corn healthy,Final corn dataset/Healthy/IMG_20240210_161045.png,200,200,2,True,True,False,False,DETERMINISTIC_GROUP_SAMPLE
Seasonal Corn Leaf Disease Dataset,training_candidate,Healthy,Corn healthy,Final corn dataset/Healthy/IMG_20240210_161047.jpg,200,200,Seasonal Corn Leaf Disease Dataset,training_candidate,Healthy,Corn healthy,Final corn dataset/Healthy/IMG_20240210_161047.png,200,200,3,True,True,False,False,DETERMINISTIC_GROUP_SAMPLE
Seasonal Corn Leaf Disease Dataset,training_candidate,Healthy,Corn healthy,Final corn dataset/Healthy/IMG_20240210_161112.jpg,200,200,Seasonal Corn Leaf Disease Dataset,training_candidate,Healthy,Corn healthy,Final corn dataset/Healthy/IMG_20240210_161112.png,200,200,2,True,True,False,False,DETERMINISTIC_GROUP_SAMPLE
Seasonal Corn Leaf Disease Dataset,training_candidate,Healthy,Corn healthy,Final corn dataset/Healthy/IMG_20240210_161153.jpg,200,200,Seasonal Corn Leaf Disease Dataset,training_candidate,Healthy,Corn healthy,Final corn dataset/Healthy/IMG_20240210_161153.png,200,200,2,True,True,False,False,DETERMINISTIC_GROUP_SAMPLE
Seasonal Corn Leaf Disease Dataset,training_candidate,Healthy,Corn healthy,Final corn dataset/Healthy/IMG_20240210_161156.jpg,200,200,Seasonal Corn Leaf Disease Dataset,training_candidate,Healthy,Corn healthy,Final corn dataset/Healthy/IMG_20240210_161156.png,200,200,3,True,True,False,False,DETERMINISTIC_GROUP_SAMPLE
Seasonal Corn Leaf Disease Dataset,training_candidate,Healthy,Corn healthy,Final corn dataset/Healthy/IMG_20240210_161159.jpg,200,200,Seasonal Corn Leaf Disease Dataset,training_candidate,Healthy,Corn healthy,Final corn dataset/Healthy/IMG_20240210_161159.png,200,200,2,True,True,False,False,DETERMINISTIC_GROUP_SAMPLE
Seasonal Corn Leaf Disease Dataset,training_candidate,Healthy,Corn healthy,Final corn dataset/Healthy/IMG_20240210_161203.jpg,200,200,Seasonal Corn Leaf Disease Dataset,training_candidate,Healthy,Corn healthy,Final corn dataset/Healthy/IMG_20240210_161203.png,200,200,2,True,True,False,False,DETERMINISTIC_GROUP_SAMPLE
Seasonal Corn Leaf Disease Dataset,training_candidate,Healthy,Corn healthy,Final corn dataset/Healthy/IMG_20240210_161220.jpg,200,200,Seasonal Corn Leaf Disease Dataset,training_candidate,Healthy,Corn healthy,Final corn dataset/Healthy/IMG_20240210_161220.png,200,200,2,True,True,False,False,DETERMINISTIC_GROUP_SAMPLE
Seasonal Corn Leaf Disease Dataset,training_candidate,Healthy,Corn healthy,Final corn dataset/Healthy/IMG_20240210_161317.jpg,200,200,Seasonal Corn Leaf Disease Dataset,training_candidate,Healthy,Corn healthy,Final corn dataset/Healthy/IMG_20240210_161317.png,200,200,2,True,True,False,False,DETERMINISTIC_GROUP_SAMPLE
Seasonal Corn Leaf Disease Dataset,training_candidate,Healthy,Corn healthy,Final corn dataset/Healthy/IMG_20240210_161322.jpg,200,200,Seasonal Corn Leaf Disease Dataset,training_candidate,Healthy,Corn healthy,Final corn dataset/Healthy/IMG_20240210_161322.png,200,200,2,True,True,False,False,DETERMINISTIC_GROUP_SAMPLE
Seasonal Corn Leaf Disease Dataset,training_candidate,Healthy,Corn healthy,Final corn dataset/Healthy/IMG_20240210_161345.jpg,200,200,Seasonal Corn Leaf Disease Dataset,training_candidate,Healthy,Corn healthy,Final corn dataset/Healthy/IMG_20240210_161345.png,200,200,2,True,True,False,False,DETERMINISTIC_GROUP_SAMPLE
Seasonal Corn Leaf Disease Dataset,training_candidate,Healthy,Corn healthy,Final corn dataset/Healthy/IMG_20240210_161433.jpg,200,200,Seasonal Corn Leaf Disease Dataset,training_candidate,Healthy,Corn healthy,Final corn dataset/Healthy/IMG_20240210_161433.png,200,200,2,True,True,False,False,DETERMINISTIC_GROUP_SAMPLE
Seasonal Corn Leaf Disease Dataset,training_candidate,Healthy,Corn healthy,Final corn dataset/Healthy/IMG_20240210_161436.jpg,200,200,Seasonal Corn Leaf Disease Dataset,training_candidate,Healthy,Corn healthy,Final corn dataset/Healthy/IMG_20240210_161436.png,200,200,3,True,True,False,False,DETERMINISTIC_GROUP_SAMPLE
Seasonal Corn Leaf Disease Dataset,training_candidate,Healthy,Corn healthy,Final corn dataset/Healthy/IMG_20240210_161444.jpg,200,200,Seasonal Corn Leaf Disease Dataset,training_candidate,Healthy,Corn healthy,Final corn dataset/Healthy/IMG_20240210_161444.png,200,200,2,True,True,False,False,DETERMINISTIC_GROUP_SAMPLE
Seasonal Corn Leaf Disease Dataset,training_candidate,Healthy,Corn healthy,Final corn dataset/Healthy/IMG_20240210_161459.jpg,200,200,Seasonal Corn Leaf Disease Dataset,training_candidate,Healthy,Corn healthy,Final corn dataset/Healthy/IMG_20240210_161459.png,200,200,2,True,True,False,False,DETERMINISTIC_GROUP_SAMPLE
Seasonal Corn Leaf Disease Dataset,training_candidate,Healthy,Corn healthy,Final corn dataset/Healthy/IMG_20240210_161559.jpg,200,200,Seasonal Corn Leaf Disease Dataset,training_candidate,Healthy,Corn healthy,Final corn dataset/Healthy/IMG_20240210_161559.png,200,200,2,True,True,False,False,DETERMINISTIC_GROUP_SAMPLE
Seasonal Corn Leaf Disease Dataset,training_candidate,Healthy,Corn healthy,Final corn dataset/Healthy/IMG_20240210_161603.jpg,200,200,Seasonal Corn Leaf Disease Dataset,training_candidate,Healthy,Corn healthy,Final corn dataset/Healthy/IMG_20240210_161603.png,200,200,2,True,True,False,False,DETERMINISTIC_GROUP_SAMPLE
Seasonal Corn Leaf Disease Dataset,training_candidate,Healthy,Corn healthy,Final corn dataset/Healthy/IMG_20240210_161636__01.jpg,200,200,Seasonal Corn Leaf Disease Dataset,training_candidate,Healthy,Corn healthy,Final corn dataset/Healthy/IMG_20240210_161636__01.png,200,200,2,True,True,False,False,DETERMINISTIC_GROUP_SAMPLE
Seasonal Corn Leaf Disease Dataset,training_candidate,Healthy,Corn healthy,Final corn dataset/Healthy/IMG_20240210_161859.jpg,200,200,Seasonal Corn Leaf Disease Dataset,training_candidate,Healthy,Corn healthy,Final corn dataset/Healthy/IMG_20240210_161859.png,200,200,3,True,True,False,False,DETERMINISTIC_GROUP_SAMPLE
Seasonal Corn Leaf Disease Dataset,training_candidate,Healthy,Corn healthy,Final corn dataset/Healthy/IMG_20240210_161911.jpg,200,200,Seasonal Corn Leaf Disease Dataset,training_candidate,Healthy,Corn healthy,Final corn dataset/Healthy/IMG_20240210_161911.png,200,200,3,True,True,False,False,DETERMINISTIC_GROUP_SAMPLE
Seasonal Corn Leaf Disease Dataset,training_candidate,Healthy,Corn healthy,Final corn dataset/Healthy/IMG_20240210_161947.jpg,200,200,Seasonal Corn Leaf Disease Dataset,training_candidate,Healthy,Corn healthy,Final corn dataset/Healthy/IMG_20240210_161947.png,200,200,3,True,True,False,False,DETERMINISTIC_GROUP_SAMPLE
Seasonal Corn Leaf Disease Dataset,training_candidate,Healthy,Corn healthy,Final corn dataset/Healthy/healty_original_DSC_1423.JPG_059f012d-05fb-42b0-b85a-107d057fa830.JPG,4032,3024,PLDD-UP,training_candidate,LB,Potato Late blight,LB/late-blight (3803).jpg,719,1600,4,False,False,False,False,CROSS_DATASET
