record_id,near_duplicate_group_id,direct_perceptual_label_conflict,direct_benchmark_match,minimum_direct_distance
rec_00027c7d903bf027427a,near_31dfe7d9318f994c6861,false,false,0
rec_00093ea1355fc2b06c51,near_c1271635baa5451fe459,false,false,2
rec_0016b262206323e3e1f3,near_8c33a006608083881e40,false,false,1
rec_0022752b6eb623be70f0,near_11a661b6dc4f9a59337a,false,false,0
rec_00235cd10a45d853aeb4,near_365d43e2e2b055556ab9,false,false,3
rec_00268ed0eb22dc192e24,near_51368e2250a90911636b,false,false,0
rec_003897af6bd122ecb009,near_3b70774c5f206fd8a4e4,false,false,2
rec_003b9c1975bbdde11bdf,near_6b67a3d05c8f02032044,false,false,0
rec_003da3e2a2b770abad29,near_66843b2456b5d5d00703,false,false,1
rec_00462d50ecc09d70e879,near_2791da3a50be06fd2718,true,false,0
rec_00476f86311e6ad21393,near_2791da3a50be06fd2718,true,false,0
rec_004fe6e2286974e48edd,near_2791da3a50be06fd2718,true,false,1
rec_005c13d0dede813d329a,near_e1eeef864ee6d7dbaf67,false,false,2
rec_006059a894853d71dad3,near_e04d7e3597ec1823d6a3,false,false,0
rec_0066951bbf52040d5b4c,near_5a65e7bb27d5b34e5206,false,false,4
rec_008c696fff7e400ad02f,near_d754baa57ef6f42afb50,false,false,0
rec_008d49854029df32d1ac,near_2791da3a50be06fd2718,true,false,0
rec_008e5c109d3b26954ae3,near_2791da3a50be06fd2718,true,false,0
rec_0094c8855040aee1df45,near_f13ae78b1e66ac7949c6,false,false,4
rec_0098b521e9ec1edd9ab2,near_f9cd1c7ac3f890ce094f,false,false,1
rec_00a5c36ca06e573b0de2,near_d081b66785e7aafb4305,false,false,0
rec_00b05a92da7759004158,near_2791da3a50be06fd2718,true,false,0
rec_00bce69966fcef1e6a5e,near_2791da3a50be06fd2718,true,false,0
rec_00c1ff248260bc9f0556,near_2791da3a50be06fd2718,true,false,0
rec_00c2d5fdea2d9544a320,near_2791da3a50be06fd2718,true,false,0
rec_00c513e926daa66cb0e3,near_0c5adde669d5f78e8ca6,false,false,3
rec_00e23fdd9cab71efbe87,near_0ed0df38475cbdf8dade,false,false,0
rec_00e6ff8af37be3930c62,near_2791da3a50be06fd2718,true,false,2
rec_00e8a571ce9e1dd8c741,near_061bfca3308d720d5ee6,false,false,0
rec_00fcbd6525482f0abd4a,near_2791da3a50be06fd2718,true,false,0
rec_010c04a41b1d2d3fee9c,near_6751ff42f443c79e590a,false,false,1
rec_010cf108f0c10c723f65,near_a61c130d0ba64f71ff7e,false,false,0
rec_0111008cc8fa4edafc9f,near_efe270363fcb61356eaf,false,false,0
rec_01144e589b53320abfc8,near_ba79830ce07d80566e1d,false,false,1
rec_011a7d50f2cbffd330f5,near_2791da3a50be06fd2718,true,false,0
rec_011e6115227b61a92079,near_436f726b2b12bd4d2ba5,false,false,0
rec_012a487555e008426d85,near_ca379b35013c8621c2dd,false,false,1
rec_012a6a3d5fb7f4828788,near_e1eeef864ee6d7dbaf67,false,false,0
rec_013332c193cb46322b99,near_2791da3a50be06fd2718,true,false,0
rec_01358397b2335b8bb3dc,near_8b78214a800a7ec88f78,false,false,2
rec_013e5f164061b396c35f,near_2791da3a50be06fd2718,true,false,0
rec_01409e7cf03da8062092,near_efd1482ecd089784fa4b,false,false,0
rec_0142d74c5e70940c6a4f,near_6ad74b8877cf9b50efdc,false,false,0
rec_014510746bdbce35017a,near_922efc28d1a5c7a348bf,false,false,0
rec_0147695f9cd3edfc3490,near_d41c2c49103e6a0cec69,true,false,2
rec_014f307617e26a5a76b0,near_2791da3a50be06fd2718,true,false,1
rec_0159189f334eae8907e6,near_8646f11b148aea1842bd,false,false,3
rec_01696c301e6eb86f6082,near_2791da3a50be06fd2718,true,false,0
rec_016fdf6e1f76a7199084,near_39b000a73ee504f9d728,false,false,1
rec_01705a2c44e61a00f69d,near_2791da3a50be06fd2718,true,false,0
rec_0187cce78c2f9b872cc8,near_2791da3a50be06fd2718,true,false,0
rec_019a9c3e6bf70ad88846,near_2791da3a50be06fd2718,true,false,0
rec_01aaab18a170baebb6fe,near_2791da3a50be06fd2718,true,false,0
rec_01b09cd229613ad989d9,near_2791da3a50be06fd2718,true,false,3
rec_01b67b2affdaea308daa,near_b68eb76523d6d3a955b2,false,false,0
rec_01bad49418d1d86f6996,near_14fe89f39746099df8fd,false,false,0
rec_01bfb10069ca01aa96c6,near_26bf2c9c99c5ebc186ae,false,false,0
rec_01c00c8913f410de3e25,near_d5604384612943b0a587,false,false,1
rec_01cdc856539408d25b4c,near_db65d77cd884aa3fd817,false,false,1
rec_01de5368cec56d79e0b6,near_2791da3a50be06fd2718,true,false,0
rec_01fb21bbeb16e0201b87,near_2791da3a50be06fd2718,true,false,1
rec_020800fdd0921db40cb7,near_675aec7fb02c0c3de214,false,false,1
rec_0218df5cc2832a83d22b,near_c649ba4813dd9936f225,false,false,1
rec_02190778dfddfe17c45c,near_9add0ccb49917ef15641,false,false,2
rec_021a9b602c395bab5c18,near_2791da3a50be06fd2718,true,false,1
rec_023846dbfeb7b48e92c1,near_0c187d172572a63d1e6d,false,false,0
rec_0238b4a224743fe4f1aa,near_d41c2c49103e6a0cec69,true,false,0
rec_023fad71fc6179f26dbf,near_089ac0252b8fc4c91fd3,false,false,3
rec_0265356c48968bfd0195,near_35623cb24fc75d743c84,false,false,3
rec_0265af1c27a97385360f,near_1cf663324adb4dbad0aa,false,false,0
rec_026e43ec1553d69aa6e4,near_40e08bc4757d9560165d,false,false,0
rec_0270f70499568bbc1710,near_2791da3a50be06fd2718,true,false,0
rec_02715cdbf11e510cc23b,near_cf240e07120abe79aa05,false,false,3
rec_0271abba06bd4c7b5943,near_53baada49f08ac836d0a,false,false,0
rec_0285da27ba488ee1c715,near_442588c77f72906c3816,false,false,0
rec_028ccdf5940512ff11fb,near_415dd77fa70055865d7f,false,false,0
rec_02a11b4bb67ee4ceede5,near_1c309d38a2782d45d4a3,false,false,3
rec_02a1d28bacd97fe7fbba,near_2791da3a50be06fd2718,true,false,0
rec_02a53e81b53d8936fabe,near_ed9e0c858bb340527b07,false,false,0
rec_02b653cacc0b175fdefd,near_2791da3a50be06fd2718,true,false,0
rec_02c45b54b57cac41e4f0,near_2791da3a50be06fd2718,true,false,0
rec_02c5827aec8c9bb0c04e,near_890ecc4090d041ded923,false,false,0
rec_02c7cf65c6b41116989b,near_8d0b25972522c2e5b4d4,false,false,3
rec_02ca067c32bc64b72397,near_2791da3a50be06fd2718,true,false,0
rec_02d1e47a2abf91f5c11f,near_2791da3a50be06fd2718,true,false,2
rec_02e48b60914531fe5e86,near_8de4b03a0b887f2f8b61,false,false,4
rec_02e894b83780ada59b0e,near_38b3c2c1864ab386910b,false,false,0
rec_02ef0a34b78ac0d1aa34,near_af08b5966d1f2488ef41,false,false,0
rec_02ef4d84f3297264069e,near_f8e1e88bab3e53cbf2ac,false,false,0
rec_02f217cd12fa32541109,near_28e47360cc62ad3dbaf2,true,false,0
rec_0315ba457a209e91d5f6,near_2791da3a50be06fd2718,true,false,1
rec_031aaedd879d5c4d59cd,near_70eb067b9aa0bc2fe090,false,false,0
rec_031db7ba235f34024762,near_62b84f6edec61c8fe61c,false,false,0
rec_03200133778692dff8fb,near_2791da3a50be06fd2718,true,false,2
rec_0323db96b771be993edb,near_2791da3a50be06fd2718,true,false,0
rec_03275a99f39ee9c2b7a0,near_7f65f47478d51db8dd90,false,false,0
rec_032b1ad30f1585bdd1c7,near_63a69bf5a5c4615e69ef,false,false,0
rec_032b679e12b9a30086de,near_d251df00138ac43b4c88,false,false,0
rec_033aba862327089c9acb,near_476aaea80079bb4115de,false,false,3
rec_0347c654eae1dbfda44c,near_432094fa5eff7080dacd,false,false,3
rec_034bba85737ee4488f22,near_2791da3a50be06fd2718,true,false,2
rec_035b06261e12cd6ee826,near_8f5ce8aafa8152241bb7,false,false,4
rec_035f84bac92eb17c0330,near_2791da3a50be06fd2718,true,false,1
rec_0362a8faef9f8537df0d,near_2791da3a50be06fd2718,true,false,0
rec_0367af6e397ad5690079,near_2791da3a50be06fd2718,true,false,0
rec_036c1fcddf2b14056cf3,near_2791da3a50be06fd2718,true,false,0
rec_036efdfe2b34dfc556a1,near_2791da3a50be06fd2718,true,false,1
rec_0375e8545267cd255173,near_2791da3a50be06fd2718,true,false,0
rec_0381c183ea8814f92040,near_2791da3a50be06fd2718,true,false,0
rec_0381c6f053e3bf7368f8,near_65641cb6cd04f12839c3,false,false,0
rec_0383be85032c353e8446,near_089ac0252b8fc4c91fd3,false,false,4
rec_038602f39c1e584d4f29,near_48104cda60beeee779c3,false,false,3
rec_038a5c4a6fa2d82c22c9,near_2791da3a50be06fd2718,true,false,0
rec_038fd37a300fb5c43c1b,near_4fdd242ab56b09eee8b8,false,false,4
rec_0398e802d6e3e8cae30d,near_ab8fc61d78c6cbf5912b,false,false,1
rec_03abcdb31e1003255a73,near_1c77ce482d817c4e02bb,false,false,0
rec_03baf14f6f0a357b97b7,near_fb302f52f841712d1291,false,false,0
rec_03cc537c6bbf8e77c1f1,near_425dcb8bbbd06ba2fc9c,false,false,0
rec_03d075277add7fd95ea8,near_09327b18746fb92db76b,false,false,0
rec_03d152456afdb48f1476,near_87e5961ac33efd653a84,false,false,0
rec_03d295a398405c32e57d,near_6ace7378a4886279a0c2,false,false,0
rec_03e5d3566f48a012a57b,near_2791da3a50be06fd2718,true,false,0
rec_03ebde70bfa0b998fe72,near_2791da3a50be06fd2718,true,false,0
rec_03edcb58d626ff26c31a,near_99742fd85b5d119d28d8,false,false,0
rec_03f5597e51f2150ebd92,near_8c9e8e2240c5d860cbee,false,false,1
rec_03fcb93d045a6279b857,near_fde3cbde56ee62539417,false,false,0
rec_0404652f46f008e93f96,near_2791da3a50be06fd2718,true,false,1
rec_040a275f4f2732ab182e,near_f843667777a2ee423262,false,false,1
rec_041bce43d54d3f314c32,near_e1e06f9af455d4f0f5f7,false,false,0
rec_042ad9805f2377bb45ec,near_2791da3a50be06fd2718,true,false,0
rec_042f0d835855cb6a4573,near_363ac5ff8f43e7d4488b,false,false,0
rec_042fb14f5ae8e6d9320d,near_2c0977092bcfaf1f8523,false,false,0
rec_0431dddb0e9ea95154bd,near_8b55dc356d77deb0832c,false,false,0
rec_0434b41930211fd1c28d,near_2791da3a50be06fd2718,true,false,0
rec_04402c7e05dca55b8d4a,near_2791da3a50be06fd2718,true,false,1
rec_0442eeb5cd1d3379879e,near_fadd5b0df2910872e63a,false,false,0
rec_0444acfe7762feee5eac,near_2791da3a50be06fd2718,true,false,0
rec_044df659520f59df5356,near_3c20e8c00ca7bc7c8820,false,false,0
rec_04536590aafeec6b72c9,near_cb8194ef8a834cc6620b,false,false,2
rec_046682b1d8262f020368,near_2791da3a50be06fd2718,true,false,0
rec_046758b5bb58ffd70225,near_c748e09cbabef5f62cac,false,false,0
rec_046b3a5f8ba73ca529e7,near_548be12cbd765420a296,false,false,1
rec_047268d1b59813cb9911,near_b3f1b3e456ea9185de17,false,false,4
rec_048019e9b41efefbf73e,near_2791da3a50be06fd2718,true,false,0
rec_04828ea304ec30b08742,near_d3a839bccfca46466615,false,false,4
rec_048498d7db09ef9c9528,near_2791da3a50be06fd2718,true,false,0
rec_0492fec93c7c72c4fc7d,near_2791da3a50be06fd2718,true,false,0
rec_049663b7f030e3a1170b,near_4407499736505f2022b4,false,false,0
rec_049cd66d69d538bf635e,near_0ba602fd72a8851f7d04,false,false,0
rec_04a9858761098b4fcba4,near_2791da3a50be06fd2718,true,false,0
rec_04bb8fe6ab02c3858361,near_2331b888a51adb93ad11,false,false,0
rec_04ca8adb1c911e8b3ba5,near_2791da3a50be06fd2718,true,false,0
rec_04cbe333059273939d75,near_e8bf29d8ad95c8059705,false,false,2
rec_04cf3b18c3cf6c078cb1,near_62dc794ac188e2f06559,false,false,2
rec_04d20eaafa9c8dbed6e9,near_2791da3a50be06fd2718,true,false,0
rec_04d7e1caba0b778ca48a,near_2791da3a50be06fd2718,true,false,0
rec_04da73faae205265541b,near_6bef73416f14c89e3255,false,false,0
rec_04e0a6b8543f9dcca704,near_2791da3a50be06fd2718,true,false,0
rec_04e8cbf4a6bed86824ac,near_2791da3a50be06fd2718,true,false,0
rec_04ee5db9f27d8e1c771c,near_d3f15774350e0553c652,false,false,0
rec_04fc6289e39e407f9603,near_c0eddf640ed35acf697d,false,false,0
rec_05122fc6ee588e4c6e27,near_26bf2c9c99c5ebc186ae,false,false,0
rec_051419c4661f0dceecf2,near_7c3443ae780216554f11,false,false,0
rec_052a0c7b1c962d8d8079,near_2791da3a50be06fd2718,true,false,0
rec_052b06c3bf65ce58f7cb,near_2eb4db88b9a011208e0c,false,false,4
rec_05416d5b1f11fae51165,near_2791da3a50be06fd2718,true,false,0
rec_05454d7a8ab957411705,near_b789d8d3662049fc2b17,false,false,3
rec_054c13f2ec0db4ed2ac0,near_5109624955de59a4a76c,false,false,4
rec_0554d9fbe8694ca8a078,near_2791da3a50be06fd2718,true,false,0
rec_05593ede12f672588d2f,near_e0207b867355912334ec,false,false,1
rec_056a23f7c13f6a0edefc,near_2791da3a50be06fd2718,true,false,1
rec_056aa5a58796016ac3ca,near_2791da3a50be06fd2718,true,false,0
rec_057803e1ff2539b536d7,near_2791da3a50be06fd2718,true,false,0
rec_057a3b814c4f696f7810,near_260c68f576cf5d0fb0c5,false,false,1
rec_057b3a5a1cc2c0e10e6b,near_f0ae92fdde7932c721cf,false,false,0
rec_057e78253d7d61994800,near_adaecd312f811efa16a9,false,false,0
rec_05812b6fa45da8b48bc0,near_6d9834b1b7fc5a6e1a72,false,false,0
rec_0582cb7f8bb96a0c425e,near_5467ce3354aa01b364d9,false,false,0
rec_058ab5e49dce9fc63425,near_2791da3a50be06fd2718,true,false,0
rec_058bf76ec50217930fb9,near_2791da3a50be06fd2718,true,false,2
rec_0590fc96c6a0ea2762d8,near_e93b1e6cbce54b022681,false,false,0
rec_0597cf600a8917ed2037,near_c0807e34ed4676c6aa18,false,false,0
rec_059af9d4bf0b61bf84ea,near_d499ce7c4e83a368e310,false,false,0
rec_05a5b963bc7c0fdafabd,near_2791da3a50be06fd2718,true,false,1
rec_05b63f7c2290020eab67,near_0278e50f649a65aa1597,false,false,3
rec_05c2959423bc8812aed6,near_332ce97163dc0fb03703,false,false,4
rec_05c72f775e8205d5c5a9,near_63cc81d2f436ce6b2be8,true,false,0
rec_05cde52907edb1a7b126,near_e25f3e6f0b5286cb23a8,false,false,0
rec_05d5fc07bd307dd53c6a,near_2791da3a50be06fd2718,true,false,0
rec_05db9cc5cdb55a1a61f1,near_2e97cd5c8a3310ae443f,false,false,0
rec_05e101f7eaa985f174d3,near_2791da3a50be06fd2718,true,false,0
rec_05ea3ca4e1ef774764bb,near_2791da3a50be06fd2718,true,false,0
rec_05f4e7aaf87d061aa6b2,near_716cbadbd963e7850922,false,false,0
rec_05f5ab5bd182ccae5fd4,near_8092615ca4878f6bc9ff,false,false,2
rec_05f6fc7c97da26e30040,near_1f1836521901c34a3e10,false,false,1
rec_061d0ba887e317a8089f,near_1194835d6bd02bb0058b,false,false,4
rec_0636c572a331a1ecbcc1,near_2791da3a50be06fd2718,true,false,0
rec_064d8fe3720af8ea002a,near_90389d9b914d28dde369,false,false,0
rec_065444d101bd447920ea,near_8e04353b85223811e70b,false,false,2
rec_065b8ea8e9e4b69bfe7d,near_bb7cc1b305bc04a02d45,false,false,0
rec_0660afe5819eeadf978b,near_0fd09f8981748ace4339,false,false,1
rec_066b07d7b97cc820972b,near_8816d110ca1f382f0532,false,false,3
rec_06736c238b55b4f4aaf0,near_7f5f6f11157af5a53110,false,false,1
rec_06771d60a9bf291c4786,near_f5ddf0139979c30446d2,false,false,0
rec_067e2bfd73f975063683,near_c69ac3289395f03f3807,false,false,0
rec_06845c0d3b58ee4f1110,near_1d5276cbc1fac5ae701d,false,false,0
rec_06876b5e9139750d70cb,near_decaf119a0476c3bf5bb,false,false,0
rec_068d998678a05ae7dc39,near_f4ae6d3e0d433a3c5fc0,false,false,0
rec_069f38a23c8748235155,near_70aa754441f2fd41ada9,false,false,0
rec_06aabf4869eba53382e2,near_0fec7810bb8dc50de28f,false,false,0
rec_06ac453ca6fc37ad53be,near_bdbe632e17313f923c26,false,false,2
rec_06b398b9d541c382d8ff,near_5614d3a68e293cfaa201,false,false,0
rec_06b50d6eded0c1fb2ad7,near_dbf2b764df8e768451de,false,false,2
rec_06c10c758fdfdf942792,near_2791da3a50be06fd2718,true,false,0
rec_06c3fb6e3c06b07c3675,near_e1b7ccf1b59d0cc96d06,false,false,0
rec_06c6dba1b8450f8469d3,near_42079a635ea9c4bd4bc6,false,false,1
rec_06cf95b43e91d0172780,near_0fa7f521c00ff96b1e29,false,false,4
rec_06d19af641e150c54b5f,near_1e08bc1d4287d9dc1b51,false,false,4
rec_06d2a8c8e608da18a931,near_639c5b66a6929cd43e99,false,false,1
rec_06d4bcb61d236a19cce9,near_cb866871769f43a9d8bf,false,false,0
rec_06d8655e002a29297dc1,near_2791da3a50be06fd2718,true,false,0
rec_06db284a0f91ead35796,near_2a5d08d7bd97204edfd9,false,false,0
rec_06db6aa9a5466409d3ea,near_06ec4ca9b2de13e730cf,false,false,0
rec_06e12dc92fe7c13179f0,near_2791da3a50be06fd2718,true,false,0
rec_06eb001d108aa97d4c88,near_b0f0dc00044f22501db6,false,false,0
rec_06ee5eaf88a6c2118aa2,near_2791da3a50be06fd2718,true,false,0
rec_06fffbb2ab5f2a816310,near_2791da3a50be06fd2718,true,false,0
rec_0703936eb32a02135568,near_614f2c34f1b2233a785b,false,false,0
rec_07066f042499f09373e1,near_f048d1d99158fd900f58,true,false,3
rec_070a4d6be134aa714811,near_c4b09eaa5bc98fbe889b,false,false,0
rec_071a6accd5dc74d76e07,near_b4620332fc8aa76b571d,false,false,3
rec_071e034b26a4931fd84b,near_c4b09eaa5bc98fbe889b,false,false,0
rec_0725a69e112b78e3df37,near_decaf119a0476c3bf5bb,false,false,0
rec_0726fceba4bcea7aaa8d,near_a8f0e71de000fb1e9534,false,false,1
rec_0731daaaffa735fd23d2,near_96bc150a3f1ac2374a3e,false,false,0
rec_0733351298983b818d00,near_3c06862c1ccd80df2188,false,false,0
rec_07339d971b34504abe1b,near_35623cb24fc75d743c84,false,false,0
rec_073846521d082fe34169,near_8f0e3317a51b3721b5ab,false,false,0
rec_07439386ad3b2e789b6b,near_aafaac3b1ca532702a47,false,false,0
rec_0748ee98f3e78c5d3041,near_1b06920f4ff141f059fb,false,false,0
rec_074baa63a78b14f044e9,near_a6fe4c7f1611afe298f5,false,false,0
rec_0751d8300da3703652e5,near_2791da3a50be06fd2718,true,false,0
rec_07592df89063e57a65ab,near_b60d601e863d6847f4de,true,false,4
rec_076204fb3ea22bab3450,near_d41c2c49103e6a0cec69,true,false,0
rec_076ded507efabd6f5899,near_f120557cd84487351fa1,false,false,0
rec_076f1a63665e5bf9c2e4,near_672a65798c93c8ad86e3,false,false,2
rec_077da36e8720cf09d2b1,near_d576236aa89219f8e57f,false,false,0
rec_077fd89758c4cfff6382,near_249efc654fe2d642ac68,true,false,0
rec_078223edeb5be6956cde,near_d063e124e682fb6fabce,false,false,0
rec_078db4b575a6d9f896e3,near_4111a77ce111cb7a8155,false,false,2
rec_078db5dbea2ab91a9091,near_238549c0147e9efecea7,false,false,4
rec_078eac08c1efd5cb2b34,near_1a87e7354316ed69307f,false,false,3
rec_0792af8e4d6e57d56db0,near_345cc008e0284112b352,false,false,0
rec_0796a87473316ce4230d,near_760cdfba5bfecf29fa1d,false,false,1
rec_07a089dc5481f867b3d9,near_2791da3a50be06fd2718,true,false,2
rec_07a763ce9f423b8db48a,near_2791da3a50be06fd2718,true,false,0
rec_07a93401e8f9705c3fd7,near_2791da3a50be06fd2718,true,false,1
rec_07a962fb164c8ea4e52a,near_b23d49037565b4b4cd89,false,false,0
rec_07acfa7dbc878eae7e8b,near_2791da3a50be06fd2718,true,false,0
rec_07bc01439ffca38d0b9f,near_085a6ec827dde7844fa2,false,false,0
rec_07be945389e78bc83a40,near_48104cda60beeee779c3,false,false,3
rec_07c130f31b6fdf947066,near_bf3c45b771d390d5bce1,false,false,0
rec_07c53936aea362da62a8,near_2791da3a50be06fd2718,true,false,0
rec_07c67ca5de956c6ba250,near_2791da3a50be06fd2718,true,false,0
rec_07c6e3d67c6271c88127,near_53f59a2188f11c36977e,false,false,0
rec_07dd92c42ca9bf0a7f01,near_bbf977eb88eea0992f91,false,false,0
rec_07e040c0ed6897b4c7e3,near_2791da3a50be06fd2718,true,false,0
rec_07e5f587e9d7c19576b0,near_1c21ffda29bb2409e44d,false,false,0
rec_07efeaa5d4d19dc70615,near_5467ce3354aa01b364d9,false,false,0
rec_07f95bec0a897c141cce,near_2791da3a50be06fd2718,true,false,1
rec_0804abb4026b88f656c3,near_2791da3a50be06fd2718,true,false,0
rec_080aa7b3c0f21fc2f206,near_ba540f338bcf2efc9fa1,false,false,3
rec_080ef18c91876d58cbe8,near_e3f3f14302d5011f3ec7,false,false,2
rec_080f01d3bd546f2fb472,near_2791da3a50be06fd2718,true,false,0
rec_0815600a5b9e4fda3f2d,near_6de3eb35c300631630da,false,false,1
rec_081d9d550bcf7a493fdb,near_d576236aa89219f8e57f,false,false,0
rec_082a8328cd00e0c88de5,near_1c77ce482d817c4e02bb,false,false,2
rec_082d1fabe5c193d3c368,near_a9269122d9c1a305965f,false,false,3
rec_0830b1a5604b7d50fec2,near_2791da3a50be06fd2718,true,false,0
rec_0833e461aa28b8596586,near_1bd39f6cf1d1fe250c4a,false,false,1
rec_08344419d65bbacd63f2,near_2791da3a50be06fd2718,true,false,0
rec_083df0ed717d99b946f1,near_d77d1c9f948178535e9d,false,false,0
rec_08424ea61fab8dd6deb1,near_c6d98000e65a61cab12c,false,false,0
rec_08473f2f2f0005581348,near_d0be25c6733f9c23b1cb,false,false,0
rec_085057fd39561896a6fd,near_2791da3a50be06fd2718,true,false,0
rec_0851c5a97d6f534e5fc6,near_8617a2f61bed8455133b,false,false,0
rec_0858260f3d68ec7adc1b,near_d4041c77087491191230,false,false,3
rec_085fa4d8eaf5b850bdda,near_284fa0286ed3f024f723,false,false,0
rec_08609351f800dd2e5bb3,near_2791da3a50be06fd2718,true,false,0
rec_086a15ad8dbae36b896b,near_7f44135562bbca6bcffb,false,false,4
rec_087e91f3c4cc4f3299d2,near_d2c3a286e038e222366c,false,false,4
rec_0880f69ed21074c2484f,near_c4e745120f1147cc857e,false,false,0
rec_0885b7f8d1bf185ec5e3,near_40d8dab29f695b031be5,false,false,1
rec_088cde4c55940ea77fb1,near_67986aba7fbdd65cff1e,false,false,4
rec_088f67b5fc51b645dc27,near_2791da3a50be06fd2718,true,false,0
rec_0890bf94b7db1d5f760a,near_eaf190be805ff1526bd2,false,false,0
rec_0892600f1789a70abf29,near_2791da3a50be06fd2718,true,false,0
rec_08978c8bd569b36ea4f2,near_1147cfdd2cdddf12bc02,false,false,0
rec_08990a32ab091dd5b7d9,near_ac1b7e3bacb9c6c7804a,false,false,4
rec_089980f2dbe0a322f367,near_af08b5966d1f2488ef41,false,false,0
rec_08a5525920253706b7eb,near_2791da3a50be06fd2718,true,false,2
rec_08aab69147b151f273c2,near_2791da3a50be06fd2718,true,false,0
rec_08b0e2474c2139373d0d,near_2791da3a50be06fd2718,true,false,1
rec_08b3a1cc16c27912f78a,near_868963a504268c1b9ad9,false,false,0
rec_08b9cdcb8b19b832c7a4,near_2791da3a50be06fd2718,true,false,0
rec_08bad35d9bdf640fa724,near_2791da3a50be06fd2718,true,false,0
rec_08cf2560c79888277838,near_781558ec88c782c6ac6f,false,false,0
rec_08e0b458af9f682da41e,near_2791da3a50be06fd2718,true,false,0
rec_08f5199ac66485645996,near_b283a9a81a3bb884cb3e,false,false,0
rec_08ff15165091a5d72539,near_1b33bc82d882d2935787,false,false,0
rec_090026a9f752f245e202,near_2791da3a50be06fd2718,true,false,0
rec_0905b2ec74c7be993372,near_2791da3a50be06fd2718,true,false,0
rec_0906723cd81f96816d4f,near_2791da3a50be06fd2718,true,false,0
rec_090c19c11c2977439911,near_2791da3a50be06fd2718,true,false,0
rec_091b75a9e674fb039e47,near_05016039f909ddf2709a,false,false,2
rec_092258d4ba42b4eae356,near_649838347a18b06c6c5d,false,false,3
rec_09269be65408786e0b32,near_7199b0584a02c91eb5b8,false,false,3
rec_0927952925753d843567,near_d0a4a5f4330597adeee2,true,false,4
rec_092ef6487a7d83204921,near_47f84dfd764df2fd2e66,false,false,1
rec_093b8fcdbc79762f4a17,near_965cc05fd30d6a505a20,false,false,2
rec_094500f92a8c3f35a589,near_c35304a54f7dafe29152,false,false,0
rec_095b43da8d5e6743961b,near_b72b7baf4a508dac192b,false,false,0
rec_095c1d583bb057797f51,near_ec7e090f279a37957919,false,false,0
rec_095e021b3d86f17ff472,near_71776aa806ca4da4b4ef,false,false,3
rec_095f7574cecdb1a16a90,near_47bfdc4259b85bee60a9,false,false,0
rec_09659c86e61d874c1dd5,near_2791da3a50be06fd2718,true,false,0
rec_09669e966886289fc7c2,near_2791da3a50be06fd2718,true,false,0
rec_0969fd16ba82fe5b8f41,near_9d0515e1c2f3f12f4942,false,false,4
rec_096deda2dff2e8ca3b43,near_2791da3a50be06fd2718,true,false,1
rec_09751e378b5fae5e8a9d,near_2791da3a50be06fd2718,true,false,0
rec_09a2ddd24481dc72642b,near_554403a6e6c7a70ec5a8,false,false,0
rec_09b78a01d072309f0294,near_534d9df97db5931e9614,false,false,0
rec_09d95523a0a62a31d4d6,near_c991700197b249ee6932,false,false,0
rec_09dc789404785b005219,near_2791da3a50be06fd2718,true,false,1
rec_09eb7336e132bfc78e08,near_2791da3a50be06fd2718,true,false,1
rec_09f1bc4fd370f78acfca,near_2791da3a50be06fd2718,true,false,0
rec_09f9e3657beb058253b2,near_2791da3a50be06fd2718,true,false,1
rec_0a071c9ee84507108cd7,near_343bac7a0455ab3d139f,false,false,3
rec_0a0e2e21187d6080adf5,near_32c2721a7965b915fc5e,false,false,0
rec_0a198455c06f22b5a452,near_2791da3a50be06fd2718,true,false,3
rec_0a2aa11564f53ee8e024,near_c5077ba897051f8d72a3,false,false,0
rec_0a2bc7fd1a3940ac0b2e,near_2791da3a50be06fd2718,true,false,1
rec_0a2df3e9acb5700cb181,near_2791da3a50be06fd2718,true,false,0
rec_0a2e21bc50625cbff36a,near_36b17442b09f928da9a8,false,false,0
rec_0a3927bdffa5e2b7dbf3,near_8732a35d9fb0b3f2d250,false,false,3
rec_0a405617c65685a074fd,near_9b41da1d0d27b6a8d79e,false,false,1
rec_0a597a433dcbcce7aeab,near_80f7eb0f6d94d22d1bb8,false,false,3
rec_0a5ee747177bbc87ef20,near_e614dd14e42e4f4b34e5,false,false,0
rec_0a5f0d6c1161c588a2ba,near_0049e4f9eb1bc1c26c6b,false,false,0
rec_0a68b34a506e28f099d3,near_cbd680d774514c8fa655,false,false,3
rec_0a6eba75fa1b84cd3470,near_2791da3a50be06fd2718,true,false,1
rec_0a76e727acb1ca1e064c,near_2791da3a50be06fd2718,true,false,0
rec_0a7768a750588475a197,near_efd1482ecd089784fa4b,false,false,0
rec_0a77d03c60390e219895,near_301d48728324d3e7ebb7,false,false,2
rec_0a7d4aae724916adf8ef,near_990edc4830ca9812a62f,false,false,2
rec_0a8075959ded88145f2a,near_2791da3a50be06fd2718,true,false,0
rec_0a85bfc96d9cecb59069,near_f50fbe62da62dc4373d5,false,false,1
rec_0a8f9a8ed90ec6066e95,near_1a3167134b4078743e88,false,false,0
rec_0a96197d4a30f1c5738c,near_2791da3a50be06fd2718,true,false,0
rec_0a9743fd6235230e2b9a,near_c2a5a43af5ce91e11d65,false,false,2
rec_0a994a9102ad19e547fd,near_2791da3a50be06fd2718,true,false,0
rec_0aa69e803588e3984460,near_4c765b8d6e416a931a1d,false,false,0
rec_0aaeb107433be78f5a02,near_2791da3a50be06fd2718,true,false,0
rec_0ab1ab2a9d63775e68d4,near_2791da3a50be06fd2718,true,false,2
rec_0ab31d41eec0275375ba,near_2791da3a50be06fd2718,true,false,0
rec_0ae8fa27da5e773f6941,near_7a7c35c0295357231d4b,false,false,1
rec_0afc1967f4fc4c020a6a,near_d0a90ae065d7cf97a219,false,false,3
rec_0b0118ab0bf5970390b3,near_e8e45415d6c8fdd8b88e,false,false,0
rec_0b077e26624742a239fe,near_2791da3a50be06fd2718,true,false,0
rec_0b0e495974e9dfbcfc4e,near_bbf977eb88eea0992f91,false,false,0
rec_0b152f92790e06d92447,near_73758f6e4075a43dd033,false,false,1
rec_0b183da0450acfe23ce7,near_c7c400ac50ebacb3c07c,false,false,0
rec_0b1b2fdcf7de89e7f224,near_72da27ec19eb28400b4e,false,false,0
rec_0b28897fe73317a7cf9c,near_9d9e510ca962a79512b8,false,false,1
rec_0b32a28ddc30215749d3,near_2791da3a50be06fd2718,true,false,0
rec_0b38d48bf3329f6aed1e,near_2791da3a50be06fd2718,true,false,1
rec_0b3d584c2f30ed171bc6,near_2791da3a50be06fd2718,true,false,2
rec_0b55a0a59eb6d0c3ca1a,near_794bdb3c926a84df966b,true,false,0
rec_0b57f7b4812c0274c17b,near_2791da3a50be06fd2718,true,false,0
rec_0b6120b04cdfbf05e134,near_7c60ab418c27c8bb00cb,false,false,1
rec_0b7177a375e178e436dc,near_436f726b2b12bd4d2ba5,false,false,0
rec_0b731dbdfe0dc92d27c7,near_2d4f5d1880cccd8e3f22,false,true,0
rec_0b7fdecade91b47fa086,near_1821c2634d9b3ef21293,false,false,3
rec_0b830e5cfcba22fbbdbf,near_8d7aa8060cb9bd1a26c5,false,false,4
rec_0b88376b0377ccdff556,near_2791da3a50be06fd2718,true,false,0
rec_0b884fa7781cdb498303,near_2791da3a50be06fd2718,true,false,0
rec_0b89f28df3c5c5e6c79d,near_e06e01c528a9d1f1083c,false,false,0
rec_0b8dd2f0ac6a084a40a9,near_2791da3a50be06fd2718,true,false,1
rec_0b8e0c10f6ef93943ce9,near_2791da3a50be06fd2718,true,false,0
rec_0b903f0b56b858c29c20,near_72db08fc6bfe2d2afbc3,false,false,1
rec_0b956206ee9b50b350ec,near_7c77bd0d3ce3cc0f7359,false,false,0
rec_0b982cb97af30d713c94,near_2791da3a50be06fd2718,true,false,0
rec_0bbf8fdb7cf15203695f,near_cb5bc97f734b03b36798,false,false,1
rec_0bc2f24b43bc3589868c,near_2791da3a50be06fd2718,true,false,0
rec_0bcc3f06dd992355acb6,near_2791da3a50be06fd2718,true,false,0
rec_0be0c004f10b9cdf31f7,near_df3212d5a3229974abb8,false,false,1
rec_0be1907495204dce3831,near_2791da3a50be06fd2718,true,false,0
rec_0be4423781cbcc9f13ec,near_f5f451cc67d77d6db500,false,false,0
rec_0be8f3239177e715883c,near_2791da3a50be06fd2718,true,false,0
rec_0bedf09cfe686f1cc75b,near_02eaa453cbe65c0b262e,false,false,0
rec_0bfba272a1f7bc60a3d8,near_62f2153d72fb8a7a49b8,false,false,2
rec_0c03d1ef7ffc7dcf01b3,near_2791da3a50be06fd2718,true,false,0
rec_0c069bf86d95cbe85601,near_af765d35c8be405976cc,false,false,1
rec_0c0aa834f0206a717695,near_449cda6fdf42e1789ca8,false,false,3
rec_0c15fca8b9a7821ef124,near_85e95854713cdcf6077a,false,false,0
rec_0c2b1e3eebfda784fb4b,near_43bb1939068db7cc5a0e,false,false,1
rec_0c3cdbeb59a507a3203a,near_d1617d7db447cebd1ef2,false,false,0
rec_0c44a50876e1f3aa5e8e,near_60477af7f1b6c3801eb1,false,false,3
rec_0c45c9729214792bff18,near_fd341f95c3eb5e671993,false,false,4
rec_0c4ed931205215bbf315,near_a749462331230f983cec,false,false,2
rec_0c52fdfa02c2874a73c2,near_9fd8eaf76c862ec6577d,false,false,0
rec_0c61914c023798559076,near_2791da3a50be06fd2718,true,false,0
rec_0c65c5df1bbacd0996f3,near_2791da3a50be06fd2718,true,false,0
rec_0c701c760573419542fc,near_2791da3a50be06fd2718,true,false,0
rec_0c77d6663e6dc94803c6,near_d1d5e7112196c82493ee,false,false,0
rec_0c7872f84475443aee34,near_08d56e80398d17d9f2e2,false,false,4
rec_0c80342e5627f8d7ab9b,near_b0f0dc00044f22501db6,false,false,0
rec_0c80f8e293a3870d934d,near_3e87c2731facf5a391fb,false,false,0
rec_0c838932f2c0602e98d9,near_94d8186ea694faf6beae,false,false,0
rec_0c85c70a05761710e8f4,near_0e6e2c245196d0b85802,false,false,0
rec_0c952a33213a7d7c5c05,near_2db0911ed76d854706e5,false,false,1
rec_0cbcdd94b8fd1ce8668d,near_2791da3a50be06fd2718,true,false,0
rec_0cc0e570825bbd3bb582,near_a92fcaccd189ced7751f,false,false,0
rec_0cc7f0598c22ad79570b,near_2791da3a50be06fd2718,true,false,0
rec_0cccb2e7caa572d97684,near_d5a522123d0c3163323c,false,false,1
rec_0ce8385740195e678131,near_2791da3a50be06fd2718,true,false,0
rec_0cf29e00919709799b32,near_2791da3a50be06fd2718,true,false,0
rec_0d10de03dc375a66e37e,near_09ee62795d8cd9100558,false,false,0
rec_0d10e4e7740606b0b00d,near_5ca312f8f636a5b1c3c4,false,false,1
rec_0d21c84b547691fc0573,near_2791da3a50be06fd2718,true,false,2
rec_0d36fd765e432a9062ee,near_58c95b8659f8c9ad7d22,false,false,0
rec_0d38fde2ef1f67afca0c,near_da86e356bdbe7b960d56,true,false,4
rec_0d436acdee842e10259a,near_2791da3a50be06fd2718,true,false,0
rec_0d4704c2824a0f7d2cf8,near_2791da3a50be06fd2718,true,false,0
rec_0d48a8db17aaeb114c7e,near_2791da3a50be06fd2718,true,false,2
rec_0d51d31eeabdeadda06d,near_16f6bdc41300b87aaa4a,false,false,2
rec_0d5685dfa6453199dff7,near_2791da3a50be06fd2718,true,false,0
rec_0d6f7c6479ae50eb5d60,near_c5daebf8ab2fee8c9e29,false,false,0
rec_0d71e36b9db1a267c66e,near_2791da3a50be06fd2718,true,false,0
rec_0d756d2ca3939541a29c,near_354975ea3a45dab10917,true,false,3
rec_0d7685799b924b71c820,near_2791da3a50be06fd2718,true,false,0
rec_0d7eaff22ce49e88a1a2,near_87ee51260b8df29e33b3,false,false,2
rec_0d80ae041ff184185bfe,near_65528d875a288b905f17,false,false,2
rec_0d8f5ae493b3bf148f29,near_a6fe4c7f1611afe298f5,false,false,0
rec_0da7058946a08a36bb9d,near_4670fa1b33ccf5ade4dc,false,false,0
rec_0daf6d0554fd16289719,near_faceafad79848deab740,false,false,3
rec_0dc7b57028b5577dc3f5,near_2791da3a50be06fd2718,true,false,1
rec_0dccbf2d7f912a6dfa4f,near_d094370eb6473ba9baac,false,false,0
rec_0dcd957b65390b8a1aeb,near_483f63d8d517827ead78,false,false,0
rec_0dd4a58ba78b4fe145ec,near_2a271971c7498a034977,false,false,0
rec_0ddf9cecc92f10d8db08,near_1215024a3de86dd3ac2c,false,false,4
rec_0df193d1276e38635d5f,near_206bd862c0821e6496ae,false,false,0
rec_0df294ce21647e6008ad,near_2302a435db90c20ac663,false,false,0
rec_0df31f04796c2604a7f1,near_db21c649724e4e44f58b,false,false,1
rec_0df63b30143f8df3d47c,near_20e635e2f71e5a0b3cfd,false,false,2
rec_0dfa20570770d77f587a,near_82f79f0ec3331c264b02,false,false,4
rec_0e04138149acd2b05f09,near_2791da3a50be06fd2718,true,false,0
rec_0e0ca821685209d3a8d1,near_4f0b9068a9191c52b43a,false,false,0
rec_0e0d413533d020231237,near_68a643ac75d750c29925,false,false,0
rec_0e0da6bf6bd01cdd8702,near_2791da3a50be06fd2718,true,false,1
rec_0e1528867f20b005723d,near_7199b0584a02c91eb5b8,true,false,0
rec_0e1673eeb2249da147e7,near_3d90d8d3051b1a01b0a0,false,false,2
rec_0e1ac2ff58151dd86596,near_094077ef6a155a3f1e1f,false,false,4
rec_0e22386c77b38e5c63f5,near_7a415991bf4af8dd9cd5,false,false,0
rec_0e23029bd25b59b4f87b,near_5a3aee7e9dcd74177e69,false,false,0
rec_0e2811187fa80c9bef74,near_2791da3a50be06fd2718,true,false,0
rec_0e3842d3ec524d0e0954,near_2791da3a50be06fd2718,true,false,0
rec_0e4318f325d867d60b2f,near_c6211adef40142d1e7c6,false,false,1
rec_0e53abac24aa487b6e18,near_5e984248f7ca177c5f27,false,false,3
rec_0e5749e14bd51ee55312,near_2791da3a50be06fd2718,true,false,0
rec_0e5ed89ee860018724e8,near_2791da3a50be06fd2718,true,false,1
rec_0e60ed7b631dea66bdfe,near_2791da3a50be06fd2718,true,false,2
rec_0e635c9253884b6a49db,near_d1ecaa44e0079e6b0390,false,false,0
rec_0e72e4bbef6d047de760,near_987cdac33ff9f556bf28,false,false,0
rec_0e7d097aded2c7c6eeb2,near_1769502bce43372b8d8f,false,false,0
rec_0e81d38f219e4aa4d282,near_450bba1ae46cbd7d78d5,false,false,0
rec_0e877c98b7baf761d3cd,near_fa1b10d1f6dff4d76196,false,false,4
rec_0e8a510862d57f13e58c,near_2791da3a50be06fd2718,true,false,1
rec_0e933824cdb34097a822,near_2791da3a50be06fd2718,true,false,0
rec_0e9bd61e50e2b48982ab,near_26084113373b8e9d155b,false,false,3
rec_0e9d33cbe675cacea266,near_d754baa57ef6f42afb50,false,false,0
rec_0e9d9a4c07d4a6026549,near_2791da3a50be06fd2718,true,false,2
rec_0ea61f805444ca7ec847,near_9fd3aaf263509ac2b203,false,false,0
rec_0ea98fe51dc2c811d2f2,near_2791da3a50be06fd2718,true,false,2
rec_0ebdebb23de29f8304ab,near_332ce97163dc0fb03703,false,false,4
rec_0ec6dee0451e944d60ce,near_342ca37728f384e34685,false,false,0
rec_0ed1890d9e56d1e17314,near_51dd5e1e2b98197edd56,false,false,0
rec_0ed6ea46d6d4a600fa1a,near_885fc4cf9e6f8cfaebcd,false,false,0
rec_0ed98dd3ec005de06e84,near_fe9661a5ecb896b8e2f4,false,false,0
rec_0ee3274bf32f44b6ce32,near_2791da3a50be06fd2718,true,false,0
rec_0ee4ae1eb4d3286ea71d,near_2791da3a50be06fd2718,true,false,0
rec_0f0134db946eaff3de28,near_72da27ec19eb28400b4e,false,false,0
rec_0f03c48746984dc52a39,near_2791da3a50be06fd2718,true,false,0
rec_0f1dd7c7327d2961944b,near_7b810501715331a87eed,false,false,0
rec_0f206e0ed0097b985535,near_ae586c022ca1e8dde888,false,false,1
rec_0f35ae70d980556f54ed,near_2791da3a50be06fd2718,true,false,1
rec_0f40ee909df052f9a9a3,near_e5b06f8f0661947dc455,false,false,0
rec_0f5ef015e77c820e2646,near_2791da3a50be06fd2718,true,false,1
rec_0f5f22e47519216120ed,near_42031cdb4c22eca94ba1,false,false,2
rec_0f64ce050e6fd8852d49,near_2791da3a50be06fd2718,true,false,0
rec_0f6ddca640423e09a79d,near_2791da3a50be06fd2718,true,false,2
rec_0f6e16b7527a7e318a3b,near_2791da3a50be06fd2718,true,false,0
rec_0f793054fbccc4ebdf43,near_2791da3a50be06fd2718,true,false,0
rec_0f7a00394cf69d7956bc,near_2791da3a50be06fd2718,true,false,0
rec_0f805863157f40e54dd4,near_3336da951b496f54d83b,false,false,0
rec_0f819acacca16920933f,near_41b0e2d9a35b835a50f7,false,false,0
rec_0f852d52df7a2299f08a,near_320bb3b0bc7dd65f1224,false,false,0
rec_0f8a66ea63ca14cb04dd,near_2791da3a50be06fd2718,true,false,0
rec_0f908d1f972cf20a0cb4,near_396f1ea52f79a90c3974,false,false,0
rec_0f9698a8ae62568346d1,near_971eb7e3541d723e8743,true,false,0
rec_0f97021415354ac9740e,near_2791da3a50be06fd2718,true,false,1
rec_0f9934fb6dcba451ffe0,near_86f947a7028ff0816b0d,false,false,3
rec_0f9c03d1a323555aef68,near_56c72e2eaf0b9fd65cd0,false,false,3
rec_0f9c97ef472f2dc0efef,near_55805a0d9e75b8fe9156,false,false,0
rec_0f9d3cf88ff1c3160c71,near_60477af7f1b6c3801eb1,false,false,2
rec_0fa815286034619d153b,near_86bad3c88a5d9e000098,false,false,0
rec_0fab9b17bd487591b4c2,near_15ddca3e160bfd99da83,false,false,0
rec_0fad93d806206a4744b5,near_6dd817ac0ddb6b6ac4e6,false,false,0
rec_0fb568d037ff9f91c58a,near_f40e6ac3fde71db1db4c,false,false,1
rec_0fd25dabf8c9a8e221f7,near_2791da3a50be06fd2718,true,false,0
rec_0fd80e4f3f834182db9d,near_2791da3a50be06fd2718,true,false,1
rec_0fd911ffe8ad018feee7,near_b426b68093038a615049,false,false,1
rec_0fdd2bf1a9f8718929ab,near_2791da3a50be06fd2718,true,false,0
rec_0fe25ce48eeabecbfc63,near_2791da3a50be06fd2718,true,false,1
rec_0fe61bf54e81049ccddb,near_cf373b4b8ce25c597d84,false,false,0
rec_0fe6bb9889df675e2089,near_0edbe28df72450001ea2,false,false,0
rec_0fe704bd4f04ee740cc3,near_2791da3a50be06fd2718,true,false,0
rec_0fea24656a89360344d9,near_d49d366d051779a47b0c,false,false,0
rec_0fea690bedbe86c2deb9,near_2791da3a50be06fd2718,true,false,0
rec_0ff1d8d42cea4058281e,near_d112879da9347c24a985,false,false,3
rec_0ffd1f005bd34ce04472,near_7ee34350468767628f25,false,false,0
rec_1005207ebc1725c9ed3e,near_2791da3a50be06fd2718,true,false,0
rec_1008cfb5b764336bb567,near_5248924b97e3e80322fc,false,false,1
rec_100bfa1820e2ed3f798c,near_0edbe28df72450001ea2,false,false,0
rec_100f4702119c19fa1505,near_2791da3a50be06fd2718,true,false,0
rec_101352c15288231fa85b,near_c572b7794dd51710900f,false,false,1
rec_1019c1e3b326a6a7f8a9,near_ae3570c88eafc9ce6166,false,false,0
rec_101c97eee1512121e61f,near_2791da3a50be06fd2718,true,false,0
rec_101e3a8fd8b060283854,near_2791da3a50be06fd2718,true,false,0
rec_1023ca9d7b59d5147ea8,near_adff34b35387e318edf5,false,false,4
rec_102d563f5a8095f6f2cc,near_9c0b735e7cd90a8389d1,false,false,1
rec_103900df37581983b145,near_2791da3a50be06fd2718,true,false,0
rec_103b5ee4b890801c1c86,near_4fd6cc209e53571e193a,false,false,0
rec_103f6a635c187e957f09,near_2791da3a50be06fd2718,true,false,0
rec_10456f75509ad3c29084,near_eac3585273af0068bb66,false,false,0
rec_104f8004ef94c114f00c,near_5f3f7cffc6f3be1638c3,false,false,0
rec_106ab10ad997185b2390,near_f23ee4e6601c14c3ba60,false,false,0
rec_106d90eee377a0299056,near_8870bc3f735257090d9a,false,false,4
rec_107c13b1aba880916f28,near_8f9585bcddd3faafb549,false,false,0
rec_10829a40f8221dce7e50,near_2791da3a50be06fd2718,true,false,1
rec_1086e53267af6649315a,near_0a774b877f7f52282163,false,false,0
rec_10879fc77bcd55a4041d,near_0341a8886897416a80c6,false,false,0
rec_108dd18f1f3513b99a8b,near_2791da3a50be06fd2718,true,false,0
rec_10978fe103f859c667ce,near_67e9a2aa9632d580f511,false,false,0
rec_10998c140f7f6c244fd7,near_2791da3a50be06fd2718,true,false,1
rec_10abb0617012ae33b24d,near_016921ce6c9d4ab318e1,true,false,0
rec_10b2f7ff7588b702bd5d,near_66843b2456b5d5d00703,false,false,0
rec_10b3e7daea4332f98765,near_d1617d7db447cebd1ef2,false,false,0
rec_10d0385a29d6a07695e2,near_2791da3a50be06fd2718,true,false,0
rec_10d1c6cb86857a340880,near_2791da3a50be06fd2718,true,false,0
rec_10d49c060ea7b625846b,near_2791da3a50be06fd2718,true,false,0
rec_10ddbc54f036e9581cd4,near_fcaca231211d16259d77,false,false,0
rec_10ed277c10c1d6b721a0,near_2791da3a50be06fd2718,true,false,1
rec_10f1a954f57acb8a5583,near_2791da3a50be06fd2718,true,false,0
rec_10f7bfa75b18c7a39a3a,near_ae40da95b3c7fbd56ca3,false,false,3
rec_10fb0670286e7a113f98,near_31f024fe5e871fed965f,false,false,0
rec_10fe1bea65658d7e8fa6,near_4111a77ce111cb7a8155,false,false,3
rec_1100e5963e7f998cc3f1,near_bc4b3e00b67f5e89bbd2,false,false,0
rec_110104fd2c037c05cdcc,near_19860095cd1e4b839430,false,false,0
rec_1103310e3ebd00e9cb3d,near_2791da3a50be06fd2718,true,false,1
rec_1104bca5b01cc3a10ac3,near_2791da3a50be06fd2718,true,false,0
rec_110b04b880eba4531595,near_36965b3bc5b1b87486ab,false,false,4
rec_111cd2a3f241e8d1743c,near_eda89ba14cd9a5fa9ac1,false,false,0
rec_111f19b39926f30295d6,near_2791da3a50be06fd2718,true,false,0
rec_1120f975d6c2df6511b6,near_2a271971c7498a034977,false,false,0
rec_1121899367e52ec18de9,near_2791da3a50be06fd2718,true,false,0
rec_11222d092bb3533d015f,near_3b25342dc853c3f3ff43,false,false,1
rec_112ee140c899907b0b00,near_649838347a18b06c6c5d,false,false,3
rec_11389adefd1a248a65d8,near_2791da3a50be06fd2718,true,false,0
rec_1146c734b1f1ea384820,near_cf26144cc1792dac55bb,false,false,0
rec_114f58bd4c1d967d6f42,near_a7781995d60c51783938,false,false,0
rec_11616bacfb6af84dcf0e,near_2791da3a50be06fd2718,true,false,0
rec_1165eec04a74cf408884,near_2791da3a50be06fd2718,true,false,1
rec_1179ced46f7e157cdb68,near_59541374c21d675a8584,false,false,0
rec_117e3f6869c9f633f2f3,near_cce70c3b3912621800b2,false,false,1
rec_11821dd774079a27602b,near_2791da3a50be06fd2718,true,false,0
rec_1187fdebead6f95b6a52,near_2791da3a50be06fd2718,true,false,0
rec_11912516bd00af8738ca,near_c49a30336bff0fdb7c12,false,false,0
rec_119afa20077cd8e444a4,near_bc4b3e00b67f5e89bbd2,false,false,0
rec_119bc4824f949bf5cb2d,near_33a975c2dc4d66b8d41c,false,false,3
rec_119dcafab5f3061e8057,near_d8d6b72830392e617b81,false,false,0
rec_11a5ef9954be3ac0c6dd,near_2791da3a50be06fd2718,true,false,0
rec_11a94e69c4d507d64267,near_5c0099e360c1c1b69d1e,false,false,0
rec_11ac4e46bbb1f07a47a8,near_7273a31794c38418ef82,false,false,0
rec_11ace858bbbe05785e74,near_0f056ab40aee6f5738a1,false,false,3
rec_11b151a6fff096de596c,near_72fac9a117d75af066ef,false,false,4
rec_11b1f789b7e580b21acd,near_2791da3a50be06fd2718,true,false,0
rec_11b39db5629bdf5248c2,near_a00a05ecb1bc5e749288,false,false,3
rec_11b6f9ff7a28d52e92cf,near_2791da3a50be06fd2718,true,false,0
rec_11bb44e399c822f339ab,near_8cdc24ae7ebd01085014,false,false,0
rec_11d942d685e6a06d0619,near_2791da3a50be06fd2718,true,false,0
rec_11de3c887a860fd83c2b,near_2791da3a50be06fd2718,true,false,0
rec_11e7d2a28b02287805d0,near_42d577e0023f88a1b254,false,false,0
rec_11f079da9c4aab1962ee,near_2791da3a50be06fd2718,true,false,0
rec_11f1df0393bbb962fa13,near_2791da3a50be06fd2718,true,false,0
rec_11ff84f7db383c80818a,near_1cee1d95f54eda679f33,false,false,0
rec_12098786eb9bd1a44b80,near_2791da3a50be06fd2718,true,false,0
rec_12098cebbd9db6734bc0,near_a6c71fa0d1e6815b88e9,false,false,1
rec_1217625488f0af12c550,near_386f9417b470ffc7faf2,false,false,0
rec_12193468dbb768197bbf,near_737211531dd5e452176e,false,false,1
rec_1221083d600d831c7d38,near_2791da3a50be06fd2718,true,false,0
rec_12215571e7aa952cc4c1,near_c42601849a7d91d4680d,false,false,2
rec_122e0121b2b211981b95,near_321618e63b302d6bd1d6,false,false,1
rec_12347d1411e4877b4e05,near_42bde15c5112cc7e13c0,false,false,1
rec_123f9c70feeb2479efda,near_846ecef02d545ed61c0b,false,false,0
rec_1246a6c879f528fe3f96,near_2791da3a50be06fd2718,true,false,0
rec_124e1fcfd275f7c88362,near_2791da3a50be06fd2718,true,false,0
rec_1255d2dc515fa9416ed6,near_2791da3a50be06fd2718,true,false,0
rec_12575ce1744f31a5a5b0,near_2791da3a50be06fd2718,true,false,0
rec_126b09e7fe030840e542,near_2791da3a50be06fd2718,true,false,0
rec_126b44ba1a996e803296,near_e9473052b05e7ca71bad,false,false,0
rec_126de24ae0b13d8b129a,near_7313e0d3d4b3b60cdd73,false,false,1
rec_127bcf5dfe2f1deeec85,near_f01f9cf0fb375354f8b8,false,false,0
rec_12844382cc81348e66ec,near_2791da3a50be06fd2718,true,false,1
rec_1287cfc85fb0eaa98aa7,near_9eaa200e7069261407ef,false,false,2
rec_1288866cd2c27b2e5da8,near_2791da3a50be06fd2718,true,false,0
rec_12963f384616afaaae4a,near_2791da3a50be06fd2718,true,false,0
rec_12a09805d0516b49e982,near_0039c7f6e311097dd505,false,false,0
rec_12a6e2532e7680f21b42,near_cf75fa0989c1e71020ea,false,false,3
rec_12a900f6f70ddbb969e1,near_b1b535df3f7c2b1c807b,false,false,0
rec_12ac2f923d3ccbdc5beb,near_f15de4f3182ea31d846b,false,false,3
rec_12ae16d3b7c2aadc8b55,near_7ae57965aa88d905778c,false,false,0
rec_12ae9eb49e989312255a,near_9c1d490b6a8dac691499,false,false,1
rec_12b3dbd133a0a1010020,near_90edde6d1a2aa831d7ce,false,false,0
rec_12c34aee04132b2a957a,near_293d7dfafb12ff62f674,false,false,0
rec_12c70fecce9995c77088,near_2791da3a50be06fd2718,true,false,0
rec_12c82f9035d6c6b655ab,near_ed12cbc4874c20ddb69d,false,false,1
rec_12d94004d1f698015975,near_afc1afc5be58f5914fca,false,false,0
rec_12e080eef89df8ed1a21,near_79338d3d7eccc2b7eca0,false,false,0
rec_12e72b337242df0c32e6,near_2791da3a50be06fd2718,true,false,0
rec_12edba2fd4d6a4b4b7dc,near_0fa7f521c00ff96b1e29,false,false,0
rec_12f72432ee4285890639,near_2791da3a50be06fd2718,true,false,0
rec_12f9008204cc47b65916,near_7700c93e25dcff78cbf6,false,false,2
rec_12fa8ec3cd105dc567fc,near_2aea8999e14b81055601,false,false,0
rec_13005a89c63e4de39af4,near_2791da3a50be06fd2718,true,false,0
rec_13007ef906bd0bc62f6a,near_4407499736505f2022b4,false,false,0
rec_130d7142ff16a9d82b12,near_449cda6fdf42e1789ca8,false,false,0
rec_1310d2c83a95fd871c70,near_752aa661056a51da6742,false,false,0
rec_131541337e6a9fb14cb1,near_4111f61cbacdd6be6317,false,false,1
rec_131669fd7590c3335704,near_8eb9a19220a79ffaeda1,false,false,1
rec_131a7235ab0346c276a8,near_38515995bde31537f2df,false,false,2
rec_13248228af8ee83619d8,near_2791da3a50be06fd2718,true,false,0
rec_132c4091a6285971b63f,near_2791da3a50be06fd2718,true,false,1
rec_133033141bae157f7e42,near_51b44f5f0d2c08dd3c0c,false,false,1
rec_1333c45250a57160ed1b,near_2791da3a50be06fd2718,true,false,0
rec_13369cf01829f20ea2c0,near_2791da3a50be06fd2718,true,false,0
rec_1337cc863b05cb0a8126,near_2791da3a50be06fd2718,true,false,0
rec_1350daea9b09894c80d8,near_a374d99680aed8cc3448,false,false,0
rec_13587d4baa81ab38debd,near_864b12be63677d7bf748,false,false,0
rec_135e7a3c970d5908439e,near_9e6fb0809b1f91b2f809,false,false,0
rec_1374531a4a344bb24d2b,near_d2c4e3d95f353bef7d68,false,false,3
rec_137eab1a687df24177ab,near_ebd4ad6b712241365ef9,false,false,0
rec_13816e82e091e4203ee9,near_9dd697763b67be0c40f7,false,false,1
rec_1384b8a187a30eb09cb2,near_9874b790f247a2862cbf,false,false,0
rec_138a9fe843297c6604f4,near_5f13d523f87296c6e851,false,false,0
rec_138b1ccef8b7085fe8b3,near_2791da3a50be06fd2718,true,false,0
rec_1391a64fe66c0e0c9183,near_548be12cbd765420a296,false,false,0
rec_1392c4a462361ec2ac46,near_2791da3a50be06fd2718,true,false,0
rec_13b30f3bf2938ee8ceba,near_2791da3a50be06fd2718,true,false,1
rec_13c16f064259d65c5c5f,near_2791da3a50be06fd2718,true,false,0
rec_13cd07b0ffdd28a18784,near_2791da3a50be06fd2718,true,false,0
rec_13d728e1a5781ea09be1,near_5f13d523f87296c6e851,false,false,0
rec_13dc7ea9eb7538977599,near_6576957d58a90d7f1930,false,false,4
rec_13e566dbceb8ebabccea,near_781558ec88c782c6ac6f,false,false,0
rec_13fa7be40b7b125b98da,near_2d2d5947fe89d20d8cc6,false,false,3
rec_140ccee5acf6b07889f4,near_2791da3a50be06fd2718,true,false,2
rec_1414ff7187652899463f,near_2791da3a50be06fd2718,true,false,1
rec_14187835b44905f3851d,near_1724f81a351630506641,false,false,0
rec_14217be6392f62d372ac,near_76270ecaa638a33a3e15,false,false,4
rec_14234cfb66e2db5f578f,near_e2902bb239968d5d7bb1,false,false,4
rec_1427efdd22e52c26c129,near_59664b0107c6acf370fe,false,false,0
rec_143a50737e0a82c00aaa,near_fd2377e22c2eca16b2ae,false,false,3
rec_14477adda11bc37c9f87,near_55805a0d9e75b8fe9156,false,false,0
rec_14513bd2bdd0a6adfb56,near_a69fd75f2a8e77664cea,false,false,0
rec_14514a908056af6cc435,near_c868da1c8c39d8575fd7,false,false,4
rec_14545b888a01b03693be,near_2791da3a50be06fd2718,true,false,2
rec_1457ecc3f7ceb9644c01,near_5346fbf98cff57d1a674,false,false,4
rec_145b55411100cd98a143,near_c3a9bd3fa80397acc265,false,false,0
rec_145c6bc7ce5cd05336f1,near_2791da3a50be06fd2718,true,false,0
rec_145d85346fbd9ba8b318,near_9874b790f247a2862cbf,false,false,0
rec_1460730d8c7cd110a9d6,near_3f9ce579f63d7622485f,false,false,0
rec_147817764ef5278150cf,near_2c568515be3b771d7144,true,false,4
rec_148c6b032364f2956702,near_5174a84e138fcc9be381,false,false,0
rec_148c74d081940a5d7413,near_73e466bf2c709d62ac01,false,false,4
rec_1495e4c460a416269400,near_0fe65a06ee867a5288b0,false,false,0
rec_1498ef7251beedb362f9,near_c47800ad17b27c6655f1,false,false,0
rec_149dedb63ec0b834acc0,near_5cae342412c352bc5211,false,false,0
rec_14a15ec0e8c8d8c6be82,near_dca99a63a023aeb88d27,false,false,0
rec_14b6fd81bc1ea020a98c,near_ba540f338bcf2efc9fa1,false,false,2
rec_14b7d70740dc30b44107,near_6f39774e68efb38020d5,false,false,0
rec_14bfd9e97691eb244813,near_d41c2c49103e6a0cec69,true,false,4
rec_14c01ff43135ecafc32b,near_347cc3eb71b231c1a36d,false,false,3
rec_14c1442736a8ee07f394,near_76cadcc0a22f35001b33,false,false,1
rec_14c51cf294bf74adfd25,near_2b4e5598264d9bdc539f,false,false,0
rec_14c98a390b5365f37a20,near_fbbfcbb14ff9b7415bdf,false,false,0
rec_14cb783f84fa10df8cd3,near_ebd7f7f9465b73556555,false,false,0
rec_14cd507e56b5f90fb461,near_7904198ff1e06093f492,false,false,4
rec_14cf2870436618c24e19,near_466d6cf9643efe9d4a42,false,false,3
rec_14d80daaba4f63a5790e,near_a268e9961242ec597ef8,false,false,1
rec_14f0dab721feb15a0c28,near_f76d18eaac9eadf0513e,false,false,0
rec_14f516bfa11271e04c93,near_2791da3a50be06fd2718,true,false,0
rec_150f3b852756cf2cc285,near_8bbc998d6e9ed388f2d2,false,false,1
rec_15186a552be629f0a43a,near_2791da3a50be06fd2718,true,false,0
rec_151c98ddd4442553444f,near_aed237772247abb23963,false,false,0
rec_1524d9f9ae5709f8054e,near_ad84796de83218518caa,false,false,0
rec_152d8ba69b6538e9b80d,near_396f1ea52f79a90c3974,false,false,0
rec_153d2c8e52c225756b12,near_cd6bd3ba943f2c9fcddf,false,false,0
rec_15403319466a466ab625,near_3cd15765ab65755cc01f,false,false,0
rec_154fc82fbabe30c3769a,near_c532386a5c87ff6305c7,false,false,0
rec_156384fd00eb8e61cc34,near_613333d2d42029497dba,false,false,0
rec_156e77a52cb12cf3271b,near_2791da3a50be06fd2718,true,false,0
rec_1579fe37ffa771742a02,near_2791da3a50be06fd2718,true,false,1
rec_15847631832ab1d18f13,near_58c95b8659f8c9ad7d22,false,false,0
rec_1584f8573ca77279c6e8,near_2791da3a50be06fd2718,true,false,0
rec_158881bc6bfd495fc763,near_ddd85f318afe43554e93,false,false,0
rec_15a056ac77d5d4162350,near_2791da3a50be06fd2718,true,false,0
rec_15aa0ce5ff6bbb65a5f4,near_2791da3a50be06fd2718,true,false,0
rec_15ab89ca020319a46c88,near_2791da3a50be06fd2718,true,false,0
rec_15abc01b5a0abf8aff77,near_bc0c5066a5ecf159397a,false,false,0
rec_15aee505fd5071e8486c,near_1bc39f3e057f73ef7fc9,false,false,3
rec_15b866f532a660a58d00,near_2791da3a50be06fd2718,true,false,0
rec_15d11fcf63fa8a160991,near_2791da3a50be06fd2718,true,false,0
rec_15d286f8fd774336134d,near_5ce7e60f3994183828d8,false,false,0
rec_15d5a36265a9ca37bd14,near_2791da3a50be06fd2718,true,false,1
rec_15ec715b84057c3e76d1,near_e000739b805385f13981,false,false,0
rec_15fb4c409babb050bd73,near_2791da3a50be06fd2718,true,false,0
rec_16075bea81381702582b,near_2791da3a50be06fd2718,true,false,0
rec_161379c1095dac32823a,near_2791da3a50be06fd2718,true,false,0
rec_161904ec5b2e98f10891,near_e95573094e0ae7873f60,false,false,4
rec_161c7480635f528c5680,near_11945bee0aaa5dab4f5e,false,false,0
rec_162048e8411930f69ad9,near_289e2b0becce6774c466,false,false,4
rec_162db82e17401caaf0ae,near_e2f853d19541bf40d5fd,false,false,0
rec_16412865a454bb02104d,near_a9f50fff56743ea3cb52,false,false,0
rec_1642675419b4a30d1140,near_d87e850b82a0f2da8859,false,false,0
rec_165644e5b33c1656a91b,near_51cc052d7c9a2a5fee69,false,false,2
rec_166e8c29678676cb9d41,near_4eb4f8b06d6e7d21014c,false,false,0
rec_1670aeec42ea804507f0,near_165ab3d3eb45d0b263a6,false,false,1
rec_167141e2a83b0081162b,near_d499ce7c4e83a368e310,false,false,0
rec_16723fb71925ffb5974c,near_2791da3a50be06fd2718,true,false,0
rec_167c52eba04cf06fdcb0,near_a69d970b19d87ad8cd43,false,false,3
rec_167ca4338ff3172a7bdf,near_cbab087979745d1c0a74,false,false,1
rec_167f098e5e03f2d49ab6,near_2791da3a50be06fd2718,true,false,2
rec_169ba558cad2a927d0c1,near_21949b045f5c43466794,false,false,0
rec_169c8845be3b9feeb274,near_4d9150aa74e2e33e3a2c,false,false,4
rec_16a5ba4d635a629f4d2d,near_c4f388829c9ffbc31923,false,false,0
rec_16a85529367a4dc86b00,near_2791da3a50be06fd2718,true,false,0
rec_16a8953347d7cbc398f6,near_e1ef5a5b3332f50e5305,false,false,0
rec_16b1c37019b5880cd2e9,near_2791da3a50be06fd2718,true,false,0
rec_16c3e34e309af70f5b4d,near_2791da3a50be06fd2718,true,false,0
rec_16cb12441684599d0f12,near_36270355b5b2be9daece,false,false,0
rec_16ce2832d6d02942a4bf,near_2791da3a50be06fd2718,true,false,0
rec_16d3b39255166b488526,near_4719c3f918364d40ff07,false,false,2
rec_16d3fa1881752ea60e01,near_0b7d22cb75b03c5f185e,false,false,0
rec_16e052b4654ae2e52a41,near_157217f5328359da1e70,false,false,0
rec_16e05ca7b80934db3e5d,near_2791da3a50be06fd2718,true,false,1
rec_16f607198dc83244496b,near_ee38c17b66893025d524,false,false,0
rec_16f694b96d07ba7ee774,near_4cf1041ca0e2d3b4a4e8,false,false,1
rec_16f76d3a8d0c5844403f,near_34d52c7f323cc090a18f,false,false,3
rec_16f7d59afb966d009b5b,near_2791da3a50be06fd2718,true,false,0
rec_16fac39c21d08c70307e,near_2791da3a50be06fd2718,true,false,0
rec_16fb08c492ccf6c51835,near_2791da3a50be06fd2718,true,false,0
rec_16fd64fec8d43da1f675,near_2791da3a50be06fd2718,true,false,0
rec_170514d16808a05f5b5e,near_4533f0469dabf06b852b,false,false,1
rec_17064675b2b3e0306fe0,near_2791da3a50be06fd2718,true,false,0
rec_170ea603a058400f78c2,near_a268e9961242ec597ef8,false,false,0
rec_1712b12d3fae07287cc1,near_c972dbafdde00385849c,false,false,2
rec_17184956bde427d18f53,near_04cb01253ad161b66c8a,false,false,0
rec_1722857b71e5d49f61d9,near_87bc4459950dd77c90a4,false,false,2
rec_1723e41cf8af74282d28,near_cc01f1305787c8ff63e9,false,false,1
rec_173395b485bab2f24c9c,near_d59709e0268516726f59,false,false,0
rec_173d47fcfa35bfce8d5b,near_9fe55b97d6f9c515b88d,false,false,3
rec_173e7179a0f1d9196372,near_6c05db0c8c4b589f7d2f,false,false,4
rec_1740405f54d12173ae39,near_d3d3678c3494092e06d3,false,false,0
rec_175f4a97cb529639fa55,near_d8db2441148540a2ca5c,false,false,0
rec_176754a7b510d66c4167,near_2791da3a50be06fd2718,true,false,1
rec_176e5da6ad70750ab91b,near_2791da3a50be06fd2718,true,false,1
rec_176e621dec170870446a,near_a92fcaccd189ced7751f,false,false,0
rec_177f6d8d7c3b71dff380,near_a7400ee560d7b31c630b,false,false,2
rec_1780f6265071655208a8,near_2791da3a50be06fd2718,true,false,0
rec_1782af02d17354ef0c1b,near_2791da3a50be06fd2718,true,false,0
rec_1786905a551194684268,near_2791da3a50be06fd2718,true,false,0
rec_17895d042831f9309ce8,near_2791da3a50be06fd2718,true,false,0
rec_178c925832cc7a90204f,near_84f227e2b6f188b59c31,false,false,4
rec_17963e662258770cce89,near_2791da3a50be06fd2718,true,false,1
rec_179ca90b339273c1f421,near_76c8c9470a0daf63703b,false,false,1
rec_179d8b404397a6a46b38,near_2791da3a50be06fd2718,true,false,0
rec_17a1e5a18d19f1c6d50c,near_2791da3a50be06fd2718,true,false,0
rec_17aa4cf3028a3ae38aca,near_3c6a08e268fc5dff41fc,false,false,0
rec_17b462fa9c31af6377b2,near_bd3d8a1756f0a32a07ab,false,false,0
rec_17b674d06374cbba17d9,near_6cf2caeb28d465d7d0b4,false,false,0
rec_17b78560f00a4710c140,near_f13ae78b1e66ac7949c6,false,false,4
rec_17ccf0f3a393addb2cbe,near_08a28a39fcdd8f9a5ee3,false,false,0
rec_17d3a38567375e764c46,near_8094222866839700ca83,false,false,0
rec_17e0d292e54d90544fbf,near_2791da3a50be06fd2718,true,false,1
rec_17e2f33f71ba69a15b2d,near_971eb7e3541d723e8743,true,false,2
rec_17e798bbf2acc57ddd1f,near_0be3e3c4f59692bbab63,false,false,0
rec_17f38c32ba68d7616bc9,near_2f439f990bf0f937c4ad,false,false,0
rec_17f41a281277d63683aa,near_2791da3a50be06fd2718,true,false,0
rec_17f4c5452cbabb74e5ba,near_2791da3a50be06fd2718,true,false,1
rec_17fbce1a7c55d83d3b52,near_2791da3a50be06fd2718,true,false,0
rec_1802c0e068844b144f28,near_60477af7f1b6c3801eb1,true,false,4
rec_18047b37dada1380b267,near_c1c980499eb57c53f066,false,false,4
rec_181223a98afdb5227972,near_2791da3a50be06fd2718,true,false,0
rec_183f422c4b40e7846999,near_2791da3a50be06fd2718,true,false,1
rec_1849f7d868056f7cb0b1,near_e8bf29d8ad95c8059705,false,false,2
rec_1858cff38bed34bcad48,near_2791da3a50be06fd2718,true,false,0
rec_1860312b575d1322ea17,near_2791da3a50be06fd2718,true,false,0
rec_18635851ae4a5f6d810e,near_2791da3a50be06fd2718,true,false,0
rec_1871086798b3e4ec60d2,near_530166c23b69c2255db1,false,false,2
rec_187459998b612eaa7429,near_cff8d3d56927905fb346,false,false,0
rec_187ff218fb6e89bf3cbc,near_2791da3a50be06fd2718,true,false,0
rec_189a6a39d21995b7d9e8,near_34a1ed07f32829881ff5,false,false,0
rec_189bdb9fe0f2ddca450c,near_2791da3a50be06fd2718,true,false,0
rec_189f52ad23af985f0e74,near_56867e934f33baf8ca09,false,false,0
rec_18a69a8989fc7e72daaa,near_4b92d9de0a766a1a4404,false,false,2
rec_18a7ded8ece7ffa73fc1,near_67986aba7fbdd65cff1e,false,false,4
rec_18af27d047df8710151c,near_2791da3a50be06fd2718,true,false,0
rec_18c3824ed3fca9340695,near_476f2ea84faef14aaec0,false,false,0
rec_18c816a806aa8b7a84e1,near_685097d700e82cdfb818,false,false,0
rec_18c8ddcad9e799cbfb3b,near_0b30fcb700cef5b17457,false,false,2
rec_18d1648177790cf4df5e,near_a5453f45ee6c5e86fd2d,false,false,0
rec_18e6ed833380517cc0d3,near_23c5b46e4a4aeac0393d,false,false,0
rec_18f1d9473dccb7edc925,near_a5453f45ee6c5e86fd2d,false,false,0
rec_18f26734e7dfd01095e3,near_6c7c2646959740cb2d35,false,false,0
rec_190f935fc501826649af,near_6c05a33bf420ccf631d4,false,false,2
rec_191dfe476b7b1e7f67e2,near_2791da3a50be06fd2718,true,false,0
rec_191f638a27c991b9c797,near_f6fa4ec795813b5d41f3,false,false,1
rec_1924781632b7f67bdbc8,near_2791da3a50be06fd2718,true,false,0
rec_193e0b9ff3d922fa2e5e,near_2791da3a50be06fd2718,true,false,0
rec_1944ff2a49f59ac29bfa,near_98786f671fd0aafb962e,false,false,0
rec_19464d341084fcaef336,near_2791da3a50be06fd2718,true,false,0
rec_194fd13c39473f39e5f1,near_b0acb72c53082c6aa8dd,false,false,3
rec_19517d94f463e661cf00,near_ab5809814f688299ad24,true,false,4
rec_196431b0d96441cfec79,near_2791da3a50be06fd2718,true,false,2
rec_1965bb9fdc1652c1252d,near_2791da3a50be06fd2718,true,false,0
rec_1968e8f7547a85251144,near_2791da3a50be06fd2718,true,false,0
rec_19761d16c0a2145da159,near_012d89215b767541fddc,false,false,0
rec_197f9323cba7f488eb8f,near_2791da3a50be06fd2718,true,false,0
rec_19826e88c1370fa11448,near_610cc4041eb59f346f51,false,false,3
rec_199666e5f707d33eb473,near_2791da3a50be06fd2718,true,false,3
rec_19acb8df8a82cf6374c4,near_d2d0d49dc9fbeb6d4c04,false,false,0
rec_19ae69131c6a4c581a93,near_7c84fa4ecf8d3792f1e5,false,false,0
rec_19b9ff1a1bc4132261df,near_c33fc80b8ad4051f2040,false,false,1
rec_19c25c9dea50abe43bdb,near_76270ecaa638a33a3e15,false,false,4
rec_19c55eb526d64edaffe3,near_2791da3a50be06fd2718,true,false,0
rec_19c5d9f02b2f5d2f5534,near_89a7656c7a62f33cb0f7,false,false,0
rec_19c7cfb2d4821ae0afe8,near_f22af8db6910161c602a,false,false,0
rec_19ccce82fff6fc80a115,near_2791da3a50be06fd2718,true,false,0
rec_19d20f9f4c5a4fb624ec,near_e49be520a45b8fa4f9fd,false,false,0
rec_19dd4023db8a76286cd2,near_f50fbe62da62dc4373d5,false,false,1
rec_19df6aace2cb48f3ba25,near_2791da3a50be06fd2718,true,false,0
rec_19e2bcbf00e84e0efa46,near_a268e9961242ec597ef8,false,false,0
rec_19e6c12361283a47c63d,near_c41506ae41a85f1ae3d8,false,false,4
rec_19ec89bfe309136e3384,near_2791da3a50be06fd2718,true,false,2
rec_19f1c7859610623df354,near_ac9150d9bd1d1451af6b,false,false,0
rec_1a09c474691bee7323e7,near_2791da3a50be06fd2718,true,false,0
rec_1a0c154f33c21835985c,near_50045c005be01e0c5bc8,false,false,1
rec_1a0d24e28062860d4b40,near_f79d6a7d7180594d34bb,false,false,0
rec_1a1943838ba9dc59a9f2,near_7de261d3b0d4f6259326,false,false,0
rec_1a1d4a9cb4f4eca61781,near_2791da3a50be06fd2718,true,false,1
rec_1a3317d61fa513fbe3a2,near_2791da3a50be06fd2718,true,false,0
rec_1a3dc1202953ee215eba,near_2791da3a50be06fd2718,true,false,2
rec_1a47518af10ad13d84ef,near_2791da3a50be06fd2718,true,false,2
rec_1a4f4e3b0d8189f79303,near_27af2df6550e1477fe32,false,false,0
rec_1a51edb3c13049f2af15,near_b9403106551000514cc3,false,false,0
rec_1a62dbac649bb81787a0,near_4d925eac2f1db17e30e1,false,false,2
rec_1a69927039358cfd1bfe,near_2791da3a50be06fd2718,true,false,0
rec_1a7b8a3dc7f3d0a9d197,near_d91ec508c143118c2944,false,false,1
rec_1a84d893a2b64c4838a0,near_8c9e8e2240c5d860cbee,false,false,0
rec_1a8677e094b96f2cca14,near_4ce323e225734ef80363,false,false,0
rec_1a8d0bf71a8f40edc55c,near_f6bda62218c9bfe75422,false,false,2
rec_1a9f8657b3edc05d9bd6,near_45052a6971074e35baf9,false,false,0
rec_1aa19192db963fbd297f,near_5109624955de59a4a76c,false,false,4
rec_1ab408c809787f786758,near_d2d6cc4f5edbae9c1e49,false,false,1
rec_1ac959f8900fef1355b4,near_f76d18eaac9eadf0513e,false,false,0
rec_1ace46ad66b649024467,near_8d51c594910ef1a61ce6,false,false,2
rec_1af15f307367f64e4985,near_b494a1e38ef0fe99d269,false,false,4
rec_1afbd14e567bbfed4c27,near_ea18ef8ac72350f50f10,false,false,0
rec_1afccb831001ff3f3448,near_2791da3a50be06fd2718,true,false,0
rec_1b014d028b37d1833f43,near_2791da3a50be06fd2718,true,false,0
rec_1b1f02e875fb153860e2,near_97f1cd3368ecebbeec00,true,false,1
rec_1b2a9e589f8051cfa99a,near_2791da3a50be06fd2718,true,false,0
rec_1b3c787c5656b9f3495d,near_2791da3a50be06fd2718,true,false,0
rec_1b3c94d07350f8b8fff8,near_5a4b02948aca34f01ae6,false,false,2
rec_1b4192e45ffb5985994d,near_2791da3a50be06fd2718,true,false,0
rec_1b441e46518cf813e171,near_03d046bedbd3d0befb2a,false,false,4
rec_1b5530a0d0a24ed3991d,near_696897b0991b8deba6da,true,false,1
rec_1b5e4b8a2ab8d9d07133,near_2791da3a50be06fd2718,true,false,0
rec_1b66fe4e4b796de0d1e0,near_2791da3a50be06fd2718,true,false,0
rec_1b726167f194f3936c34,near_f38632ccd74751a9e327,false,false,0
rec_1b7597e46797ddd118c6,near_2791da3a50be06fd2718,true,false,0
rec_1b79e56df9d9f58a490e,near_a81b87b266c4e7b7558b,false,false,3
rec_1b7a9f2c4813e4551704,near_2791da3a50be06fd2718,true,false,0
rec_1b7ab0e9932dd86a01f9,near_fa4d4dc839a1e400db3b,false,false,0
rec_1b7e2b20b79c7604c91c,near_ec538c251b7908f1291f,false,false,0
rec_1b92e6d044580aa812dd,near_2a8e74425618a2645cb0,false,false,3
rec_1b9818ac8cd7ddbd2994,near_b416ed4eb224f08da4ed,false,false,4
rec_1b9d83bf9673dac6aac4,near_f76d18eaac9eadf0513e,false,false,3
rec_1b9da16543e351c68412,near_cab9dd5571a7ed271f0d,false,false,0
rec_1ba6eb58bdc48b5c335c,near_2791da3a50be06fd2718,true,false,0
rec_1ba8457522541391e34b,near_2791da3a50be06fd2718,true,false,0
rec_1bac8332cf1d85167ddc,near_c6eb4cd5d8da53374029,true,false,3
rec_1bb088110cfecfae7fe3,near_8eb9a19220a79ffaeda1,false,false,0
rec_1bb18119fe7616851339,near_8fd35eba52878a4944e3,false,false,1
rec_1bb358b9bde911ba04a4,near_dc6c7290b5d36e3ba566,false,false,0
rec_1bb82d9a7179d3ff7bc2,near_0ed2e522a92d3070653f,false,false,0
rec_1bcbc3db436ee2ae21d4,near_2791da3a50be06fd2718,true,false,2
rec_1bd50182f464aa60eda8,near_2791da3a50be06fd2718,true,false,0
rec_1be4d60c74192b880680,near_3ee5b187c559956103ea,false,false,0
rec_1bf350c6a894d64a1f91,near_2791da3a50be06fd2718,true,false,0
rec_1bfa67c5a2dfad156cb6,near_86b617db7549132e11de,false,false,0
rec_1c07e7e38ec959569297,near_2791da3a50be06fd2718,true,false,0
rec_1c0cc7a4dbbab97161db,near_2791da3a50be06fd2718,true,false,0
rec_1c17ce5f105e484d317f,near_7e9ac6fa642097556d1f,false,false,1
rec_1c1b03f1a0d513ccab63,near_2791da3a50be06fd2718,true,false,0
rec_1c20925f204f99fd0524,near_8c0705c70b60898697a6,false,false,1
rec_1c2c483c8e7bc3372643,near_d03bc373e6b1493f12da,false,false,3
rec_1c3089c9f49d929e90f5,near_2791da3a50be06fd2718,true,false,0
rec_1c3a826385563ebbc42f,near_0345bebe454d10893756,true,false,0
rec_1c47e3584053f5ee8a81,near_2791da3a50be06fd2718,true,false,0
rec_1c4e8fa1b4240c7cd689,near_740adbb918e18e3dd046,false,false,1
rec_1c5770c16305be83813b,near_e695e3ec0229e8f2c2eb,false,false,4
rec_1c5844ae7dbbd0e6b1ae,near_2791da3a50be06fd2718,true,false,0
rec_1c6a2e0a731167b51c9c,near_2791da3a50be06fd2718,true,false,0
rec_1c7b60cb5d8dac2e7d32,near_68dd842ba029f409ec07,true,false,0
rec_1c870b5cfd0bb30812c1,near_3ea00923cf8d1766b28a,false,false,0
rec_1c994c0cbbd05402b39e,near_2791da3a50be06fd2718,true,false,0
rec_1c99e8c99813891b480b,near_2791da3a50be06fd2718,true,false,1
rec_1c9eec7572a0754eaeff,near_2f07fc51d33410391ca1,false,false,2
rec_1ca69300beeaa96ae77a,near_2791da3a50be06fd2718,true,false,0
rec_1ca87dd004541d8764a0,near_2a84012aa1a2666e36c6,false,false,0
rec_1cad4e8bc2e923c699b6,near_26ddf59ac99d90f361c1,false,false,0
rec_1caf98eaf3b73e1e0389,near_404383f718e97434535a,false,false,0
rec_1cb5a6a5cb5fc479ee0a,near_b0258f6e6bff3f1654f0,false,false,4
rec_1cc28870ae683929d4ee,near_0e901749c4ae5ee2f874,false,false,0
rec_1cc295c69fb815eca3e4,near_0e856299617ba9747c98,false,false,4
rec_1cc372e9a457c265a67f,near_0c734a47657c712eea05,false,false,3
rec_1cc63e3ac6d2f622a0bb,near_2791da3a50be06fd2718,true,false,2
rec_1cd809dbd232c90b1bbb,near_2791da3a50be06fd2718,true,false,0
rec_1cda20efbab9c62d67cb,near_2791da3a50be06fd2718,true,false,0
rec_1ce1e88c3fc3f03c1dff,near_2791da3a50be06fd2718,true,false,0
rec_1ce49d61518bdd2245db,near_2791da3a50be06fd2718,true,false,0
rec_1cf20168815ceb0ea342,near_2791da3a50be06fd2718,true,false,0
rec_1cf4de80c651c02ff35b,near_6c1ae2e08947ca67ddad,false,false,0
rec_1d022cbb16f834640d1a,near_2791da3a50be06fd2718,true,false,0
rec_1d0505e2232dc704c743,near_2791da3a50be06fd2718,true,false,0
rec_1d06e8cf8bbebf17743b,near_d09b8b88d6f2fbbbaf6b,false,false,0
rec_1d0955c02b5bc1aeb98e,near_d32fd0670bc6915896a3,false,false,1
rec_1d0b1a75a4c7de4e0709,near_f70a32b026020e88fe9a,false,false,4
rec_1d24f1de8a1d5cb2d565,near_2791da3a50be06fd2718,true,false,1
rec_1d37b4923abc65238470,near_2791da3a50be06fd2718,true,false,0
rec_1d410154a23cc5c6f715,near_2791da3a50be06fd2718,true,false,1
rec_1d4ad60d2e99a3d9fe3c,near_24f1c27d670876d31052,false,false,4
rec_1d4b698f5159ba52052c,near_2791da3a50be06fd2718,true,false,0
rec_1d4c6d7bcf36241a0324,near_0a774b877f7f52282163,false,false,0
rec_1d56906f1ba2c0e8d615,near_6f478c4960d3784f08aa,true,false,2
rec_1d6d76d7e30853a01e9d,near_2791da3a50be06fd2718,true,false,0
rec_1d706a4f2cacb0b0467e,near_2791da3a50be06fd2718,true,false,0
rec_1d77333c4ab066ee508e,near_a83f18bc5e37fb3e5220,false,false,1
rec_1d7c8b43134ccb0aafa3,near_6f6381fed5d2180cb367,false,false,0
rec_1d8060fd90056c576612,near_2791da3a50be06fd2718,true,false,1
rec_1d8121bf9ddd5b613104,near_3844c91de12851f70495,false,false,2
rec_1d8d9620f197e7ba6b0d,near_2897f0e20eb8c93e58c9,false,false,0
rec_1d9567e2e719f72cba2e,near_773fda3ed59b40148a7d,false,false,1
rec_1da79358b41e109b790c,near_2791da3a50be06fd2718,true,false,1
rec_1da8667c4fd928fee712,near_2791da3a50be06fd2718,true,false,0
rec_1db6e1eb122b0c6cad7a,near_ac9150d9bd1d1451af6b,false,false,0
rec_1dbcacc243170ca4f26c,near_b06cfa6c00d218fd3cbc,false,false,1
rec_1dc5301d5b5a5064c61b,near_94f34b6b76effd7d8bd6,false,false,0
rec_1dc9b9153785d6977ac5,near_ba5baaced20498efed19,false,false,1
rec_1dd5ef8ae1b0a44a1e81,near_9507f290f9d8f70bf1f6,false,false,2
rec_1ddd8b57e398a5197971,near_2791da3a50be06fd2718,true,false,2
rec_1ddf6810be72be67bd24,near_2791da3a50be06fd2718,true,false,0
rec_1de7a9ea08491ee223e8,near_2791da3a50be06fd2718,true,false,0
rec_1e08a7886c90a156b247,near_52fb5afd6cb23b9eb041,false,false,0
rec_1e0cb47f7440b1cb4474,near_6479c405df452536fa25,true,false,4
rec_1e12e713331e3fbc2760,near_90f15ca59001eac9f736,false,false,0
rec_1e165505bb08a2f2c81a,near_46e0b22de43583a59506,false,false,0
rec_1e2c1592067ebd7dae7d,near_e7bace005b3f68c7db39,false,false,0
rec_1e3e64a5255ac958e5c7,near_dbb3e06de850aab18446,false,false,0
rec_1e4e4b3c2a034a305357,near_2791da3a50be06fd2718,true,false,0
rec_1e52b63e9d956ad7f38f,near_eb6aea30de5615151c76,true,false,0
rec_1e58e2a302302b21d08a,near_2791da3a50be06fd2718,true,false,0
rec_1e6faaa566c5f38c9c0f,near_2791da3a50be06fd2718,true,false,0
rec_1e7a276c413a21ce16d2,near_7afb7ed1c5eba1960d2c,false,false,2
rec_1e7a5a522192344085d4,near_c107d09d5ee124aab2ee,false,false,0
rec_1e7b5622cd856f6f7d1b,near_08e1c4168f217d6795cc,false,false,3
rec_1e8744ee768e9962374b,near_2791da3a50be06fd2718,true,false,0
rec_1e8d3c7400d539565e80,near_2791da3a50be06fd2718,true,false,0
rec_1e9fcf7699e143cb4849,near_95f4a35f4daacd04838a,false,false,0
rec_1ea52d9739c148c7b307,near_1c3047542fb47efd64a9,false,false,0
rec_1ea60c3da293fb7e24a0,near_5614d3a68e293cfaa201,false,false,0
rec_1eaef432286fbe95df6a,near_548be12cbd765420a296,false,false,1
rec_1eb25cdcf6c29bb7f362,near_b98081e098fbbe1563c9,false,false,1
rec_1eb360691e22ab0e0dfb,near_9ecd6ba42e42bc2fc50e,false,false,3
rec_1ec3d491cc34e6c25f53,near_fdeb6ba182eca6a7c395,false,false,0
rec_1ec94f9c344e89c85f90,near_89a7656c7a62f33cb0f7,false,false,0
rec_1ed16480768fcdd3f3dd,near_2791da3a50be06fd2718,true,false,1
rec_1ed6fa5ed0133d47714d,near_2791da3a50be06fd2718,true,false,1
rec_1edb2c928f8b91f63dce,near_2791da3a50be06fd2718,true,false,0
rec_1edb453fd24f6742ab9a,near_3683b9c1f4ff2e92c4c8,false,false,4
rec_1ede6f4759cc68168a65,near_2791da3a50be06fd2718,true,false,0
rec_1ef4435edf6915109f4b,near_8f0e3317a51b3721b5ab,false,false,0
rec_1ef660e16519d21121ea,near_390a79f4a66c1ffd82aa,false,false,0
rec_1eff9f6ee02c0e7d4977,near_089ac0252b8fc4c91fd3,false,false,3
rec_1f0c8cb118faf5fe3284,near_6abc434567bee9dfae89,false,false,2
rec_1f20000b6b749cc53540,near_68192e5a2e37f7632df2,false,false,0
rec_1f2b89ba01f9378badee,near_2791da3a50be06fd2718,true,false,0
rec_1f2c768fb0134ab72724,near_2791da3a50be06fd2718,true,false,0
rec_1f2f5a37cc4010156daf,near_2791da3a50be06fd2718,true,false,0
rec_1f59e7e6afdf5d32d410,near_2791da3a50be06fd2718,true,false,1
rec_1f6e3f46d57347e17cf3,near_2791da3a50be06fd2718,true,false,1
rec_1f948a6d3b0a2b339718,near_c99203ef2e0f8175bf03,false,false,0
rec_1f98a97344f47d4e935a,near_76cadcc0a22f35001b33,false,false,1
rec_1f9b3200e098ea17acd1,near_d41c2c49103e6a0cec69,true,false,2
rec_1f9d997c3bed9ae00195,near_2791da3a50be06fd2718,true,false,0
rec_1fa6c595c5414b67d469,near_0cde1964007b33055e66,false,false,4
rec_1fa716f4644ebc123dee,near_2791da3a50be06fd2718,true,false,1
rec_1fad5d9f219820c5df70,near_fc4f72f81fc08b21bcd5,false,false,0
rec_1fb55465f3dbd89116c4,near_7ce6e5f16b2a7d208349,false,false,1
rec_1fb7d5bcc84fac2a666d,near_0a774b877f7f52282163,false,false,1
rec_1fb8ee64d9fc0dfddfa5,near_0e856299617ba9747c98,false,false,4
rec_1fbe57794b6064f159f0,near_2791da3a50be06fd2718,true,false,0
rec_1fc0c3ee011890dfcf30,near_3d75e8033b286aa2825e,false,false,1
rec_1fc5c23225d5260247f2,near_cdec632db9aae8583aa4,false,false,0
rec_1fcda55bdb7c5ad21604,near_23caa461d1a327f02142,false,false,4
rec_1fd7d2bf93d71a432b51,near_2896d789e6261c6a8bd8,false,false,0
rec_1fe7fd60b4c7702217e4,near_5d744d5862ee603afc89,false,false,1
rec_1ff39c8a37ed0d1304c6,near_2791da3a50be06fd2718,true,false,0
rec_2017f92371dafa120286,near_08a28a39fcdd8f9a5ee3,false,false,0
rec_2018baf0a7d977d9987c,near_2791da3a50be06fd2718,true,false,0
rec_20190641fc7abc477d7c,near_fe163ef3e4ebc2251045,false,false,1
rec_2034f54101d4404b2669,near_80f7eb0f6d94d22d1bb8,false,false,1
rec_20373e4a53bf84df48d5,near_1303570fc44cbda35f14,false,false,0
rec_2047086ace5d1c12e9c0,near_2791da3a50be06fd2718,true,false,0
rec_20476b6943603c6b087e,near_c5531ffb8d451b93173c,false,false,2
rec_204b8438b80e765fd2cc,near_e9473052b05e7ca71bad,false,false,0
rec_20512101e998641fda21,near_2b1f785cc849cf416657,false,false,0
rec_205239a3f525326616ac,near_525251434766ae671d8d,false,false,2
rec_205cbe7ef8415afa9b8a,near_fa7deb975a6815e73b19,false,false,4
rec_207656e47260801d0ee6,near_2791da3a50be06fd2718,true,false,1
rec_20778c43020590b82748,near_2791da3a50be06fd2718,true,false,0
rec_207fa745cc7d8984d251,near_e62ac8813936939d40c3,true,false,0
rec_2083425b153a630cc388,near_fb6360d57d1d5e5dc28e,false,false,4
rec_2086efab77e51d82ea9c,near_7cb5ade6b97c1cabbf8d,false,false,0
rec_2087de012f0cf75ecbe7,near_2791da3a50be06fd2718,true,false,0
rec_208db2f434e224d05421,near_c42601849a7d91d4680d,false,false,2
rec_20a1be7d8a1c75426406,near_2791da3a50be06fd2718,true,false,0
rec_20a4b4b21a175e3d316a,near_8c8cf0a753b27f6efa94,false,false,0
rec_20c5a41beeb2cdc36bb2,near_b06cfa6c00d218fd3cbc,false,false,1
rec_20c613366f4b8663fc6c,near_f472a08abb0869a12c24,false,false,0
rec_20ca8151ae9750a5ec9a,near_a4cc95c794adf3af86a7,false,false,1
rec_20cee021479bc6a71131,near_59f73b1376ab5fed1b2c,false,false,0
rec_20f0ec48fb177193b02c,near_2791da3a50be06fd2718,true,false,0
rec_20f66fac069892aa090a,near_2791da3a50be06fd2718,true,false,1
rec_21077e4dafe0537c0004,near_dc6d33c7cb54f893bab5,false,false,0
rec_210dac40daac78644eb2,near_2791da3a50be06fd2718,true,false,0
rec_21103aa3ace64b2a30a4,near_2791da3a50be06fd2718,true,false,0
rec_21131a00642caa96362b,near_7e5c7b694b82dd3e9293,false,false,0
rec_2121d8f8d173607d19c0,near_2791da3a50be06fd2718,true,false,1
rec_21222ee96c17145929dd,near_167fdc24ca4bee92084b,false,false,0
rec_2123565e6c26b95eeeff,near_2791da3a50be06fd2718,true,false,0
rec_2131326efc0990f90446,near_2eb4db88b9a011208e0c,false,false,4
rec_21327a19717c5bef3ccb,near_ab5568a14b435d478525,true,false,1
rec_213e43b1efbcbc57e1f8,near_2791da3a50be06fd2718,true,false,0
rec_214957b9eeaecc72f995,near_2791da3a50be06fd2718,true,false,0
rec_214c5c678c0ffd7b5467,near_bba1364c350494b93c10,false,false,1
rec_215a28357bedc47f975b,near_33297ca789efaadd98e5,false,false,0
rec_21682b7473a9c07c3e02,near_672a65798c93c8ad86e3,false,false,2
rec_217119d7e2fcd3589a5e,near_2791da3a50be06fd2718,true,false,0
rec_21742a9003885692af4a,near_cde61bd55ee3a00e3398,false,false,0
rec_217775da299708010f42,near_21ce9d49ddb2e178874f,false,false,1
rec_2186ff4d22c5a9ce29e4,near_5a1ec8976299da892a13,false,false,3
rec_2190efde076ee31f7a95,near_2791da3a50be06fd2718,true,false,0
rec_21956d8983fc623335d7,near_2791da3a50be06fd2718,true,false,0
rec_219a78adb46b2a92c750,near_c8a7536b6e713f1d3d10,false,false,2
rec_21a3ce41b0c36e139d12,near_96e141e4324457c96a5b,false,false,0
rec_21aa5ece51543addb98c,near_7014dadca1c37db99fda,false,false,0
rec_21adc07d47830d50bf14,near_f565c8907ee4fa833a7c,false,false,0
rec_21ae121b858b92e9950f,near_2cb6dcb988565a9a4121,false,false,1
rec_21b33b9230f9af5d0241,near_2791da3a50be06fd2718,true,false,1
rec_21b72dfa5aab316009f4,near_dcbe7b3ef086fb52c204,false,false,0
rec_21bda20e50b1b77dd45d,near_2791da3a50be06fd2718,true,false,0
rec_21c022420b2b1f9d876d,near_2791da3a50be06fd2718,true,false,0
rec_21c635239102718d45ef,near_40f0592e7df7bce9ce1b,false,false,1
rec_21c90a30f5469eaadb5a,near_d2b9aaf0b97b1daeadce,false,false,0
rec_21ca3e432596735bc076,near_87e5961ac33efd653a84,false,false,0
rec_21cb40ff8ee1f619ddc3,near_4407499736505f2022b4,false,false,0
rec_21ce630ac37b8d91b5c9,near_451f77cdfde8a4fdbb88,false,false,0
rec_21d4586b3216a9ddfe51,near_8eb9a19220a79ffaeda1,false,false,0
rec_21d87af71ac2e89bef10,near_e9263b501b8ed5daf2a7,false,false,3
rec_21e0e3e908c7aec9d6eb,near_3494ad1a88cbd8d52eae,false,false,4
rec_21e11d9951c69975f063,near_65c47777992cc92498bc,false,false,0
rec_21e60604e6ae9738de11,near_ca1768137d2185fc4fe5,false,false,3
rec_21eb4cfb6fdb60b3ceea,near_61eee50347b79b5a31c2,false,false,1
rec_221c437c7761d6e33068,near_0e901749c4ae5ee2f874,false,false,0
rec_2221e92bd41a3a0337dc,near_1063c7c3dad0d37ca31d,false,false,0
rec_2223a5db3f6a6cfc337f,near_40bb8a60aacb62be53e1,false,false,0
rec_225afa840cf08497cc74,near_2791da3a50be06fd2718,true,false,1
rec_225d6b7415cc6876cd67,near_a26fc8de3ddae1ba9507,true,false,0
rec_225fa87e931df8046dbf,near_8816d110ca1f382f0532,false,false,3
rec_2267bc1b85871be61fbe,near_55805a0d9e75b8fe9156,false,false,0
rec_227798504a5d4103ec0c,near_e575c6ca7fe7e7167407,false,false,0
rec_227b66806e85d798d042,near_cb757714d266c5019ad3,false,false,0
rec_2284ca18d598bbea5fbe,near_2791da3a50be06fd2718,true,false,0
rec_22891106ae9772d3770c,near_3db1dab52a388540441e,false,false,1
rec_22981a0d5f0ed6651500,near_f9475186f5cce9980ae2,false,false,0
rec_2299007e66b27276f38e,near_2791da3a50be06fd2718,true,false,0
rec_22a13f4f4e0040a8a554,near_2791da3a50be06fd2718,true,false,2
rec_22a3ae75625018c859de,near_3dfbdb7c4232c10f8281,false,false,0
rec_22c9236ccaf9c7be895a,near_632d3cca35155b706283,false,false,4
rec_22d4f572c300a299a4ac,near_9601a243d8767e3de2b5,false,false,0
rec_22d796ff4beafcbca4bf,near_b47078a3c0bd94d346f4,false,false,1
rec_22d8eebb9a684efe976e,near_d2b9aaf0b97b1daeadce,false,false,0
rec_22eff01a2bb9fcfda07b,near_66843b2456b5d5d00703,false,false,1
rec_22facbf0a67656b25253,near_2f7bd396fa4369139fc4,false,false,0
rec_22fbface59e3a2997467,near_c5cb94f0508e916b6f99,false,false,0
rec_2301ee809f2b4ff7b97b,near_2791da3a50be06fd2718,true,false,1
rec_23063165d515a41b12c6,near_cc9628afc03f4dbf4c36,false,false,0
rec_230a5eca94cbf1e357e4,near_2791da3a50be06fd2718,true,false,0
rec_230d659b6036bcf66b0e,near_2791da3a50be06fd2718,true,false,0
rec_2329c8d73f951da2b742,near_526d99d6c79fe6123689,false,false,0
rec_2332e55e8b884473144b,near_af0c9d71675e0c146ebb,false,false,3
rec_23347c8d23989f73b8a2,near_f965ad4d2b020fa1ede8,false,false,1
rec_236611a4a0e17cdceac6,near_2791da3a50be06fd2718,true,false,0
rec_2366e4f66483ddafc083,near_33ca005f549facce0dff,false,false,0
rec_236bfd0f0b34a23fbb00,near_2791da3a50be06fd2718,true,false,0
rec_237824026914145071b9,near_3b25342dc853c3f3ff43,false,false,1
rec_23846c49023fab6d00c3,near_a34f0575cfaec6d11b5b,false,false,1
rec_2386a72e33bfcf1d20ca,near_2791da3a50be06fd2718,true,false,0
rec_238c62a43e50ca338f83,near_a97b25916baf6304fc28,false,false,3
rec_23953fd342e2015d2062,near_2791da3a50be06fd2718,true,false,2
rec_239d50a0cbee6c5789fb,near_a19632477892fd882673,false,false,3
rec_23a9fde110e9acca04db,near_6e8649c74ad3a79407b0,false,false,0
rec_23b66d31f3c580014d72,near_7c77bd0d3ce3cc0f7359,false,false,0
rec_23c1ec2a3531034ddb74,near_2791da3a50be06fd2718,true,false,0
rec_23d8348cbafe2f78461b,near_f4cca81ac203e094cfe3,false,false,0
rec_23da52af1a72927633d4,near_d43f154bafdb89ba316e,false,false,2
rec_23e0eaa1efb5fe66df28,near_2791da3a50be06fd2718,true,false,1
rec_23e0f956f51a5533333c,near_6cad6960f8f586ad5c72,false,false,0
rec_23eff50e0021c0319a70,near_2791da3a50be06fd2718,true,false,0
rec_2409c96f12d71bc84ae0,near_2791da3a50be06fd2718,true,false,0
rec_240e9536fae17127c499,near_604129df39a21e765fa6,false,false,2
rec_24142c1a92c17a86fe11,near_4cb20ba220e99e341d01,false,false,4
rec_24177a3c618ba9b730da,near_308404f811f187dece99,false,false,0
rec_241ed91d3f7dbfb4343d,near_c6afb7e2086e6404ed93,false,false,0
rec_24389f0fe720917676ed,near_e27cbf85184cae6d2276,false,false,2
rec_2444957985734fbaa9cc,near_2791da3a50be06fd2718,true,false,2
rec_244e1f7a7f74c337ce17,near_1a87e7354316ed69307f,false,false,3
rec_24541e0e627048d99916,near_25b04635426e413792b2,false,false,0
rec_245443c99031ec13a774,near_7199b0584a02c91eb5b8,false,false,4
rec_24617c9cca50d8ec5962,near_812812d7b740aa557f3f,false,false,2
rec_2465e4a370f500d142d5,near_d188c09ede3a1c5fc4e9,false,false,0
rec_2476792e546304c1c197,near_2791da3a50be06fd2718,true,false,0
rec_2480c8ecaa2ec23fe8d9,near_2791da3a50be06fd2718,true,false,2
rec_249022c13cbd0705cead,near_09d1ca8a3672399cf0bc,false,false,0
rec_249c9a49d00916a1811e,near_02dcba0483f013b0a3aa,false,false,1
rec_24b4c2b73fbc5c620e9d,near_b7fe82545420510b0914,false,false,1
rec_24ba1a7a6ba3890ed501,near_293d7dfafb12ff62f674,false,false,0
rec_24c41acfd1af173cc94d,near_2791da3a50be06fd2718,true,false,0
rec_24da7a0d3bd5d23ce456,near_5d92273d5c73cd623ca4,false,false,0
rec_24ddd45b527e896b65d0,near_ba4a8227a329dbf05f73,false,false,0
rec_24e1b86890e7c19f2303,near_e1b7ccf1b59d0cc96d06,false,false,0
rec_24e51befe6796efa3873,near_91174a5bc20d1af9d5df,false,false,0
rec_24eff294087eeb6856a3,near_b11c0127cbe924eba733,false,false,3
rec_24f21c98ff9122e755f9,near_2791da3a50be06fd2718,true,false,0
rec_24f439162e6b09ef1433,near_ff85438c914aa6c5b3a7,false,false,1
rec_2500a955a472c7308034,near_2791da3a50be06fd2718,true,false,0
rec_251e275cd74cdea481c1,near_2791da3a50be06fd2718,true,false,0
rec_25200a2e74956bfbd29a,near_2791da3a50be06fd2718,true,false,1
rec_25299872f5a33e71fe79,near_2791da3a50be06fd2718,true,false,0
rec_252fa169448c4df49959,near_d2ae13ed24883d74df3f,false,false,0
rec_25349d6d4a83990c2f7d,near_2791da3a50be06fd2718,true,false,0
rec_2550ee0dde14e62060ff,near_a03c47d2b26fddc765bc,false,false,1
rec_2555f1b419df58f5515a,near_a5d01cbc11de33b750dd,false,false,0
rec_25563d7f9b1c400b17c6,near_2289fb1c46224fd97767,false,false,0
rec_255714e851bb5b8e3cc7,near_2791da3a50be06fd2718,true,false,1
rec_2576e91287d43b19e421,near_2791da3a50be06fd2718,true,false,0
rec_257cf7e6f860bc519bbb,near_2791da3a50be06fd2718,true,false,1
rec_2581de2e10d607e83f3a,near_2791da3a50be06fd2718,true,false,2
rec_258acae146eb3b892194,near_5139dc0ba17d4fe7692c,false,false,0
rec_259b275d1446fdfe5cf7,near_e8d244e2e80da8ac89ae,false,false,0
rec_259b4b2ceb6299cc9343,near_1506a610858bfc496887,false,false,1
rec_259bcaacf098241afcd8,near_99078a81c65aee2a799f,false,false,0
rec_259e08e178c49f7a8f60,near_baeefe55fe87dec0ecbe,false,false,0
rec_259f15e8b6d97af8ada5,near_2791da3a50be06fd2718,true,false,0
rec_25a6a56b9e06338a27cc,near_21f19c210afadc032f5f,false,false,2
rec_25c46f929a0bdc0c2239,near_2791da3a50be06fd2718,true,false,0
rec_25cf16cb2921fcfadcb8,near_2791da3a50be06fd2718,true,false,0
rec_25dbf3741974d728556d,near_b9024932cdf7d08b459a,false,false,2
rec_25e4fc6865ed57ccff45,near_777fc47207e0758c6ede,false,false,0
rec_25f0faf4a772411fd774,near_41dcf2cc752dc4c8341f,false,false,0
rec_260df6c750f02018a8de,near_2791da3a50be06fd2718,true,false,0
rec_260ffab12fbf5375d06d,near_d9e8c97de8f97cbc2ae1,false,false,0
rec_26127ebdb9a485951b42,near_ab5e0ab537157ace77bc,false,false,0
rec_2612963c354f298767eb,near_bba3041d602078382f97,false,false,0
rec_262e8a44f10da779e95b,near_2791da3a50be06fd2718,true,false,0
rec_263564377acad286d21a,near_ce896259be6626f5fc3f,false,false,0
rec_2641f2aeec6c0f2653f0,near_6372769fbac7cffcc53c,false,false,0
rec_26420831e36b78dea13c,near_1b33bc82d882d2935787,false,false,0
rec_2643289f4b5a07f4aa06,near_2791da3a50be06fd2718,true,false,0
rec_2668fb3a513670debb52,near_836f6ffec00f0b8fd221,false,false,3
rec_267036f2398cb69f4dc4,near_2791da3a50be06fd2718,true,false,0
rec_2673bb1e77183e402fcb,near_6888c3f393a7f1eb4f2c,false,false,0
rec_26996023ec52d7c7bbfb,near_5eb2ba15ca6d322a2e55,false,false,0
rec_26a8f4e5306641711b36,near_bea63444132af7119515,false,false,0
rec_26c1c7025709a73cea23,near_2791da3a50be06fd2718,true,false,0
rec_26d60e6516ff35dcce27,near_eb6aea30de5615151c76,true,false,0
rec_26dceb7322df292c244b,near_f40e6ac3fde71db1db4c,false,false,1
rec_26e0380c3081e35657ab,near_40e08bc4757d9560165d,false,false,0
rec_26e35ed4cc16159a9c1e,near_73e466bf2c709d62ac01,false,false,4
rec_26ea6d9d04276f5b63d2,near_2791da3a50be06fd2718,true,false,0
rec_26f5d13476d30f211516,near_d2d6cc4f5edbae9c1e49,false,false,1
rec_26fb4adf9ca1e4f67959,near_2791da3a50be06fd2718,true,false,0
rec_26ffcefa4cb9153f3164,near_0e8239ace0cb03eec5bc,false,false,2
rec_270378483e104a246ba8,near_d4786024aed983fc6800,false,false,0
rec_270442fef2598b754f94,near_d13aafdc3aadf5c834f8,false,false,3
rec_2709db308448956ecce7,near_c108d05dcdaf4409c9e1,false,false,1
rec_270e54b57e7c439a4fcf,near_f43d42a9093bb685ab20,false,false,2
rec_271510e10f8a470e7937,near_2791da3a50be06fd2718,true,false,0
rec_271b411e3abb7fedb144,near_5c8051a14fbc0fde78a3,true,false,0
rec_2721b35d547021825e71,near_62c75333cac3e8b53e7b,false,false,0
rec_272827157500436f10e4,near_752aa661056a51da6742,false,false,0
rec_2738e3e5c2a8f24cec0a,near_95f4a35f4daacd04838a,false,false,0
rec_2759b957159e3ee17665,near_2791da3a50be06fd2718,true,false,2
rec_275f5937a37f06103346,near_7e01c8768f3f27a4209f,false,false,2
rec_2766d1657c4a05aa02b1,near_2791da3a50be06fd2718,true,false,0
rec_276a6f7f86ed3d406625,near_518d58899ca5201525da,false,false,1
rec_27768411c8ec372d982c,near_cf75fa0989c1e71020ea,false,false,3
rec_2777ba911db3b7177a41,near_8c16ed8844d2010aa248,false,false,0
rec_277dad76f619f930b4c1,near_a4cc95c794adf3af86a7,false,false,0
rec_279250b2acb073918552,near_5c911ac036c24e6d07fc,false,false,4
rec_279f6c74a8e7276c4a39,near_ee33d1827fec281e1f3b,false,false,0
rec_279faeaf44a52a1dc9d1,near_ffc926dae9970582d3aa,false,false,3
rec_27a7fc4ba0f07f4adeb7,near_2791da3a50be06fd2718,true,false,0
rec_27acab4ac93fa447433b,near_e1eeef864ee6d7dbaf67,false,false,0
rec_27b86a37afff690421d2,near_a6d4b78eb909bdb68f0a,false,false,4
rec_27b9c5c5d54a9c376f52,near_b843218693870c90e202,false,false,0
rec_27c24df8aa8922ae1821,near_6ddba749f263605228c4,false,false,0
rec_27c599605953075832f8,near_2791da3a50be06fd2718,true,false,0
rec_27c89f14731568862389,near_cd8a2ea8b37fa0f93b42,false,false,1
rec_27ce7968ba08e9c7f89e,near_635119ca28c90c33fcef,false,false,2
rec_27d069c3c4a42a09d099,near_2791da3a50be06fd2718,true,false,0
rec_27d814868f7f6cf69a40,near_422cf6edc2ee3043d642,false,false,0
rec_27e468536bcc95c2a901,near_2791da3a50be06fd2718,true,false,0
rec_27f09a478f6a1781dd2f,near_d3f15774350e0553c652,false,false,0
rec_27fa099c196d9205a2d3,near_2791da3a50be06fd2718,true,false,0
rec_280ad1af66a3339b8e3a,near_2791da3a50be06fd2718,true,false,0
rec_281347d45d4bcadc7609,near_2791da3a50be06fd2718,true,false,0
rec_28164fa339988fa87684,near_2bbe9d0a4282eaa997c2,false,false,0
rec_281f41913d42e3870d6a,near_2791da3a50be06fd2718,true,false,0
rec_282180eec0d54fb8b4b2,near_1ea8a2e0dd0cb2fb8bd2,false,false,3
rec_28369f4d0853e2080c15,near_2791da3a50be06fd2718,true,false,0
rec_2836adad13684a62f424,near_d77f8b8e93db6353d539,false,false,0
rec_28427ae319aee4aef116,near_1df3497042bc6a13cc57,false,false,2
rec_28477a47212fcfe57b85,near_2791da3a50be06fd2718,true,false,0
rec_28582f9e45a9c647c706,near_2791da3a50be06fd2718,true,false,0
rec_285a95f0c9170c234bf7,near_ed7bac4e088d31636722,false,false,0
rec_286356e59edce300ab65,near_cffd93838bef704d07d7,false,false,4
rec_286cf2f5740d9ca3b4fb,near_2791da3a50be06fd2718,true,false,0
rec_286e33da11986161308e,near_2791da3a50be06fd2718,true,false,1
rec_286e52492e3fd08a6c40,near_0b028b1fbbd91eb96ed1,false,false,1
rec_2879253682ef17447c62,near_805829faba2ea3e32a1b,false,false,0
rec_288ec3c43d801aa827bf,near_2791da3a50be06fd2718,true,false,1
rec_2893f65150253f46799a,near_ed7bac4e088d31636722,false,false,0
rec_28a0d611cf25404c0a28,near_d37ff109b5d2cf18c7af,false,false,0
rec_28a801afbc5ffb6632be,near_2791da3a50be06fd2718,true,false,0
rec_28b0c6650ddc42b23aba,near_c575213c1b77e597118b,false,false,1
rec_28bef20be866e0502168,near_ca701302b7ba1768e8fe,false,false,0
rec_28c357a356d6a5d74005,near_fab4d9fe1f0d96aa180e,false,false,0
rec_28cb5fb7e7cb927b669e,near_384c4a1659fb7895ddd2,false,false,2
rec_28d2a481fe05513e1ce4,near_2791da3a50be06fd2718,true,false,0
rec_28e61f60c3b9fb8f571e,near_c51307fa8994fd5d8f9f,false,false,0
rec_28e76dca1397cabe7604,near_338d5669a28d0c03e444,false,false,1
rec_28e7d9e17f889c7aef85,near_2791da3a50be06fd2718,true,false,0
rec_28ed575a8a4290791f4c,near_f25d4521a45c3b4bd26f,false,false,4
rec_290089fe6edca6cb1a88,near_5be6e6ef56e6efc74d32,false,false,0
rec_290ae3773da4a095b67f,near_e7f75a09b77208c79562,true,false,0
rec_290f5f63d229bbe1f46a,near_2791da3a50be06fd2718,true,false,0
rec_291396df1214b907c66c,near_c0807e34ed4676c6aa18,false,false,0
rec_2913bc291e132c983f44,near_b98ce3d8e33543390070,false,false,0
rec_29229d9ca17694424e0d,near_2791da3a50be06fd2718,true,false,0
rec_293bd938ba7d8e1ec448,near_e27cbf85184cae6d2276,false,false,2
rec_294560117b4d346d5bba,near_09c86884d06ece9fdb36,false,false,0
rec_294edd88d796d1f0cded,near_2791da3a50be06fd2718,true,false,0
rec_297d3b9e3fb52d9a0cea,near_41b1b139cf8760cc6237,false,false,0
rec_297e61efe286c0dd1ce4,near_7199b0584a02c91eb5b8,false,false,3
rec_2987e1b839cfbe006169,near_3add8d4c0b45d95249ee,false,false,1
rec_298b18bc8b763d9a5650,near_9c566338ac68ca303f91,false,false,0
rec_298d36490978ba35a3c1,near_8db9ea6868dd65c6c854,false,false,0
rec_29a291e042e0bae37985,near_32380e74b17e49fc0136,false,false,3
rec_29b51d2bad3125b95d10,near_e9277894807d74542202,false,false,3
rec_29c12960f7cb3625e9cd,near_d1ecaa44e0079e6b0390,false,false,0
rec_29d120d7fca31cf54b3a,near_fd341f95c3eb5e671993,false,false,4
rec_29db20a31925ffb86e98,near_2791da3a50be06fd2718,true,false,0
rec_29e8266ce2d265147c39,near_2dc7f18914fe3ea49814,false,false,2
rec_29e8550d98bf5d3e07a4,near_2c4a380c63fdf713ea92,false,false,2
rec_29ebc754657f7353d41c,near_5240c20e40865bf98109,false,false,0
rec_29f29c0c499c430e5878,near_2791da3a50be06fd2718,true,false,1
rec_29f5773370db7ad4ceb7,near_2791da3a50be06fd2718,true,false,0
rec_29fb3e1b5e7c4c74c4e4,near_5c12145a2489e40132d4,false,false,0
rec_2a064b94bc1e0b77ce7b,near_2791da3a50be06fd2718,true,false,0
rec_2a19bf6477ed5839e175,near_15319eb842f061bc6be9,false,false,0
rec_2a1c52c41ebe9504c0f4,near_d188c09ede3a1c5fc4e9,false,false,0
rec_2a28656d87a39d237e24,near_fac76a4b96ef177b6b6b,false,false,0
rec_2a2c28565463493a6579,near_67455cdc2eafef2f0a0b,false,false,1
rec_2a314dc698ab118862c2,near_05016039f909ddf2709a,false,false,2
rec_2a34fa603ab4defb3af4,near_b35de9b017f41be04775,false,false,1
rec_2a412513cb9c4981153b,near_892ab024d33de70da56f,false,false,1
rec_2a43bdb1dbec8ba8194a,near_5c911ac036c24e6d07fc,false,false,4
rec_2a4d0e96bdba300e7a56,near_a9269122d9c1a305965f,false,false,3
rec_2a4e8963f7f2de4860fd,near_2791da3a50be06fd2718,true,false,0
rec_2a53feaac444b75578ce,near_2791da3a50be06fd2718,true,false,0
rec_2a5acc15fd3327666564,near_50913d6e3569e1974709,false,false,0
rec_2a5e60980056c0fcfb2d,near_41bbc4bda9ac13ccaab8,false,false,0
rec_2a64ad8b5fac140584dd,near_06ccb1913371f0dbfd8a,false,false,1
rec_2a71b40798dd71cf26ad,near_065d4cb5a34fc4ffd3a1,false,false,1
rec_2a8a501a1181d0d226b1,near_2791da3a50be06fd2718,true,false,0
rec_2a9c5baa4c55222dae03,near_2791da3a50be06fd2718,true,false,0
rec_2aa46c2db9f9fcb4002d,near_c5ad82b5c64ccbf6ed8e,false,false,4
rec_2aaa7e37839c4e536f22,near_5eb2ba15ca6d322a2e55,false,false,0
rec_2ab6e550e99df229f624,near_8c9e8e2240c5d860cbee,false,false,0
rec_2abdb0648771b34c3d9a,near_63a69bf5a5c4615e69ef,false,false,0
rec_2ae012bcd28e143ed422,near_2791da3a50be06fd2718,true,false,0
rec_2af79e8716b47f64be47,near_062d44f87997da45b6c9,false,false,3
rec_2b0192eee7d7e371b139,near_ae51545ffbe999b2f2af,false,false,0
rec_2b0412962d9b4026583b,near_2791da3a50be06fd2718,true,false,0
rec_2b0b5e4ef9fd61abf5e7,near_2791da3a50be06fd2718,true,false,1
rec_2b12a3db4e7847830fba,near_3c23c2a9ac66c62c6989,false,false,0
rec_2b24708917f2c6db9891,near_2b9c8db44bd29dac5678,false,false,1
rec_2b27228dd87e63f5b4fc,near_ab39a83e2f6a2091d706,false,false,0
rec_2b2b324cbd20eaaecd6c,near_f3047dc40f081817392b,false,false,0
rec_2b2feeba676d239eb41b,near_2791da3a50be06fd2718,true,false,0
rec_2b359eb08a8426c02b29,near_e330f3ba85361aad6b98,false,false,0
rec_2b409065ead086c46068,near_2791da3a50be06fd2718,true,false,1
rec_2b4e448e58ba8733469e,near_423798627957c87610bf,false,false,1
rec_2b53bcea679c188f87e0,near_417f70636afb9df022fb,false,false,0
rec_2b5820792c443cc325b6,near_2791da3a50be06fd2718,true,false,1
rec_2b58462fab734703da54,near_2791da3a50be06fd2718,true,false,0
rec_2b60119866b24710ea4c,near_2791da3a50be06fd2718,true,false,0
rec_2b651595edc913b29020,near_4a2ab90834addf6266e9,false,false,0
rec_2b65cefd6cadca784b6e,near_167d8eb1bf3c0ae2cf90,false,false,0
rec_2b6a7a0ac75ff269402e,near_4a7049ba3f1aa881a5d1,false,false,0
rec_2b732f275213e66bc349,near_f9366b8b6a0e4a5ccc83,false,false,3
rec_2b74358a8ce5d2d2a4a8,near_58eaa11db37d5b4f28cf,false,false,2
rec_2b7cad9fbdd7516c001f,near_5a0300ee14de7ababffa,false,false,0
rec_2b911dadbdce424ce18b,near_1194835d6bd02bb0058b,false,false,4
rec_2b97cc487c5f387662f0,near_2791da3a50be06fd2718,true,false,1
rec_2b980e6ca53bdc15ed75,near_2791da3a50be06fd2718,true,false,0
rec_2b9d594e7bd51f685089,near_de85791baf91df69cce6,false,false,1
rec_2b9e4210feb99d300334,near_e730f139e72c070ed474,false,false,0
rec_2ba4b5c70b5c4ac4d1dd,near_ccc707b7756ccbb97fbb,false,false,0
rec_2ba82ce465ed72d7bb17,near_4efb8baea7618611172a,false,false,0
rec_2bad6d983dbb8c24b971,near_9071bdef342f48551ffc,false,false,0
rec_2bbf5ad21dac058df17a,near_1fc536e114724a4e8dcd,false,false,0
rec_2bc6f6c502179550134f,near_2791da3a50be06fd2718,true,false,0
rec_2bc93c0286620cc8d4b3,near_ba4a8227a329dbf05f73,false,false,0
rec_2bca6448899d368d4261,near_2791da3a50be06fd2718,true,false,0
rec_2be2236a98b5507cb0ed,near_0ce614085bb6edc85dfa,false,false,3
rec_2bf61e062fd9b660e246,near_fc8d9df712bfd75d7e02,false,false,0
rec_2bfd9385f9414106d83b,near_94ddd863b72893b72f47,false,false,0
rec_2c07caec8272f676ad15,near_2791da3a50be06fd2718,true,false,0
rec_2c160b0068ce48393eac,near_2791da3a50be06fd2718,true,false,0
rec_2c267bfaa9b8bbe91b9b,near_bee856528d83299c857c,false,false,2
rec_2c30f3c289d701ae3280,near_7199b0584a02c91eb5b8,false,false,4
rec_2c3bba977b2c35216887,near_2791da3a50be06fd2718,true,false,0
rec_2c3f48a2bc4b7dcf807e,near_2791da3a50be06fd2718,true,false,0
rec_2c44d708f28d6b1ee68a,near_ada105aa60e6f1aaaf26,false,false,3
rec_2c4d4812783952a99396,near_321618e63b302d6bd1d6,false,false,1
rec_2c54c8df904957490db6,near_3e67ce9c686880a5e078,false,false,4
rec_2c71d73b1db1fb754e52,near_9c5b06a58a2c3ff8afff,false,false,3
rec_2c751355301ca228b8cb,near_2791da3a50be06fd2718,true,false,0
rec_2c7a55ec2ffdefe055e0,near_d6a25d62df45429f8d32,false,false,0
rec_2c7ec982a38dc9542aa4,near_2791da3a50be06fd2718,true,false,0
rec_2c85b7ecbbab8dd829c6,near_a1099cdd49c7d6cfa841,false,false,0
rec_2c874d50e3ae4f3ab384,near_16d520adadfd4fa0ceb3,false,false,0
rec_2ca8896b59d03b482003,near_2791da3a50be06fd2718,true,false,1
rec_2cba6dba704a80c03b8c,near_2791da3a50be06fd2718,true,false,1
rec_2cba71526794abba3c85,near_929fb33aaaf7fc0cd0dc,false,false,4
rec_2cbeccbe6964d3e498af,near_31a7dfdaddd83efcb592,false,false,2
rec_2cbfcf4c90393ef5cc10,near_2791da3a50be06fd2718,true,false,0
rec_2cc87b267e14c2aaf7e3,near_e3c864ca17f4c484bbcb,false,false,1
rec_2ccdd44fe3e89e0388d7,near_5650e974a015d4a5199a,false,false,4
rec_2cd7e10b00c7a2012eab,near_2791da3a50be06fd2718,true,false,0
rec_2cda868df19bd8f0ebb0,near_14abcd2a89d57146b848,false,false,0
rec_2ce8658dbf471f53af39,near_f2b36878ef7024dd996a,false,false,2
rec_2ceaf89e3bb9627d4dfe,near_7199b0584a02c91eb5b8,false,false,0
rec_2ced2d55f2492652bbfc,near_2791da3a50be06fd2718,true,false,0
rec_2cef44c98db4640329f8,near_3f120c49f0cfe8d6cec6,false,false,1
rec_2cf1a2f2a6b1a44528bc,near_76a29534e462a81ed68f,false,false,1
rec_2cfeb4d27e25ad2cb432,near_ebf277d1299a2fc3a8fd,false,false,4
rec_2d0293fbad38f1879cb4,near_76a29534e462a81ed68f,false,false,1
rec_2d03246198efd0ba7162,near_52fef819add481565bf3,false,false,0
rec_2d10292f7ae17f0e1c07,near_4ce323e225734ef80363,false,false,0
rec_2d11378e633121ecb361,near_2791da3a50be06fd2718,true,false,0
rec_2d19189ebe8568d6989b,near_4e840356d3c3a05bc334,false,false,1
rec_2d1a759e9d54f9cf8244,near_2791da3a50be06fd2718,true,false,0
rec_2d1bb87294241bdce191,near_2791da3a50be06fd2718,true,false,1
rec_2d36b8548dfe41145ee0,near_9b90900ebb2aea9d9f45,false,false,4
rec_2d3715d91d19ec64af01,near_635119ca28c90c33fcef,false,false,2
rec_2d439d51cd3f89dba0f9,near_2791da3a50be06fd2718,true,false,0
rec_2d4e8a701a44301fdce9,near_f174b2c5c82bd1ffbd75,false,false,2
rec_2d5295b624b20f4cf91d,near_d84b92bd71f2fc51d771,false,false,1
rec_2d5952857c10da1be85f,near_2791da3a50be06fd2718,true,false,0
rec_2d59de3a6dab9c86680b,near_d03bc373e6b1493f12da,false,false,3
rec_2d615e9a174115cee664,near_e62ac8813936939d40c3,true,false,0
rec_2d67844ef03d38087d66,near_1ac8a944ad6cfbc50f24,false,false,3
rec_2d740f0344a154b09439,near_23507f80b7a08cb57b5a,false,false,1
rec_2d8860d644b71acebb03,near_cdf7acd0151c8a0ab293,false,false,4
rec_2d88b8ae726815c21220,near_2791da3a50be06fd2718,true,false,0
rec_2da5fd42c441d25a6b3f,near_0a774b877f7f52282163,false,false,1
rec_2da9458b1f0ab732f7ee,near_2791da3a50be06fd2718,true,false,0
rec_2daf18bea2f2cdfb2007,near_a5e87901362a457726b4,false,false,4
rec_2dd0269657e0b6d66a48,near_4cecc66d62f4897adb25,false,false,0
rec_2dd5d55ff6f6bf191c40,near_b605b1e9c5644d98aedb,false,false,1
rec_2ddfbfcdc245b6d2d053,near_8ba1cb1a0dcfb5efd4d0,false,false,0
rec_2df16862b860ac0c0a57,near_892ab024d33de70da56f,false,false,0
rec_2df339efc4ccf5e29997,near_51a13be6877eb2458a78,false,false,0
rec_2df4e12d7ddda074c8e8,near_4d6e3b9e35badae2d2b1,false,false,3
rec_2dfb84143b2227971b58,near_a2dfc1d2acad67339fca,false,false,3
rec_2dfff259a71650284b28,near_2791da3a50be06fd2718,true,false,0
rec_2e248d3e3038afcfc4ed,near_137ac6a3f83c7a357e98,false,false,0
rec_2e24c675c681f4be742e,near_7c3443ae780216554f11,false,false,0
rec_2e30136ff112b27fe90a,near_323f03ce424e0a69f9a5,true,false,2
rec_2e3213b9404b3958e6b4,near_fafd0895e00a9ce6d87a,false,false,4
rec_2e36c67770c71ac26b76,near_2791da3a50be06fd2718,true,false,0
rec_2e39c08210e9519e4291,near_ecbd22a424fe2edbab19,false,false,0
rec_2e3ab0fef1522ac6cf79,near_56e2caa9a9311fe1d677,false,false,0
rec_2e4625fb64bb41bc5a5a,near_2791da3a50be06fd2718,true,false,0
rec_2e480dacf1f0b54a48a6,near_2791da3a50be06fd2718,true,false,0
rec_2e4a88e356a3cdd5f17c,near_7e5c7b694b82dd3e9293,false,false,0
rec_2e5a631db09f38a607f9,near_99078a81c65aee2a799f,false,false,2
rec_2e5df593b49b17b0c73d,near_2791da3a50be06fd2718,true,false,0
rec_2e60cbf9db853d62efb4,near_afe10418d0aaeac5275a,false,false,1
rec_2e61591791df751b5d78,near_7d964d1644b04e86c301,false,false,0
rec_2e655656c876ffcd4d19,near_ccb0a962346e94adeb59,false,false,0
rec_2e75f54151f7e767b1c2,near_2791da3a50be06fd2718,true,false,0
rec_2e784ca808422c9e8e93,near_4b92d9de0a766a1a4404,false,false,2
rec_2e7d8ae522a82fe90790,near_9d12edd49578c2fb3cce,false,false,4
rec_2e85a52635265e3bd996,near_1c85a466f011f9220946,false,false,0
rec_2e85aa73f3dff3a05c54,near_415dd77fa70055865d7f,false,false,0
rec_2eb0028a2f2f33bc7434,near_acb32cc49c14141da824,false,false,0
rec_2ec5a8a2e29c37ad19da,near_4d9150aa74e2e33e3a2c,false,false,0
rec_2ec695efbd4739951687,near_e72f930c58a00e724694,false,false,0
rec_2ee37ddfe5141e1c3973,near_ecc120b1756193d29350,false,false,4
rec_2ee781c56ba036598d40,near_c6c323be37fbf84f9645,false,false,1
rec_2ee9ae70003fd45b996d,near_2791da3a50be06fd2718,true,false,0
rec_2ef968aee1883275a0c0,near_5a84505557ea4cccc598,false,false,3
rec_2efb6aa9500a9bc7182e,near_2791da3a50be06fd2718,true,false,0
rec_2f02eb3aec9c29453edf,near_2791da3a50be06fd2718,true,false,0
rec_2f0b5c36f16d29fb9a7d,near_8c56b027dd894869f0a9,false,false,0
rec_2f0d1a35a3bd72ef33d9,near_4db85388df77f560fc82,false,false,0
rec_2f1623c06592efe9d976,near_ab8fc61d78c6cbf5912b,false,false,1
rec_2f1ac4274a01757b7ac6,near_2791da3a50be06fd2718,true,false,0
rec_2f1ae6c85e4f9ebcf5c8,near_a37bd6a2f6d222f1580e,false,false,3
rec_2f260631dbd53a54d0cb,near_1303570fc44cbda35f14,false,false,0
rec_2f395e797a8cd805d1c8,near_2791da3a50be06fd2718,true,false,0
rec_2f3c7c9fffabcd3aa0c3,near_2791da3a50be06fd2718,true,false,0
rec_2f3e701d832cc1ed69fe,near_af0c9d71675e0c146ebb,false,false,3
rec_2f4bfe58a072e8333291,near_1597b97970f9324e7773,false,false,0
rec_2f4eb49123189cb33cf7,near_e5423eb8bc0af1994179,false,false,4
rec_2f53334686045846cb0b,near_2791da3a50be06fd2718,true,false,0
rec_2f59a025af3588f8842a,near_2791da3a50be06fd2718,true,false,0
rec_2f6306d0540349888f51,near_2791da3a50be06fd2718,true,false,2
rec_2f65c05f4dc505c863ac,near_e501d59d95244a953149,false,false,1
rec_2f6b2f5c11721336dc6e,near_8d447c47a2dd2467427f,false,false,1
rec_2f736ba222cf4ddb3a87,near_2791da3a50be06fd2718,true,false,1
rec_2f7399308daa1701ac88,near_6abc434567bee9dfae89,false,false,2
rec_2f74f35321814af8aa3e,near_284466d399a999575359,false,false,0
rec_2f7f241b3c4566df21c1,near_b7fe82545420510b0914,false,false,1
rec_2f87b283a362a0ccc560,near_2791da3a50be06fd2718,true,false,0
rec_2f89567ca4bb2db8beed,near_3100c0be0d14e1fdde6d,true,false,0
rec_2f9a6a2127e436b43718,near_2791da3a50be06fd2718,true,false,0
rec_2fac9a7210ec19d4dd06,near_ae85230878b63a64712c,false,false,4
rec_2fb98d78270f3cb4e768,near_45714a2c29ebc64b9705,false,false,1
rec_2fbffddb80aa70c83bb3,near_1c77ce482d817c4e02bb,false,false,0
rec_2fc41a226ab0846d33b5,near_9320baee459e28f5a16f,true,false,2
rec_2fc598a4122564b6b918,near_7c887f2e16958a99baa2,false,false,0
rec_2fc5cded7ccc08bfc93a,near_2791da3a50be06fd2718,true,false,0
rec_2fd8e8eded28e678156a,near_2791da3a50be06fd2718,true,false,1
rec_2fdd7a762797f69bc7ec,near_882865cbd965f221a823,false,false,0
rec_2fed1baed4c918fa6f4c,near_2791da3a50be06fd2718,true,false,2
rec_2ff02afcd87734705d24,near_2e97cd5c8a3310ae443f,false,false,0
rec_2ff4522fa9826979eb9f,near_2791da3a50be06fd2718,true,false,0
rec_3000ac8b148883c75b88,near_e2f7d6e36cd945c57c05,false,false,1
rec_30066244df76a1b56baf,near_b829feebfb83a03d3c91,false,false,4
rec_300829eca0a976bafbb5,near_2791da3a50be06fd2718,true,false,1
rec_30099988abc89ae3e00e,near_2791da3a50be06fd2718,true,false,1
rec_300b44e28862676b5979,near_5e984248f7ca177c5f27,false,false,3
rec_300d4c92687c41b33425,near_2791da3a50be06fd2718,true,false,0
rec_30142a6769946ee91fc7,near_b1919c4c044b6ff0e865,false,false,4
rec_301bb3baf7d678e44304,near_7904198ff1e06093f492,false,false,4
rec_301cdf3bcd4484d3a2a2,near_4853ee866e384e43c592,false,false,0
rec_30209bccb80ec5c210d9,near_77130dde2ff1f3aeee8a,false,false,0
rec_3030f2203e42ad9cf86b,near_bfdc80e8af0d42c8b91e,false,false,1
rec_3033a26ed5d548bf34e3,near_2791da3a50be06fd2718,true,false,0
rec_3034ca8117ebd2dc198b,near_2c47cd8d5b2b41e11c8e,false,false,0
rec_303a73c5b64a4cf91c34,near_c868da1c8c39d8575fd7,false,false,1
rec_3046af75631fef394833,near_2791da3a50be06fd2718,true,false,0
rec_304906a47fea4c2666d7,near_2791da3a50be06fd2718,true,false,0
rec_3049b575eef8c28e3d72,near_33a975c2dc4d66b8d41c,true,false,2
rec_3049e99765e83bdc6a76,near_ae51545ffbe999b2f2af,false,false,0
rec_304fbe86e77d65525182,near_c9fa9911c7f774adb828,false,false,0
rec_305378b65c7b83d40c24,near_86215628e3d34b59f7d9,false,false,0
rec_305f5c43d16fa5a7bcd4,near_2791da3a50be06fd2718,true,false,0
rec_306f3954e06f8f987fb1,near_f9e2aa7736a7769fd309,false,false,0
rec_307c2db9477b462f4d22,near_c621dbc8d44f5cae252a,false,false,0
rec_307c72bd33d3b06eaf54,near_faceafad79848deab740,false,false,0
rec_308bb6e0a2a56ef09e16,near_13a8bd994fc962d371a1,false,false,0
rec_3092deedb10327b4c54e,near_d3a21a5fcc1c4b300120,false,false,4
rec_3095775fe672d0dd7de3,near_7b46d9b04dfc39af00d8,false,false,0
rec_309c83d5397181e783d4,near_2791da3a50be06fd2718,true,false,0
rec_30a540d65da9cf8fdab5,near_10e30139c38b0631abd7,false,false,4
rec_30b44aedfce92b7ba648,near_1ddf0e757775ce1cb21b,false,false,4
rec_30b9bbcee1bc7da86abc,near_5508289879bfb4b4db6e,false,false,2
rec_30cc60b7748cbabd3dfb,near_25c6aa6ac1857088ff77,false,false,0
rec_30d0448788d8eb4f850b,near_d74f32695da8f327a202,false,false,3
rec_30d3bc8794cf7b343ef1,near_8b9bb09ea001098263bd,false,false,0
rec_30d43917256270e61588,near_c3622af87101f9db3b22,false,false,0
rec_30d4b85baa7bf9c34152,near_fe9661a5ecb896b8e2f4,false,false,0
rec_30e1ddac7cfb4ee6ec37,near_2791da3a50be06fd2718,true,false,1
rec_30ee4793180ec53ed920,near_2791da3a50be06fd2718,true,false,0
rec_30f619278f6a84b6443d,near_5246bb8e5fb09c93c476,false,false,1
rec_30f7058a4447429fc22a,near_2791da3a50be06fd2718,true,false,1
rec_310c1d44197000dd1fc2,near_e1dc3e9d74b78a134f18,false,false,3
rec_31121680792165d91956,near_050887e659c2f0af5fed,false,false,0
rec_311780ea7dece69a9744,near_afe10418d0aaeac5275a,false,false,1
rec_3119fe240a4c66814ccf,near_dd99c6f2d0d33f755ff7,true,false,3
rec_3122bdbd574ab22d7a14,near_2791da3a50be06fd2718,true,false,1
rec_31237c403fa93d23e589,near_d27768779c1ac1221906,false,false,3
rec_312ece0f9cb0ac4a04c6,near_f6bda62218c9bfe75422,false,false,2
rec_313178afd480f4b4bfd7,near_eb5b5f57bc6fac9c2809,false,false,0
rec_31367d5dfdb94ebcd500,near_2791da3a50be06fd2718,true,false,0
rec_3154afc3caa6436c691c,near_0fe30b70073445b06c5d,false,false,1
rec_315a3e130827c5d1e420,near_66843b2456b5d5d00703,false,false,1
rec_315db4ad62864b2c34b0,near_2791da3a50be06fd2718,true,false,0
rec_316893ea5693c5bc1934,near_1c5cb4c8717c13a423ed,false,false,1
rec_316c2b06c96a47c9ac13,near_9331ad5560dabbeadcc3,false,false,1
rec_3174ce6b9256f5deb332,near_8d7aa8060cb9bd1a26c5,false,false,4
rec_3176266829afc25fcfc7,near_83901fc818f58335a9e1,false,false,4
rec_318e38d19ce7dfde8538,near_cd9c79a21b01012c21c8,false,false,0
rec_3191f071a12a982d483e,near_2791da3a50be06fd2718,true,false,0
rec_3195b07c8927bb3ace32,near_e8e45415d6c8fdd8b88e,false,false,0
rec_31a606923d7c2d23e585,near_2791da3a50be06fd2718,true,false,1
rec_31aec4f2c6ff5adc96c2,near_2791da3a50be06fd2718,true,false,0
rec_31b8eb4c748044afc415,near_2791da3a50be06fd2718,true,false,1
rec_31c10bd8b2075eec145e,near_2791da3a50be06fd2718,true,false,1
rec_31c691689aea1d5cbce6,near_2791da3a50be06fd2718,true,false,0
rec_31d8c3003b5e3cf7f7bd,near_bf08ad3c7cf1413fcebd,false,false,0
rec_31daba233a425c831356,near_2791da3a50be06fd2718,true,false,1
rec_31e3305be6d87a5b6386,near_ef5cb072cd1470645e15,false,false,0
rec_31eba0d380cff2ef1e70,near_74d84cab5a5a25c7026e,false,false,2
rec_31fb459a1ac606457145,near_d5a522123d0c3163323c,false,false,1
rec_320a2806ce514899af22,near_2791da3a50be06fd2718,true,false,0
rec_321aab875b5d2c210664,near_0004c28bd8d12c6decf9,false,false,4
rec_321f25e9094de99ae7f4,near_49aae90abb9b1560e43f,false,false,0
rec_3222aeac84a2199d0856,near_2791da3a50be06fd2718,true,false,0
rec_3232814f70dd5b01efe9,near_2791da3a50be06fd2718,true,false,0
rec_323f9c393efedfaa50d6,near_2791da3a50be06fd2718,true,false,0
rec_324bb0cd2c3aebdccd88,near_34dd259863118021cf90,false,false,3
rec_325dc2840da4e3b24f9b,near_5a1b90e326d3677492bd,false,false,1
rec_3268584f3f3946cc8695,near_2791da3a50be06fd2718,true,false,0
rec_32696bce8ddaea33c41a,near_59f73b1376ab5fed1b2c,false,false,0
rec_326b8f09de9b19045ea4,near_3d75e8033b286aa2825e,false,false,1
rec_32850cdf53e4f19532e1,near_3a42ef9d5140104cb6b1,false,false,0
rec_32894165cf898b237a81,near_8d30d7026b6d4e527aaf,false,false,3
rec_328c60c979cb5d4d9d97,near_2791da3a50be06fd2718,true,false,0
rec_3290bee40e848e491f4a,near_2791da3a50be06fd2718,true,false,2
rec_329e9ea3c052ed1077ff,near_788fc19a7ab21f54709f,false,false,0
rec_329fa8bb0c26668269bd,near_42bf15ef7d16d7e4bc88,false,false,0
rec_32a2e5b21ab5baf033e6,near_2791da3a50be06fd2718,true,false,0
rec_32ab45987256e464770c,near_2791da3a50be06fd2718,true,false,0
rec_32ad6d5e709f2c4d9d61,near_a12a8e8959b187483ce9,false,false,0
rec_32bcb5a8c0b847af8dad,near_892ab024d33de70da56f,false,false,0
rec_32c04de1c84b5acaf7fa,near_2791da3a50be06fd2718,true,false,0
rec_32c70946bb807826fdcf,near_2791da3a50be06fd2718,true,false,1
rec_32cfde849ea373f0d22e,near_2791da3a50be06fd2718,true,false,0
rec_32d3af2f0675d149e586,near_2791da3a50be06fd2718,true,false,1
rec_32db20724d5dcba29214,near_b494a1e38ef0fe99d269,false,false,4
rec_32e0af4744b19d3a34ca,near_b1b7c406fa173dc5274e,false,false,1
rec_32e2c56fd91494541232,near_80fae5bd8e02341de03f,false,false,2
rec_32f6aeca8b9c44dcf483,near_d3f15774350e0553c652,false,false,0
rec_32fe8c97531d0a6fa6c6,near_dc8a01e24838a5f3bcb6,false,false,0
rec_3304df92f97a7a04d215,near_2791da3a50be06fd2718,true,false,0
rec_330be6f21f4bb9f63aef,near_f9f7012e88dc5b8d49da,false,false,2
rec_331c8cb6b4592f977a33,near_71776aa806ca4da4b4ef,false,false,3
rec_331e9d2ca638be118e63,near_252560a9b666084e9141,false,false,3
rec_3320b298e733ecea9d0d,near_2791da3a50be06fd2718,true,false,0
rec_332e2e1eeee8c6a32f5f,near_2791da3a50be06fd2718,true,false,0
rec_332f47942c96f0d0d9cd,near_2791da3a50be06fd2718,true,false,0
rec_333176bec90123e2df66,near_752725dfa4ec50d72e88,false,false,0
rec_333242bbd89a38f4f4e7,near_2791da3a50be06fd2718,true,false,2
rec_3352c608051269182d55,near_2791da3a50be06fd2718,true,false,2
rec_33585bc785a43094fc7f,near_1e08bc1d4287d9dc1b51,false,false,4
rec_335e172170e9a0d1a726,near_54dd6a01e21becc9ceb6,false,false,4
rec_33627de3e66eb667c3d8,near_db21c649724e4e44f58b,false,false,1
rec_336e3ba4c7bcf1fb2d90,near_0b2da283bc3c464562dd,false,false,1
rec_3375fd77c201bc918101,near_2a0c22fa2a52b49f4ac3,false,false,0
rec_337f604b5278b39b7a3e,near_b98ce3d8e33543390070,false,false,0
rec_33834748fe4c7c3635ec,near_2791da3a50be06fd2718,true,false,1
rec_3384da6a372366e3080a,near_2791da3a50be06fd2718,true,false,0
rec_33854b5c507b766498a7,near_2791da3a50be06fd2718,true,false,0
rec_338f0bef89057ea51426,near_2791da3a50be06fd2718,true,false,0
rec_338fe8957d5109f5edbf,near_2791da3a50be06fd2718,true,false,3
rec_3396091bd47506d3eaf9,near_b4592eaa5949a0207304,false,false,0
rec_339eb18d7b11198b1cc7,near_2791da3a50be06fd2718,true,false,0
rec_339efcbdd441f4d5e663,near_2791da3a50be06fd2718,true,false,0
rec_33a9398c5972f133d43c,near_3473d75abca23d6bebcd,false,false,0
rec_33afde35db8f9d6e23e6,near_e7bace005b3f68c7db39,false,false,0
rec_33b40a70ea1b1621a5c7,near_25c6aa6ac1857088ff77,false,false,0
rec_33b960277490c2928581,near_42c1f248bea0cf9bedde,false,false,2
rec_33e0c875812f067043dd,near_7c08dbebc993fb46aafb,false,false,0
rec_33f5b4dceba1fb868e2b,near_829f84c915e32bdd43f3,false,false,4
rec_33f84228e4d1a137eb31,near_df36876e619c11e123ba,false,false,0
rec_33f9aac60a64fc36f967,near_b789d8d3662049fc2b17,false,false,3
rec_33fd46402a36958667f3,near_2b2f27225e64e3091669,false,false,0
rec_340fa002416ffdddde4e,near_dadc804a0361cde3e95a,false,false,0
rec_3416afef278e95f88027,near_43e8a44e1078319e9986,false,false,1
rec_3428cbf41a48318f1b36,near_2791da3a50be06fd2718,true,false,0
rec_343d97de1c1db3b1173f,near_406e70fcc8eb04dc656e,false,false,1
rec_344ee84b932c55c410c0,near_201294aca0270a3cb199,false,false,1
rec_34693a846f9a7aebe31b,near_78fb8efe7ee3e23a356c,false,false,0
rec_34733214dcb011496cce,near_2791da3a50be06fd2718,true,false,1
rec_347c1efbbc2cc12a0073,near_2791da3a50be06fd2718,true,false,1
rec_347de773656c210d206f,near_42079a635ea9c4bd4bc6,false,false,1
rec_348674cb53198a507c21,near_d3a839bccfca46466615,false,false,4
rec_34869fa9415f263bf056,near_2791da3a50be06fd2718,true,false,0
rec_349564fcea49bbc58cdf,near_2791da3a50be06fd2718,true,false,0
rec_349d720bb3014fc383ac,near_66856f93bfd48814b726,false,false,0
rec_34a79e5e1b505e2afaa9,near_c972dbafdde00385849c,false,false,2
rec_34b39cd8cdc6d5608af7,near_366ff71900c30361c8ab,false,false,1
rec_34c05108f79206bcb211,near_1ddf0e757775ce1cb21b,false,false,4
rec_34c3ee14f65bac893fc8,near_2791da3a50be06fd2718,true,false,0
rec_34d4999aec519c5e7e06,near_e621e4b290d5647379db,false,false,3
rec_34d9d7c1b3c4b00a5f29,near_2791da3a50be06fd2718,true,false,2
rec_34df61ae5fa7dd63c7ea,near_2bd8d08bb13eb7260caa,false,false,0
rec_34e29ecc9351c0a541eb,near_2791da3a50be06fd2718,true,false,1
rec_34e4a5bd4c7766489af9,near_15520a599cd02cebbc16,false,false,4
rec_34ea6ec3528c55ecbf16,near_67e06810b6ce4e43e835,false,false,0
rec_34f69e637c53ecb2320c,near_46e0b22de43583a59506,false,false,0
rec_34fa003a01fd19e7a27c,near_2791da3a50be06fd2718,true,false,0
rec_34fb1294826318294f13,near_9320baee459e28f5a16f,false,false,0
rec_350190c0e9a83750736b,near_2791da3a50be06fd2718,true,false,0
rec_350b44b5af3068b642fa,near_b80c141820e38fe44455,false,false,0
rec_350cd585292db154a946,near_2791da3a50be06fd2718,true,false,0
rec_350fb1ac092443221f77,near_8bbc998d6e9ed388f2d2,false,false,1
rec_3512c549eeb8c1d307d7,near_2791da3a50be06fd2718,true,false,0
rec_3512d57ce0f11567be5c,near_a1782d6ab34ae719d937,false,false,0
rec_3517639f41b3c0157c5b,near_2791da3a50be06fd2718,true,false,1
rec_3520c46514e73323ff47,near_b68f4360739eb5de329c,false,false,1
rec_352757dc2ddae0281830,near_2791da3a50be06fd2718,true,false,0
rec_353913e9532c0132cb1a,near_2791da3a50be06fd2718,true,false,0
rec_3539f09450bfc943b792,near_47f84dfd764df2fd2e66,false,false,2
rec_353a139df268ab71dc8e,near_2791da3a50be06fd2718,true,false,0
rec_353a666a102a5e65af9a,near_2791da3a50be06fd2718,true,false,0
rec_355bc2e42af29a979874,near_2791da3a50be06fd2718,true,false,1
rec_355f136fca83d2f19161,near_2791da3a50be06fd2718,true,false,2
rec_3562d0015ae737d05a17,near_2791da3a50be06fd2718,true,false,0
rec_356ccbf1221706e2158f,near_2c4a380c63fdf713ea92,false,false,2
rec_357649404da9a413ab7a,near_2791da3a50be06fd2718,true,false,0
rec_3578dc6eea6648fd3523,near_2791da3a50be06fd2718,true,false,0
rec_358e876c4a3af5726f35,near_5f01239c26d911a53e21,false,false,2
rec_35965865e41f9ac7be45,near_2791da3a50be06fd2718,true,false,1
rec_359c27c41322310ccd77,near_14abcd2a89d57146b848,false,false,0
rec_35a4cce3273725641ffd,near_e07dd8752fff1b223823,false,false,0
rec_35b11f4cae0ea0b68136,near_2791da3a50be06fd2718,true,false,0
rec_35c7fab79e339eee43e9,near_2791da3a50be06fd2718,true,false,2
rec_35cc5318aa0d44893b42,near_2878119b327e3cd5ebfb,false,false,4
rec_35d1c8e8a603aaa87a7a,near_26084113373b8e9d155b,false,false,2
rec_35d1dd0de4dd568c5b01,near_fc4f72f81fc08b21bcd5,false,false,0
rec_35d2cdb3c06d43aae6a4,near_2791da3a50be06fd2718,true,false,1
rec_35dcee5bc2757d4b487b,near_9fd3aaf263509ac2b203,false,false,0
rec_35f44fbfce0ddef44d6d,near_d997cd2835878527d847,false,false,0
rec_35f54fac09c600f51e1b,near_2791da3a50be06fd2718,true,false,0
rec_360b168ff892f613ffe4,near_3cd15765ab65755cc01f,false,false,0
rec_3611d47dc3de2a5e92f1,near_378553177cdae5ebe2c7,false,false,0
rec_3617c598243f071b610f,near_685097d700e82cdfb818,false,false,0
rec_36227ab1c1167b761d62,near_2791da3a50be06fd2718,true,false,0
rec_3626a6236b0f5912cb2d,near_2791da3a50be06fd2718,true,false,0
rec_36308a76c297839ea2b4,near_2791da3a50be06fd2718,true,false,0
rec_36318910e2fe5480ee21,near_2791da3a50be06fd2718,true,false,0
rec_363c4e25a9f96135ba62,near_2791da3a50be06fd2718,true,false,2
rec_363f91ef0f927b4ed903,near_eab3fb9ce274bad9a0d6,false,false,0
rec_3643db6451bd97478ec5,near_8cd0847d6cd65cfaa87c,false,false,0
rec_36503c12fd2fec903291,near_2791da3a50be06fd2718,true,false,0
rec_365a976bff4a04f36e94,near_8094222866839700ca83,false,false,0
rec_36646bdd6a30d84483aa,near_4014204e98a1b73f354a,false,false,3
rec_3668763677a0e99bc2a4,near_2791da3a50be06fd2718,true,false,0
rec_366d37fc80c8585d132a,near_2791da3a50be06fd2718,true,false,0
rec_3680089f49d3c10c5c5b,near_2791da3a50be06fd2718,true,false,0
rec_3686df001cca2482befd,near_0ed2e522a92d3070653f,false,false,0
rec_36891fd6e391d0e1d36b,near_2791da3a50be06fd2718,true,false,0
rec_368eac052fbd4f8ce97c,near_2aa7d6be792dc1188fb4,false,false,0
rec_36981d214502c6d3bfb7,near_2791da3a50be06fd2718,true,false,1
rec_36a0790ec89ac9c4d48a,near_aa87ec7d9cc64e0cfd21,false,false,0
rec_36a09806900ae483fbfa,near_fe2f635dc34bfe4a50e9,false,false,0
rec_36a7b3141a14093cd3f7,near_2791da3a50be06fd2718,true,false,0
rec_36b6727453c623f1aca2,near_33de8e6bca4d62f274fb,false,false,0
rec_36c5ed3bb7d2779fcf41,near_2791da3a50be06fd2718,true,false,0
rec_36d163239db3363fd0e3,near_ae7c23f0cf73e12ae141,false,false,0
rec_36d7ece21f872d0d55da,near_2791da3a50be06fd2718,true,false,0
rec_36db73b791c81324e58d,near_f2b36878ef7024dd996a,false,false,2
rec_36e8ee060c3896cfa049,near_6075010e65af104a76ef,false,false,0
rec_371060704db9ec390012,near_2791da3a50be06fd2718,true,false,0
rec_3711e490d9e06bd89574,near_ec119c7c5dbc0ffb05ff,false,false,0
rec_37349acb76fc1df2a482,near_40dd32963bbc644680cd,false,false,0
rec_3734a8bfd3a680fbe1b6,near_bdfc48700e74d2f7bf83,false,false,0
rec_37376b56cba1e3a6994e,near_2791da3a50be06fd2718,true,false,0
rec_373e6d09d64af0ee286e,near_c6eb4cd5d8da53374029,true,false,1
rec_3748c6ff3a37661a986c,near_2b63423fc383f2e9a223,false,false,2
rec_3749b26b4cc5545d47dd,near_007764ec707ca8fa627d,false,false,0
rec_3757cfeecd8852e02ea8,near_2791da3a50be06fd2718,true,false,0
rec_375eac33d9a6d0c903f8,near_5273dbd970f9477dcb14,false,false,3
rec_3783bdf481d0740342b8,near_979be0787f2ccf9a8d32,false,false,3
rec_37872e3722f408cceaf0,near_a19632477892fd882673,false,false,3
rec_379171fbe92614cba796,near_19a4301a7e439cd419fa,false,false,0
rec_3792614a43fbab095d60,near_7e9ac6fa642097556d1f,false,false,1
rec_37a2c81257778fe7b1ca,near_2791da3a50be06fd2718,true,false,0
rec_37ad0b4c5beb0c3879a3,near_4aa31fb221d7082aa01f,false,false,0
rec_37adfec60e32652a45d1,near_efe2f94888792a80941b,false,false,0
rec_37ae7ecc74ff9d1e21b6,near_23c5b46e4a4aeac0393d,false,false,0
rec_37b48ac2929a005013c3,near_2791da3a50be06fd2718,true,false,0
rec_37baa5c4d3a9ce4b877e,near_2791da3a50be06fd2718,true,false,0
rec_37c31aded969fda37e8e,near_4cb20ba220e99e341d01,false,false,4
rec_37c7bef8b8e124929a03,near_a75bc12b7555f39815d3,false,false,0
rec_37ca4cc0a48b04e0475f,near_2791da3a50be06fd2718,true,false,0
rec_37cb80537eec153a5d2e,near_72da27ec19eb28400b4e,false,false,0
rec_37cb990d62c530c87368,near_8e7125f0f00ee173b97f,false,false,1
rec_37e05b78633afc110206,near_2791da3a50be06fd2718,true,false,0
rec_37e2cd947783880a21f3,near_fa4d4dc839a1e400db3b,false,false,0
rec_37e8eae76dadb493a7f7,near_2791da3a50be06fd2718,true,false,0
rec_37eaa19d8afd0748f971,near_1b439ff583e9acc38cc9,false,false,4
rec_37f4d0f250156f3f35ec,near_2791da3a50be06fd2718,true,false,0
rec_37fba7f223f93f00d1c2,near_a82a63ac96ab5e0e5e49,false,false,0
rec_37fbf537a75288a9761d,near_2791da3a50be06fd2718,true,false,0
rec_3809700e8ff42353867e,near_4683d7acdfb1687fdcb3,false,false,3
rec_380ad961d50febccfc77,near_0f06546da6ef2a57d93c,false,false,2
rec_381412f24fda90006513,near_304ce59373a30046f51c,false,false,4
rec_3814d3f31e07438ee986,near_2791da3a50be06fd2718,true,false,0
rec_381f2a2aedc8b34e6bb1,near_33a975c2dc4d66b8d41c,true,false,4
rec_38281ab6e86cedc6cd25,near_6483b030818327e41c23,false,false,0
rec_3829106549148a4a15bf,near_c1c4f516a2bb6ae08eff,false,false,0
rec_382af1245db7853b3d4d,near_ad84796de83218518caa,false,false,0
rec_383365991c100d4982cc,near_df1eab07d1f17df4eab5,false,false,3
rec_3839f7bcf4b4d1a7a57b,near_8e5f81d4e89b99089ec7,false,false,4
rec_383a912b82bd5baaf194,near_007764ec707ca8fa627d,false,false,0
rec_384ad1149f07dcbcea4a,near_1c6e449907a34512b68b,false,false,0
rec_384dff54ece47bb02608,near_2791da3a50be06fd2718,true,false,0
rec_385972664a0c703bf918,near_517c317b20fd560f926d,false,false,1
rec_385b2793ed967b20ed45,near_2791da3a50be06fd2718,true,false,0
rec_38643778df3d14c32f62,near_9e6fb0809b1f91b2f809,false,false,0
rec_38654d059f34cc8d6219,near_20f0604a8599017a7dbc,false,false,1
rec_386b2d7bae79687d6528,near_319c2e6b3a3dcfcc2cd6,false,false,3
rec_387139e635dcdd289564,near_c0807e34ed4676c6aa18,false,false,0
rec_38755fce4359349282c0,near_d0dd050b2ff4e1265170,false,false,3
rec_387d50d9988e6a1af5ff,near_8c4c68f094cc236110f9,false,false,0
rec_387e1f60fb266f7c8b52,near_2791da3a50be06fd2718,true,false,0
rec_38824d1f5331000b705e,near_457a77814660ce77c1f6,false,false,0
rec_388afaf18b3ee86f6370,near_80fae5bd8e02341de03f,false,false,2
rec_38a9ca273c1eadda5d4e,near_c3ad383d9a03b3456253,false,false,3
rec_38aee6b28a73201a5fa3,near_2791da3a50be06fd2718,true,false,0
rec_38b3b518aa625a864508,near_2791da3a50be06fd2718,true,false,0
rec_38b72fae793c8ddd1e92,near_2791da3a50be06fd2718,true,false,0
rec_38be2f3a087c7a9ec270,near_46f5ad7cdb34a1eef011,false,false,0
rec_38c057e67df9b7501b10,near_0a2683f2e20c6d144aee,false,false,0
rec_38d0f5616e992e7e335b,near_f9bd6d10e39b3ab5f0ae,false,false,4
rec_38d7733007ca32ce9d3e,near_2791da3a50be06fd2718,true,false,0
rec_38db434c49cf713c081b,near_7ee589540a1eafcfb2f9,false,false,0
rec_38ea8565c36bdee25a11,near_2791da3a50be06fd2718,true,false,0
rec_38ecdad9a51c8d5b4cba,near_21949b045f5c43466794,false,false,0
rec_38f0d1e5559b170aa615,near_76cadcc0a22f35001b33,false,false,4
rec_3902d1c5052443b73ae7,near_6855be709ecad988066e,false,false,0
rec_3904ac6007c26fb59566,near_2791da3a50be06fd2718,true,false,0
rec_390f3a8fcfd7ee7d2294,near_4efb8baea7618611172a,false,false,0
rec_391b00a1b84e999d53f1,near_7b4350286abc5596bf74,false,false,0
rec_392576370c989abc1be5,near_11945bee0aaa5dab4f5e,false,false,0
rec_39390e057e98098f8e3c,near_6e3e29aaaa917770fb24,false,false,0
rec_39395efa86a51febde12,near_cc01f1305787c8ff63e9,false,false,1
rec_393d9a69122d3df58de9,near_2791da3a50be06fd2718,true,false,0
rec_3943633342242aaa78c0,near_9ca1a1630ef6a000cb15,false,false,0
rec_39497563085580294516,near_2791da3a50be06fd2718,true,false,1
rec_3953bea8e70d39430dad,near_065dd11d8f9fa16f87f3,false,false,0
rec_3964524059c97ab1dba7,near_3b42fbfc103375c0d277,false,false,2
rec_39825e4d989235a37ba9,near_ebd2c16c405dd2e69ab2,false,false,0
rec_39855d94c3f22ec868e9,near_af72fce7d7981d9b6179,false,false,1
rec_398b423f2b36fafb6f1a,near_d1cd8de0f7d693b38a17,false,false,1
rec_399561ea8deb937558eb,near_df84f78156cc01019a6c,false,false,0
rec_39aad47d6e6c1e37071c,near_79927ce31eaea1706168,false,false,0
rec_39be37961193bc67019e,near_c7e19366ff0257189427,false,false,4
rec_39c50ac4b3f5e858ee5e,near_48c76a41d5dda6618875,false,false,0
rec_39cac9c6f3c296bc6ab7,near_11897178204ffb92f50d,false,false,1
rec_39dc80b0e313efda229a,near_35b9e6f4f9d9c7dff3a1,false,false,0
rec_39fe1fa3eaaf079b0443,near_fa7deb975a6815e73b19,false,false,4
rec_3a054f3cd696ec433eb6,near_2791da3a50be06fd2718,true,false,0
rec_3a08a805bf1d78948617,near_8f0e3317a51b3721b5ab,false,false,1
rec_3a2313b7afa4efeec584,near_20dce07cc392b535df65,false,false,0
rec_3a3107a5d7df904f074e,near_e7ef7586d3fb40a49f5f,false,false,0
rec_3a36c58bcfb8c13203ee,near_23caa461d1a327f02142,false,false,4
rec_3a37abfac5c6d74b36c4,near_2791da3a50be06fd2718,true,false,0
rec_3a4835f4b60b13ef3fa3,near_2791da3a50be06fd2718,true,false,0
rec_3a4c8090e00c62dba088,near_e0f0ae726f05d0c7d0eb,false,false,1
rec_3a56e09e5a41adb1bd2b,near_9696931d8dc37bfd5165,false,false,3
rec_3a63470bdceb18eeee63,near_67e9a2aa9632d580f511,false,false,0
rec_3a64d024f44e91ba1d9c,near_96bc150a3f1ac2374a3e,false,false,0
rec_3a686fd7bb8691ea2055,near_d41c2c49103e6a0cec69,true,false,2
rec_3a6a4b48ef24cdbdac4d,near_55805a0d9e75b8fe9156,false,false,0
rec_3a73ce8d807c052aa62e,near_2791da3a50be06fd2718,true,false,0
rec_3a7bda7ed7b8a4ff2ea7,near_2791da3a50be06fd2718,true,false,0
rec_3a892634a5f73b85783f,near_320bb3b0bc7dd65f1224,false,false,0
rec_3a8b9deea24a93df58fb,near_d197b2e4ffc61c46bba9,false,false,4
rec_3a8d1eb3bc162431be79,near_9df1c247db4edf772a80,false,false,0
rec_3a9b159a2ecbe3c7b937,near_f8358ed77649a25bca05,false,false,0
rec_3a9baa1671a7235f3a54,near_9cc947e70e97f2ad4e57,false,false,0
rec_3aa75c6c36141db4da3a,near_2791da3a50be06fd2718,true,false,1
rec_3aacd04124da4329d8c5,near_2791da3a50be06fd2718,true,false,0
rec_3ab3eab9282d4dc9f1f7,near_318ceb354e09ac3d01be,false,false,0
rec_3ac37b00170233d72d13,near_2791da3a50be06fd2718,true,false,0
rec_3ac395e9308d9ea4770c,near_a27e6b782706a24807eb,false,false,0
rec_3ad6692c9d48b63fe624,near_fc37ded3e33dc7a57c84,false,false,4
rec_3ae9f2273106bcab0aad,near_469671e1bec178195e69,false,false,0
rec_3aeed5727082c8cf935e,near_6174d7104da6980ef18e,false,false,0
rec_3afb372099e117757bae,near_a328a1550c808c8bcedf,false,false,3
rec_3afcd31b11d144a19203,near_2791da3a50be06fd2718,true,false,0
rec_3b01234e93e980764f9e,near_2791da3a50be06fd2718,true,false,2
rec_3b144d112055812bbfa8,near_c739e5b8b94078caaed8,false,false,1
rec_3b21accfa835397a99ce,near_1b06920f4ff141f059fb,false,false,0
rec_3b4b028fefe5974832ec,near_708e23a90c25400dbfe0,false,false,1
rec_3b4e15a34de15bb3d5bb,near_2791da3a50be06fd2718,true,false,0
rec_3b5194e179a95ab8a76e,near_2791da3a50be06fd2718,true,false,0
rec_3b51bf7a666098d3a16d,near_2791da3a50be06fd2718,true,false,0
rec_3b5c95946d4784ab3e04,near_2791da3a50be06fd2718,true,false,0
rec_3b6c4cdd6c37e767d010,near_2791da3a50be06fd2718,true,false,0
rec_3b6fb33cb2a71b99a073,near_2791da3a50be06fd2718,true,false,2
rec_3b996c592166a4dfabd7,near_cf373b4b8ce25c597d84,false,false,0
rec_3ba00ef70e674428d69e,near_44465d0bb80660925ff0,false,false,0
rec_3ba5f0b17f3e16395792,near_0b5af326d8254042b88b,false,false,0
rec_3ba642c52b8bb1f50f86,near_d58f8e98f6077f64d6b1,false,false,1
rec_3bb090a04d9ef1891dd2,near_6f28fd07ed445a2c96de,false,false,0
rec_3bbabecd4e20afbd9607,near_2791da3a50be06fd2718,true,false,0
rec_3bcfaab14327fe06c83e,near_a25f4e4e7b98486ca411,false,false,0
rec_3bd61e3bb2e45d412a3e,near_baeefe55fe87dec0ecbe,false,false,0
rec_3bff6ac412eed6bddfe6,near_2791da3a50be06fd2718,true,false,0
rec_3c010473da37cf6e9922,near_2791da3a50be06fd2718,true,false,0
rec_3c03906a8f0c8ab360bd,near_2791da3a50be06fd2718,true,false,1
rec_3c163c6396bba70be8b4,near_3627771c4e33b4fdac54,false,false,0
rec_3c16aedd6d48be89e916,near_2791da3a50be06fd2718,true,false,0
rec_3c21398e021a10f4f1f2,near_d197b2e4ffc61c46bba9,false,false,4
rec_3c23148a2ab94d7ae765,near_66897bd8b1db6de4c0a3,false,false,0
rec_3c2c7aaa5b706cd8df74,near_23a7930d29fe648954ff,false,false,0
rec_3c362f768214850dd312,near_33a975c2dc4d66b8d41c,true,false,3
rec_3c3a6416d8441b6c5846,near_2791da3a50be06fd2718,true,false,0
rec_3c3ba14d1e2025bead66,near_a0eda7d4c00072bfd415,false,false,0
rec_3c405e9fd4d119f1909c,near_2791da3a50be06fd2718,true,false,0
rec_3c4ac9e9011eadcca2ed,near_4407499736505f2022b4,false,false,0
rec_3c536455921f93d8900d,near_2791da3a50be06fd2718,true,false,0
rec_3c5a4daed54f6b0dab8b,near_70171355ea038a9005e9,false,false,0
rec_3c67f870eb271643b455,near_c8bba3b0cfd858bf79de,false,false,3
rec_3c81a4f84300376de55a,near_2791da3a50be06fd2718,true,false,0
rec_3c8924ddfc56d4171bf0,near_7f34efe19a5ce94038b9,false,false,3
rec_3c987840c149b476bb87,near_2c611228283c3a9dceea,false,false,0
rec_3c9be3962ecb90c8013e,near_5508289879bfb4b4db6e,false,false,2
rec_3c9e84954c042de199c4,near_2791da3a50be06fd2718,true,false,0
rec_3cba003af7dad82bdcf9,near_2791da3a50be06fd2718,true,false,0
rec_3cbca139cc33b3c562a2,near_4eb0a34b9d93ff072ac8,false,false,0
rec_3cd3ed02415102b9aab5,near_2791da3a50be06fd2718,true,false,0
rec_3cdad20e318dfa50e95a,near_2791da3a50be06fd2718,true,false,0
rec_3cde036cdce7e087bf6e,near_a344117e14ee5d0a8368,false,false,4
rec_3cdf09c92d1a25a94973,near_2791da3a50be06fd2718,true,false,0
rec_3ce3b630a60629ead715,near_2791da3a50be06fd2718,true,false,2
rec_3ceaebb38fb18756194d,near_c35304a54f7dafe29152,false,false,0
rec_3cf6107b2d82e99cf89c,near_41e6ca2c6dd6dca81e0b,false,false,1
rec_3cf83028f05564a4c426,near_ca63650f14cce3a27b19,false,false,0
rec_3cfbe79990e11a8ca124,near_2791da3a50be06fd2718,true,false,0
rec_3d05b1b0acef4e07a06e,near_466d6cf9643efe9d4a42,false,false,1
rec_3d13f3f6a0ff20f5f67f,near_c6d98000e65a61cab12c,false,false,0
rec_3d1bd70334974194f9c7,near_2791da3a50be06fd2718,true,false,0
rec_3d1e3276de022e2812d1,near_2791da3a50be06fd2718,true,false,0
rec_3d2702e4da044246b287,near_2791da3a50be06fd2718,true,false,1
rec_3d2e93657ac2602f8493,near_4529878b7efc1b4a4d59,false,false,0
rec_3d309c2b325b749c7e05,near_2791da3a50be06fd2718,true,false,1
rec_3d32490c6e12465c4230,near_08d56e80398d17d9f2e2,false,false,4
rec_3d3db04d2e48a04e0be7,near_ebf277d1299a2fc3a8fd,false,false,1
rec_3d4412baff37f11222c1,near_0fa9d5d498562a5d67ff,false,false,0
rec_3d48352db97217bf134b,near_2791da3a50be06fd2718,true,false,0
rec_3d4c934d0ddf7be592d3,near_c3e977e59a4158498139,false,false,0
rec_3d4cee5e542c9c5c26c5,near_2791da3a50be06fd2718,true,false,1
rec_3d4e8472d34339070446,near_6a28910711c0e9d97bdb,false,false,0
rec_3d59a709bff6250c5b3a,near_bf6ea0515aecf68e534f,false,false,0
rec_3d5f5ea169ddd184b32d,near_2791da3a50be06fd2718,true,false,0
rec_3d5fc063b416f814859d,near_33f25792e5c90cfda063,false,false,0
rec_3d61b1826a6bf5e3bd0b,near_87b114f091fec86f1c94,false,false,1
rec_3d69fedd9fa5ce317f8c,near_2791da3a50be06fd2718,true,false,0
rec_3d6b307c3d44736325e9,near_0502df63210fb5703db5,false,false,1
rec_3d6f89fb86410b8650b7,near_2791da3a50be06fd2718,true,false,0
rec_3d873df81de0ace91c6c,near_944b12c5aacb9fbb3ffc,false,false,0
rec_3d8aec047c41179e6fec,near_5dcb47c8dc3e92d32b81,false,false,0
rec_3d917c33afe91ab01b6e,near_2791da3a50be06fd2718,true,false,0
rec_3d9826a250ac02925605,near_2791da3a50be06fd2718,true,false,3
rec_3d9acd35c6dd8dd7978f,near_2791da3a50be06fd2718,true,false,0
rec_3da1f9984e0d3d36917f,near_2791da3a50be06fd2718,true,false,0
rec_3dab971b1d590872ab6c,near_ac299063b85be06aead8,false,false,0
rec_3daeb5fc6d281bc15d81,near_e7ae3ef08e215578d1e9,false,false,0
rec_3dc2f48881ade352bbde,near_2791da3a50be06fd2718,true,false,1
rec_3dd0c6a98585b43d5380,near_2791da3a50be06fd2718,true,false,0
rec_3dd49f5275b1db815270,near_f95abd19db7986485190,false,false,0
rec_3dd82827a52d81aeef8b,near_2791da3a50be06fd2718,true,false,0
rec_3de82d91fdf85a818959,near_1c309d38a2782d45d4a3,false,false,1
rec_3deaceaadbd61dfa8410,near_dc789a831827a080f58e,false,false,0
rec_3def100e390e84b58363,near_f2ca82f322d24b47e468,false,false,2
rec_3df9946a9a030b6de51c,near_96b013323bd468bf5c8a,false,false,0
rec_3e065817e131fa977797,near_2791da3a50be06fd2718,true,false,0
rec_3e0ee4ba2a7e7091bfe3,near_f2a1982ee506c3f13924,false,false,3
rec_3e134b82d386355d54b1,near_762b801908b4a49256ae,false,false,0
rec_3e27188e01743b7341ea,near_2791da3a50be06fd2718,true,false,0
rec_3e307ff1a8ca0e0f75b3,near_2791da3a50be06fd2718,true,false,0
rec_3e347665e8d83d11f282,near_4000cb2b3870c9a2df01,false,false,0
rec_3e3de2846ec229fbae51,near_2791da3a50be06fd2718,true,false,2
rec_3e44914ff6bc17a223f0,near_7967f3d76c05fa0a7bfd,false,false,0
rec_3e5ef0d551a85a2d54b7,near_4a3b07963ad3444ffe60,false,false,1
rec_3e6691d2ece92b6fdc13,near_2791da3a50be06fd2718,true,false,0
rec_3e75d76d50d3583732c6,near_f4ae6d3e0d433a3c5fc0,false,false,0
rec_3e79b751858c8fd4ff8b,near_c8da41faeab03dc862df,false,false,3
rec_3e79e96e2c318bdf5a04,near_939810cef48295a5a126,false,false,0
rec_3e859bfeffab20f60aa1,near_e2b4a84f886698c326c9,false,false,0
rec_3e916b0dd7e248cb3ca3,near_f5668ba549d180959eb6,false,false,0
rec_3e967660dc5bd53c2e8c,near_84f227e2b6f188b59c31,false,false,4
rec_3eb1efc447022259eb6d,near_9cc947e70e97f2ad4e57,false,false,0
rec_3ebb08266f1243aeb625,near_651622c47c30b466d1f8,false,false,3
rec_3ebc010e55df79efcecc,near_c2226e6668d1352870f5,false,false,0
rec_3ebf27bee032042716dc,near_e2d18654ec74181c3afa,false,false,0
rec_3ec737a5ce2859f2add8,near_2791da3a50be06fd2718,true,false,0
rec_3ec73b91599eb2a923bf,near_ab39a83e2f6a2091d706,false,false,0
rec_3ed6bc0b1d0ee528eb1f,near_7199b0584a02c91eb5b8,true,false,1
rec_3edbdf5d445e602d723d,near_acb5c22513760ccd060c,false,false,0
rec_3edded3cd0c1afb613d8,near_1821c2634d9b3ef21293,false,false,1
rec_3ee31b88b18342e96ea3,near_ae32baa7d18fb3587267,false,false,0
rec_3ee377ec22bba40a46d4,near_2791da3a50be06fd2718,true,false,2
rec_3ee50a7efd8810069703,near_f64bfd49fd34ff0b7f09,false,false,4
rec_3eeeed89cc755cd346ab,near_2791da3a50be06fd2718,true,false,0
rec_3ef59b18cedb84e41cea,near_52e6ebc29ae1b14f16a7,true,false,0
rec_3efe7dabc4252213d3ea,near_2791da3a50be06fd2718,true,false,0
rec_3f018e2b7e3d0d54ec56,near_0f406655c9119a87f514,false,false,0
rec_3f06adb6175a40a2011c,near_2791da3a50be06fd2718,true,false,0
rec_3f072e2ba87c96be3ad5,near_2b0df2f1a38d6be638df,false,false,0
rec_3f139730c1368b501ee5,near_2791da3a50be06fd2718,true,false,2
rec_3f213007f85d18526f6b,near_bc6c7e4c0072f133c309,false,false,1
rec_3f27cd7d529880efd062,near_2791da3a50be06fd2718,true,false,0
rec_3f2bc9888a90c10ca83c,near_a2dfc1d2acad67339fca,false,false,1
rec_3f30e9e937ae3229159c,near_5993937a023133e18d92,false,false,0
rec_3f332c5aee5bc84afceb,near_2791da3a50be06fd2718,true,false,0
rec_3f40f3d1fbd7052acbfe,near_6431e406f3b7e83134f9,false,false,2
rec_3f4e5df160d42f93090a,near_2791da3a50be06fd2718,true,false,0
rec_3f5b9c30bf873f426d2f,near_2791da3a50be06fd2718,true,false,1
rec_3f5c770809b8ba90e26d,near_c421cc1c61099caac1fb,false,false,0
rec_3f71e9b0e56f003758bd,near_5ba4e2e3ebbdfb5ff647,false,false,0
rec_3f76748d74761ccd3c05,near_2791da3a50be06fd2718,true,false,0
rec_3f7cde8d77f9c166a472,near_ac4b2dfa4cd298d2b688,false,false,2
rec_3f82e884ccada1ed9eff,near_c1833d004607462538ca,false,false,1
rec_3f9037176f3cf4106e5e,near_28842a9f72354f392d33,false,false,4
rec_3f91653880f5440092cf,near_cbab087979745d1c0a74,false,false,2
rec_3f9693615df01abc6bea,near_ab0eabb4fb0ed43339ca,false,false,3
rec_3f9df48022da2034dedd,near_2791da3a50be06fd2718,true,false,0
rec_3fa9df4eca2969fbf616,near_2791da3a50be06fd2718,true,false,0
rec_3fae590a064d780f75e5,near_2791da3a50be06fd2718,true,false,0
rec_3fb12e0549be5b7fe9b5,near_2791da3a50be06fd2718,true,false,0
rec_3fb1e26485b8d836be72,near_2791da3a50be06fd2718,true,false,1
rec_3fc70b20fd1a76c46793,near_466d6cf9643efe9d4a42,false,false,1
rec_3fc7a82df7e518ed37a5,near_2791da3a50be06fd2718,true,false,0
rec_3fc91836286a11338e38,near_2791da3a50be06fd2718,true,false,1
rec_3fcaecbe97963d33323a,near_2791da3a50be06fd2718,true,false,0
rec_3fdffe7fb169ffdaf5cc,near_252560a9b666084e9141,false,false,3
rec_3fef23c30f1a90ad4491,near_2791da3a50be06fd2718,true,false,0
rec_3fef3c39ef9d7a53f0c3,near_442660c0fdd9eb5b566d,false,false,0
rec_3ff083c7e7c46c591c6e,near_2791da3a50be06fd2718,true,false,0
rec_3ffb0523a91877cca23f,near_2791da3a50be06fd2718,true,false,0
rec_3ffe210a09151c588484,near_432fd94f537fb2833f00,false,false,2
rec_4018e4c0879f18da61e8,near_2791da3a50be06fd2718,true,false,0
rec_401bea18698abded2aa8,near_911995b3dbf89e864c28,false,false,3
rec_402d8203e035281ef4ec,near_11227f4fec41f61ce4b3,false,false,4
rec_403157be0465fa0caeb9,near_2791da3a50be06fd2718,true,false,1
rec_40318de2d0e8beda31a4,near_08a3259cc3b954d158a0,false,false,2
rec_4037c7c6f36152f83229,near_ba9d53e7c21c3d3687d1,false,false,0
rec_403db8ee47fac8fa2b57,near_0bbacaf06d97b9192433,false,false,0
rec_40535710b16e9492f4d3,near_2791da3a50be06fd2718,true,false,0
rec_40662e1087db4ca7ac4f,near_126357ad306ea9553f0d,false,false,0
rec_406f819510eb9630e555,near_7eae2e8752a9224d4eef,false,false,4
rec_40741e6866780019a8a7,near_2791da3a50be06fd2718,true,false,0
rec_4075cae523b9610cdfe1,near_2791da3a50be06fd2718,true,false,0
rec_407721346d1592715136,near_f86baa453fcb042b9697,false,false,0
rec_4077a2417fc980d4a1c3,near_91ee9c790d8d96a28a0f,false,false,2
rec_4078be25741c3b715e49,near_2791da3a50be06fd2718,true,false,0
rec_4078f8ab58bbca7b07a6,near_800e6c4839f485960e93,false,false,1
rec_4092d3742e1af8173a14,near_2627b81dfdce948f6d13,false,false,0
rec_40934e47fe715e802f46,near_2791da3a50be06fd2718,true,false,1
rec_4095568ee1f0f239a540,near_599c8e9534d67d73c03e,false,false,0
rec_409e17d00ed931ebb28b,near_068a04e520e56a6e1b39,false,false,0
rec_409e779be53f746c11d9,near_745be1a376a4899955dd,false,false,0
rec_40ab118a628729a7d3ea,near_2791da3a50be06fd2718,true,false,1
rec_40abee4bd1dbde2be264,near_2791da3a50be06fd2718,true,false,0
rec_40adc5738e1c0a126aa4,near_2791da3a50be06fd2718,true,false,0
rec_40be5cace33e98a1ce79,near_4cb9c3fd8ff5bcdbe6e6,false,false,2
rec_40be7f3d1fb84a2ae10e,near_ba75434f997b45d7e712,false,false,2
rec_40c9f74cb6baf2b36345,near_970a720f13cf17af6b0f,false,false,0
rec_40cc5967e436936c0617,near_5ea4399105d475727248,false,false,3
rec_40dfdaed77b734111351,near_6e9972a76e584523c172,false,false,1
rec_40e7f6faa7cf32cc0488,near_525251434766ae671d8d,false,false,2
rec_40ebf407af93122b903c,near_2791da3a50be06fd2718,true,false,1
rec_40f768ac55049e1a64da,near_84814505ddf9dd09387c,false,false,0
rec_40faf1ad008ef15a58db,near_5c12145a2489e40132d4,false,false,0
rec_4104af7beb9fcbed78ff,near_2791da3a50be06fd2718,true,false,1
rec_410706f3e922425ccdfa,near_2791da3a50be06fd2718,true,false,0
rec_414bc2d12ddbfe3f2e9a,near_2791da3a50be06fd2718,true,false,1
rec_414d1a15182f6f1053f8,near_2791da3a50be06fd2718,true,false,1
rec_414fcc02c637f2fd01d3,near_2791da3a50be06fd2718,true,false,0
rec_4158d85def1f5fd1e0f6,near_7199b0584a02c91eb5b8,false,false,3
rec_415a60bd2fe17f94e5b4,near_86215628e3d34b59f7d9,false,false,0
rec_41734d83baf7a5c6bb39,near_905ad6b7873aa6581e73,false,false,0
rec_41841bec6cc8dbb3028b,near_2dc7f18914fe3ea49814,false,false,2
rec_4184666a273ba758e40f,near_804a42f4389ffe129d79,false,false,0
rec_41890362e1276c554afe,near_582e0cb71d76d7fe7074,false,false,4
rec_418944c6e4b2de60f62b,near_2791da3a50be06fd2718,true,false,0
rec_418ba6a9848075ce84bb,near_85bdcb755e5738b550ee,false,false,1
rec_41908f23238a04b38bc7,near_794bdb3c926a84df966b,true,false,0
rec_41a5fc8c3ea1b0f54f02,near_f40d3411030f4ac392bb,false,false,0
rec_41ad5ccb65aefd68c4a0,near_401480e50ae5fa2a2740,false,false,1
rec_41ae74720d5692bc087a,near_cadb8bf3ed8a80240ead,false,false,0
rec_41b57abffc213ad5e90f,near_182bfb0516638038bf70,false,false,0
rec_41b997fa76bc76ad81a3,near_2791da3a50be06fd2718,true,false,2
rec_41c30675da321ed4f322,near_8cecda253b3ba08e9816,false,false,4
rec_41d6853b4a6990ed7413,near_6258205e92ad6a6eb5c1,false,false,0
rec_41d7a68aca756a025ece,near_f8c2fa511dccd40da6f1,false,false,2
rec_41f158d07c8e8b264b0b,near_53419c8ec32d8200dc6e,false,false,1
rec_4207808c23afbbbf26a9,near_2791da3a50be06fd2718,true,false,0
rec_42139c3c0c4db7b3c6d7,near_deed2670981c1a72ed6f,false,false,0
rec_4216abbbc33c205e4c49,near_2791da3a50be06fd2718,true,false,3
rec_4219e8178ebea840a35a,near_7c84fa4ecf8d3792f1e5,false,false,0
rec_421bd2785e8b298d2bf1,near_2791da3a50be06fd2718,true,false,0
rec_421edc868dab7354d7c6,near_2791da3a50be06fd2718,true,false,0
rec_42228f7694f396a0ac1b,near_8f44fd43d54b67481579,false,false,2
rec_42230a45e0757a9ea270,near_2791da3a50be06fd2718,true,false,0
rec_4236bebafe2ada1e9b50,near_2791da3a50be06fd2718,true,false,0
rec_423df1e9657002d2685e,near_2791da3a50be06fd2718,true,false,0
rec_423e5e5d4e400c2e65bd,near_2791da3a50be06fd2718,true,false,0
rec_4242621707e1bf331a38,near_67455cdc2eafef2f0a0b,false,false,1
rec_4250da37d2a556e7db58,near_2791da3a50be06fd2718,true,false,0
rec_42562e4829c953c7ad4a,near_4dd4fbaafe8dd230d0cc,false,false,3
rec_42599c1f78b8caf351ba,near_2791da3a50be06fd2718,true,false,0
rec_4259bd9c886bcabedf57,near_2791da3a50be06fd2718,true,false,0
rec_426029f0d87abb582fdb,near_2aa7d6be792dc1188fb4,false,false,0
rec_426044a563bc0b13ff6b,near_66fa932a1e1d95cd7a49,false,false,0
rec_4260e70ebeda232220c0,near_2791da3a50be06fd2718,true,false,2
rec_426950aaf65c75136e1f,near_a26fc8de3ddae1ba9507,true,false,0
rec_426ad5cd59f8896b5436,near_2791da3a50be06fd2718,true,false,0
rec_42724b66ff78fb11ce42,near_b4f9880b25c6fe1d9e28,false,false,0
rec_427dcdd7221577c4158c,near_2f31d746b59518fe6157,false,false,0
rec_427ebd9698fc26242ed7,near_0a0ebc0d40f9b567783d,false,false,2
rec_42887877979cc14e9b09,near_2791da3a50be06fd2718,true,false,1
rec_42900750388eabc2c7c7,near_2791da3a50be06fd2718,true,false,0
rec_4294a529104256e10fd7,near_2791da3a50be06fd2718,true,false,2
rec_429c683e85efcc26e0df,near_2791da3a50be06fd2718,true,false,1
rec_429f01723b3ebfec2836,near_075cda32113c6ede091c,false,false,2
rec_42b669599456573b64a2,near_2791da3a50be06fd2718,true,false,0
rec_42d2eb7653083f250700,near_2791da3a50be06fd2718,true,false,0
rec_42df61231327b0a7a9f1,near_2791da3a50be06fd2718,true,false,0
rec_42f9cc2464caf11b8b1e,near_ba340c5cb23ffe736ce2,false,false,0
rec_42fa357e5fe7ee8cd6ef,near_b8b92cb7735a82211c21,false,false,0
rec_430f488dfebac9bdd4f1,near_7cddb8fe260da2683f64,false,false,0
rec_430fcfc4d1bbf87c8648,near_2791da3a50be06fd2718,true,false,1
rec_4311225ae74cdf313b11,near_2791da3a50be06fd2718,true,false,0
rec_43136a8332d36055f414,near_5191bcd2fc38b8e0eb0e,false,false,0
rec_4314fedc8819ca41652b,near_942b0e81c6bfe61e7e3e,false,false,3
rec_43276295e203dd534bbe,near_ebd5ddb71084e47c1162,false,false,0
rec_432ffcb3ebf2b004c32d,near_2791da3a50be06fd2718,true,false,1
rec_433bc85cad26233d6660,near_7867b56079c842418cf5,false,false,3
rec_4341cd81d35521d82121,near_2791da3a50be06fd2718,true,false,0
rec_434c111f2bdd26c40c98,near_ae85230878b63a64712c,false,false,4
rec_4350afc6911f74a06538,near_ca701302b7ba1768e8fe,false,false,0
rec_4351a395287148a988c9,near_f4a350fa1d09a7f67ee0,false,false,4
rec_43545b55ec36baf426bb,near_2791da3a50be06fd2718,true,false,0
rec_435d6ecb87b2c7aab20b,near_2791da3a50be06fd2718,true,false,0
rec_4364ab19dda64b2c136c,near_2791da3a50be06fd2718,true,false,0
rec_4367587cb369117c0d8f,near_485db00724e2ab8ea31f,false,false,0
rec_4372acfa6c5dae281679,near_2791da3a50be06fd2718,true,false,0
rec_437b6941f6baccfc651b,near_68f986fac21551c10c4c,false,false,0
rec_437bf69bde20ce01d19a,near_2791da3a50be06fd2718,true,false,0
rec_437c0ee1db15b62c627e,near_136266daf5558fa85cca,false,false,0
rec_437d489146348a2b4acc,near_2791da3a50be06fd2718,true,false,0
rec_439089288ff33fd2b3d9,near_54cdf6942d3ac99e1705,false,false,0
rec_439c1461b82c7f38d180,near_879c4035c51f1502b780,false,false,4
rec_439f37e5b4768144c041,near_2791da3a50be06fd2718,true,false,1
rec_43a0f469bbd0322b3178,near_efe270363fcb61356eaf,false,false,0
rec_43a1d37d8c88ffc8b193,near_76352ee45e8c9a7f64be,false,false,0
rec_43b45af720ece801239b,near_00af9efb42c4774c4909,false,false,4
rec_43c6e1c4b2aa18779fe4,near_f432de9c9e4900359ece,false,false,0
rec_43cd74d88b0143bcf347,near_04c9f1ef36382e4d25d8,false,false,0
rec_43d1edf8c871629103f5,near_08a3259cc3b954d158a0,false,false,2
rec_43ee12db2ae15f5fb314,near_65d7301a27269119ec39,false,false,3
rec_43f1002e3b8fe106f167,near_48dba6f123166bc03a3d,false,false,0
rec_43f39be504b5a9133183,near_ca4b5fe44fe8039d6eb4,false,false,0
rec_440592de5ea8862841db,near_e2902bb239968d5d7bb1,false,false,1
rec_4406805df360cc8654a8,near_06597005ac0622e2dc05,false,false,3
rec_44097fdfec0327f568f7,near_2791da3a50be06fd2718,true,false,1
rec_440b9fd184f9d1f094e2,near_2791da3a50be06fd2718,true,false,0
rec_440bc8fa48edfb09d1b1,near_c8da41faeab03dc862df,false,false,3
rec_440c7bca1c6b9a4544d0,near_2791da3a50be06fd2718,true,false,1
rec_441847820140fe28c8f5,near_ff46eefe23c69607d886,false,false,0
rec_44289cd2c9eebaedba1c,near_7052278d7f1666056180,false,false,1
rec_443844048083d9e7c85d,near_69af8194a727400667c0,false,false,1
rec_44437da2a3da9fc412eb,near_546e2ee221fe4e8b2265,false,false,0
rec_4455af0b7e1a0f67b81e,near_ea18ef8ac72350f50f10,false,false,1
rec_44907e3f0c2e5a66edf0,near_012d89215b767541fddc,false,false,0
rec_4491ed7fa412cb6f452f,near_2791da3a50be06fd2718,true,false,0
rec_44afd9ecf3933a48f00b,near_b2d7340d3097bc211028,false,false,1
rec_44ca23d7e02db7a2b67f,near_3694d76c40315da41a32,false,false,0
rec_44dd6db70c742a399c67,near_7273a31794c38418ef82,false,false,0
rec_44e65402a3f63aec9868,near_2791da3a50be06fd2718,true,false,0
rec_44eb2a2b2705b6d49623,near_6740a958ec06db920596,false,false,0
rec_44edaf4b22025e593c1e,near_0d0c242dc37b66ee5efe,false,false,0
rec_4505aeb85bd1610e5490,near_b78de91c82069e46874b,false,false,4
rec_4518bea58b82a0173067,near_7f5f6f11157af5a53110,false,false,1
rec_4519461314d27fef687c,near_9ecd4d175c5a5f5681d3,false,false,3
rec_451dc1dfc469bc23dfd2,near_3b0b697932c0562110f7,false,false,0
rec_45270200ea6b03df49bb,near_2791da3a50be06fd2718,true,false,0
rec_45277e710b407443314a,near_ea21d107fac4522f4501,false,false,0
rec_452a0fb5ee6e7eb29fd3,near_790d341803c12c94e61f,false,false,0
rec_4535a415f11196d57b5d,near_cb684fa3c386354503cf,false,false,3
rec_454cf635f37dd897b360,near_c35f4f04345140724113,false,false,0
rec_454e9e5a65cbc08ae697,near_9b60d76cc6690b362bb3,false,false,0
rec_45588eb7d9e9a01d40cf,near_1baf29cf1543777a1446,false,false,2
rec_455d460dfa3243fccc59,near_2791da3a50be06fd2718,true,false,2
rec_455f081b8956965dad4f,near_5109624955de59a4a76c,false,false,4
rec_455f34cac19c35e4c61a,near_8de4b03a0b887f2f8b61,false,false,4
rec_456245ba3d51fb8e4d16,near_6bd3f061c35801d338d2,false,false,3
rec_456b0f568a252412c31b,near_2791da3a50be06fd2718,true,false,0
rec_457385d9b40546f02bcb,near_b0258f6e6bff3f1654f0,false,false,4
rec_4579278166abc2965152,near_ee6ca1cf04e18b2b679e,false,false,0
rec_457ce4e9277425a6afcd,near_43072188fab8b4ff1eb6,false,false,0
rec_458a5be8f988b8c78520,near_2791da3a50be06fd2718,true,false,0
rec_458eceaf83664e462417,near_ae32d4cb00eb48944b48,false,false,3
rec_45a1cb02f5252ee1078f,near_2791da3a50be06fd2718,true,false,0
rec_45b00ba7115ec150436e,near_2791da3a50be06fd2718,true,false,0
rec_45b5a2bce7fd9b337a3d,near_2791da3a50be06fd2718,true,false,0
rec_45badfe1ab279250e5db,near_0204a926844c85d91852,false,false,0
rec_45dbdc4c420e39ebf8d2,near_c748e09cbabef5f62cac,false,false,0
rec_45dcfa7eef505eca0df1,near_1ad34d21f6f49e781cc7,false,false,4
rec_45e82535ada5d212e827,near_30e419995e2c0cf0f653,false,false,3
rec_45ffb7293b189ee03222,near_7199b0584a02c91eb5b8,false,false,3
rec_4625680e8705cd47c28b,near_837d8103d5d65677fc31,false,false,0
rec_463168bbbfc2512081a0,near_2791da3a50be06fd2718,true,false,0
rec_4641e33de1ce84d3a43f,near_2791da3a50be06fd2718,true,false,0
rec_4647835929ffa8d297bb,near_2791da3a50be06fd2718,true,false,1
rec_465877d6c88baaea6381,near_2791da3a50be06fd2718,true,false,0
rec_46602b43fe4413468a33,near_2791da3a50be06fd2718,true,false,0
rec_46663197cee4182e8435,near_2791da3a50be06fd2718,true,false,0
rec_467aae0534b253dcf00f,near_70eb067b9aa0bc2fe090,false,false,0
rec_467fc2203bbe9ba751dd,near_2791da3a50be06fd2718,true,false,0
rec_468d4864c8b8be717816,near_c50e40900dbe0a0069ec,false,false,1
rec_46949321c9d5c3371e15,near_7199b0584a02c91eb5b8,false,false,3
rec_469aa9c303981b9fc655,near_7b02623e14c979453de7,false,false,0
rec_469bd4d377e16918ff68,near_0d27034f06e06d573156,false,false,0
rec_46a9fa3720bb3828b1bd,near_b82e5c24db02848b6e5e,false,false,0
rec_46c6e07ab33f49f6a62f,near_a07739b7f6bdb0ed9084,false,false,0
rec_46cab282db30d046d849,near_773fda3ed59b40148a7d,false,false,1
rec_46d0e123946bed412e89,near_2791da3a50be06fd2718,true,false,1
rec_46d91b6e2d6897d2b4d2,near_db1ecaf3c324582a5348,false,false,2
rec_46f06b8c6e23f3354a55,near_7199b0584a02c91eb5b8,false,false,3
rec_46fe21609b8bfab27358,near_2791da3a50be06fd2718,true,false,0
rec_470bdd34f5f8746ea5e3,near_7199b0584a02c91eb5b8,false,false,2
rec_470d2a06b580b3e2f4af,near_9789887c6cbd060f3e5f,false,false,0
rec_4713ada9b7d457c9012c,near_69eec4beb8da1253122a,false,false,1
rec_4716154eb9f50f85afd5,near_9f74a01a1e2c9e56d26a,false,false,1
rec_47260aac1d2aeedc9789,near_1ac96c04078d0b748684,false,false,0
rec_4742b9ec9e8434e06317,near_2791da3a50be06fd2718,true,false,0
rec_4762f23d3bb86b69ab2d,near_9521f91103149042cf9c,false,false,4
rec_4763194a44f5c988cb38,near_2c546943831d0be98427,false,false,0
rec_476812bfe07b649dfbc8,near_2791da3a50be06fd2718,true,false,2
rec_476ea13758a7859ac5ec,near_14abcd2a89d57146b848,false,false,0
rec_4774261b9c89e98b1791,near_e47686b543d84fc833ae,false,false,0
rec_4776a92523f277b63907,near_43e8a44e1078319e9986,false,false,1
rec_478e67eb5ecfbfeb4082,near_9959de3a5ee55b1b1429,false,false,3
rec_479fb03dac39d5b30fb6,near_2791da3a50be06fd2718,true,false,0
rec_47aa93a1fd9a20591b4e,near_2791da3a50be06fd2718,true,false,0
rec_47b261ae6ee4b79744dd,near_c804102c1557c21233bd,false,false,1
rec_47b96b826ee8a081a6fc,near_2791da3a50be06fd2718,true,false,0
rec_47c64a210b9fc281e160,near_2791da3a50be06fd2718,true,false,0
rec_47c79f3232dcedae3da6,near_03d48c6994ab2c09dbf4,false,false,0
rec_47d820930bffeee6eec5,near_f9d9871bdd0ae3866140,false,false,2
rec_47deac8353c1ed2ecbe3,near_476f2ea84faef14aaec0,false,false,0
rec_47e67a2e206ec19ef515,near_2791da3a50be06fd2718,true,false,1
rec_47e69796bd716e8d94d8,near_2791da3a50be06fd2718,true,false,0
rec_47e9cfb73820b4af89cc,near_8c66f1d92e509a3cbb3c,false,false,3
rec_47f53c5c6e2c277c9877,near_e8b6fbaf885f323b9331,false,false,0
rec_47f908789324147749ff,near_0b30fcb700cef5b17457,false,false,4
rec_4802a93cf9c994cff413,near_2791da3a50be06fd2718,true,false,0
rec_481399bc268429df92b9,near_f6fa4ec795813b5d41f3,false,false,1
rec_4817dc8a8e765e285dc6,near_6cc7410c87f82dd2936d,false,false,3
rec_4819387a59f6e84ef6f7,near_32b27543b5dd6114409c,false,false,4
rec_482c0fd4f8e8596614d6,near_dd1ef4bf93d5f3dae975,false,false,2
rec_484915ffdb6847a6fbd0,near_56e2caa9a9311fe1d677,false,false,0
rec_484b767363c7f26e1d0c,near_a7d89f7f917c11bc5d59,false,false,1
rec_484ed13d5154f12901df,near_9ae34b2a5a5251a246d2,false,false,1
rec_486bbed5f95b61315c7e,near_7e982dbdc4f91a216021,false,false,0
rec_486c459d6c0ce221e8a5,near_9ecd6ba42e42bc2fc50e,false,false,3
rec_4873c2ccacbd7055b3b5,near_2791da3a50be06fd2718,true,false,0
rec_487965841d6e07e9c8ac,near_2791da3a50be06fd2718,true,false,1
rec_488431a94fbb539e2005,near_30e5098cdac3156d4cc8,false,false,0
rec_489357b25b363fc3dc30,near_2791da3a50be06fd2718,true,false,0
rec_4896dd8871a39bfb0e07,near_2791da3a50be06fd2718,true,false,0
rec_48a092186a0498fb2c26,near_2791da3a50be06fd2718,true,false,1
rec_48a0ecb5ecbf656c399d,near_2791da3a50be06fd2718,true,false,0
rec_48b87e1189d56a25e03f,near_7199b0584a02c91eb5b8,false,false,4
rec_48bc67bf162e714d2d8f,near_cbd680d774514c8fa655,false,false,3
rec_48bd8b23a01af034ede2,near_0a2683f2e20c6d144aee,false,false,0
rec_48beeea774f2853b71e2,near_c6c323be37fbf84f9645,false,false,1
rec_48c0596a7ffed9838fc3,near_5273dbd970f9477dcb14,false,false,3
rec_48c36205ecf02a6a40b7,near_76cadcc0a22f35001b33,false,false,3
rec_48cdacbdb2b45770d03c,near_10aee593ad933e09521e,false,false,0
rec_48d73a1a8add86e5fbd5,near_548be12cbd765420a296,false,false,2
rec_48de0b1baa589c761440,near_08a3259cc3b954d158a0,false,false,1
rec_48def89ed1010851bfc0,near_41900810518eba75e388,false,false,0
rec_48e72269b369b89f1d44,near_6855be709ecad988066e,false,false,0
rec_48f373ef29e87ee3f6f9,near_6bfe27c6bd7e36032158,false,false,4
rec_48f926d074629ab2dec5,near_d58aba879c4adc7480e3,false,false,0
rec_48fa5e6b736f2b88f5da,near_9521f91103149042cf9c,false,false,4
rec_4902c63ed3b71ba6455c,near_2791da3a50be06fd2718,true,false,0
rec_491d41c5c1c9a9606418,near_7199b0584a02c91eb5b8,true,false,2
rec_492502e0f5d0ee8ea3b9,near_484ab1c582d5121f0495,false,false,0
rec_4927976623452e46e46c,near_47be169eb693c4e8d16c,false,false,0
rec_492baba95a82c11642e3,near_10aee593ad933e09521e,false,false,0
rec_4931d35aa2ff3b53b138,near_2791da3a50be06fd2718,true,false,0
rec_4933b67e3e25e6c5dd3e,near_2791da3a50be06fd2718,true,false,0
rec_494328a4e50c7c4bfcc4,near_80fac50e1c8586f4c592,false,false,0
rec_494724fc90738d054254,near_ca63650f14cce3a27b19,false,false,0
rec_4947a7083716811f2d05,near_7012bea6b488cf693740,false,false,3
rec_4957c8148f5d47f440b6,near_2791da3a50be06fd2718,true,false,2
rec_4959756eb2e96f7434ff,near_c1271635baa5451fe459,false,false,2
rec_495fa5a6e10a9876ecf0,near_610cc4041eb59f346f51,false,false,3
rec_49601364c21edcb00785,near_a82a63ac96ab5e0e5e49,false,false,0
rec_4970ca2d7640d90850af,near_2791da3a50be06fd2718,true,false,0
rec_4971799aec9d285115d2,near_ba5ff3fc5aa24bc34047,true,false,2
rec_4976d4fe2398283866ce,near_2791da3a50be06fd2718,true,false,0
rec_497e693bec4d0c8e220b,near_2791da3a50be06fd2718,true,false,0
rec_498f4ae9fc04e2dba8fc,near_34685ea9286aaa76d2ca,false,false,0
rec_499c802670dde2fb7714,near_c83e7ecdfa1ba0b01b93,false,false,0
rec_499e9cad6ebd8a991643,near_27d026d5a25051d0e6de,false,false,1
rec_49a4d0901ccd4bd1dc72,near_378553177cdae5ebe2c7,false,false,0
rec_49a70208833ed016c797,near_2791da3a50be06fd2718,true,false,1
rec_49b37cb63c636bd41ef0,near_8c147a76892359e2ca56,false,false,0
rec_49cd4128631b50e50807,near_ad84796de83218518caa,false,false,0
rec_49f73b8c300c81342fe6,near_60d4b630520eb28a12e0,false,false,0
rec_49f9f27fb0e8ea2af42a,near_2791da3a50be06fd2718,true,false,0
rec_49fb8fdb575137c9f653,near_dc468dcfe2c974374738,false,false,0
rec_4a0b555acd9bbfc8c907,near_cd9c79a21b01012c21c8,false,false,3
rec_4a10f9032a34db138690,near_f26110db06fa90c871ea,true,false,0
rec_4a17d89da7141d699ad9,near_c1352544f5d83aef9ce1,false,false,0
rec_4a26f9ad9c9b2a7eee73,near_efeda34f551786537f20,false,false,0
rec_4a28ed9ea808632614f4,near_2791da3a50be06fd2718,true,false,0
rec_4a36ba0361f047962174,near_66a11544dfff2017e3a1,false,false,0
rec_4a48b7237ee2d70814ce,near_2791da3a50be06fd2718,true,false,0
rec_4a494be12b6186f58122,near_291d993dd78f388c04e3,false,false,1
rec_4a581d862139a79a2933,near_2791da3a50be06fd2718,true,false,0
rec_4a58710a9c28f1130c8d,near_2791da3a50be06fd2718,true,false,0
rec_4a60dfaa4f42305aa3fd,near_ba5ff3fc5aa24bc34047,true,false,3
rec_4a622d07d1f9fa979018,near_3240857455fd55c4fc0a,false,false,0
rec_4a636c28df0e4946b8f6,near_75959c85b8ad370ba5dd,false,false,0
rec_4a6a681a1bd51ca81c16,near_2791da3a50be06fd2718,true,false,0
rec_4a8056804454702d7767,near_9eaa8c6d1f1c79e7fdbe,false,false,4
rec_4a8c673a265781fbf000,near_2791da3a50be06fd2718,true,false,0
rec_4a8d93a9e894132005a7,near_dd1ef4bf93d5f3dae975,false,false,2
rec_4a915d9a3a481cfbd958,near_5449b6cc8c3e15e40686,false,false,2
rec_4a96df1c1a24127d6a1d,near_a6a9b4c4bc9569eac539,false,false,0
rec_4a9b0ff7a6994d8260e6,near_2791da3a50be06fd2718,true,false,0
rec_4ab5f914dd5fedab0ede,near_2791da3a50be06fd2718,true,false,2
rec_4ab901f217b27dfbfc32,near_c576cf121bd07cdc14ef,false,false,4
rec_4acddbd69afe649b16d6,near_2791da3a50be06fd2718,true,false,0
rec_4ace8833783f14505b2b,near_923d77301f10fd7ab05b,false,false,0
rec_4adf2217d0282fbd5e6c,near_cad67f1ead42c32a500f,false,false,2
rec_4ae452d678a47b45a632,near_4cb9c3fd8ff5bcdbe6e6,false,false,2
rec_4ae476228661285f4083,near_639c5b66a6929cd43e99,false,false,1
rec_4aea6dc809839153788f,near_2791da3a50be06fd2718,true,false,0
rec_4aeb9417251ece317f48,near_ed5d3785ae176f232bca,false,false,0
rec_4aec8d4a9cae10841a77,near_2331b888a51adb93ad11,false,false,0
rec_4af92d9ed272b3f4d6d2,near_2791da3a50be06fd2718,true,false,0
rec_4afb285d8fc0b6cd0c42,near_243c523028bcc0752c32,false,false,1
rec_4affd96b840713bf3599,near_c6d98000e65a61cab12c,false,false,1
rec_4b05673196f660ed58a0,near_f82d773cc2ebec62f3fa,false,false,1
rec_4b0a40ebec8f4633d949,near_a68d1d926bb921a0d166,false,false,0
rec_4b167253f3591a8af08b,near_2eca48257660ac3550ac,false,false,0
rec_4b17b0861453bde3e1b8,near_6a9122d6d502543619a4,false,false,0
rec_4b1eed9ad976ddce9838,near_37d503410eacfb513e8c,false,false,0
rec_4b22118e516e85802e84,near_2b63423fc383f2e9a223,false,false,2
rec_4b2a87d8279fc8c03939,near_2791da3a50be06fd2718,true,false,0
rec_4b3bfe58a7738123629b,near_db2d7c4cbfcf95b5b830,false,false,0
rec_4b4b90c5de3fee0a9d49,near_9fa9deca47ff3da43770,false,false,0
rec_4b4d2b55ae7e1df655fd,near_2791da3a50be06fd2718,true,false,0
rec_4b575a2dadd923f0c28f,near_17f113cfaf2eb7cea3eb,false,false,0
rec_4b5a2a12f41d512a49f1,near_2791da3a50be06fd2718,true,false,0
rec_4b7d076225d24ea33d6d,near_2791da3a50be06fd2718,true,false,1
rec_4b8a26c0105b71b65faa,near_8ede692501d5e25ab491,false,false,0
rec_4b8ba69746ba1526f457,near_2791da3a50be06fd2718,true,false,0
rec_4b924570ee62534f48ad,near_2791da3a50be06fd2718,true,false,0
rec_4b9502c72ac4cffe3036,near_4a2ab90834addf6266e9,false,false,0
rec_4b962d21cc4e41b4fa09,near_fd724629e8b18b14f6a2,false,false,3
rec_4b9e60b634adac1bc995,near_ff70e95ffa14ab52f258,false,false,0
rec_4bb48ea83f2c3fe2796a,near_2791da3a50be06fd2718,true,false,2
rec_4bb74fe5f596c160bab3,near_2791da3a50be06fd2718,true,false,0
rec_4bb7f5ad52470095f12a,near_a5cce1b904530116fd78,false,false,1
rec_4bb8057d711d33262e61,near_f80b7f5638746d70944f,false,false,0
rec_4bcbdae80bf4e53cc624,near_99c410510d878aa14d97,false,false,4
rec_4bd63082712add1775d9,near_2791da3a50be06fd2718,true,false,0
rec_4be04e4743bbee508028,near_2791da3a50be06fd2718,true,false,0
rec_4be19374223210c6b4b7,near_2791da3a50be06fd2718,true,false,0
rec_4be9152d984ab53868db,near_2791da3a50be06fd2718,true,false,0
rec_4c1206519a1ee900d05d,near_d2257a73a643e05f18f5,false,false,0
rec_4c18576c17019550bb48,near_53a0bb2dc89eea74a877,false,false,0
rec_4c1fdc913ba6973b2e5c,near_72da27ec19eb28400b4e,false,false,0
rec_4c2dd620c2a2ce63a209,near_c649ba4813dd9936f225,false,false,1
rec_4c2e01bc6049b7aa6ff1,near_2791da3a50be06fd2718,true,false,1
rec_4c36db2ad135143d5478,near_137ac6a3f83c7a357e98,false,false,0
rec_4c3c6b7bda1691c86f40,near_6f4499d3b14457ad9ff7,false,false,4
rec_4c45e23fe78d1024ab7d,near_2791da3a50be06fd2718,true,false,0
rec_4c467005956306855057,near_2791da3a50be06fd2718,true,false,1
rec_4c532ea807680e273be3,near_2791da3a50be06fd2718,true,false,0
rec_4c56246bc62642ab296e,near_2791da3a50be06fd2718,true,false,0
rec_4c616f4ca06f18c47512,near_2791da3a50be06fd2718,true,false,0
rec_4c634246379b2e8b9309,near_2791da3a50be06fd2718,true,false,0
rec_4c67f08cf45802f6472d,near_74572e1a50e43f42464b,false,false,0
rec_4c69a6a5b0cfadec22cc,near_2791da3a50be06fd2718,true,false,0
rec_4c70a935ce967000a3ea,near_a2dd8eaf601cf01abd7a,false,false,1
rec_4c7fd37ab55642a980d2,near_ba4e6f718903fec44273,false,false,0
rec_4c86a57c15ed307f214f,near_658524f29b8133f752a5,false,false,0
rec_4ca0ca111bdd3b1f1efc,near_42079a635ea9c4bd4bc6,false,false,0
rec_4ca0d02b90df89e183c1,near_2791da3a50be06fd2718,true,false,0
rec_4ca103157f8cc000693c,near_2791da3a50be06fd2718,true,false,0
rec_4ca16b4ce17106798c05,near_f60c1c13f4f23071e2fe,false,false,1
rec_4ca82a51c5912845757e,near_f02612d91828bfbf7a3e,false,false,0
rec_4ccf1e21f864252de88c,near_2791da3a50be06fd2718,true,false,0
rec_4cd7480ac31589e7e7e9,near_8cd0847d6cd65cfaa87c,false,false,0
rec_4ce052917b367480a98b,near_7bbb0f1a7079a5eee4a0,false,false,0
rec_4ce3a28884161aa41d36,near_13f044de9b84503e2912,false,false,4
rec_4cf0b75bd18676d23870,near_2791da3a50be06fd2718,true,false,0
rec_4cf7f530a3f3b4f1d617,near_2791da3a50be06fd2718,true,false,2
rec_4d095db09ac6391b186f,near_1fbe04142372e96c3865,false,false,0
rec_4d1d5218b12949f8f65c,near_d8d6b72830392e617b81,false,false,0
rec_4d3629775ddae4758d64,near_5f791a30c20f19932dcb,false,false,2
rec_4d393c82d75c321335ad,near_879c4035c51f1502b780,false,false,4
rec_4d42396d46f6f4f1d7af,near_2791da3a50be06fd2718,true,false,0
rec_4d4e8de45587dd56f6e1,near_2791da3a50be06fd2718,true,false,1
rec_4d52738abe02cb8f9331,near_d4786024aed983fc6800,false,false,0
rec_4d5338ed5a5aec898a9c,near_2791da3a50be06fd2718,true,false,0
rec_4d5b4f232ea89933d8aa,near_2791da3a50be06fd2718,true,false,0
rec_4d60dfa7fd2595302613,near_2791da3a50be06fd2718,true,false,2
rec_4d611f845c632fe0bab7,near_a7e1502fb8ae359f2772,false,false,0
rec_4d6c38bc71424f5b4406,near_cb6463fdf58ba7975133,false,false,0
rec_4d6ca3d29f05926e485c,near_2791da3a50be06fd2718,true,false,0
rec_4d6d76772936b8f6e111,near_2791da3a50be06fd2718,true,false,0
rec_4d711dbced540047dac1,near_4d33d8adc2a5cd6c3658,true,false,1
rec_4d7d5f65ae312602ff8b,near_08abc5e805f9aa6cd4f2,false,false,0
rec_4d830d37b26787958187,near_666a704e9e4662978c3d,false,false,3
rec_4d8afb3f93722a9f0c41,near_fa1b10d1f6dff4d76196,false,false,4
rec_4d92218a788452bd706d,near_2dbc7fd4e6f0dcfc30d0,false,false,3
rec_4d98689862571253a87b,near_a35e45356f924035c6c3,false,false,0
rec_4dac9dcc59ab5aa32f3b,near_2791da3a50be06fd2718,true,false,0
rec_4daca6d854ca7b971ba8,near_781b4e7b451abe0f0a12,false,false,0
rec_4db9f6d167f8c803ac14,near_62b84f6edec61c8fe61c,false,false,0
rec_4dd416192c0901af34a2,near_2791da3a50be06fd2718,true,false,0
rec_4ddf149de44f1eff40c4,near_f9bd6d10e39b3ab5f0ae,false,false,4
rec_4dea91a0a642c2c416d2,near_828ba8ed252a70ebe32b,false,false,0
rec_4df6fbab4c81965bab69,near_ef7c8511727e2998ec4f,false,false,0
rec_4df82411ef21b447470e,near_2791da3a50be06fd2718,true,false,0
rec_4df8780773fa35a93a2e,near_589044fc2aaa4a5a689c,false,false,0
rec_4dfce50fdfbc778fc608,near_96ee239337d16493b899,false,false,0
rec_4e052c9977bc18c9142f,near_2791da3a50be06fd2718,true,false,0
rec_4e074e6a2f8c9ec02f19,near_2791da3a50be06fd2718,true,false,0
rec_4e128acb15ad4fc3e40d,near_2791da3a50be06fd2718,true,false,1
rec_4e12eb7b350d3aee2cab,near_b0acb72c53082c6aa8dd,false,false,3
rec_4e1745259d060de603d5,near_2791da3a50be06fd2718,true,false,0
rec_4e178f0b237a4bafbc4c,near_d094370eb6473ba9baac,false,false,2
rec_4e19d1cfadddef5eb328,near_2791da3a50be06fd2718,true,false,0
rec_4e1ddbbc0c2e5e415b65,near_42d577e0023f88a1b254,false,false,0
rec_4e2102dac552b5ca0305,near_2791da3a50be06fd2718,true,false,0
rec_4e229fe7ea21f4a6fdcb,near_2791da3a50be06fd2718,true,false,0
rec_4e2c6eecd2e5fcdcffc9,near_b843218693870c90e202,false,false,0
rec_4e313c6917d76b6ec018,near_2791da3a50be06fd2718,true,false,0
rec_4e396baa2b19ec0f7df0,near_41bbc4bda9ac13ccaab8,false,false,0
rec_4e3b103c6f62203e0ab3,near_27ef206f17781218ba35,false,false,1
rec_4e3cd0fda53e05b621e3,near_ebd7f7f9465b73556555,false,false,0
rec_4e445260c50aaf4649af,near_2791da3a50be06fd2718,true,false,0
rec_4e4752f51b5d050d4889,near_ecbd22a424fe2edbab19,false,false,0
rec_4e52b6438110df475b3c,near_2791da3a50be06fd2718,true,false,0
rec_4e5637625d7c46f2f6a9,near_6c05a33bf420ccf631d4,false,false,2
rec_4e6b0f910a74d119f970,near_ef7f02bf216235b14934,false,false,4
rec_4e6ba27f1f0b25998780,near_38b3c2c1864ab386910b,false,false,0
rec_4e78991c45e4a7a382b1,near_2791da3a50be06fd2718,true,false,0
rec_4e7967ffe025ba9f9d40,near_2791da3a50be06fd2718,true,false,2
rec_4e83214c5290607ad3f7,near_fb6360d57d1d5e5dc28e,false,false,4
rec_4e83e709de0027669cb8,near_2791da3a50be06fd2718,true,false,0
rec_4e87ecaf070d79bec238,near_2791da3a50be06fd2718,true,false,2
rec_4e8b1854a291f6cf2287,near_07850ba4beafde942054,false,false,2
rec_4e8e55644faad7d2a714,near_2791da3a50be06fd2718,true,false,2
rec_4e989318b2bdce0497b1,near_3b974022ac21722c2a4c,false,false,0
rec_4ea803271e9b49565a71,near_1baf29cf1543777a1446,false,false,2
rec_4eac132561e384ef701a,near_2791da3a50be06fd2718,true,false,0
rec_4eb7a234b6f165d74812,near_228bc87ea6284cb8914b,false,false,0
rec_4ec27f23e7895ed19b90,near_ba540f338bcf2efc9fa1,false,false,2
rec_4ec6cb644114be6b1d77,near_2791da3a50be06fd2718,true,false,0
rec_4ecb316c5a8ac5d5f483,near_af72fce7d7981d9b6179,false,false,1
rec_4ecca7ef3c4d228692c0,near_9c1d490b6a8dac691499,false,false,1
rec_4ed075c3c1f47b559567,near_13d1f8286ccb7151f5bb,false,false,4
rec_4ee2b77e2a8ee106dacf,near_2791da3a50be06fd2718,true,false,0
rec_4ee614da96ba15a366ab,near_aa87ec7d9cc64e0cfd21,false,false,0
rec_4ee83b142a528281dce7,near_291c88f1a5be426ca59d,false,false,1
rec_4eebcd27970c7de6e63d,near_2791da3a50be06fd2718,true,false,0
rec_4eedb670d10c041dda9e,near_03d48c6994ab2c09dbf4,false,false,0
rec_4ef43da97c5285276871,near_5d01694fa947ccb7c986,false,false,0
rec_4f0141182fb7e10e7d14,near_2791da3a50be06fd2718,true,false,1
rec_4f02c8577606030d19da,near_348a47822d484502094e,false,false,0
rec_4f07c1bdde6a4cebe8fc,near_5260cba0eec1c7339c64,false,false,0
rec_4f0eaafcc487cec319c1,near_f17f18b6660b0253022f,false,false,0
rec_4f236def18fa45c7c04f,near_2791da3a50be06fd2718,true,false,0
rec_4f39fe357d3dfdd49325,near_b60d601e863d6847f4de,true,false,2
rec_4f6cc92386149e9d1676,near_2791da3a50be06fd2718,true,false,0
rec_4f6e61d41ec72957afc7,near_faceafad79848deab740,false,false,4
rec_4f7b0c351bd800fde07c,near_ae6031ec341d365d54cf,false,false,1
rec_4f7bbcd28ad28f639c0a,near_e9263b501b8ed5daf2a7,false,false,3
rec_4f7eb56a2442da8e2f26,near_36cb6d5d884674aa5f6f,false,false,0
rec_4f83369fda3af56be354,near_2791da3a50be06fd2718,true,false,1
rec_4fa579db3d5362e7b5f8,near_2791da3a50be06fd2718,true,false,0
rec_4fa6340430011c8c61f2,near_8ee45eee33553ac6858e,false,false,1
rec_4fabb4173f9fdd1035d0,near_c7e19366ff0257189427,false,false,4
rec_4fae0f36554460d90b17,near_0d0c242dc37b66ee5efe,false,false,0
rec_4fcc0f9668a92904c45c,near_c69ac3289395f03f3807,false,false,0
rec_4fcc6420102adad2e936,near_2791da3a50be06fd2718,true,false,0
rec_4fde34a66838c129608d,near_db1ecaf3c324582a5348,false,false,2
rec_4fe56bddab21fa18d2f2,near_2791da3a50be06fd2718,true,false,0
rec_4feffd57e990d3ba62a0,near_2791da3a50be06fd2718,true,false,2
rec_4ff31ebc622f6181dbbe,near_46f5ad7cdb34a1eef011,false,false,0
rec_4ffc09c9a93a6bdf4cc5,near_2791da3a50be06fd2718,true,false,0
rec_4ffe32bba109f27b7598,near_941799d036e32f551429,false,false,0
rec_501be30ebcdef350c859,near_91a657370ef7649b9c5f,false,false,0
rec_5023b27e3483fab3445b,near_b18f7d1d1c620e57b694,false,false,0
rec_502c94a0f451985610bd,near_a7250e45ea66dcfd42ef,false,false,0
rec_5034d69f132ca20fc95b,near_5b230b8bee24a5f97ae7,false,false,0
rec_503df5e2aca60d243d1c,near_1ecfeae8e9d601e3e09f,true,false,0
rec_50451b6d12584f1afb0b,near_c0156b0a0aa91ba3163d,false,false,4
rec_5047a9500a3dbd88582b,near_935fb421e15a2c5be956,false,false,0
rec_5049ce50313847f319da,near_097324fa18aa9b4fa4e5,false,false,0
rec_50612564cb1db08b9324,near_27db0ba7ad959609c2a3,false,false,0
rec_506918fb5f40c9430bf3,near_2791da3a50be06fd2718,true,false,2
rec_50713d3793f63dcf8ddf,near_21ac6c8a225e7a4e961f,true,false,0
rec_507651ce711c6a418801,near_7199b0584a02c91eb5b8,false,false,1
rec_50785f2dbc18ba8fc571,near_2896d789e6261c6a8bd8,false,false,0
rec_5079ee08c31f520a57c7,near_3eeec986777023993a2a,false,false,0
rec_507dd02abc6a5a4e95bc,near_2791da3a50be06fd2718,true,false,0
rec_508314adec478796a5a8,near_fa4396d90017f8d551f1,false,false,1
rec_50a1ebf821c1a95169c5,near_2791da3a50be06fd2718,true,false,0
rec_50a90eea10a89257a14c,near_f7211825b9101b4a0bb9,false,false,3
rec_50b067f75cb51f6eae8a,near_7ee34350468767628f25,false,false,0
rec_50b49b70833633cbbab2,near_2791da3a50be06fd2718,true,false,0
rec_50b6c229b781c7bdec39,near_2791da3a50be06fd2718,true,false,1
rec_50b7d4cee0abdbe71e0c,near_f6b4ddd38b5a6410e7a4,false,false,0
rec_50cef65182a8e7781cdd,near_24ccc0221273e0e5ae54,false,false,0
rec_50d02d32af299c67da9e,near_2791da3a50be06fd2718,true,false,0
rec_50d0999bad69a33602c6,near_c8da41faeab03dc862df,false,false,3
rec_50d40901c9f0ca2cf780,near_34685ea9286aaa76d2ca,false,false,0
rec_50dbce03434229afffdd,near_2791da3a50be06fd2718,true,false,2
rec_50de2712eae4fe6d6479,near_2791da3a50be06fd2718,true,false,0
rec_50dfebaace49f6aa0b33,near_2791da3a50be06fd2718,true,false,0
rec_50ee9d5178658ee5a061,near_27f6ff711b79f0a5f2cc,false,false,1
rec_50f17cb7177b0e363184,near_2791da3a50be06fd2718,true,false,0
rec_50fb4a6cd7f9ada56853,near_2791da3a50be06fd2718,true,false,0
rec_5103b3e909de635d502d,near_c52f0edde06663cca045,false,false,1
rec_51050f681030cc55a22d,near_f311ef8ddd02146fb0b2,false,false,1
rec_510c0f15d223741a2c8b,near_2791da3a50be06fd2718,true,false,0
rec_51117d0b753cf4f93dcc,near_adaecd312f811efa16a9,false,false,0
rec_511253de7d192ae2a5dd,near_1ac8a944ad6cfbc50f24,false,false,3
rec_511a3b1b1e358b3235eb,near_2791da3a50be06fd2718,true,false,1
rec_5127362865f2df2a73ca,near_401480e50ae5fa2a2740,false,false,0
rec_512cbeb3b6005b1fea85,near_64840989a0832ed838c2,false,false,0
rec_512e8778906b4dca3abf,near_2791da3a50be06fd2718,true,false,0
rec_512fe80ec8d94e3303b7,near_aa0b2b968f5340c18598,false,false,0
rec_513a12b4f69afb959808,near_21049198494817151680,false,false,0
rec_5145279c80ae3e28e0ff,near_63cc81d2f436ce6b2be8,true,false,0
rec_515709a44b069c313f1a,near_7199b0584a02c91eb5b8,false,false,3
rec_51674cf5af5118f44aad,near_9a129c8a19fc54671a12,false,false,2
rec_51696057bdeb8558eea5,near_ff1743969a4434397e77,false,false,0
rec_51769a770ad1296761a1,near_2791da3a50be06fd2718,true,false,0
rec_518a5cb07ea58957da89,near_2791da3a50be06fd2718,true,false,0
rec_518c1547cbdbbaff4ead,near_2791da3a50be06fd2718,true,false,0
rec_5198cc3fa2f417348d4f,near_d2d0d49dc9fbeb6d4c04,false,false,0
rec_519c718fefea00d6ea64,near_05fa98c928cde5e76577,false,false,0
rec_51a25fe8cba7c641c140,near_4495370cf26b1ae17e53,false,false,1
rec_51a6267217d7ed0a3878,near_6e3e29aaaa917770fb24,false,false,0
rec_51b18a5d8da500317833,near_6ce043d6c8364783ed42,false,false,0
rec_51ba72cbe44c03bbc3dd,near_2791da3a50be06fd2718,true,false,0
rec_51be4d4d2e0d55378b20,near_9516eeadba3e4cbd8825,false,false,0
rec_51c2682173ba668e6892,near_2791da3a50be06fd2718,true,false,0
rec_51caad5fc2f49f30059f,near_2791da3a50be06fd2718,true,false,0
rec_51d7c116a19eca92a41a,near_2791da3a50be06fd2718,true,false,3
rec_51f9e6abcecdeeaa10ba,near_2791da3a50be06fd2718,true,false,0
rec_5212653c2a5e0af23ca9,near_fab4d9fe1f0d96aa180e,false,false,0
rec_5217aa9e326ce531e6c8,near_2746c3d6a9ea9e91f169,false,false,0
rec_52264372c717dc70c41b,near_971b1c5cb915623819a3,false,false,0
rec_52395f7ba573f4e7dd68,near_7ce6e5f16b2a7d208349,false,false,0
rec_5241778af0640f9d34d5,near_94d8186ea694faf6beae,false,false,0
rec_5242fa1df626f5c308a5,near_3d90d8d3051b1a01b0a0,false,false,2
rec_524ab577c078ffe13e0c,near_64840989a0832ed838c2,false,false,0
rec_5267f6abd8a471fec7b0,near_aaa939c493e2b57f4608,false,false,1
rec_526f64d3697c368d9407,near_2791da3a50be06fd2718,true,false,2
rec_52797e81931596c772b3,near_f120557cd84487351fa1,false,false,0
rec_529202e2a799f73af88c,near_65641cb6cd04f12839c3,false,false,0
rec_52b56f775bdcc2592332,near_00a3ed26b9c13787df8f,false,false,0
rec_52c5e9d57f1779e29e07,near_6913fb4eeead67665132,false,false,0
rec_52c8290918a557ecfbef,near_0532a66b213b7a7bb7f9,false,false,0
rec_52c8fb850621d7a194ae,near_47bd2f0e10c7836dcb73,false,false,0
rec_52ccf40796cc4c73dc70,near_2791da3a50be06fd2718,true,false,0
rec_52d122d9eabc64b1baab,near_2791da3a50be06fd2718,true,false,0
rec_52d6272afb4f23c1df21,near_6585e755e8a8b1356b35,false,false,1
rec_52dad6e4d7765fffe680,near_2791da3a50be06fd2718,true,false,0
rec_52efa203ff012894e1da,near_fd24b4e11bccd019b47b,false,false,0
rec_52f7b541b223ef41abed,near_2791da3a50be06fd2718,true,false,0
rec_53147737fbe308b86e8d,near_d8db2441148540a2ca5c,false,false,0
rec_5324f8b2de6d2fcdf4d3,near_af85de69a251d213d8ed,false,false,1
rec_532a41efb0499e95a981,near_1215024a3de86dd3ac2c,false,false,4
rec_532c0ac44033b23d49bc,near_2791da3a50be06fd2718,true,false,2
rec_533d2fa8a3b85f7afaa2,near_0b35210cc17df5f90714,false,false,4
rec_53538732e4d9215a7940,near_cead2fd49e46983fa186,false,false,0
rec_535492c1e2b90575c59c,near_9fd8eaf76c862ec6577d,false,false,0
rec_5359cc0ae141feb1fff0,near_075cda32113c6ede091c,false,false,2
rec_53623c9104d2ae63abf5,near_ab02f585abe8a26dcf28,false,false,0
rec_53673a3c0886cd4a48f1,near_e330f3ba85361aad6b98,false,false,0
rec_538d8b27dd92fb4eaef5,near_2791da3a50be06fd2718,true,false,0
rec_539d097305cd93965d88,near_2791da3a50be06fd2718,true,false,0
rec_53ab18e2b69912841d0b,near_d103bc5daefc2cad49cb,false,false,1
rec_53ada9b42321a410432e,near_73f0a05a30ce2733d69e,false,false,0
rec_53b76dfb9c996ed4c77f,near_495ec3f73092185818c0,false,false,0
rec_53b83bae3e5e75483796,near_7ae57965aa88d905778c,false,false,0
rec_53b9fc1244b00b8de582,near_ce9b1386510a2af11b21,false,false,1
rec_53bd85c777af7a6f24d0,near_0341a8886897416a80c6,false,false,0
rec_53bf585a79703ba088a4,near_31081ab3c6722b8ac963,false,false,0
rec_53c3c5fd462e761fbfed,near_2791da3a50be06fd2718,true,false,0
rec_53c9f7ce4e8b8934bf30,near_b7fb133c772f32922d29,false,false,1
rec_53caf0f1c239c78fcf3f,near_3627771c4e33b4fdac54,false,false,0
rec_53cb94d1685b02da173c,near_5b5f279cd299e1e6ee6c,false,true,0
rec_53d6a6a0aed9479622f7,near_d59709e0268516726f59,false,false,0
rec_53dacedf46defa4e12a0,near_9320baee459e28f5a16f,false,false,0
rec_53e105a0561411c18f21,near_e77de8df8c8ce0aa71b5,false,false,1
rec_53e5bf07fe8b88a33681,near_2791da3a50be06fd2718,true,false,0
rec_53e8810e87684bbf0351,near_5109624955de59a4a76c,false,false,4
rec_53e9e75d5ada48fc634b,near_8b95aa0c1bd3a9538ef1,false,false,0
rec_53edcbc6389563024dde,near_2791da3a50be06fd2718,true,false,2
rec_53f5cc181eb09be69073,near_2d9e570f2542cb073be1,false,false,1
rec_53f7f68f8c11491a3074,near_2791da3a50be06fd2718,true,false,0
rec_53fb01bf1643fe79a64b,near_77130dde2ff1f3aeee8a,false,false,0
rec_540777c90375f39af40a,near_65c47777992cc92498bc,false,false,0
rec_54079c61c495916e2c4b,near_ff46eefe23c69607d886,false,false,0
rec_5422fd1c8b0899b04fe9,near_38c6fee3f86962297660,false,false,0
rec_54232c8f0511bab61c19,near_beacf187a640501fa275,false,false,2
rec_542a69b3d1f9332f397a,near_2791da3a50be06fd2718,true,false,0
rec_54367a5954f6eedfea6a,near_fc37ded3e33dc7a57c84,false,false,4
rec_543781421419e154f4f4,near_2791da3a50be06fd2718,true,false,2
rec_543c6468989abd1923c8,near_aaaccd842d7f76dfc913,false,false,0
rec_543c8a968155979dc377,near_cbab087979745d1c0a74,false,false,1
rec_543e00e051eb1a893675,near_2791da3a50be06fd2718,true,false,0
rec_544e2bf00836e827a774,near_1481670fc332f5b30580,false,false,2
rec_544f1cc4f6485b8c89c5,near_2791da3a50be06fd2718,true,false,0
rec_545773aaaf4eb4f72c82,near_2791da3a50be06fd2718,true,false,0
rec_545babb55fc0a157f265,near_484e454fad90f1b347c7,false,false,0
rec_54657b551a90e2e688a1,near_432094fa5eff7080dacd,false,false,3
rec_546ebf8486f9165fdff0,near_2791da3a50be06fd2718,true,false,0
rec_54737082d27530cdfaa0,near_047b19ceecd359fb5204,true,false,0
rec_547feb3ccefe55a9abc2,near_4853ee866e384e43c592,false,false,0
rec_548ed241da9b71f99397,near_2791da3a50be06fd2718,true,false,0
rec_549d39f2c382ea041f90,near_1b2e1aab74cc52224bb5,false,false,2
rec_549ee3923177706e261f,near_1a550b4f41253625a0fe,false,false,2
rec_54a41fd2b9e48415942d,near_2791da3a50be06fd2718,true,false,0
rec_54a98a3dcaea4437f0e0,near_4e36a282da927f64868e,false,false,0
rec_54afc00e6a2efac1d578,near_d3fd0b862f4f00fd4c21,false,false,0
rec_54b5076bbd74761e8db9,near_548be12cbd765420a296,false,false,0
rec_54b67ad322f96160e967,near_15319eb842f061bc6be9,false,false,0
rec_54bab2f176768e707e5d,near_2791da3a50be06fd2718,true,false,1
rec_54c8032bf529efd2051b,near_a6142a52a399c6ae97e7,false,false,0
rec_54d9c8a2025ec60e70dc,near_cc174e5bcbc915209606,false,false,0
rec_54da76e132d0630a0e0c,near_2791da3a50be06fd2718,true,false,0
rec_54dde1d6d4a388e805f7,near_91bb56f952fa5d02fc3b,false,false,0
rec_54e4c47aa7f87e55f334,near_2791da3a50be06fd2718,true,false,0
rec_54e4c6f5bf1bb842529b,near_b8b92cb7735a82211c21,false,false,0
rec_54e4d1e7d6acebb9da27,near_4b28324087103b9763e0,false,false,0
rec_54f74273811360f583c8,near_a00a05ecb1bc5e749288,false,false,3
rec_54f908ae64d7c457fb53,near_9c566338ac68ca303f91,false,false,0
rec_54fa701371c5cef16fbd,near_2791da3a50be06fd2718,true,false,0
rec_550b14bd2a0b9e5aa505,near_2791da3a50be06fd2718,true,false,0
rec_550de4ecadddb4eac8a8,near_986657b3985e91550edc,false,false,0
rec_551877dcb311fdbfd623,near_d76ad7279d823931c619,false,false,0
rec_55207987e24ef1d2599a,near_2791da3a50be06fd2718,true,false,0
rec_55277aea9847bd6b8520,near_2791da3a50be06fd2718,true,false,2
rec_5529970c21023475c3e4,near_73660ad7b9bf5a832c57,false,false,4
rec_552f19b9474deb36ef10,near_2791da3a50be06fd2718,true,false,0
rec_55501bcafbf4f636e59d,near_2791da3a50be06fd2718,true,false,1
rec_55526929e049db7cdb71,near_0093c28d5d2a0f7f3664,false,false,0
rec_5563d1e7bd94c35ee56d,near_a00691257146e853dee3,false,false,2
rec_556e2e2f218d19383c20,near_63cc81d2f436ce6b2be8,true,false,1
rec_55743d1aa286ca0c89a0,near_91174a5bc20d1af9d5df,false,false,0
rec_557974f9300d9e8dfc8d,near_2791da3a50be06fd2718,true,false,1
rec_55818bff8a7393a29f61,near_bf08ad3c7cf1413fcebd,false,false,0
rec_5582114d630012c35123,near_2791da3a50be06fd2718,true,false,0
rec_5586ad4b7ff86836dc8e,near_401480e50ae5fa2a2740,false,false,1
rec_559de01c38c08c1a291e,near_fc7c1bf63af3ab98d893,false,false,2
rec_55a0cf687ac8710033d0,near_92fa31eda4dc8a9df19b,false,false,1
rec_55a5612f0f57b608e153,near_33ea30a9da993c1aefca,false,false,0
rec_55accd4d9b4920530e07,near_83b738f77fa9251c1828,true,false,4
rec_55b493925b7420fb2468,near_2791da3a50be06fd2718,true,false,0
rec_55ba8370d2fcf39f77f1,near_1286e5625d5cebe70bbb,false,false,1
rec_55ce8f8c3c5ae7787cc2,near_0ed49b1d5b83501b0eb9,false,false,0
rec_55d5851d13be9c60d318,near_b884889f1906f1702468,false,false,0
rec_55ddfddfe5d33edbcea5,near_939355f7bde9e6a87084,false,false,0
rec_55e9df05dbcc6e7b02ac,near_2791da3a50be06fd2718,true,false,2
rec_55eb1b18449338f712af,near_ebd4ad6b712241365ef9,false,false,0
rec_55eefda78b3b80856946,near_2791da3a50be06fd2718,true,false,0
rec_55ef7bdd73b6a8a1b61c,near_2791da3a50be06fd2718,true,false,0
rec_55f9a5df4d5bfcb2a63f,near_0fe30b70073445b06c5d,false,false,1
rec_560a902c07a02abc3b79,near_2791da3a50be06fd2718,true,false,0
rec_560f73ee196f12d370f7,near_2d30340e5126098c9781,false,false,1
rec_5617ceede4158a4c0a27,near_15e992980990b97d046f,false,false,0
rec_5628b743461215fea91f,near_c917d3436c3021fd738a,false,false,4
rec_562b0c8cbcb025425cd7,near_9b90900ebb2aea9d9f45,false,false,4
rec_562c25701f62a39901d1,near_65edaafb4b841e24de4a,false,false,1
rec_563840a5b32d8b1f1934,near_2791da3a50be06fd2718,true,false,0
rec_5638b2ac5b9459424fc3,near_8cafe951ea8e81415367,false,false,0
rec_563aea0da7667d83e7bd,near_5eea8c96a4f7cc22bdbc,false,false,0
rec_56441249b3e4524507d0,near_851a4539a7c8a34b6e2b,false,false,4
rec_565048ed328d7df06300,near_cd6bd3ba943f2c9fcddf,false,false,0
rec_56523a344e3a311300e7,near_a528c6c6871a0a4aac68,false,false,1
rec_56583fc780046c3cfde4,near_96bc150a3f1ac2374a3e,false,false,0
rec_5671707fabd67cb3a410,near_2791da3a50be06fd2718,true,false,0
rec_568152849c5852c481f7,near_94ddd863b72893b72f47,false,false,0
rec_569a8801cde16a868120,near_7d89a89bfaff1e1d3e18,false,false,0
rec_569ac7f30aadd78db872,near_2791da3a50be06fd2718,true,false,0
rec_56a82f1abd7497740471,near_8dbb242afd4ea92b280d,false,false,1
rec_56b136d946a60d2cc0fc,near_cbab087979745d1c0a74,false,false,2
rec_56be644d140e0cebce87,near_ff24abcb79fd9f9a268d,false,false,4
rec_56c14edef8854dfe76da,near_2791da3a50be06fd2718,true,false,2
rec_56c5730dca3f4a0bb3f6,near_2791da3a50be06fd2718,true,false,0
rec_56d79a5f9a397d0c7327,near_48f4511427704e5a9ef5,false,false,0
rec_56d95980f25a3a4c6cf4,near_9befda6835addea8ce67,false,false,4
rec_56e217adab8d4af3aad9,near_6f6381fed5d2180cb367,false,false,0
rec_56e90e76502282e9d697,near_2791da3a50be06fd2718,true,false,0
rec_56eaf911ebbc8fc675e4,near_2791da3a50be06fd2718,true,false,0
rec_56eeb23a51c75ac5b6b4,near_6c5f7c2e2a985c234d4b,false,false,0
rec_5712b14e30bca9e33222,near_26bf2c9c99c5ebc186ae,false,false,0
rec_57251260306b45ec37bc,near_2791da3a50be06fd2718,true,false,0
rec_57257ec371a00f26549d,near_2791da3a50be06fd2718,true,false,0
rec_5729ab648529f84a7241,near_ae6031ec341d365d54cf,false,false,1
rec_5730672ef4540a22c364,near_15f2503a09da2a152f98,false,false,0
rec_573a3c461529529a7763,near_554403a6e6c7a70ec5a8,false,false,0
rec_57433ea52d7e9e008586,near_2791da3a50be06fd2718,true,false,1
rec_5752878623889475ceab,near_2791da3a50be06fd2718,true,false,0
rec_5752cec8078e17c29aa2,near_2a8e74425618a2645cb0,false,false,3
rec_57554b2ea3696f1782c5,near_3100c0be0d14e1fdde6d,true,false,0
rec_57579ccc175b98f26e47,near_c96e83435f16f96f5114,false,false,1
rec_5763d7fb5b35da745718,near_1c6e449907a34512b68b,false,false,0
rec_577511d3e8bfd688e78c,near_10ea4805849ce14b658b,false,false,0
rec_577f26011c17645c8c40,near_a69d970b19d87ad8cd43,false,false,3
rec_57864dceec7751b47383,near_7196eabe781a20991bf0,false,false,0
rec_579150fa1774472d76fb,near_dbe5457bbab934542c8a,false,false,0
rec_579227316c29ddcfabe0,near_16d520adadfd4fa0ceb3,false,false,0
rec_57936c800843a7cd90e0,near_80dfd9e46012ad7d070b,false,false,0
rec_579513547406405f6575,near_ac6a723d8b63471c786c,false,false,1
rec_57958736aec394771fa0,near_00d85e8163e34eeadbe5,false,false,4
rec_5798577977cdc3d4c7a1,near_7abc92af34d2ec203baf,false,false,3
rec_579a57b6da81f9650482,near_2791da3a50be06fd2718,true,false,0
rec_57b262a9ccbcaa3b6877,near_afc1afc5be58f5914fca,false,false,1
rec_57bbdd10a6c21db3060c,near_a2995df884ee918600bf,false,false,0
rec_57cca5d0fc7763eba0d1,near_2791da3a50be06fd2718,true,false,0
rec_57d3f22ac560352b53a6,near_748e57e836ee9e3ea29f,false,false,3
rec_57e2ff7c8644a416173e,near_58eaa11db37d5b4f28cf,false,false,3
rec_57f903dae8346dfe085d,near_ab02f585abe8a26dcf28,false,false,0
rec_57fa37fdd9df8e8225d7,near_2791da3a50be06fd2718,true,false,2
rec_57fa7f86224f9d7425cb,near_5f96123ed63d11bdf0e5,false,false,0
rec_58027c11deb58d875f5b,near_1ad34d21f6f49e781cc7,false,false,4
rec_580dac4dad118518b292,near_7e01c8768f3f27a4209f,false,false,2
rec_58124eb2e7d89fe8e24d,near_2791da3a50be06fd2718,true,false,0
rec_5818b7ecc5c8dd57e606,near_2d2d5947fe89d20d8cc6,false,false,3
rec_5828db946c25360686c8,near_2791da3a50be06fd2718,true,false,0
rec_58347658ee220d40f49f,near_2791da3a50be06fd2718,true,false,0
rec_58411d8858e491abd579,near_658524f29b8133f752a5,false,false,0
rec_584132b29d732eb08603,near_e621e4b290d5647379db,false,false,3
rec_5858ef24e306cc65fc4d,near_2791da3a50be06fd2718,true,false,0
rec_5883d40cbbf75abfca98,near_01d8d1d14622e22f29db,false,false,0
rec_58862edb771bac10666a,near_fe9067a57c305c821699,false,false,0
rec_588e6c3283c7265b80c2,near_c868da1c8c39d8575fd7,true,false,2
rec_5894c709b273cd21c9f7,near_0e901749c4ae5ee2f874,false,false,0
rec_58b0c3669c9c0bcacf03,near_87bb39285f151a10c230,false,false,1
rec_58b465168048d5621d30,near_558c91537781d83a7c63,false,false,3
rec_58be4f9fdc33def0f994,near_a45ee7ed484fd2ef0844,false,false,0
rec_58c4bcd46ab7706f1b58,near_2791da3a50be06fd2718,true,false,0
rec_58c55c6e068413d227e5,near_e79e8fe542844120ea23,false,false,1
rec_58d9963c6f173e1d569d,near_2791da3a50be06fd2718,true,false,0
rec_58dc4ac79ae4336c9b0f,near_f0e651ca3aee80c5e22d,false,false,3
rec_58e29f1fa49122da7e80,near_3da0a746868ab8de3955,false,false,4
rec_58e944815e5f70b873e6,near_2791da3a50be06fd2718,true,false,1
rec_58f267088fa1b1bdb043,near_f8edd8ca550652d0175e,false,false,0
rec_58fc3682322565aa6b31,near_0362befea7e6d08ecfdf,false,false,0
rec_5902019c246f05a0f26c,near_9a3567aac024c0f2a273,false,false,2
rec_590e9f2243e1a98cf46e,near_2791da3a50be06fd2718,true,false,0
rec_5911e828da693f6cc9d1,near_fbac34f3ca589e911533,false,false,4
rec_591c3ffd7884d98c8415,near_9789887c6cbd060f3e5f,false,false,0
rec_59315ab83120885edcc4,near_2b4e5598264d9bdc539f,false,false,0
rec_5932befaa04a9845c580,near_2791da3a50be06fd2718,true,false,1
rec_5937551434fde593e99c,near_2791da3a50be06fd2718,true,false,0
rec_5941244179d023f3c4fe,near_2791da3a50be06fd2718,true,false,0
rec_594c0ac51ff465b9c919,near_bf4507a059dde3080f8e,false,false,1
rec_5951108eb6c4912d2814,near_2791da3a50be06fd2718,true,false,0
rec_5953f72c9a5ea30f343a,near_1fc536e114724a4e8dcd,false,false,0
rec_5956937df7416d9366fa,near_2791da3a50be06fd2718,true,false,0
rec_595e00041599cc5a5de1,near_a7250e45ea66dcfd42ef,false,false,0
rec_59602cb6f49aa31a4343,near_c8203b1ab9498ebee677,false,false,0
rec_5968c2f8472c9199fa22,near_1e2a0e30d3c204c47a28,false,false,1
rec_5969780cd4cac3e63963,near_f077d7e9fa0e3fe8b0a1,false,false,1
rec_59743d2cf58eaf77318c,near_34b6affcc421ecc78abd,false,false,0
rec_597bb704290922dcc01f,near_2791da3a50be06fd2718,true,false,0
rec_5980fef912dd32f4d3c5,near_2791da3a50be06fd2718,true,false,0
rec_598491393bccb29cb1a3,near_2791da3a50be06fd2718,true,false,0
rec_598dbaa2ace8e46d06a9,near_2c07569820d52382dfb5,false,false,0
rec_598fd1205c80dd9f97d3,near_939355f7bde9e6a87084,false,false,0
rec_598ff50f7b0a66f756fb,near_1a3095e149761de26251,false,false,0
rec_5997bff9545aafa59a9c,near_2b1f785cc849cf416657,false,false,0
rec_599a86a1ae6b01226153,near_ba9d53e7c21c3d3687d1,false,false,0
rec_59a3318380a1501bdbec,near_fae7595bd6a806417435,false,false,1
rec_59a50f60892a2ae92ca6,near_7e7b846e7def434e6734,false,false,0
rec_59abb5e5e4cfa92c496e,near_be4c96368ced645e8614,false,false,2
rec_59acc9066c57184a6054,near_a4d06db4d2aaeb1a121d,false,false,0
rec_59ba98f395a128aa6095,near_a75ea3f3e238c826f06e,false,false,2
rec_59c094a14949893111af,near_2791da3a50be06fd2718,true,false,0
rec_59c11d225c2e1cbf2c4b,near_31dfe7d9318f994c6861,false,false,0
rec_59c1b19e2bb417362e7e,near_b9ee1ca15575ca8b5bcb,false,false,0
rec_59c239052f88e7280fa9,near_2791da3a50be06fd2718,true,false,0
rec_59c2dc4dc7f5b92f96ff,near_4c46710315915c5982f8,false,false,4
rec_59dbfc3a5ffa906747b2,near_611aabe7bf0decb7d140,false,false,0
rec_59e9dafc41d5fb0dff44,near_2791da3a50be06fd2718,true,false,0
rec_59ea27c78c5e4f5c606f,near_efd1482ecd089784fa4b,false,false,0
rec_59f1b2da219ae743357d,near_70aa754441f2fd41ada9,false,false,0
rec_5a09c69e5ef741a7fd7d,near_2791da3a50be06fd2718,true,false,0
rec_5a0c7ff2a9425b58a653,near_2791da3a50be06fd2718,true,false,0
rec_5a1df69857d69a106700,near_2791da3a50be06fd2718,true,false,2
rec_5a1eded461921656b485,near_ef6efcc8630ffc600095,false,false,0
rec_5a2599502fedf9090f19,near_2791da3a50be06fd2718,true,false,0
rec_5a2c6662451bbd1d2af6,near_1c8501ada9f37cdd6f8b,false,false,0
rec_5a2e6e446e0551c6155e,near_ac65973235d495e391e9,false,false,4
rec_5a40a937b38f65391de6,near_2791da3a50be06fd2718,true,false,0
rec_5a47d5f7ea6207f1dcb8,near_acb5c22513760ccd060c,false,false,0
rec_5a54e2c858febaeb3e24,near_68069db7eca0553b2500,false,false,2
rec_5a609679367d282cd121,near_2791da3a50be06fd2718,true,false,0
rec_5a7c325d970f22c6e034,near_d1102e599475fa0033f5,false,false,1
rec_5a865051d0ab0ca1ad25,near_09e6e42b67f16327dab1,false,false,3
rec_5aabbc682787e22c348b,near_2791da3a50be06fd2718,true,false,0
rec_5aad620c5199b99e998d,near_2f7bd396fa4369139fc4,false,false,0
rec_5aaf54c447641701ad55,near_2302a435db90c20ac663,false,false,0
rec_5ad2768c8ad8eaa2f798,near_48dba6f123166bc03a3d,false,false,0
rec_5ad315347c8d409cb599,near_923d77301f10fd7ab05b,false,false,0
rec_5ae6c0728c28f537f1c3,near_911995b3dbf89e864c28,false,false,3
rec_5aef3c10362aaab8ff2b,near_632d3cca35155b706283,false,false,4
rec_5af720dd3da0e298ef80,near_1180af2ed7ecc8e6d6e8,false,false,1
rec_5b0d1f10ddf82307d6b9,near_1bfc56ac26a63964381e,false,false,0
rec_5b0d93390a79cc38f379,near_bed07f966626d3ebb71a,false,false,0
rec_5b10ac3d205836c6d0a6,near_c9ea18b96ed6a76ce0cf,false,false,0
rec_5b16c43ab66d9fa08a7e,near_2791da3a50be06fd2718,true,false,0
rec_5b1b499d671f60ce6dca,near_862fa7ef443698ae2847,false,false,4
rec_5b273bc681f78300f628,near_282bbb330591f07aeeb4,false,false,0
rec_5b32901885d6ae3028a0,near_100f814a57e93048fded,false,false,3
rec_5b38986e25ffaf863b28,near_13f4e070563fd36996e8,false,false,0
rec_5b4077e4769d9146c764,near_2791da3a50be06fd2718,true,false,0
rec_5b4ae7d0c9afcb033a35,near_ef7c8511727e2998ec4f,false,false,0
rec_5b52b2a5c8f80494fc4c,near_1d5276cbc1fac5ae701d,false,false,1
rec_5b56e9e90b4ad4b7ee20,near_240dcb395274ef42deaf,false,false,0
rec_5b5847d416c44b13cff8,near_dcbe7b3ef086fb52c204,false,false,0
rec_5b5b6accf249347fb609,near_8cdc24ae7ebd01085014,false,false,0
rec_5b629aeeee9a01ddd0e5,near_2791da3a50be06fd2718,true,false,0
rec_5b70dcf302263559d639,near_608dc0384b22a959ee8c,false,false,0
rec_5b77ee3c09e5346b8823,near_5cae342412c352bc5211,false,false,0
rec_5b8d25e5aa0483000fba,near_2791da3a50be06fd2718,true,false,2
rec_5b8e0eeea730940f3da8,near_485db00724e2ab8ea31f,false,false,0
rec_5b96f493d6ec7abb33c3,near_11945bee0aaa5dab4f5e,false,false,0
rec_5b993a5f7bdccebff329,near_2791da3a50be06fd2718,true,false,0
rec_5ba0dab8c2c259359e77,near_2791da3a50be06fd2718,true,false,0
rec_5ba68fa1d23febbcf841,near_2791da3a50be06fd2718,true,false,1
rec_5baa2d448a8f78d284dd,near_e929276130ecbf543f2d,false,false,0
rec_5bac303515d02cfa7d28,near_2791da3a50be06fd2718,true,false,0
rec_5bc432808f699bdd43a2,near_51edd82c4496cb8e58b7,false,false,3
rec_5bca53a28b4c087ae3c6,near_2517021cb12dd24b4758,false,false,3
rec_5bcd0c523ef1528e0ff9,near_8f44fd43d54b67481579,false,false,2
rec_5bd5359b5fb230707b27,near_39d01dc146325c59edf2,false,false,3
rec_5bd9c534ef5dcc23b068,near_fdeb6ba182eca6a7c395,false,false,0
rec_5bdce4d67feca8adfb1d,near_47bfdc4259b85bee60a9,false,false,0
rec_5be3dc49a64d68b24ff0,near_7199b0584a02c91eb5b8,true,false,3
rec_5be4867217533f1886da,near_2791da3a50be06fd2718,true,false,0
rec_5be71ac71677ff1ac1f3,near_39d01dc146325c59edf2,false,false,3
rec_5be87b8ac86ab3c4a37a,near_4a3f9b8e1ebf2f6f9ba7,false,false,0
rec_5bf4d4821fb35cca83ce,near_1196e9686c886bf8ddcb,false,false,0
rec_5bfb946e3c24db8ab4d3,near_2791da3a50be06fd2718,true,false,0
rec_5c018d4433b95af49628,near_2791da3a50be06fd2718,true,false,0
rec_5c0a1d7bd31ae00fed05,near_24a2b58da6034f2fafd8,false,false,1
rec_5c0f83d549b455bc183c,near_25e45411995e828cf869,true,false,1
rec_5c104597e3a2ce986cd4,near_8ee45eee33553ac6858e,false,false,1
rec_5c10c64ea5e399708442,near_610cc4041eb59f346f51,false,false,3
rec_5c1e4a7d8f10c8f39df2,near_4539a56b4edc1ae791a9,false,false,3
rec_5c23173a78de13169e2d,near_c8bba3b0cfd858bf79de,false,false,3
rec_5c2e0173f468e0c3ad64,near_2791da3a50be06fd2718,true,false,0
rec_5c335d530cc3c4895b92,near_979070c9aa3d162d135b,false,false,0
rec_5c3d41ccf266dee0808e,near_3019f6604f1072ef47d8,false,false,1
rec_5c3f02d12745a43a7fda,near_2791da3a50be06fd2718,true,false,0
rec_5c45571ec44a71160d3a,near_37e5c49ea982e0ee720e,false,false,3
rec_5c56eefd9375cf75dc54,near_3f9ce579f63d7622485f,false,false,0
rec_5c5752e269c1079b5ac4,near_af8b2b724c125ed6105f,false,false,0
rec_5c59f7518b8d833ea553,near_ecc120b1756193d29350,false,false,4
rec_5c5f6d7b7fa9ccee90bf,near_2791da3a50be06fd2718,true,false,0
rec_5c6276ffee304669c4d6,near_cf7874a1436c9c070469,false,false,2
rec_5c64d3b06285b3d33a3c,near_d2d6cc4f5edbae9c1e49,false,false,3
rec_5c6f7f4270288574e9d3,near_08e1c4168f217d6795cc,false,false,3
rec_5c75176b84a1d15d0fc1,near_d1f1f79dd421bfac0244,false,false,2
rec_5c89da3078354316f8aa,near_6332fc3dd0c0bd2d04a6,false,false,0
rec_5c95b5977144986153ae,near_ce9b1386510a2af11b21,false,false,1
rec_5c96a8ff82dbeb9f1fa6,near_d04f1d233ab271f88453,false,false,0
rec_5ca1afbcd654d26c3616,near_2791da3a50be06fd2718,true,false,2
rec_5cab30d5a5961bd5c61c,near_eff88268c672c977dc38,false,false,0
rec_5cb1a8bb9ae237e55abb,near_d13aafdc3aadf5c834f8,false,false,3
rec_5cb46d4a4532ff8e7125,near_a6a9b4c4bc9569eac539,false,false,0
rec_5cb71d2066e265da8d20,near_2791da3a50be06fd2718,true,false,0
rec_5cc69650e5c0a084d1fe,near_2791da3a50be06fd2718,true,false,0
rec_5cc971ca7d22c1be07c6,near_50045c005be01e0c5bc8,false,false,1
rec_5cd1dbb2dd6df8b1e887,near_2791da3a50be06fd2718,true,false,0
rec_5cd72a5c611c08ecb1a4,near_2791da3a50be06fd2718,true,false,0
rec_5cd92cf6171a36a5c1b2,near_e7ba7e574b53220ca7b7,false,false,0
rec_5cdaa549766151967bb4,near_fafbd565cb67990e8b52,false,false,3
rec_5ce1fd5a68aea33b81ae,near_611aabe7bf0decb7d140,false,false,0
rec_5ce5618a4267c18ddba7,near_9d3f4a776fb204fe2239,false,false,0
rec_5d008323dfce49ca763e,near_2791da3a50be06fd2718,true,false,0
rec_5d08127a78ebd265e3aa,near_42079a635ea9c4bd4bc6,false,false,0
rec_5d0a3d3cdc95abcc416f,near_80fac50e1c8586f4c592,false,false,0
rec_5d0f42c83c8c44936102,near_9befda6835addea8ce67,false,false,4
rec_5d107c5f9658d9337c92,near_9e4355e9a976025d18d5,false,false,4
rec_5d19e77061d1d6ce8048,near_e399f7a5f5f48e8e1044,false,false,1
rec_5d1d087e8b3dde5350e6,near_2791da3a50be06fd2718,true,false,0
rec_5d1e2accc8c37b902982,near_2791da3a50be06fd2718,true,false,0
rec_5d24cb361ebb545bd878,near_8b55dc356d77deb0832c,false,false,0
rec_5d27ae1616ad08fb6a27,near_2791da3a50be06fd2718,true,false,0
rec_5d2efa3bd35d994d481d,near_2791da3a50be06fd2718,true,false,0
rec_5d365f25155dda9220bf,near_d57ca70a1c53722679e6,false,false,0
rec_5d3685746f647783f228,near_98e6a17967451f2b9e24,false,false,0
rec_5d499493b816098364c9,near_2791da3a50be06fd2718,true,false,0
rec_5d6078c9787c7d2be556,near_33a975c2dc4d66b8d41c,true,false,3
rec_5d6998d9f996e1840b93,near_0dcd170181561d14e917,false,false,0
rec_5d6c02f16b82b527b800,near_f179fcc7b8582e732838,false,false,2
rec_5d77041f9850c9ecd57d,near_3a2c84c0776c7c80e43b,false,false,2
rec_5d795381330047ca46ca,near_5225a73450a7f8057008,false,false,0
rec_5d7b787e2d77bcf48846,near_2791da3a50be06fd2718,true,false,0
rec_5d87e5571e8a229cb84b,near_2791da3a50be06fd2718,true,false,1
rec_5d8ca801a2f64fe42d57,near_71ccf0b0ac85678e3b8f,false,false,0
rec_5d8e8e3f20c091d40433,near_2791da3a50be06fd2718,true,false,1
rec_5da1e07f986dc80ba568,near_0608ab1361ce7bdbf8ef,false,false,0
rec_5db64288ea33cd6850e7,near_b98081e098fbbe1563c9,false,false,2
rec_5dcce6ef04126df33aa1,near_56c72e2eaf0b9fd65cd0,false,false,3
rec_5dd7677db25f9749d3be,near_6bfe27c6bd7e36032158,false,false,4
rec_5de0e300fd139a7401f7,near_2791da3a50be06fd2718,true,false,2
rec_5de2a4cafa2c1fdcd19e,near_2791da3a50be06fd2718,true,false,1
rec_5e0175a853d86add0e7b,near_75e7afd6749721f06f75,false,false,0
rec_5e0ea2c42d056f0756ed,near_eab3fb9ce274bad9a0d6,false,false,0
rec_5e0fabbe90cc52214ddd,near_dc5de4dc5a0e461baf05,false,false,0
rec_5e142a3d1bddb5f26812,near_aac7ebf1d0dad6b2baf2,false,false,0
rec_5e17cad341bf097c7b1c,near_c3ad383d9a03b3456253,false,false,2
rec_5e186ce4a2c63d274844,near_850a98c2707b0a2e574e,false,false,3
rec_5e1abbbdf608d58d806a,near_2791da3a50be06fd2718,true,false,0
rec_5e1dd0c8226ad4bced00,near_d09b8b88d6f2fbbbaf6b,false,false,0
rec_5e23516275b0a2e11d35,near_400ca544abb0f000d97e,false,false,0
rec_5e23705793ee373686a8,near_2791da3a50be06fd2718,true,false,0
rec_5e27f5d8ffd336fb02c2,near_812812d7b740aa557f3f,false,false,2
rec_5e2bbbd11fe693637bb4,near_050887e659c2f0af5fed,false,false,0
rec_5e312edfd29d11d30c78,near_2791da3a50be06fd2718,true,false,0
rec_5e35b43954ff0f452fd2,near_d883b21f9bfc2d56b7ac,false,false,2
rec_5e464fcb057a037ad498,near_6014020dadf55b18053b,false,false,0
rec_5e4a18983eaabaac689e,near_a268e9961242ec597ef8,false,false,0
rec_5e4b7c383f3490a5dcd0,near_2791da3a50be06fd2718,true,false,0
rec_5e4bc01851a5546654b2,near_8c0705c70b60898697a6,false,false,1
rec_5e51045734eb44c029f8,near_4ae4fad8538693cb5cfd,false,false,0
rec_5e517709b1d8faf5b65a,near_d1c5b5f402253a3dee2e,false,false,0
rec_5e5810b9057bc1c7882c,near_1b7af2ab3dc5cc879fb3,false,false,0
rec_5e5fb258ee306b4b7fe8,near_8cb4bbeae84e7f6b8202,true,false,3
rec_5e6991f33797949c1e63,near_8797ad067a6a62b20ce4,false,false,0
rec_5e6a56217bdfb223bc51,near_1c5cb4c8717c13a423ed,false,false,0
rec_5e6e14d115b368669103,near_2bbe9d0a4282eaa997c2,false,false,0
rec_5e6e89db6230596851fb,near_dc6d33c7cb54f893bab5,false,false,0
rec_5e6f0ea3ecf6dc1622d3,near_f62445ff27e43a087f24,false,false,0
rec_5e77e6cfbe9ea3ff497d,near_ed87762df2486470bf4c,false,false,0
rec_5e800120165cf41304a3,near_9a21b66458efa61cc105,false,false,1
rec_5e84815e71d34bd92f06,near_e25f3e6f0b5286cb23a8,false,false,0
rec_5e88c07542055a47a910,near_5141f2951374adb235de,false,false,0
rec_5e8f42bd7393093a1d0f,near_9fb0aaf11933530342f3,false,false,0
rec_5e98a8bd0a5f23726460,near_8ef9ec43e7bb53499d90,false,false,1
rec_5e9daaa84d8d376028c9,near_2791da3a50be06fd2718,true,false,0
rec_5ec1ea159f075acd28c8,near_cae6947588bfeb5c28ff,false,false,4
rec_5ec5b62d6d71f31615de,near_2791da3a50be06fd2718,true,false,1
rec_5ed3a351f91c67f73b97,near_2791da3a50be06fd2718,true,false,0
rec_5edc4fa50a57a8d8e889,near_2791da3a50be06fd2718,true,false,0
rec_5ee487cfc38891ade907,near_2791da3a50be06fd2718,true,false,0
rec_5eefb8d8ad46a746deb3,near_dc5991d9632031f5b8eb,false,false,0
rec_5ef0da9a188f8961a191,near_2791da3a50be06fd2718,true,false,0
rec_5f0ae2003380e4aec86c,near_a0eda7d4c00072bfd415,false,false,3
rec_5f0aef36845d77756042,near_2791da3a50be06fd2718,true,false,2
rec_5f20c5f113e366e39d01,near_2791da3a50be06fd2718,true,false,0
rec_5f2cbf7875b2c955b465,near_da84bac1798b8dbf4ac5,false,false,0
rec_5f2e46ebd4b955faf358,near_68069db7eca0553b2500,false,false,2
rec_5f2f8eccfdb2ce5c125e,near_7e1001ef8d4785fcd62b,false,false,4
rec_5f32647ff3a83c0c1610,near_d5d5c3c98edf7ad4c6e8,false,false,0
rec_5f32d48891928051eda1,near_fbe931b6ff79b525423b,false,false,0
rec_5f33cef7f892f98eac46,near_29c3367c4c3d2d0f0661,false,false,1
rec_5f42ebfd022735d58334,near_5f791a30c20f19932dcb,false,false,3
rec_5f472a319aee816d07d6,near_2791da3a50be06fd2718,true,false,1
rec_5f4cc65dff6cd5d272a4,near_4495370cf26b1ae17e53,false,false,1
rec_5f4efd94bdff098fd153,near_2791da3a50be06fd2718,true,false,0
rec_5f52f089a27c194f9cf6,near_7ce6e5f16b2a7d208349,false,false,0
rec_5f53d8bf6fe4bd232f6f,near_2791da3a50be06fd2718,true,false,0
rec_5f55fbbaef6190c12f94,near_da42fe429a56fd1feced,false,false,3
rec_5f5ad79e1eb96e7be63c,near_2791da3a50be06fd2718,true,false,0
rec_5f5be2db0675e9dfe639,near_a7dfe2a62deca9504000,false,false,0
rec_5f7344720d9fdc6c89ba,near_c6a6f25c48975a8b7aed,false,false,0
rec_5f8cea6cf275dee47e7b,near_6823c147d59b54583f0e,false,false,0
rec_5f96d79643c4e1d1857d,near_6c05db0c8c4b589f7d2f,false,false,4
rec_5fa18561d18f190545e4,near_66a11544dfff2017e3a1,false,false,0
rec_5fa215361d040638129f,near_91a657370ef7649b9c5f,false,false,0
rec_5fa5bdb0c74cb04cbda0,near_8ba1cb1a0dcfb5efd4d0,false,false,0
rec_5fa67347dd35b9d0c307,near_a7d89f7f917c11bc5d59,false,false,1
rec_5facf0d4a9b83a3c399d,near_2791da3a50be06fd2718,true,false,0
rec_5fb046b41fe00806e4d3,near_2791da3a50be06fd2718,true,false,0
rec_5fb324e69014905fa2c4,near_b6093beb426ea6bdf71e,false,false,3
rec_5fd0c1b47040f991f125,near_59541374c21d675a8584,false,false,0
rec_5fdb3924887f0a1f96e3,near_2791da3a50be06fd2718,true,false,0
rec_5fed59a29211b9f863a7,near_2791da3a50be06fd2718,true,false,1
rec_5ff1ba574f9f43f8aa2c,near_8d30d7026b6d4e527aaf,false,false,3
rec_5ff7c6d4a302a1978568,near_86b617db7549132e11de,false,false,0
rec_5ff9780927bc4a380960,near_6b45b26fdceb7f2fcedd,false,false,1
rec_5ffab4b3e9eaa17879a0,near_8732a35d9fb0b3f2d250,false,false,3
rec_60000074788cfbdb43c1,near_7700c93e25dcff78cbf6,false,false,2
rec_6009b72eec31c30bbb97,near_e614dd14e42e4f4b34e5,false,false,0
rec_600af40b202765e54991,near_2791da3a50be06fd2718,true,false,1
rec_601d016585cf12d578a1,near_16d287ba9e91e1a4d97a,false,false,0
rec_601e397e1c0205ab6641,near_2791da3a50be06fd2718,true,false,0
rec_6020a667946415386f9f,near_2166bf43e96e8ffc3fea,false,false,3
rec_602755d6c40bbf694d10,near_c8da41faeab03dc862df,false,false,3
rec_602ed0ac1fb5bcf81d10,near_2791da3a50be06fd2718,true,false,0
rec_6032f2e436212cdaefbf,near_70171355ea038a9005e9,false,false,0
rec_603e8beb12e63c938313,near_d2257a73a643e05f18f5,false,false,0
rec_6042ebfa70023c024502,near_c991700197b249ee6932,false,false,0
rec_60476eeb17bb303ffc04,near_ba5ff3fc5aa24bc34047,true,false,3
rec_604ab6a9d1f9d165e0d8,near_6b2fa5328afa6ed30ff2,false,false,2
rec_6057a7789bc5fe72cbef,near_2791da3a50be06fd2718,true,false,0
rec_607668b1816d7ac161a6,near_2791da3a50be06fd2718,true,false,0
rec_607e3f94a70198323d57,near_a28d2784d49b8c964a63,false,false,0
rec_6081d8b964df6d06935a,near_c9c7aa7e461f95132460,false,false,0
rec_608c11ecf2fa2cf0d9a2,near_2791da3a50be06fd2718,true,false,0
rec_609a17fc372113d40bb5,near_09c5fd3ae2755b848e77,false,false,1
rec_60a3d0e3d0b2cb1d1f92,near_4f0b9068a9191c52b43a,false,false,0
rec_60ab2ed7f0c4aefa6551,near_9add0ccb49917ef15641,false,false,2
rec_60c2657f9af0152b572a,near_2791da3a50be06fd2718,true,false,1
rec_60cb27df0f5f1f5b0d85,near_b416ed4eb224f08da4ed,false,false,4
rec_60d1b11b180e948a780a,near_4cecc66d62f4897adb25,false,false,0
rec_60d28d7a5ccca82c79ad,near_68a71550458781877d97,false,false,0
rec_60d46a72c350a5530444,near_bf8d6e52789f9cf90d35,false,false,0
rec_60d798a7766e7a7a77da,near_4568a31187275efb6a8e,false,false,2
rec_60f0ae13e8ab5b615c5d,near_aa8cb42567f32d076ec7,false,false,3
rec_60faf3684f3c331f495e,near_2791da3a50be06fd2718,true,false,0
rec_60fe386ec050066c6ab0,near_6bea921c74465c7f35ed,false,false,0
rec_6100d69daa128e44e10f,near_34dd259863118021cf90,false,false,3
rec_611b7f6bf696d64bcd75,near_6a9baacad6bf3657c777,false,false,2
rec_6125bb1d0d948b0818f1,near_7b02623e14c979453de7,false,false,0
rec_6135927115bc4ce22104,near_73b4f9be80127296027b,false,false,4
rec_614b567d436d0d1980a2,near_2791da3a50be06fd2718,true,false,0
rec_614beb5c831c458c2fc6,near_6d9834b1b7fc5a6e1a72,false,false,0
rec_615c86789855c91422ad,near_2791da3a50be06fd2718,true,false,1
rec_6165095cdacedbfb3c93,near_5b9155b62a877a75e031,false,false,0
rec_616552ce0374d7cf4804,near_c0807e34ed4676c6aa18,false,false,0
rec_61683f25eebd32e21a8b,near_7ce6e5f16b2a7d208349,false,false,1
rec_616e18e9e3488430cbf7,near_2791da3a50be06fd2718,true,false,0
rec_61710262c048240bb612,near_52b4bacf34fde5ce9d30,false,false,0
rec_61729500ec479e2ddc65,near_2791da3a50be06fd2718,true,false,0
rec_6179dd0c11ceaaada582,near_2791da3a50be06fd2718,true,false,0
rec_617c6fd6b1e30ccce42a,near_c3622af87101f9db3b22,false,false,0
rec_617eba3df4c428e3012c,near_f843667777a2ee423262,false,false,1
rec_6184086eec656de37b07,near_c532386a5c87ff6305c7,false,false,0
rec_6186f5af93c2c67fa29a,near_7dbb43a42415eb77218c,false,false,2
rec_6187d05a61cf4b9445b6,near_a3df0a9f47a95d35cc0f,false,false,0
rec_619309e21ca0434f0b54,near_db8031ba54673a3f7cdc,false,false,3
rec_61a7e6f4de64ba0768ea,near_8e6f434d08a193feee7b,false,false,0
rec_61a845666377edd0e223,near_2791da3a50be06fd2718,true,false,1
rec_61afa23abfbb5a859e19,near_79f855c118f5cefcb60b,false,false,0
rec_61afc61be126824efc05,near_6bd3f061c35801d338d2,false,false,3
rec_61b19d77926c99377627,near_513f632daca909b43d16,false,false,0
rec_61b769fd7dde9416d88b,near_2791da3a50be06fd2718,true,false,0
rec_61ba54c03e5fd4d72945,near_7cb5ade6b97c1cabbf8d,false,false,0
rec_61bb8407279848e0645a,near_2791da3a50be06fd2718,true,false,0
rec_61bd41458d9bc68959a1,near_8f0e3317a51b3721b5ab,false,false,0
rec_61ca07303e6fae4ae1d6,near_e8d244e2e80da8ac89ae,false,false,0
rec_61cd025bfb0fd38e7f1c,near_2791da3a50be06fd2718,true,false,2
rec_61d592eaad04548a58ba,near_2791da3a50be06fd2718,true,false,0
rec_61d92a865956ac2759c9,near_ccd261d9511ba6143b64,false,false,1
rec_61e112241cddc8b1e066,near_07a8554dbd4314288c63,false,false,1
rec_61e5748c1a4887e3198d,near_d3019c3c852ca2f51357,false,false,0
rec_61ee7081de9a41ed9bec,near_7199b0584a02c91eb5b8,false,false,3
rec_61fe53f330310a6193f4,near_ae586c022ca1e8dde888,false,false,1
rec_62016923dcaeaa5fd3aa,near_2791da3a50be06fd2718,true,false,0
rec_620e60f057078dbd75de,near_53419c8ec32d8200dc6e,false,false,1
rec_621ae655c6b320621ae0,near_1972e663425cd167693b,false,false,0
rec_621c019d7c076477c8aa,near_e1eeef864ee6d7dbaf67,false,false,1
rec_623558f4741b2b257e41,near_2791da3a50be06fd2718,true,false,0
rec_6243ccd3fc7348326d41,near_2791da3a50be06fd2718,true,false,0
rec_624f1208df54c7e1cdb9,near_8c9d52192c1014cf5d31,false,false,1
rec_62525ec550012df57bc2,near_0dcd170181561d14e917,false,false,0
rec_6256883ad260b0722055,near_bcd0b7af8235e9d335f1,false,false,0
rec_6285e0bdd68898614780,near_2791da3a50be06fd2718,true,false,3
rec_6286d53141c68a877902,near_672f8b4a4633f74e3836,false,false,0
rec_6288673dbe7abc945b76,near_46bae3492778b5c1dab6,true,false,0
rec_62acd85507ed240a648a,near_a9f50fff56743ea3cb52,false,false,0
rec_62acf03e8fa6c3c9bb9f,near_a61e7228b96c55419329,false,false,1
rec_62b3f7a05ebccb56ab64,near_c2d57a6cb1f4793ee6e0,false,false,1
rec_62c43a9ddf8fdada38c0,near_48b45ea21d6a171bb379,false,false,0
rec_62c73860ecddbe340391,near_2791da3a50be06fd2718,true,false,1
rec_62e6c7b5713e5e289e01,near_2791da3a50be06fd2718,true,false,1
rec_62eb96676c45dd99bcb4,near_425dcb8bbbd06ba2fc9c,false,false,0
rec_6312ae344838a1e2e883,near_d2c3a286e038e222366c,false,false,4
rec_631df38a1deb98d8f476,near_6dabb792c50b1024df2a,false,false,0
rec_631f4fc887eaddc12981,near_5ef0354451626bab72c8,false,false,0
rec_632403f24f92d1b14a60,near_2791da3a50be06fd2718,true,false,0
rec_63244ba1a88ddc7a1abf,near_2791da3a50be06fd2718,true,false,0
rec_6335bc6496851e7e2574,near_80a1ee7c7b9aa9055050,false,false,0
rec_63373b3b9d8eb2df2371,near_548be12cbd765420a296,false,false,1
rec_633c65b7ab57200a8105,near_81114c2afe926ec1353b,false,false,4
rec_633fcd6020fdeb126e1a,near_ca4b5fe44fe8039d6eb4,false,false,0
rec_634857ced97808a7e5bf,near_c5eb5daae81c5f71fd47,true,false,0
rec_6358f1d2994fc826ddac,near_ed8209866231d7f83adf,false,false,4
rec_636382a3085e106567b4,near_e55da19de528a55fe965,false,false,0
rec_637a333b245c6a142f70,near_2791da3a50be06fd2718,true,false,0
rec_6389bfa27788941e756b,near_2791da3a50be06fd2718,true,false,0
rec_638a01633495fb1f9cd8,near_f6c89bcbb14956266ce1,false,false,0
rec_638b52882f852d19c6d9,near_2791da3a50be06fd2718,true,false,0
rec_639013cccfe1ad9de41a,near_8ce11902e5b9203b0be7,false,false,3
rec_6397b25b841913c1439a,near_09e6e42b67f16327dab1,false,false,3
rec_63b59df146d365b5b98b,near_09ee62795d8cd9100558,false,false,0
rec_63baa3e035be4fe25e6e,near_8b2efd283b14d14684d0,false,false,0
rec_63bbe1c870828bdee13e,near_2791da3a50be06fd2718,true,false,0
rec_63bd79bbb53d5c0e60f3,near_6c7b38d57aeabe8fc3df,false,false,0
rec_63c292c29e81aa5de0eb,near_1cfa89b484ae12a05674,false,false,3
rec_63c3206282628263a154,near_ac6a723d8b63471c786c,false,false,1
rec_63cac5027d7187362a68,near_6de3eb35c300631630da,false,false,1
rec_63cb5b0ecdd4a2a8e214,near_3d6e410c736887067c9d,false,false,4
rec_63d30e18495a46227ad8,near_98a48f04200249b49370,false,false,0
rec_63e690fd2dff190e52d3,near_2791da3a50be06fd2718,true,false,1
rec_63e986f6b4055dd0ef23,near_b69f6ed2d422da237e26,false,false,1
rec_63ea99faae4f04061c98,near_2791da3a50be06fd2718,true,false,0
rec_63ed0be6924f58e9a045,near_0b7d22cb75b03c5f185e,false,false,0
rec_63efc2fadc7898814c56,near_2791da3a50be06fd2718,true,false,0
rec_6403ca129365d49503c2,near_c51307fa8994fd5d8f9f,false,false,0
rec_642a0565e21dd322602f,near_1f30849c6d0c8bcf43a3,false,false,4
rec_642cebf814e3e51a4116,near_33297ca789efaadd98e5,false,false,0
rec_642ea674d6acb7ed008f,near_6479c405df452536fa25,true,false,4
rec_64375b37aea91f2ff42b,near_7e1c09667a1c225cb3fd,false,false,4
rec_643f5bbd18321194a176,near_f6c50043a5ba09ec6c31,false,false,0
rec_64481211c9ff0a2ae794,near_649838347a18b06c6c5d,false,false,4
rec_64521d496328815d8b74,near_2791da3a50be06fd2718,true,false,3
rec_64534e36938bbb79d1a1,near_2791da3a50be06fd2718,true,false,0
rec_6457bc1ce3772eaa8021,near_6648f0370811db68a3a3,false,false,4
rec_6457d54a924b62c8f806,near_2791da3a50be06fd2718,true,false,1
rec_645a540f65bc8bf0d34e,near_2791da3a50be06fd2718,true,false,0
rec_645b8545916164dcd1f9,near_472c451bd9a9095df055,false,false,1
rec_6469dbd7950efcd5cbec,near_2791da3a50be06fd2718,true,false,1
rec_64712d5130fd60232204,near_784eb058010144f5e80f,false,false,2
rec_647443b832339a3db30c,near_7eab7d03722aa3353491,false,false,1
rec_6489eeca42b2a4242e11,near_5f791a30c20f19932dcb,false,false,2
rec_648e3a13b10bacd976f6,near_2791da3a50be06fd2718,true,false,1
rec_64921c98d67a543bbaf2,near_1ac96c04078d0b748684,false,false,0
rec_649675ab2089cdd4f418,near_2791da3a50be06fd2718,true,false,1
rec_649678b64db119dc4440,near_cad5281a2cb3c9790e24,false,false,1
rec_649a9a3648bb97f6cd5b,near_2b63423fc383f2e9a223,false,false,2
rec_64a7192fdb75d715a63e,near_2791da3a50be06fd2718,true,false,1
rec_64aafec09e4732bbee3c,near_15e992980990b97d046f,false,false,0
rec_64bda1e9eff4ee20643b,near_0a774b877f7f52282163,false,false,0
rec_64d411903081651a9f76,near_95bf4fed2c701af97816,true,false,0
rec_64de970c598d19747b0c,near_39d2c038e3df83ef1b9c,false,false,2
rec_64e047f4bcf17fac2404,near_01a601cf0719f495fad3,false,false,0
rec_64ec00fe8882ca45ab34,near_3d537f170bdb2350859e,false,false,1
rec_64edcefa9c4516d1c965,near_2791da3a50be06fd2718,true,false,0
rec_64f5d9b28e23717ef8eb,near_cb757714d266c5019ad3,false,false,0
rec_64fbac0f12da73eade64,near_623d7916b7c2dce7eae1,false,false,1
rec_65121870c9c0a9f7e270,near_2791da3a50be06fd2718,true,false,0
rec_651f61355a6a4850184c,near_2eed66ba605949c3f9d9,false,false,1
rec_6527f2616fcb7c1f84dc,near_2791da3a50be06fd2718,true,false,0
rec_652d6b2d76a64794667f,near_2791da3a50be06fd2718,true,false,0
rec_6532b734f5c094d079f3,near_2791da3a50be06fd2718,true,false,2
rec_6546fc4cbf435f5776fb,near_c7cd3e127411c5bf6b68,true,false,0
rec_654706c20e8e34e6b821,near_6e26774153c06a742736,false,false,0
rec_654894a4177b74c9e519,near_2791da3a50be06fd2718,true,false,0
rec_655cd43b97882c06f3cb,near_2791da3a50be06fd2718,true,false,1
rec_655f0a14b3cff8435bb8,near_62dc794ac188e2f06559,false,false,2
rec_657df5a36906de3c3bc8,near_31aa0cc9fb7e4e27e3bd,false,false,1
rec_65927014c105c6e35308,near_301d48728324d3e7ebb7,false,false,3
rec_6594fe1eff003871c7e3,near_2791da3a50be06fd2718,true,false,0
rec_659b05643a396680590b,near_94f65b52fb76eb289606,false,false,3
rec_659e0038b4f321a15ddc,near_2c0977092bcfaf1f8523,false,false,0
rec_65a7fa349bcb84390f1d,near_78fb8efe7ee3e23a356c,false,false,0
rec_65b90d384b6229de9862,near_2791da3a50be06fd2718,true,false,0
rec_65ba1cfb0a95eec23669,near_4bc3cfce6b1d3f131973,true,false,0
rec_65bde19d29a0f638876f,near_7b431c665e60bcd1e776,false,false,0
rec_65bfac75475e410f25c6,near_bfab9f5d97b93ba63698,false,false,0
rec_65c608b4b0159ee1d126,near_2791da3a50be06fd2718,true,false,0
rec_65c7719af20310cd490b,near_c5daebf8ab2fee8c9e29,false,false,0
rec_65cb65d130d8179d80ec,near_182bfb0516638038bf70,false,false,0
rec_65d4f39e5fcf8793f6e4,near_2791da3a50be06fd2718,true,false,1
rec_65da416c1140c72f7128,near_2791da3a50be06fd2718,true,false,0
rec_65daa7047f43bc37b4ea,near_2791da3a50be06fd2718,true,false,0
rec_65e710e63be03d26852e,near_2791da3a50be06fd2718,true,false,0
rec_65eb7f960aba0d341cbf,near_2791da3a50be06fd2718,true,false,0
rec_65ebbab61c6e28d45293,near_2791da3a50be06fd2718,true,false,0
rec_65f2c88554cde4633858,near_93ea486a0111b8f08481,false,false,1
rec_65fd6c1b04c49201bb95,near_32380e74b17e49fc0136,false,false,0
rec_65feaf236644f8d0196a,near_090c370db50813528b14,false,false,0
rec_6605c452d09116d9e1f1,near_ea5293c90c911c9082f3,false,false,1
rec_6612ec74f86cfdf36778,near_b60d601e863d6847f4de,false,false,2
rec_66173ac549aafe55bcff,near_2791da3a50be06fd2718,true,false,0
rec_661f1babb014206a2c0e,near_9a3567aac024c0f2a273,false,false,2
rec_662f1bc2d2fb77db8f1e,near_9b1a15e8bfeab3e868f9,false,false,3
rec_666299d56754a43b0801,near_55586113e1b7ed90f48d,false,false,2
rec_666dfb819991ee77976a,near_aa0b2b968f5340c18598,false,false,0
rec_6670c0abdf7ffa02ef37,near_7eae2e8752a9224d4eef,false,false,4
rec_667552fe50dd760d01cc,near_2791da3a50be06fd2718,true,false,1
rec_6677838c80f58dd5cb06,near_3804523f7889fb8501f4,false,false,4
rec_6678679018debee37262,near_a28d2784d49b8c964a63,false,false,0
rec_667cfac61a1171a3e29c,near_2791da3a50be06fd2718,true,false,0
rec_667f714b6f71cf792ef1,near_2791da3a50be06fd2718,true,false,1
rec_6682e7a27db7149bb63c,near_7d9b03ece99a52cbc42f,false,false,0
rec_6689e4addf5c3544e0bf,near_1874d8fa0b009cf0f4ff,false,false,0
rec_668d17a4ac623cc95756,near_e09f9d75fddffafa2970,false,false,0
rec_668d387930dd9e0e7ec4,near_1481670fc332f5b30580,false,false,2
rec_66918387638e24d4dddd,near_c7c400ac50ebacb3c07c,false,false,0
rec_669b5f845a882742e4bf,near_5eb2ba15ca6d322a2e55,false,false,1
rec_66ae8d0b0db5d01259dc,near_1a3a1374907d6a296f8d,false,false,0
rec_66b165a45fd62223aeea,near_222059ef835cba8fdab6,false,false,0
rec_66bbce57f8bce347426e,near_2791da3a50be06fd2718,true,false,0
rec_66c386af9d1d540e5e43,near_dc8a01e24838a5f3bcb6,false,false,0
rec_66d21a1511447074637b,near_ca63650f14cce3a27b19,false,false,0
rec_66d823226a75b72c8528,near_4111f61cbacdd6be6317,false,false,1
rec_66dd09b174de30c626cf,near_0c6a2a188f13f168cfa5,false,false,0
rec_66e3b1fecf3875944589,near_aea60db51ea5b8c66dc0,false,false,0
rec_66f218d25260eb132ebb,near_d74f32695da8f327a202,false,false,3
rec_66f2d57458c024f25981,near_2791da3a50be06fd2718,true,false,1
rec_66faae49c7af68cf291c,near_fe9067a57c305c821699,false,false,0
rec_67089c587e07fecea01b,near_a344117e14ee5d0a8368,false,false,4
rec_6717034d943d7c311325,near_2791da3a50be06fd2718,true,false,0
rec_67236c0c3cde5076d068,near_215f59c14c7e20034d0e,false,false,0
rec_67329b1db48ed3edae48,near_1fbe04142372e96c3865,false,false,0
rec_67378c53a4b21e355982,near_2791da3a50be06fd2718,true,false,0
rec_6738193719d3b1c555dd,near_2791da3a50be06fd2718,true,false,0
rec_673ce7e36fedaf198bd0,near_1e2cb273ab4fd3140450,false,false,2
rec_6741a3cb6fc5817e78b1,near_2791da3a50be06fd2718,true,false,0
rec_674a6aa00616ada162da,near_2791da3a50be06fd2718,true,false,0
rec_67508a1e0a924d006911,near_2791da3a50be06fd2718,true,false,0
rec_67579f2e3b75e692cec7,near_2791da3a50be06fd2718,true,false,0
rec_67616374f1c4a1cebdab,near_8df19cdc2b04f8f5e28a,false,false,0
rec_676925330e1448319f7d,near_5dc8ac6d36dc7b126f68,false,false,0
rec_6778f97afe6d209029c3,near_42bf15ef7d16d7e4bc88,false,false,0
rec_677d1298a54125d243ca,near_1d18a8df76e21df248d8,false,false,2
rec_677f312c23d8a6f521db,near_2eddb3030c088c989994,false,false,4
rec_6782d9e7eb81cf10cae1,near_2791da3a50be06fd2718,true,false,1
rec_678773444f3bcba897af,near_2791da3a50be06fd2718,true,false,0
rec_678b041cdb742e172285,near_e09f9d75fddffafa2970,false,false,0
rec_6795ee533ecdc6ea95d1,near_2791da3a50be06fd2718,true,false,0
rec_67a27e5adf5f18ef26f5,near_2791da3a50be06fd2718,true,false,0
rec_67a552187a46f4fdff3c,near_66843b2456b5d5d00703,false,false,1
rec_67b31de80ae488124c67,near_026baab258820cba4eee,false,false,3
rec_67bc3afd52b50ae34aa4,near_c34329aeea7a4983456b,false,false,0
rec_67c0fef3747c14cb27fd,near_2791da3a50be06fd2718,true,false,0
rec_67cbed5f29d90b99c07f,near_2791da3a50be06fd2718,true,false,0
rec_67ccf4e1ed743e9928d7,near_c3ad383d9a03b3456253,false,false,2
rec_67d591962c64fedf8b5f,near_0904467c905486eb5c18,false,false,0
rec_67d7730c177593f88045,near_3d75b09a904c6c90fdf1,false,false,0
rec_67d9c7c0c8982c22f8bd,near_cff8d3d56927905fb346,false,false,0
rec_67db4232ba313f49cb0b,near_ba340c5cb23ffe736ce2,false,false,0
rec_67e75553319a5ce9e4e8,near_6b7a67a921e51a13cd45,false,false,1
rec_67e93e74c8346e6d79aa,near_63299473861423e6fd01,false,false,0
rec_67ea3c55b8254196f35d,near_dd8471a591a6c549f50c,false,false,4
rec_67eb5c1a7c5f3370bea0,near_2791da3a50be06fd2718,true,false,0
rec_67eca209f35152133096,near_a328a1550c808c8bcedf,false,false,3
rec_6808973a66ca27231635,near_04df586b121f8a7c976b,false,false,0
rec_680ddd85f5f6036b364b,near_d27768779c1ac1221906,false,false,3
rec_6811eda05be3b2c33fcb,near_34f9cfb088e3cdde56aa,false,false,0
rec_68167f36739e697657ea,near_ae32d4cb00eb48944b48,false,false,3
rec_681910f8e3a00704aa44,near_2791da3a50be06fd2718,true,false,0
rec_6819f55eeafcba00e34f,near_32041d86069bc3e4b327,true,false,4
rec_6822966eeb41c27459c2,near_2791da3a50be06fd2718,true,false,2
rec_682bcc5125c6c0fc8297,near_2791da3a50be06fd2718,true,false,0
rec_682cf8a1e4ebe4a1d903,near_25d2304e1334b1f0cbe2,false,false,0
rec_682e18d116234ac71576,near_2791da3a50be06fd2718,true,false,0
rec_683278f9719e96b94223,near_2791da3a50be06fd2718,true,false,0
rec_6838acd879883fbda2e2,near_400ca544abb0f000d97e,false,false,0
rec_6841784da8ab0683a958,near_06597005ac0622e2dc05,false,false,3
rec_684236c28a05c2a52d7c,near_d76ad7279d823931c619,false,false,0
rec_6848d6a9f6c58a67360e,near_77fb7b1befdf189aa1f8,false,false,2
rec_684b6a88d79f12577c38,near_2791da3a50be06fd2718,true,false,0
rec_684df4eb0d106f6e2550,near_17f113cfaf2eb7cea3eb,false,false,0
rec_68597d75b8d7829aaa12,near_7199b0584a02c91eb5b8,false,false,0
rec_685f4d1bf7c15e041777,near_2791da3a50be06fd2718,true,false,0
rec_686c6dc799cfa97cf6bd,near_2791da3a50be06fd2718,true,false,0
rec_6875edde5d5b1c27a9e5,near_51cc052d7c9a2a5fee69,false,false,2
rec_687688fabd5fa65c70c3,near_2791da3a50be06fd2718,true,false,1
rec_687f11f6a07d74dc60cb,near_651622c47c30b466d1f8,false,false,3
rec_687f63219e50f6cb4845,near_2791da3a50be06fd2718,true,false,0
rec_688043a3b9886b4eb3c1,near_3994fea1931ee7e2d5b1,false,false,1
rec_6882f88417651decb919,near_65edaafb4b841e24de4a,false,false,1
rec_688b90c0edd88c9d39f8,near_eaf564683fa8ddba4c9b,false,false,0
rec_68987a5b5b94f01ece60,near_2051bf69100c4abc8d3d,false,false,0
rec_689a64472d5ca820cb35,near_43bb1939068db7cc5a0e,false,false,1
rec_689dff8dbedb2d42248b,near_2791da3a50be06fd2718,true,false,0
rec_68ad6d56ea00b3995cfe,near_4efb8baea7618611172a,false,false,0
rec_68bc0f504a79cbe2d091,near_c4f388829c9ffbc31923,false,false,0
rec_68be9ba96beeb76bc327,near_8787e10a03b885fc0d9b,false,false,3
rec_68bf4558ee294ad023f3,near_24a2b58da6034f2fafd8,false,false,1
rec_68bf5364be72cb268898,near_2791da3a50be06fd2718,true,false,1
rec_68c69f8be7e802ac9d9f,near_88d286cebf055cf569dd,false,false,0
rec_68c8c560c390b8b6e7cd,near_2791da3a50be06fd2718,true,false,0
rec_68ca8aedb75f4fb8ead7,near_fbbfcbb14ff9b7415bdf,false,false,0
rec_68cda7e36d5a7341669b,near_2791da3a50be06fd2718,true,false,0
rec_68cfd5300b5cb97a7765,near_d981b924a1f52c9039f2,false,false,0
rec_68d3abab72effee2dcd6,near_2791da3a50be06fd2718,true,false,0
rec_68da76b499c3907824bb,near_e6bf12368ee758773f3e,false,false,0
rec_68de2d0df5b89ef9fa4c,near_2791da3a50be06fd2718,true,false,0
rec_68e3387b5c2343d6341b,near_97776cee720b6130ec44,false,false,4
rec_68ec580b1510386bf50c,near_ddd85f318afe43554e93,false,false,0
rec_68ed4211e2e642346184,near_d947a53c05db7a00f9f1,false,false,1
rec_68f77c4fff4f753c6675,near_dadc804a0361cde3e95a,false,false,0
rec_68ff45004e4a61a89641,near_3217ca5bd581fb372e0d,false,false,0
rec_6903800e1214b54cdc66,near_5f3f7cffc6f3be1638c3,false,false,0
rec_690660fbb3a3c704c49d,near_2791da3a50be06fd2718,true,false,0
rec_6913d3d38f2a2dd9dd24,near_04cb01253ad161b66c8a,false,false,0
rec_6918422f8192d823cc17,near_2791da3a50be06fd2718,true,false,1
rec_691bfa5613946ca38e07,near_7a7c35c0295357231d4b,false,false,1
rec_691d6ad5337ba0b4e72f,near_2791da3a50be06fd2718,true,false,0
rec_69251efefc6a03d76332,near_51b44f5f0d2c08dd3c0c,false,false,1
rec_692e409936b284f67268,near_eaf190be805ff1526bd2,false,false,0
rec_69358e7678c8c796c6b0,near_1b2e1aab74cc52224bb5,false,false,2
rec_6935db6572444bcf7cf6,near_2ceee1ef36c95b6f4f94,false,false,0
rec_69394ee15581cb97458d,near_2791da3a50be06fd2718,true,false,0
rec_6943513f1d95683b8f67,near_36cf618cfe6f4070b81e,false,false,0
rec_69531add31fa11256b2f,near_2791da3a50be06fd2718,true,false,1
rec_695df34cb19470bab4a1,near_fdf9df3ff6840e613de2,false,false,0
rec_695e7cf0229d3e0759a5,near_2791da3a50be06fd2718,true,false,0
rec_6961b410496735938614,near_2791da3a50be06fd2718,true,false,0
rec_696599d6b93f17e6f1cd,near_f2a1982ee506c3f13924,false,false,3
rec_6966f520ba8b39bc3fc7,near_85e95854713cdcf6077a,false,false,0
rec_6969a06be051bc66197b,near_31a7dfdaddd83efcb592,false,false,2
rec_69701b81d040f9d7297f,near_2791da3a50be06fd2718,true,false,0
rec_6972594994d4cbb2d9c3,near_8ef9ec43e7bb53499d90,false,false,3
rec_6997962290f82a563265,near_e3ff47ad331715b2edf2,false,false,0
rec_69995a8b9c7c45ae1d8a,near_0039c7f6e311097dd505,false,false,0
rec_69a61d85c3f23f37d6d6,near_41c5d8dd24c25c8663de,false,false,0
rec_69ae50334880c13d3cab,near_dca99a63a023aeb88d27,false,false,0
rec_69b39974badad01605b9,near_d28d37aeeca6115e6cd5,false,false,0
rec_69b91e9bb0e232397bf0,near_2791da3a50be06fd2718,true,false,0
rec_69b95eaf67c882c78d69,near_4568a31187275efb6a8e,false,false,2
rec_69cb64bcd45c542bc46f,near_31ae0d991346e8f4798c,false,false,4
rec_69ce512020a2a757e5be,near_04b40cc74439f4a4039b,false,false,2
rec_69d667f0b524fd6dbdd1,near_2791da3a50be06fd2718,true,false,0
rec_69d7edb652fb0c887f5a,near_3d6e410c736887067c9d,false,false,3
rec_69efe02f73428b544a59,near_2f31d746b59518fe6157,false,false,0
rec_6a01d81f423f98df98c7,near_2791da3a50be06fd2718,true,false,2
rec_6a097e2c2babe6284fcd,near_0fd09f8981748ace4339,false,false,4
rec_6a0c84694cc064903446,near_9ca1a1630ef6a000cb15,false,false,0
rec_6a0f3c52ebce65e3f9a0,near_9eaa8c6d1f1c79e7fdbe,false,false,4
rec_6a145fe7ac52a44f6471,near_2791da3a50be06fd2718,true,false,0
rec_6a2196746305743410bf,near_8fd35eba52878a4944e3,false,false,1
rec_6a355aee8f6ef26d2fe8,near_2791da3a50be06fd2718,true,false,0
rec_6a3d8953e231b6de6801,near_2791da3a50be06fd2718,true,false,1
rec_6a55524d8cd64c9bbd28,near_941799d036e32f551429,false,false,0
rec_6a66bd000208da3993d9,near_2791da3a50be06fd2718,true,false,0
rec_6a6e51e5ac41d2f0e145,near_1f912648250435162b6e,false,false,0
rec_6a8084a178adfb5c692a,near_472c451bd9a9095df055,false,false,1
rec_6a816b0c6bd7a8833382,near_2791da3a50be06fd2718,true,false,0
rec_6a92233a23c4d6254e22,near_737211531dd5e452176e,false,false,1
rec_6a94ccae1e0e623080b9,near_2791da3a50be06fd2718,true,false,0
rec_6a9dc7d7b47d8edc9635,near_68a71550458781877d97,false,false,0
rec_6aa898ee725ea03ef444,near_a1794cb2fada90b699c1,false,false,1
rec_6aa9331d7308b8e37487,near_2791da3a50be06fd2718,true,false,0
rec_6aad5e12cf8dae644d80,near_4f0b4b7df4a66f157d92,false,false,0
rec_6ab2dd6dbfea5cc4ac98,near_8870bc3f735257090d9a,false,false,4
rec_6ab59cbe7ac68497da8d,near_318b90af58995d832641,false,false,2
rec_6ab740dcb9675ecc4c58,near_2791da3a50be06fd2718,true,false,1
rec_6ac59d805fae5e544752,near_2791da3a50be06fd2718,true,false,0
rec_6ad583ce71905aaff04d,near_1552fa32ca3a790eb39f,false,false,0
rec_6ad83ce2cb4ad46c8cd4,near_21ce9d49ddb2e178874f,false,false,1
rec_6ad90d547ccc0512694b,near_c7470da6575d701b0577,false,false,2
rec_6ae406d26834e4eb0aae,near_d997cd2835878527d847,false,false,0
rec_6aeefb2a6f6f16e4ebe2,near_036fde7c0a023657d713,false,false,4
rec_6afcc530faf92827f422,near_c33fc80b8ad4051f2040,false,false,1
rec_6b02c6838c13f5c73008,near_2791da3a50be06fd2718,true,false,0
rec_6b14f6be1bf4aa17987f,near_f0b9140bf7951f3b2949,false,false,0
rec_6b24f099c9d1f324297b,near_aea60db51ea5b8c66dc0,false,false,0
rec_6b2b4f12d1b0cc81bc4b,near_2791da3a50be06fd2718,true,false,0
rec_6b2c8a1007bd0512e708,near_ac9e3517730f2db79f9f,false,false,1
rec_6b372712cb414a8fa617,near_ab8e5907dbfa01d4d5ec,false,false,0
rec_6b4898a9b36e8b738aba,near_8e6854710cc74ad1b21d,false,false,0
rec_6b49c8c9a32de9a89ff5,near_2791da3a50be06fd2718,true,false,0
rec_6b529e65993eab4b85ca,near_2791da3a50be06fd2718,true,false,0
rec_6b5a88492fea666bfa34,near_e2af89c3a60d2b585775,false,false,0
rec_6b5eda48b7aad5ba35fa,near_2791da3a50be06fd2718,true,false,0
rec_6b60f2e185724128ebcb,near_660760f06cb04a377943,false,false,0
rec_6b635635933b95f4bdeb,near_2791da3a50be06fd2718,true,false,0
rec_6b678d0ff42c3dee7c97,near_df1eab07d1f17df4eab5,false,false,3
rec_6b696b5a61a86a35cbb3,near_e3c864ca17f4c484bbcb,false,false,1
rec_6b78c59353eea0b6dc32,near_2791da3a50be06fd2718,true,false,1
rec_6b7c0b46b18404bd1f1a,near_6e022598287d3199e403,false,false,0
rec_6b7f5930ac613d22a326,near_2791da3a50be06fd2718,true,false,1
rec_6b8b2c65e5beefeb0d5e,near_fae7595bd6a806417435,false,false,1
rec_6b9a4c8b770fc5a1ae17,near_7e7b846e7def434e6734,false,false,0
rec_6ba0e8bf3b076e55f042,near_8bb554f761864450d660,false,false,0
rec_6ba67b3c53d4987e9206,near_91ee9c790d8d96a28a0f,false,false,2
rec_6bb9515cf25eda938a6d,near_2791da3a50be06fd2718,true,false,0
rec_6bbf948767f3c77f601d,near_2791da3a50be06fd2718,true,false,0
rec_6bd49e1a8adb552510f1,near_d3f15774350e0553c652,false,false,1
rec_6bd61371b1b29e6f0d86,near_2791da3a50be06fd2718,true,false,0
rec_6bd64a84c754c8c69917,near_892ab024d33de70da56f,false,false,0
rec_6bda5e3c9b0a1981a1cb,near_8845bc6f99a25c52d304,false,false,0
rec_6bdd10365eada1f61031,near_1ac96c04078d0b748684,false,false,0
rec_6be003eabc58a48aa32f,near_da510635f3fef270851c,false,false,0
rec_6be4fdd57af652821b8a,near_ad4ddc5f4405cd4ff7f2,false,false,0
rec_6be509754290091928d2,near_9fe2fcc324989522f4d1,false,false,1
rec_6bfc193cf975b96876fa,near_275563c704e8afd465c8,false,false,0
rec_6bfd3af305d6215b4796,near_2791da3a50be06fd2718,true,false,0
rec_6bfda3a9ecb24dce3fd3,near_1874d8fa0b009cf0f4ff,false,false,0
rec_6c06ffe94cfbaaa96230,near_2791da3a50be06fd2718,true,false,1
rec_6c0a629f751deee56015,near_2791da3a50be06fd2718,true,false,0
rec_6c13f499d32384647bf9,near_b576caefbc6cc09bf573,false,false,0
rec_6c1dde3950ac5127725b,near_2791da3a50be06fd2718,true,false,0
rec_6c35cc65305012184ad2,near_2791da3a50be06fd2718,true,false,0
rec_6c36e5bf5e063e032ee9,near_2791da3a50be06fd2718,true,false,1
rec_6c391a0c22d40ee1169e,near_2791da3a50be06fd2718,true,false,0
rec_6c3b7840c9a4c3d1b07c,near_c0807e34ed4676c6aa18,false,false,0
rec_6c55e22bdf72ad306f77,near_2791da3a50be06fd2718,true,false,0
rec_6c61bae288188cd8ea10,near_2791da3a50be06fd2718,true,false,2
rec_6c61f5666a0a6495565e,near_284fa0286ed3f024f723,false,false,0
rec_6c77649a384e5cceec74,near_2791da3a50be06fd2718,true,false,1
rec_6c7f243f8fe68d688393,near_2791da3a50be06fd2718,true,false,0
rec_6c8d621167ec07725d1e,near_2791da3a50be06fd2718,true,false,0
rec_6c93cc4bf226554cb50f,near_2791da3a50be06fd2718,true,false,1
rec_6c9731c5228a4b83809c,near_34f9cfb088e3cdde56aa,false,false,0
rec_6c9ee0708b094b7889ce,near_2791da3a50be06fd2718,true,false,0
rec_6ca2f310ddd384ab7605,near_8d30d7026b6d4e527aaf,false,false,4
rec_6ca66d6bdfcc21518be9,near_291d993dd78f388c04e3,false,false,1
rec_6cafe9caa9d727a78a77,near_ac9150d9bd1d1451af6b,false,false,0
rec_6cbb7f7b7b945087c384,near_2791da3a50be06fd2718,true,false,0
rec_6cc83972325b68367f40,near_60477af7f1b6c3801eb1,true,false,2
rec_6ccfd57be34929d507ba,near_2791da3a50be06fd2718,true,false,0
rec_6cd7f36ab09a5754a610,near_4a286e3d3260fc193f9e,false,false,1
rec_6cdefa8ed73ccb3159e0,near_56c9b2e8a1e91155a0c8,false,false,1
rec_6cf29c84c9d7fc17d2bd,near_678ab1c3b80fe1bc56f8,false,false,0
rec_6cf39c36d2d426122431,near_2b3b370436305b66b8ee,false,false,0
rec_6cf599c2da58bb24f55a,near_6d6a00325c2c7ba1414e,false,false,0
rec_6d14cb567e6ea907dbfe,near_60758d8f1be7d54d7300,false,false,0
rec_6d2171bdfb08b40e8433,near_929fb33aaaf7fc0cd0dc,false,false,4
rec_6d2e469ea69177b467bc,near_b8680c7a06dad7b2e92f,false,false,3
rec_6d2fbd34e77f9482e824,near_a07739b7f6bdb0ed9084,false,false,0
rec_6d340747fe5219807ca5,near_ae40da95b3c7fbd56ca3,false,false,2
rec_6d34312dcf2c2711700b,near_635119ca28c90c33fcef,false,false,2
rec_6d36e7bcd0263a1fd495,near_ca379b35013c8621c2dd,false,false,1
rec_6d3975ec5b050568af9d,near_2791da3a50be06fd2718,true,false,0
rec_6d39afff7f06c5ceadb7,near_6343aa6bb5c21c61fa59,false,false,0
rec_6d3b1fe72763c19bd5e0,near_2791da3a50be06fd2718,true,false,3
rec_6d3d4242393207830c03,near_16bfab9efa7a84029987,true,false,2
rec_6d5154727472fc18e02c,near_d4041c77087491191230,false,false,4
rec_6d533811a0faa5a96f48,near_2791da3a50be06fd2718,true,false,0
rec_6d59ccd119f0bae285ab,near_52e6ebc29ae1b14f16a7,true,false,2
rec_6d5f4ec77c45b18d6200,near_2791da3a50be06fd2718,true,false,0
rec_6d62423ac5c4747d1dee,near_4c17ca2c7efb0bb7b040,false,false,2
rec_6d65c7cfb3eaf409ee6a,near_2791da3a50be06fd2718,true,false,2
rec_6d675e98b1b4ff708bcb,near_bc6c7e4c0072f133c309,false,false,1
rec_6d6f747f30e63192bb9d,near_2791da3a50be06fd2718,true,false,0
rec_6d6fca858d6b786936d5,near_b1b535df3f7c2b1c807b,false,false,0
rec_6d782266ab4a477d4507,near_2791da3a50be06fd2718,true,false,0
rec_6d8f6128864352af82d3,near_96b013323bd468bf5c8a,false,false,0
rec_6d9297b34374b4181ca7,near_2791da3a50be06fd2718,true,false,0
rec_6d948785dbad90a4f408,near_a6d4b78eb909bdb68f0a,false,false,4
rec_6d9df3659505d5a40389,near_90389d9b914d28dde369,false,false,0
rec_6d9f41bf287978a8b65a,near_4dd4fbaafe8dd230d0cc,false,false,3
rec_6da34549f260d304e6e5,near_990edc4830ca9812a62f,false,false,2
rec_6da58f96841d09a863e7,near_24eb6e9582f707592da7,false,false,0
rec_6db0d57fb235087f8f0e,near_2791da3a50be06fd2718,true,false,0
rec_6db28ca1e8ffc759d7ea,near_bba1364c350494b93c10,false,false,1
rec_6db48f7d3009946546e2,near_cd9c79a21b01012c21c8,true,false,1
rec_6dbc63a8df326dff14d8,near_a35e45356f924035c6c3,false,false,3
rec_6dbdd9851f484c4e70ca,near_85948d54702c27c33c05,false,false,1
rec_6dd09f25d6a8f8c22ef9,near_2791da3a50be06fd2718,true,false,0
rec_6dd55d841655e9131dbb,near_a3df0a9f47a95d35cc0f,false,false,0
rec_6ddddab97481cf6e76ab,near_5be6e6ef56e6efc74d32,false,false,0
rec_6ddfa0fee62d8eb9d0eb,near_c2570756929de577bb45,false,false,4
rec_6de3db80ba0fb45a3257,near_3164dfa598ac956fa4dd,false,false,0
rec_6de40d2e26a8f9a49f9f,near_2791da3a50be06fd2718,true,false,1
rec_6de6f5763ec97d5e9ae5,near_1f410f8147b1d8c12898,false,false,0
rec_6def53b8839ac3fd2d0c,near_21642c83a5da188ad9a8,false,false,0
rec_6df523da7a344d9da7eb,near_cdc09d25d35d0f7808c7,false,false,0
rec_6df71afa377113f99a2b,near_0fa9d5d498562a5d67ff,false,false,0
rec_6df73209bcaf002a67f9,near_d4b2e46368a93bc8a605,false,false,0
rec_6e00060e9abd137127df,near_d32fd0670bc6915896a3,false,false,1
rec_6e019b1b77832b0fe20b,near_2791da3a50be06fd2718,true,false,0
rec_6e03bb5fda4e74fa1080,near_a0eda7d4c00072bfd415,false,false,0
rec_6e06a225bf55a226985a,near_2791da3a50be06fd2718,true,false,0
rec_6e19fa94fa827437fcc6,near_8309e4972bb6102d75cd,false,false,1
rec_6e1e1c68fc0fbc232bf5,near_c108d05dcdaf4409c9e1,false,false,1
rec_6e2f6c918b6ac60a4d84,near_2791da3a50be06fd2718,true,false,2
rec_6e2fd03c31d2852638c8,near_892ab024d33de70da56f,false,false,0
rec_6e38b4ed9487a0ac2e2c,near_cda12786983bced9f624,false,false,2
rec_6e42cf0a2b9023d9f559,near_361c9afd9f87d5d5eb81,false,false,4
rec_6e48dfbb7ac2a13874d2,near_8e0ecf6c5ca117303279,false,false,4
rec_6e4ce07d5e7b2e3dada4,near_2791da3a50be06fd2718,true,false,0
rec_6e518858c28cc5dca447,near_0cc3ab2593662295cf95,false,false,0
rec_6e5d6eee4e3887a5cf89,near_2a65bdb8951eff6cb86f,false,false,3
rec_6e607ae06daa1cfdf119,near_2d544d6e25b4ceec78eb,true,true,0
rec_6e64912c28610d3b7c8e,near_2791da3a50be06fd2718,true,false,2
rec_6e7441357f029f485908,near_3019f6604f1072ef47d8,false,false,2
rec_6e7cce9d07423d2f8c28,near_f43d42a9093bb685ab20,false,false,2
rec_6e8cba542328a82dec58,near_2791da3a50be06fd2718,true,false,0
rec_6e99092ffa9b4b3b435f,near_7867b56079c842418cf5,false,false,3
rec_6e9927c7b41922902914,near_149c5467d7ebab522261,false,false,1
rec_6e9e590e3d4a4ee5f4c9,near_a68d1d926bb921a0d166,false,false,0
rec_6edfb16a96d87b312c0b,near_23cd63b74fb5bd2dd89a,false,false,0
rec_6ee062c93c181932e479,near_2791da3a50be06fd2718,true,false,0
rec_6ef7b55e4baa65507601,near_2791da3a50be06fd2718,true,false,0
rec_6efa751174e320a2fef3,near_8bb554f761864450d660,false,false,0
rec_6f0a88da3e8025d6ada5,near_206bd862c0821e6496ae,false,false,0
rec_6f1337b8f786f299e3b4,near_947116e78e7dcba5f7b8,false,false,0
rec_6f2bad73f97160162b0f,near_0cc3ab2593662295cf95,false,false,3
rec_6f2f51aa356cc9eace2d,near_2791da3a50be06fd2718,true,false,0
rec_6f3995c2beaa97f30ebd,near_a4cc95c794adf3af86a7,false,false,1
rec_6f3acbf1940c42d694de,near_d6f941bb5c1b331dd0c3,false,false,1
rec_6f3f4aff8742800fe21e,near_2791da3a50be06fd2718,true,false,0
rec_6f41733ffc34808205b6,near_ba905125bff3a3ed2bc5,false,false,0
rec_6f49197c790c558137e4,near_2791da3a50be06fd2718,true,false,0
rec_6f5225a7c851d76550de,near_2791da3a50be06fd2718,true,false,2
rec_6f5d938b994991a8c0ec,near_f822f6cda3e1b2a887a6,false,false,1
rec_6f611044e03277fe1831,near_a12a8e8959b187483ce9,false,false,0
rec_6f614fb1e234c0be4071,near_46aaa12a415f450741d9,false,false,0
rec_6f6780f8689dc86536df,near_e3ada3270173099b3fd6,false,false,1
rec_6f6af03f478e88ae0ad6,near_a9cc47a4cec0a714fede,false,false,0
rec_6f6e1eee7a155038b665,near_935b94ae5964b55ef0c9,false,false,1
rec_6f75b4b15233cfba5ac5,near_ebf277d1299a2fc3a8fd,false,false,0
rec_6f7add659466d1f24128,near_53472615c6de8ba6a697,false,false,0
rec_6f7d51d1611e9a472f36,near_c03703c2f50bbdad622f,false,false,2
rec_6f81ba0b72f369768052,near_2791da3a50be06fd2718,true,false,0
rec_6f8301c7a151419a0e48,near_ad4ddc5f4405cd4ff7f2,false,false,0
rec_6f86ed74df857bce5079,near_dc5de4dc5a0e461baf05,false,false,0
rec_6f8e912d9bc02b7c036b,near_5993937a023133e18d92,false,false,0
rec_6f8f872a619d5df61ae2,near_2791da3a50be06fd2718,true,false,0
rec_6f9744902ff89b5cf0f1,near_46f5ad7cdb34a1eef011,false,false,0
rec_6f9d0e2f657124d4b60f,near_6f28fd07ed445a2c96de,false,false,0
rec_6f9f5f2e5c3f760eef88,near_2791da3a50be06fd2718,true,false,0
rec_6fa61f6b0503cd711732,near_e43c264e013daa66fa08,false,false,0
rec_6fa841ee92f6f7ceecdd,near_45b8004ad2dd7218d786,false,false,0
rec_6fab65f5e2b0bbf01805,near_3c76c8afb5cf5a38403d,false,false,0
rec_6fc48a5956b24eadc9c1,near_321304ae88f6ad3878cb,false,false,0
rec_6fc605eda9bd073d4d52,near_2791da3a50be06fd2718,true,false,0
rec_6fd666ac717a82d85109,near_6b2fa5328afa6ed30ff2,false,false,2
rec_6fe06bd051ddc18b1019,near_2791da3a50be06fd2718,true,false,0
rec_6fe2e753465bd71fb80a,near_62c75333cac3e8b53e7b,false,false,0
rec_6fe3f14bc23fea30334b,near_b1c135012d87c82eb88e,false,false,0
rec_6fe80e5758405c95f9d7,near_2791da3a50be06fd2718,true,false,0
rec_6ffc6a23467b4b49a820,near_68dd842ba029f409ec07,true,false,0
rec_7004a37429434b93d248,near_95c3619a1277c1d21503,false,false,0
rec_70050c923f8ad40c4e57,near_2791da3a50be06fd2718,true,false,0
rec_700b893a9ce9467de2ee,near_aafaac3b1ca532702a47,false,false,0
rec_700f3c04f0d8a219a1b8,near_2791da3a50be06fd2718,true,false,0
rec_70107d99919104de0eae,near_dc5991d9632031f5b8eb,false,false,0
rec_70139b5454e89783a585,near_407a590d18ee508a03c0,false,false,0
rec_701d8f05934dcb6672d1,near_2791da3a50be06fd2718,true,false,0
rec_7024f2bdd7809b3ff115,near_1141a116705a09962c06,false,false,4
rec_705302cda9889a9bd0d0,near_4c17ca2c7efb0bb7b040,false,false,2
rec_705fece8d321f7d5d597,near_2791da3a50be06fd2718,true,false,0
rec_706a6fedeba831b8c657,near_fadd5b0df2910872e63a,false,false,0
rec_707d0a6dbd45da2338de,near_16f6bdc41300b87aaa4a,false,false,2
rec_707d94d4f4251706c64c,near_2791da3a50be06fd2718,true,false,0
rec_7083ff270263cdba0977,near_74b2cbc6434b77ec8a66,false,false,2
rec_70868d80abd95d4a443b,near_a2e5e2342b59b6e72db9,false,false,0
rec_708e1ac1252befdc4523,near_2791da3a50be06fd2718,true,false,0
rec_7094f682c529a5927bdf,near_ae40da95b3c7fbd56ca3,false,false,2
rec_7097d45157f7f36aa77a,near_2791da3a50be06fd2718,true,false,2
rec_709acc85b8d643bf40da,near_2791da3a50be06fd2718,true,false,1
rec_70aa664bb08b50897524,near_f22af8db6910161c602a,false,false,0
rec_70ade4f69891b91e8829,near_41b3e852e6aa3e3f7ab4,false,false,1
rec_70b171e02f95afb0c3c1,near_73f0a05a30ce2733d69e,false,false,0
rec_70b9d0bddcd580a372c3,near_2791da3a50be06fd2718,true,false,0
rec_70bded66b1ddbdc67de6,near_d28d37aeeca6115e6cd5,false,false,0
rec_70c561d7cc853b68f1d5,near_2698f1b4b5bf00fcd55d,false,false,3
rec_70d689804fe507aa6f05,near_7a4b6c75adda9db8d3ec,false,false,1
rec_70e413c30d0408ca5e86,near_2791da3a50be06fd2718,true,false,0
rec_70e6177099b555e793bd,near_b4620332fc8aa76b571d,false,false,3
rec_7117fdffa3313442c492,near_2791da3a50be06fd2718,true,false,0
rec_7137c6ec6591c19e5339,near_2791da3a50be06fd2718,true,false,0
rec_713fc8f7aa156c749e6f,near_f9d9871bdd0ae3866140,false,false,2
rec_714f628f53b1d0d5e257,near_947116e78e7dcba5f7b8,false,false,0
rec_7154d9baea1144a870b5,near_2791da3a50be06fd2718,true,false,0
rec_715fd0a20088aa9378e1,near_f179fcc7b8582e732838,false,false,2
rec_71611e6eabdb06d07e62,near_11b268b7c38be66d8f20,false,false,0
rec_716360a96403b08b9521,near_67e06810b6ce4e43e835,false,false,0
rec_7168f5372d8677be81ab,near_2791da3a50be06fd2718,true,false,0
rec_716ca87e840cb12a1c9e,near_685097d700e82cdfb818,false,false,0
rec_71789a7aa01ce7d8590e,near_a12a8e8959b187483ce9,false,false,0
rec_717d9827b67466124a1b,near_2791da3a50be06fd2718,true,false,0
rec_7180da1956aac322370b,near_27d04f924846df58b8e3,false,false,4
rec_718bd1c5dd2b7f69328d,near_4407499736505f2022b4,false,false,0
rec_7196ead20bfd6a064894,near_2791da3a50be06fd2718,true,false,2
rec_719a762e2ebca768eca9,near_7e1001ef8d4785fcd62b,false,false,4
rec_71a821f4a3ebeef3b67b,near_d33d130bed8380256964,false,false,0
rec_71afc2b652889699b4a9,near_628d3f2b6cec364eb0b8,false,false,2
rec_71ba58e1fa7fd15532ac,near_0b7d22cb75b03c5f185e,false,false,0
rec_71bc69edb2bd9121bc69,near_2791da3a50be06fd2718,true,false,2
rec_71d222e30c97fafafc05,near_f432de9c9e4900359ece,false,false,0
rec_71d557dad2249c7be239,near_4481967030a68594aec4,false,false,2
rec_71e3c55cb338df83e267,near_2791da3a50be06fd2718,true,false,0
rec_71ed1236bb53f11d854b,near_6dabb792c50b1024df2a,false,false,0
rec_71ef40b169fdae214ec4,near_2791da3a50be06fd2718,true,false,0
rec_71f814a4792fa0b13f04,near_8e04353b85223811e70b,false,false,2
rec_71fda1004b64cf3383df,near_c6a6f25c48975a8b7aed,false,false,0
rec_71ff87ca053562a4a326,near_ccd261d9511ba6143b64,false,false,1
rec_72068fd3a4bdfdd49238,near_8309e4972bb6102d75cd,false,false,3
rec_72148c787bb86027dcd9,near_2791da3a50be06fd2718,true,false,0
rec_721dea2094e09b9a4a4e,near_9e6ddf24ad55b91dfbdd,false,false,0
rec_722065540e5e8e4b664f,near_bee856528d83299c857c,false,false,2
rec_7221eff2beb0ab34f167,near_7199b0584a02c91eb5b8,false,false,4
rec_7221fa7867a40da94892,near_2791da3a50be06fd2718,true,false,0
rec_7236554997918099ba82,near_2791da3a50be06fd2718,true,false,0
rec_724259bbc998c2d7a602,near_2791da3a50be06fd2718,true,false,3
rec_724e5cdffe4cdce4daf6,near_2791da3a50be06fd2718,true,false,0
rec_724f35e4e914798b2ab3,near_2791da3a50be06fd2718,true,false,1
rec_7250448df65028d415db,near_2791da3a50be06fd2718,true,false,1
rec_725161fd11fe4bbaed9f,near_2791da3a50be06fd2718,true,false,0
rec_7253ce5bd822bd6d180f,near_2791da3a50be06fd2718,true,false,3
rec_7255446f3d94ed4f0b70,near_3b70774c5f206fd8a4e4,false,false,2
rec_72688d004e71d321b7fb,near_e1e06f9af455d4f0f5f7,false,false,0
rec_7269b08e35100022822e,near_2791da3a50be06fd2718,true,false,0
rec_72700ad19b891024d357,near_2791da3a50be06fd2718,true,false,0
rec_72761bd585d59b564714,near_36b17442b09f928da9a8,false,false,0
rec_727718939ae701542638,near_2791da3a50be06fd2718,true,false,0
rec_72920d69fdb4d0740ca7,near_952e2201d6c82b453ef0,false,false,2
rec_72987f8620e05a53a3a6,near_589044fc2aaa4a5a689c,false,false,2
rec_72a49dc54751da92ba0c,near_2791da3a50be06fd2718,true,false,0
rec_72ace1f230d679ed8ff7,near_2791da3a50be06fd2718,true,false,0
rec_72b5bb0836a6a6bece07,near_27d026d5a25051d0e6de,false,false,1
rec_72b7c0f234f1c04eab7f,near_2791da3a50be06fd2718,true,false,0
rec_72b8fc9230414cc908b3,near_69e86ffb08629980bfa8,false,false,0
rec_72c35ead0f099ec44f4c,near_52fb5afd6cb23b9eb041,false,false,0
rec_72c3ac49c2051ce1b6c3,near_05e696480547a3b7b130,false,false,0
rec_72c515e74fc1be81e65f,near_2791da3a50be06fd2718,true,false,4
rec_72ceeee29cf76ab5c9fb,near_b0778cd9700e60ca1b61,false,false,1
rec_72d2580a75be71e892be,near_7199b0584a02c91eb5b8,true,false,3
rec_72d3898a4e8094a7e46c,near_03a6c8304dcfedbce12d,false,false,0
rec_72d4d0226e1df42ee872,near_2791da3a50be06fd2718,true,false,0
rec_72d7c8728d5f52564fa6,near_2791da3a50be06fd2718,true,false,0
rec_72dfea24ac2a8b6c35b0,near_cf7874a1436c9c070469,false,false,2
rec_72ebe3e49fe65ba3d5d1,near_2791da3a50be06fd2718,true,false,0
rec_72ef4b371eeee1aef95a,near_8426e8fbf877a4ec607d,false,false,3
rec_72f2ba3852e4c6336da4,near_979070c9aa3d162d135b,false,false,0
rec_72f32b38ed17386be337,near_829f84c915e32bdd43f3,false,false,4
rec_72f7b1f6262d6391d318,near_2fbe3a167f8717fc5c24,false,false,3
rec_72f90f817095cc15eae7,near_cc9628afc03f4dbf4c36,false,false,0
rec_73015516afa057171e50,near_0b35210cc17df5f90714,false,false,4
rec_7302bb574cafb098c522,near_faceafad79848deab740,false,false,0
rec_730334c836e865970658,near_d4041c77087491191230,false,false,3
rec_7314b64395b4dc63f7df,near_faed8d00ec3912688ff9,false,false,0
rec_731e984d5c0a5be1feab,near_2791da3a50be06fd2718,true,false,0
rec_7321fedc572e2450f1ec,near_390a79f4a66c1ffd82aa,false,false,0
rec_7322430833f982fd40f6,near_a2dfc1d2acad67339fca,false,false,1
rec_732c99195e646061891b,near_2791da3a50be06fd2718,true,false,1
rec_732cdaca531094fba065,near_2791da3a50be06fd2718,true,false,0
rec_7330ffe1f11b8a1b130f,near_0e8239ace0cb03eec5bc,false,false,2
rec_7332087e988e179368cc,near_2791da3a50be06fd2718,true,false,2
rec_73330ceeecb2463bd565,near_36cb6d5d884674aa5f6f,false,false,0
rec_733e27dd2e8785c4335f,near_cc653984c053d64ca5b2,false,false,0
rec_73414e09ccdb5f4aaa66,near_892ab024d33de70da56f,false,false,0
rec_734433c48f6ed541b5d1,near_2791da3a50be06fd2718,true,false,0
rec_73451680f7d68e47ed2c,near_cabfa4f5bd69c1aaeb1c,false,false,0
rec_734830778771a254306b,near_10e30139c38b0631abd7,false,false,4
rec_734abdfd91948ce7cdcc,near_6e9972a76e584523c172,false,false,3
rec_7351e71fe28fe8d6ffcf,near_d2c8d5688890019f1f85,false,false,0
rec_7362445b6d0d556551b3,near_2791da3a50be06fd2718,true,false,1
rec_7367fb541acb213e3c60,near_9320baee459e28f5a16f,false,false,0
rec_73696a8624f6fa2ee08b,near_2791da3a50be06fd2718,true,false,0
rec_7372588c5eeb15a2a07d,near_0f406655c9119a87f514,false,false,0
rec_7377b0d4b85ded744fd0,near_9d0515e1c2f3f12f4942,false,false,4
rec_738d67d9e17c7a8ad118,near_864b12be63677d7bf748,false,false,0
rec_73aac0a46bba19ab542f,near_b64c895a88c8575a874d,false,false,1
rec_73bbb651b3c0b7d9e4ec,near_04c9f1ef36382e4d25d8,false,false,0
rec_73bd86cc022f7474c8bf,near_2791da3a50be06fd2718,true,false,0
rec_73c642eb6ef0badf603a,near_26ddf59ac99d90f361c1,false,false,0
rec_73c8e15213df46ac03d5,near_7b810501715331a87eed,false,false,0
rec_73c9a41bc1bdd7189d68,near_24eb6e9582f707592da7,false,false,0
rec_73d573ca2f1b85f90d6b,near_fc7c1bf63af3ab98d893,false,false,0
rec_73d719aace59ae9b1770,near_69af8194a727400667c0,false,false,1
rec_73da5763699251bcf5ea,near_2791da3a50be06fd2718,true,false,0
rec_73df666aca3fe8c91333,near_e7ef7586d3fb40a49f5f,false,false,0
rec_73e77803aea1d4992914,near_2791da3a50be06fd2718,true,false,0
rec_73e88838674b9c984f65,near_6b8e6aa91d9e8de18fb0,false,false,0
rec_73f840d9d05d4d1ba2c9,near_3694d76c40315da41a32,false,false,0
rec_74164cb82b505eb50595,near_7f34efe19a5ce94038b9,false,false,3
rec_74167f6ad34c23947f67,near_2791da3a50be06fd2718,true,false,0
rec_7418e70f7e19a6bf5ac6,near_2791da3a50be06fd2718,true,false,0
rec_74204f32783ab96b8c49,near_20698cc4b0c206da5019,false,false,2
rec_7425e8f77230baa0ece9,near_2791da3a50be06fd2718,true,false,0
rec_7425f1f369ea0efbb102,near_8d2c8dce889415ff23fd,false,false,0
rec_742869ace455e32b9bc1,near_2791da3a50be06fd2718,true,false,0
rec_742cf01c69fda76241a3,near_229bf50da93bff353c37,false,false,0
rec_743207c9584ff9cf5caa,near_2791da3a50be06fd2718,true,false,2
rec_74492450f878ab31f9cf,near_2791da3a50be06fd2718,true,false,0
rec_74514b44ab2c8e91c00e,near_4e573f189b4bd6a502a1,false,false,0
rec_74516b615ef503398273,near_19e87a61aef6222cd762,false,false,0
rec_7459c7796669180a2329,near_6823c147d59b54583f0e,false,false,0
rec_7462a4c175aaa4730402,near_f70a32b026020e88fe9a,false,false,4
rec_7465ba02b7c1be5f08fa,near_2791da3a50be06fd2718,true,false,0
rec_746ede5f0783d655d459,near_2791da3a50be06fd2718,true,false,0
rec_74705650699e0e734a03,near_f0389ec55d158a3eb098,false,false,3
rec_7471358e9e62bd2ab6f6,near_2791da3a50be06fd2718,true,false,1
rec_74757b64cc74315ec7ea,near_5d1815de79c940b6ff04,false,false,0
rec_747e9de7d3b76ef16e89,near_63c4e31dde097013bf37,false,false,0
rec_7484bb07b70440e01007,near_3ef9fa62c240af49a193,false,false,0
rec_7488b70d4eca6a9b4723,near_6e68e03978f0868a0453,false,false,0
rec_748e421b31fb39dbef71,near_2791da3a50be06fd2718,true,false,0
rec_74919bfe006268476a0b,near_33e8a6933e7d00fc1ab5,false,false,2
rec_7495ef4f059f67643221,near_f922ee2ae2168c33d184,false,false,0
rec_749aa35a908ef87b49f4,near_730009afc1e8b5c584ba,false,false,1
rec_749d1d58ba0b1273bb4a,near_f048d1d99158fd900f58,true,false,3
rec_749edf0f02c820f852d9,near_971eb7e3541d723e8743,true,false,0
rec_74a889f4da59faf9bddf,near_14abcd2a89d57146b848,false,false,1
rec_74afdddad1ff77b58a1c,near_e621e4b290d5647379db,false,false,4
rec_74be3c2bbfeb5d502ca8,near_d91541b7151d0bba2734,false,false,1
rec_74be807562cc0cba65fc,near_979be0787f2ccf9a8d32,false,false,3
rec_74d191e6d8a7adf73f2c,near_e525c6f82536e37ba09d,false,false,1
rec_74d8bd1af541f5c09ee4,near_2791da3a50be06fd2718,true,false,2
rec_74e632c61a5b6b1931e9,near_ed9e0c858bb340527b07,false,false,0
rec_74f2d45bdc873724ec2d,near_f64bfd49fd34ff0b7f09,false,false,4
rec_74f7a4c6d6dc370524db,near_b6ea730a5c8dfcce5a60,false,false,3
rec_7501d6302fe1f2a114fe,near_a43e756f240cc4ba1d93,false,false,0
rec_75086b768a46b3e51ca2,near_fb6360d57d1d5e5dc28e,false,false,4
rec_750fa584dfc0ffefacfc,near_fc4e4f285827e8ed91e0,false,false,4
rec_7512acb79a2b8d1b75c5,near_2791da3a50be06fd2718,true,false,2
rec_751c44a855f1d4073ac0,near_2791da3a50be06fd2718,true,false,0
rec_75283ff4c00cc1dd7845,near_cca7520e696c5940f3f9,false,false,0
rec_7543fba6ec1f5bd74b08,near_b82e5c24db02848b6e5e,false,false,0
rec_754dad82419d1785255a,near_2791da3a50be06fd2718,true,false,0
rec_755b172de117fd55fde8,near_2791da3a50be06fd2718,true,false,0
rec_75674e8ad6a4bc1f1198,near_ec538c251b7908f1291f,false,false,0
rec_756833b2ccce9611ab01,near_8c7017da5e011cf9a040,false,false,2
rec_756a7aa84b3eb92f183c,near_83842cda3f0dca700ad0,false,false,2
rec_756cbf3bff2a879088e1,near_d0dd050b2ff4e1265170,false,false,3
rec_75725be635d2f08b2619,near_da84bac1798b8dbf4ac5,false,false,1
rec_759245637113f3be8f7c,near_a69fd75f2a8e77664cea,false,false,0
rec_759429cb961788d03daa,near_e8e8816a733d6779e335,false,false,0
rec_75966f9eab7592d4517b,near_0e8239ace0cb03eec5bc,false,false,2
rec_759dde90461bba4dcedb,near_2791da3a50be06fd2718,true,false,0
rec_75a2b4dad2dc157cd778,near_2791da3a50be06fd2718,true,false,0
rec_75a34173ab0377280bea,near_2580a28d5eefdf44d775,false,false,0
rec_75ac0f9f4072de27241d,near_4b0fbf17b06ab2eb8cee,false,false,2
rec_75b027b9787b118d26a0,near_4a9ae929bd26a3b3b2e9,false,false,0
rec_75bd77ec29a5a3c5c954,near_2791da3a50be06fd2718,true,false,0
rec_75c870a62878760b2e52,near_9fe2fcc324989522f4d1,false,false,1
rec_75d2aef00d72ecb8bd15,near_2791da3a50be06fd2718,true,false,0
rec_75e70f53a1a47bfdd707,near_2a8e74425618a2645cb0,false,false,3
rec_75e9228abfd5f39ad598,near_2791da3a50be06fd2718,true,false,0
rec_75ed75bedf67418d6e3a,near_2791da3a50be06fd2718,true,false,0
rec_760058667cee3b5d8416,near_3beffa731c08915a21b9,false,false,0
rec_76012db50b34b720899c,near_00f6d6ed4fc5e8330f13,false,false,0
rec_7609cf59c7dfd52235a2,near_2791da3a50be06fd2718,true,false,0
rec_760b8eed42789847ef85,near_a5c0225c2eb528448108,false,false,1
rec_760fcd4bb26985e49778,near_347cc3eb71b231c1a36d,false,false,3
rec_76259fa27c9a7f485cbe,near_bfab9f5d97b93ba63698,false,false,0
rec_762da3f1f5f0f354dc6f,near_bfa60cbb5fc64beaf671,false,false,0
rec_762f3c41609dbc495e16,near_2791da3a50be06fd2718,true,false,0
rec_7630ee1d4707fef4eda7,near_fc4e4f285827e8ed91e0,false,false,4
rec_76332fd8915ea934a6c9,near_32041d86069bc3e4b327,true,false,4
rec_7636f5cc43b9bb7333ee,near_8ce11902e5b9203b0be7,false,false,2
rec_764b80b4ca5ae8bde5d7,near_2d544d6e25b4ceec78eb,true,false,0
rec_7656783189ef00235156,near_5449b6cc8c3e15e40686,false,false,2
rec_765d0d18ecf1d0bc42a3,near_2791da3a50be06fd2718,true,false,0
rec_76650a965a1b66f6ba13,near_9799c5b119c1b037e51c,false,false,1
rec_766631afd8fa19df9075,near_2791da3a50be06fd2718,true,false,0
rec_766a56c5f4f4791279b6,near_2791da3a50be06fd2718,true,false,0
rec_76786d505418b1f764ee,near_149c5467d7ebab522261,false,false,1
rec_767e88e67daeb905ca46,near_1597b97970f9324e7773,false,false,0
rec_7684ec7f793eb1188ef5,near_ed5d3785ae176f232bca,false,false,0
rec_7689534d562d3381aa2f,near_66a38f03901bb1855444,false,false,2
rec_76a0937a07815c49c8c3,near_7c08dbebc993fb46aafb,false,false,0
rec_76a1d0cd91c12008ee81,near_2791da3a50be06fd2718,true,false,0
rec_76ad8e4e3b0d407c7b52,near_2791da3a50be06fd2718,true,false,0
rec_76b73c40d2be2da84131,near_2791da3a50be06fd2718,true,false,0
rec_76c4371817e1520afb39,near_2791da3a50be06fd2718,true,false,0
rec_76c464a714b696a1b981,near_01a601cf0719f495fad3,false,false,0
rec_76d59a3046f05781fcf2,near_2791da3a50be06fd2718,true,false,0
rec_76ea6d05fce4d038b627,near_46bae3492778b5c1dab6,true,false,0
rec_76ef23c037213c712a7b,near_2791da3a50be06fd2718,true,false,0
rec_76efdd79d1fdd3ba6c6c,near_2791da3a50be06fd2718,true,false,1
rec_76fa54db910e1c1a55d1,near_1506a610858bfc496887,false,false,1
rec_76fb54ae92cad366e4b1,near_b6093beb426ea6bdf71e,false,false,3
rec_7700df79d8a63eeecf49,near_a9bc87b6d3402ffc18b7,false,false,0
rec_77089258f74ce399e19e,near_d947a53c05db7a00f9f1,false,false,1
rec_770fb40108adaea6f3ac,near_4c17ca2c7efb0bb7b040,false,false,2
rec_7713c406970aec0ee3ed,near_fa4396d90017f8d551f1,false,false,1
rec_7719f62afd6185b9538a,near_19c1a830ff7a4c5e28fb,false,false,2
rec_77262f247f2bb4d14205,near_f7f81614f71068c8b0af,false,false,1
rec_772f76939f4567cf5e20,near_2791da3a50be06fd2718,true,false,0
rec_77323727d31e31231add,near_2791da3a50be06fd2718,true,false,2
rec_77348bb0714d5e20ac9f,near_2791da3a50be06fd2718,true,false,0
rec_7748ae73105d61bf9280,near_2791da3a50be06fd2718,true,false,2
rec_77599a09e2641e1c671d,near_2791da3a50be06fd2718,true,false,0
rec_7763cd5743d02140e516,near_e1b7ccf1b59d0cc96d06,false,false,0
rec_776d335380a439702770,near_2791da3a50be06fd2718,true,false,0
rec_776deecef83d9ddf463c,near_2791da3a50be06fd2718,true,false,2
rec_777692c39d3659d4dd27,near_2791da3a50be06fd2718,true,false,3
rec_777839b8bf607dd7cceb,near_2791da3a50be06fd2718,true,false,0
rec_777fd86fcac26e869b2f,near_71f01e40b99a5f27185b,false,false,0
rec_77853551cf90506e2177,near_0c9ff4c541d425b356d1,false,false,0
rec_7788dedf996fb9db5d7a,near_ea5293c90c911c9082f3,false,false,1
rec_7789df996108245404e9,near_971b1c5cb915623819a3,false,false,0
rec_778cd767cf0cc4fe709a,near_be13d7500f804952f121,false,false,2
rec_779c0a9b087888dc0d97,near_93848039bc66e5cc7927,false,false,2
rec_779c29f0465bffd4cbb7,near_2791da3a50be06fd2718,true,false,0
rec_779ebddafdcee05f27b2,near_41b1b139cf8760cc6237,false,false,0
rec_77a33349c3af577323dc,near_1716458513dd2509381f,false,false,1
rec_77a4c0ea20aaba478c22,near_fcaca231211d16259d77,false,false,1
rec_77a8d08af27118320f73,near_c64cdca74d3141f77fb2,true,false,4
rec_77bb277790cbaa7d87ae,near_ed16c23f92c0ded19c31,false,false,2
rec_77d05dd5be9ae48ba524,near_651622c47c30b466d1f8,false,false,3
rec_77d07d0bb2287492795c,near_a749462331230f983cec,false,false,1
rec_77d5b10cac2513a391d8,near_fbac34f3ca589e911533,false,false,4
rec_77d9682ce5db1b70f5b1,near_99c410510d878aa14d97,false,false,4
rec_77dba6a810325fe229ee,near_2791da3a50be06fd2718,true,false,0
rec_77de2e3b256663f55f41,near_3019f6604f1072ef47d8,false,false,1
rec_77e874a71d33140915fa,near_1687a10b9667dc175877,false,false,0
rec_77ee0807785d1de933cc,near_2233aee534cedc1a2561,false,false,0
rec_77f65ae86b2bef5b566f,near_2f60284f91632e61fdcb,false,false,2
rec_77f8398c3674d07f3cf7,near_8f0e3317a51b3721b5ab,false,false,0
rec_77f9c990434d96d1e518,near_7867b56079c842418cf5,false,false,3
rec_77fa9a0353fb8e309ea9,near_2791da3a50be06fd2718,true,false,1
rec_77fba9ed0f0c40155d00,near_7199b0584a02c91eb5b8,true,false,0
rec_7802e227c66059b3357e,near_2791da3a50be06fd2718,true,false,2
rec_78174d22aa755bdb4018,near_66843b2456b5d5d00703,false,false,1
rec_78189a97fdcb92ca5ea5,near_2791da3a50be06fd2718,true,false,1
rec_781c128011b292968f5c,near_2627b81dfdce948f6d13,false,false,0
rec_782195d15c8e2575df3e,near_c2570756929de577bb45,false,false,4
rec_7830cf4b8c9e3c5bfa73,near_0e8239ace0cb03eec5bc,false,false,2
rec_783669ec72494d467994,near_2791da3a50be06fd2718,true,false,0
rec_78471ae715f6721e54f0,near_2791da3a50be06fd2718,true,false,0
rec_784c4e08ab064a6b3306,near_31ae0d991346e8f4798c,false,false,4
rec_7874be43bb5f50c73880,near_2791da3a50be06fd2718,true,false,0
rec_78797c9739166b41824c,near_2791da3a50be06fd2718,true,false,2
rec_788bc9a330a64125053a,near_6648f0370811db68a3a3,false,false,4
rec_788cbfb20a43215208ac,near_748e57e836ee9e3ea29f,false,false,3
rec_7890a98e98de3baea219,near_2791da3a50be06fd2718,true,false,0
rec_789b87a9ccc589fada17,near_2791da3a50be06fd2718,true,false,0
rec_789e3bb6a8b267f8080c,near_2791da3a50be06fd2718,true,false,0
rec_789f79fa243a483496c8,near_c47800ad17b27c6655f1,false,false,0
rec_78a9e6bee09c80f940cd,near_7dd11d4f3d4d25a92f60,false,false,0
rec_78ba6344b39acad8a789,near_98d6bfe5cf71f4e39a9f,false,false,1
rec_78c9ce54cf60e50826d4,near_0bf0986a5b449c335a53,false,false,0
rec_78cec5fbec0c8c43be05,near_3e67ce9c686880a5e078,false,false,4
rec_78e740c387d63c42f6f0,near_cb684fa3c386354503cf,false,false,3
rec_78eb684d4e1bb5f76bfb,near_b8680c7a06dad7b2e92f,false,false,3
rec_78f47034dcd7725c2905,near_730009afc1e8b5c584ba,false,false,1
rec_78faf582930deef60a76,near_2791da3a50be06fd2718,true,false,0
rec_78fee7cdb23a449615b2,near_2791da3a50be06fd2718,true,false,0
rec_7905c355355bc8f346e6,near_065d4cb5a34fc4ffd3a1,false,false,3
rec_790601f2940b841fdc67,near_ee6ca1cf04e18b2b679e,false,false,0
rec_790d7836dc1225762130,near_2791da3a50be06fd2718,true,false,0
rec_790f1af7a4231bd8677b,near_ce896259be6626f5fc3f,false,false,0
rec_791247eb23ad20ecdbe5,near_b04d92a62594782f1b97,false,false,0
rec_7930cb83bc627280ef14,near_2791da3a50be06fd2718,true,false,0
rec_7935f2e404ad106406b5,near_ebd2c16c405dd2e69ab2,false,false,0
rec_79459c07fe9509acf7d4,near_c9ea18b96ed6a76ce0cf,false,false,0
rec_794a4ea8538bf8a1d534,near_c35f4f04345140724113,false,false,0
rec_794f5ad42f53f11bf77b,near_2791da3a50be06fd2718,true,false,0
rec_7956aa03ef37b00a8282,near_2791da3a50be06fd2718,true,false,0
rec_79573ce0fee036e3f396,near_6ce043d6c8364783ed42,false,false,0
rec_797baf2c2513cdf0f35f,near_762d1c1c04ce0d0c1648,false,false,0
rec_797d48fca259d3877d25,near_29c3367c4c3d2d0f0661,false,false,1
rec_797da10dee669f4f0b65,near_8a745f73dbe76343bed5,false,false,1
rec_7980996a2ed859bdb5a8,near_2791da3a50be06fd2718,true,false,2
rec_79821c1b1516c346e80a,near_2791da3a50be06fd2718,true,false,0
rec_799421e360fe7d9f2a31,near_2e786037c3c1da18c180,false,false,4
rec_79969180afb4cd15a9f3,near_8787e10a03b885fc0d9b,false,false,3
rec_79ad7eb488991b23570e,near_2791da3a50be06fd2718,true,false,2
rec_79b9e2bf6d19c59369eb,near_8ce33020e5af7791a282,false,false,3
rec_79be61c09a9d9b0f95db,near_9dcbce29d2d20a445d8e,false,false,0
rec_79be86d51913c66e257c,near_2791da3a50be06fd2718,true,false,0
rec_79bfd0ff5ed9a866e8b1,near_dbaca8c2601c5a5460e1,true,false,0
rec_79cd6b06478e9f2c8b42,near_2791da3a50be06fd2718,true,false,0
rec_79df75d0ee2e9a8f3068,near_f174b2c5c82bd1ffbd75,false,false,2
rec_79e8033026497d74eb89,near_2791da3a50be06fd2718,true,false,0
rec_79f032e64e2fd98b8d91,near_2791da3a50be06fd2718,true,false,0
rec_79f63dbee1a8ea387053,near_2791da3a50be06fd2718,true,false,0
rec_7a0c8504c397bd5dd231,near_f8146e4023159e344e02,false,false,0
rec_7a102cf1a90942b7a26f,near_2791da3a50be06fd2718,true,false,0
rec_7a164b41d583b1acbef8,near_2791da3a50be06fd2718,true,false,0
rec_7a4434850fd28a878774,near_2791da3a50be06fd2718,true,false,0
rec_7a46cc0f1bf3b88a75a3,near_2791da3a50be06fd2718,true,false,3
rec_7a498ed2cc3e6163be86,near_2791da3a50be06fd2718,true,false,0
rec_7a4f2f4c39780f4507f6,near_e9718a8c6cc7740faf1f,false,false,0
rec_7a514e083f71b61f0d4a,near_736d882fa152d3147fbd,false,false,0
rec_7a571b95c2eddf53df81,near_0502df63210fb5703db5,false,false,1
rec_7a5ceeeddc9069551cea,near_c994abb31d149460d604,true,false,4
rec_7a5f13a55badbf499686,near_c427f8569fa401976681,true,false,4
rec_7a623ac90fa3576f9a65,near_4cb20ba220e99e341d01,false,false,4
rec_7a66b0f2e601fefafd64,near_0c5adde669d5f78e8ca6,false,false,3
rec_7a6d88510d2d3df3d657,near_2791da3a50be06fd2718,true,false,0
rec_7a6ff76ca6e8f6ea56b4,near_2791da3a50be06fd2718,true,false,1
rec_7a74ac7d0650b68ac099,near_2791da3a50be06fd2718,true,false,0
rec_7a76102fe0ba807377a7,near_b7897be4207274fffb2c,false,false,0
rec_7a766ba1a5ce77dd6515,near_fe56decb2b41850183a0,false,false,1
rec_7a778a5643bcba76c85a,near_1e2cb273ab4fd3140450,false,false,2
rec_7a7e0f4e6deae082deee,near_5ba4e2e3ebbdfb5ff647,false,false,0
rec_7a80bd0eb2424708f0c9,near_67986aba7fbdd65cff1e,false,false,4
rec_7a823785fab8ded0ee5c,near_2791da3a50be06fd2718,true,false,1
rec_7a851b2c16e8cdb602c7,near_2791da3a50be06fd2718,true,false,0
rec_7a873c1964b27f57a3bd,near_5f70f0a4dcbf830946eb,false,false,0
rec_7a892edd4e832be4799d,near_2791da3a50be06fd2718,true,false,0
rec_7a8eed078e4490eedb2b,near_2791da3a50be06fd2718,true,false,0
rec_7a91f9e3cf85159c5ee1,near_33d8a5682b5e144de533,false,false,0
rec_7a9a7f447bcb9b88908d,near_2791da3a50be06fd2718,true,false,0
rec_7aa60bf0e96df8761f59,near_1c309d38a2782d45d4a3,false,false,1
rec_7ab08cc54aaa3516d868,near_27d04f924846df58b8e3,false,false,4
rec_7ab3979eced8acefa611,near_7915033860fca117626c,false,false,0
rec_7ab89a63879777d2ba91,near_2791da3a50be06fd2718,true,false,1
rec_7ac03f397411ea15addc,near_cfa582c9b9f123f405d9,true,false,0
rec_7add1038235d71c106a4,near_2791da3a50be06fd2718,true,false,0
rec_7add70550a11330dddba,near_36494e418969ca045fed,false,false,3
rec_7aeeeb2d5b048c11b101,near_2791da3a50be06fd2718,true,false,0
rec_7b0626065f983314891e,near_5fc4d4a8a4e49c328ec5,false,false,3
rec_7b085188036c5293e694,near_2791da3a50be06fd2718,true,false,3
rec_7b1ba5765f55b54ca9dd,near_f8e1e88bab3e53cbf2ac,false,false,0
rec_7b24c5d4bd143fd8577c,near_2791da3a50be06fd2718,true,false,0
rec_7b269817ec2ee8b25d09,near_2791da3a50be06fd2718,true,false,0
rec_7b2808e40f1532ba22ff,near_2791da3a50be06fd2718,true,false,2
rec_7b2acb63e6d8632b92ae,near_8f1a06060ed16e30c5e8,false,false,0
rec_7b2d11b0ed6e4c064b8a,near_2791da3a50be06fd2718,true,false,0
rec_7b3d163ad38d4c634241,near_58c95b8659f8c9ad7d22,false,false,0
rec_7b44f9ce3a54f97a0611,near_2791da3a50be06fd2718,true,false,0
rec_7b52f9fa174e36840afb,near_88a05c19ce0f914e92ce,false,false,0
rec_7b53882c9224cf247926,near_c10fe61b7f8e98e70527,false,false,4
rec_7b57ecab763100d817ac,near_e04d7e3597ec1823d6a3,false,false,0
rec_7b611be1bf3ecfcffd77,near_2791da3a50be06fd2718,true,false,0
rec_7b613d04198bf846ffaf,near_10ea4805849ce14b658b,false,false,0
rec_7b730a0d26d3d2d59b90,near_2791da3a50be06fd2718,true,false,0
rec_7b743bbf17e921660331,near_2791da3a50be06fd2718,true,false,0
rec_7b785b5728708b51bc59,near_846892e14c437575bfce,false,false,4
rec_7b7bb12d7ec986a5d9de,near_23ae0b3367900b05da3a,false,false,1
rec_7b857cac2c37693142e2,near_9b052bedfa92679f001d,false,false,1
rec_7b89726e55da37070362,near_2791da3a50be06fd2718,true,false,2
rec_7b8d9446b522eaee2b4a,near_2791da3a50be06fd2718,true,false,0
rec_7b97a2583cd60555ee87,near_2791da3a50be06fd2718,true,false,0
rec_7baa393330cec4860cf3,near_5dc8ac6d36dc7b126f68,false,false,0
rec_7bba444d9aa03b951756,near_57f5b7f43c32fba2090c,false,false,0
rec_7bc3cf008c505e234f73,near_2791da3a50be06fd2718,true,false,0
rec_7bc7d9207e4483cbfbdd,near_7014dadca1c37db99fda,false,false,0
rec_7bce85eb92fc1a5ea4a7,near_628d3f2b6cec364eb0b8,false,false,2
rec_7be00e369e84e1d16a03,near_2791da3a50be06fd2718,true,false,0
rec_7be50a6e4cc75542206f,near_2791da3a50be06fd2718,true,false,0
rec_7be964b6f874857c0e32,near_a230ef080a24b8ab3f9e,false,false,0
rec_7bf6b65a37b216685bdc,near_2791da3a50be06fd2718,true,false,0
rec_7bf9c22ab0f6b52ee2d2,near_9ecd4d175c5a5f5681d3,false,false,3
rec_7c09a2b418297141103a,near_2791da3a50be06fd2718,true,false,0
rec_7c0baa2b01ecd86d21db,near_6ad74b8877cf9b50efdc,false,false,0
rec_7c0dbfa9e74f8cfe177d,near_2791da3a50be06fd2718,true,false,0
rec_7c22cc2f383a4c3d35b0,near_25781c57aed73a4b9ef2,false,false,0
rec_7c2e1bc0f98e26c1b4e7,near_428bbaf791d41f025215,false,false,2
rec_7c395ef4d8013ec50d61,near_1ac96c04078d0b748684,false,false,1
rec_7c3c869107c809638591,near_2791da3a50be06fd2718,true,false,1
rec_7c3cbd9ee6c05cc94cac,near_2791da3a50be06fd2718,true,false,1
rec_7c41ef40829ce1b8213b,near_2791da3a50be06fd2718,true,false,0
rec_7c4891b630dd60cc5d39,near_30757b48df1aa2d3b09c,false,false,4
rec_7c644b0bb39d5987d459,near_19fdb2a65a550746d0c0,false,false,1
rec_7c6c4e8d66f06000327d,near_9391e632d73b9217c1e5,false,false,2
rec_7c8139f8efc8b25dc81b,near_15ddca3e160bfd99da83,false,false,0
rec_7c88204a1fb0b0d83bc7,near_2791da3a50be06fd2718,true,false,0
rec_7c97b7a319ab58f54ec4,near_2791da3a50be06fd2718,true,false,3
rec_7c9cae6d0b207cd03453,near_2b1ef373f863aba3a3a8,false,false,3
rec_7ca08292fa92a7e841ff,near_f9fd68ff47fb98c49bde,false,false,0
rec_7ca235a3c3ce2dc3305d,near_f4cabdafc5cae1e1ec48,false,false,0
rec_7cb5e2444ea1ca7e4200,near_2791da3a50be06fd2718,true,false,1
rec_7cbc9fda7f59058a9fd9,near_82114d7fc6172a78e7ae,false,false,1
rec_7cc54aa0e18055e4b6b2,near_ea628303df2971e2550d,false,false,4
rec_7ccf53f97fc4d591febf,near_2791da3a50be06fd2718,true,false,0
rec_7cd229e1230ed2ee93cb,near_8cd6f539c0186d65a05b,false,false,0
rec_7ce5893a2a3eed19b0d3,near_2791da3a50be06fd2718,true,false,0
rec_7ce60d9f320f4e68ef40,near_2791da3a50be06fd2718,true,false,0
rec_7ceae590156be4f09444,near_3c2d13387f0001c79894,false,false,1
rec_7cfa5dea03cbf2023cdd,near_484e454fad90f1b347c7,false,false,0
rec_7d0cbc93c350bc23a99c,near_5a3aee7e9dcd74177e69,false,false,0
rec_7d0ef00e40e9cae8c951,near_2791da3a50be06fd2718,true,false,0
rec_7d2929457d337b50e363,near_2b4e5598264d9bdc539f,false,false,0
rec_7d297d5c635e47553644,near_2580a28d5eefdf44d775,false,false,0
rec_7d4981da602c8cf0ffbc,near_69d844da0d5105737570,false,false,2
rec_7d523519048d62c5cb8f,near_2791da3a50be06fd2718,true,false,0
rec_7d55e9645ac221debcab,near_2791da3a50be06fd2718,true,false,1
rec_7d55f9dc8bfd4b841dbb,near_2791da3a50be06fd2718,true,false,0
rec_7d5bcbe6e386f6a99a9f,near_d06ed89adaac9c1a50fe,false,false,4
rec_7d6b42e7d228a90c6520,near_2791da3a50be06fd2718,true,false,0
rec_7d6f6ae7c58f92275137,near_100f814a57e93048fded,false,false,3
rec_7d6fe67400feebe25116,near_df9a5d62ce5eccee7801,false,false,0
rec_7d7c3bf2069289949cd3,near_2791da3a50be06fd2718,true,false,0
rec_7d894b3757766794a326,near_8c44c1fc2218d61722f3,false,false,3
rec_7d999f361781dbb393dc,near_0cde1964007b33055e66,false,false,4
rec_7d9cf2a0a3e34f91aafb,near_2791da3a50be06fd2718,true,false,0
rec_7da38939c9c925a06c10,near_64932a198df9611ae866,false,false,0
rec_7da7801a795d52c4644c,near_c0eddf640ed35acf697d,false,false,0
rec_7dca26c8326ddc4b49ed,near_c9c7aa7e461f95132460,false,false,0
rec_7dd2559bc7e7e9f6b13c,near_fd724629e8b18b14f6a2,false,false,3
rec_7dd28d7cc0050c92d6de,near_0239ddc4dca89c0e4406,false,false,0
rec_7ddc9a4768bae49e43b9,near_2791da3a50be06fd2718,true,false,0
rec_7dddde76553d0c796281,near_e1b7ccf1b59d0cc96d06,false,false,0
rec_7de1532967420875bdab,near_756e2d1a3202a4ddb70d,false,false,1
rec_7de5e470e68ea235518f,near_249efc654fe2d642ac68,true,false,1
rec_7df0b68f92d3d5e9a474,near_2791da3a50be06fd2718,true,false,0
rec_7dfa888415364e2fb02a,near_46f5ad7cdb34a1eef011,false,false,0
rec_7dfb658f9c14cfa68ccc,near_4eb0a34b9d93ff072ac8,false,false,0
rec_7dffc06d5ec67353b924,near_aed237772247abb23963,false,false,0
rec_7e04f7bb714de227122e,near_2791da3a50be06fd2718,true,false,2
rec_7e08121bf10ddf003da1,near_12488f2f39bad5aaa1e0,false,false,3
rec_7e084735a3591c32775b,near_f9366b8b6a0e4a5ccc83,false,false,3
rec_7e0ffbb8c6ece5afff57,near_2791da3a50be06fd2718,true,false,2
rec_7e26d39a6c478701b65c,near_2791da3a50be06fd2718,true,false,0
rec_7e348dd3b3fb6199d575,near_9eaa8c6d1f1c79e7fdbe,false,false,4
rec_7e3e6a42cb1ed65371d0,near_76a29534e462a81ed68f,false,false,1
rec_7e3f15082459fb7669ba,near_2791da3a50be06fd2718,true,false,0
rec_7e45ae912113dcf74961,near_ec7e090f279a37957919,false,false,0
rec_7e6890ca2fef4fe6d43b,near_20dce07cc392b535df65,false,false,0
rec_7e6fa20839538b66b0ad,near_2791da3a50be06fd2718,true,false,0
rec_7e7477e0017d661ced86,near_09fd1052b837c54d9dc0,false,false,0
rec_7e9ef4529d3938e6a25f,near_33de8e6bca4d62f274fb,false,false,0
rec_7ea267d6bad3c182b028,near_2791da3a50be06fd2718,true,false,0
rec_7eb6997f092dbcda1147,near_b372333bedba578685eb,false,false,0
rec_7ebd5398150f835c0756,near_66a38f03901bb1855444,false,false,2
rec_7ec6228795073a6b1ee0,near_2791da3a50be06fd2718,true,false,0
rec_7ecc9a974b53d51a1d59,near_2791da3a50be06fd2718,true,false,0
rec_7ecf3bc9dbe526a2fb62,near_2791da3a50be06fd2718,true,false,1
rec_7ed2dc319a6e460a9068,near_e0578f0486d83757d285,false,false,0
rec_7ed739c1f7705b32e8e5,near_2791da3a50be06fd2718,true,false,0
rec_7ed8d7f54f3a128f4a06,near_2791da3a50be06fd2718,true,false,0
rec_7edc538d6e8a9783f7a1,near_2791da3a50be06fd2718,true,false,0
rec_7eeef19d5b1c9c95dfe8,near_cd9c79a21b01012c21c8,false,false,1
rec_7f010ba8fe112036bdbc,near_2791da3a50be06fd2718,true,false,0
rec_7f07a6090a6c823f088a,near_87bc4459950dd77c90a4,false,false,3
rec_7f11722be3e65310b171,near_8023eb39741b3dde51d6,false,false,2
rec_7f14427c9fbf321109a3,near_6343aa6bb5c21c61fa59,false,false,0
rec_7f1651af65e138ae067d,near_82f79f0ec3331c264b02,false,false,4
rec_7f1a403c33ad774da926,near_53472615c6de8ba6a697,false,false,0
rec_7f1ba1845b567ec66356,near_1aade3ee858b37adb1f2,false,false,1
rec_7f2b1b117f63928de92d,near_33a975c2dc4d66b8d41c,true,false,2
rec_7f2e654e610f01e74a26,near_22c2a97137d7f3d7b32c,false,false,0
rec_7f3603c4be073770d9f0,near_6c8a9ab106ba89c3fceb,false,false,0
rec_7f3b3359f09987a56165,near_2791da3a50be06fd2718,true,false,0
rec_7f490ae6796788c0821a,near_79fdcba32314a274e295,false,false,0
rec_7f4e3c5344e6b83eedf5,near_215f59c14c7e20034d0e,false,false,1
rec_7f55cf2563cbe4412c02,near_58eaa11db37d5b4f28cf,false,false,2
rec_7f5a1fcae1426ccd23ea,near_0a774b877f7f52282163,false,false,0
rec_7f64cb50e26ced71320c,near_b7ea0b1b0173dd71245b,false,false,1
rec_7f6824302630e92b3697,near_2f60284f91632e61fdcb,false,false,4
rec_7f6cd83a4e9e451ccd23,near_672c7cc2fc0b5076eb3a,true,false,0
rec_7f81e3c0d29ea4f0a77e,near_2791da3a50be06fd2718,true,false,0
rec_7f8a5ecef76a7253db80,near_2791da3a50be06fd2718,true,false,0
rec_7f91c3f52435704095bc,near_e0f0ae726f05d0c7d0eb,false,false,4
rec_7fa0103aee67b46148fd,near_771690139edb113e91c9,false,false,4
rec_7fa897af0d9dc6882098,near_2791da3a50be06fd2718,true,false,0
rec_7fb0d67499c74e87bba5,near_0004c28bd8d12c6decf9,false,false,4
rec_7fb2cb14c9546a01669a,near_2791da3a50be06fd2718,true,false,0
rec_7fb41560bdbcfcd778d5,near_2791da3a50be06fd2718,true,false,2
rec_7fba90ba8499e8a051cd,near_9d9e510ca962a79512b8,false,false,1
rec_7fbb4de169505ba99548,near_2791da3a50be06fd2718,true,false,0
rec_7fbc72fea97938c9ac8e,near_794bdb3c926a84df966b,true,false,0
rec_7fbd975e440374ff64ac,near_3f23d1d8666fa6ade563,false,false,3
rec_7fc013a36bd726e7eee9,near_c41506ae41a85f1ae3d8,false,false,4
rec_7fc2b0854dc24c498b20,near_2791da3a50be06fd2718,true,false,0
rec_7fc5de9986d7b97ecb14,near_2791da3a50be06fd2718,true,false,0
rec_7fc970e0afa50bc02425,near_1b7af2ab3dc5cc879fb3,false,false,0
rec_7fcc13e0915a52cf54d9,near_ba5ff3fc5aa24bc34047,true,false,2
rec_7fce62656d04acbabdf5,near_60758d8f1be7d54d7300,false,false,0
rec_7fe7974aea972c0ad670,near_589044fc2aaa4a5a689c,false,false,0
rec_7ff1c1077e8dc66a5b3a,near_2791da3a50be06fd2718,true,false,0
rec_7ff3da15c070d768477d,near_2791da3a50be06fd2718,true,false,0
rec_7ff63f5721fb1391e7c4,near_1aade3ee858b37adb1f2,false,false,1
rec_7ff66a2e3368252e1110,near_77849c2b63d5f707b3f0,false,false,0
rec_7ffd9021a87892b189c4,near_2e7c8e68a97638dc7407,false,false,0
rec_80016e2761dd01dcc59e,near_f6b4ddd38b5a6410e7a4,false,false,0
rec_8002aa0d237579d87324,near_41c5d8dd24c25c8663de,false,false,0
rec_800c54955eca4402e269,near_19c1a830ff7a4c5e28fb,false,false,2
rec_801c42218ed993aac2ec,near_ca3e98e37d95f94564f5,false,false,4
rec_801ca507d97dddae4743,near_50ac12c0532b318c16fa,false,false,3
rec_8020089879938a82164c,near_2791da3a50be06fd2718,true,false,0
rec_80204367be2cf4a1250e,near_2791da3a50be06fd2718,true,false,0
rec_80233860f4dd07a0bd5c,near_2791da3a50be06fd2718,true,false,1
rec_8023d3acb3569e2460e3,near_406e70fcc8eb04dc656e,false,false,1
rec_802845dfad8bf92fd305,near_2791da3a50be06fd2718,true,false,0
rec_80373cd8757be6a208b1,near_6a9baacad6bf3657c777,false,false,2
rec_804077796460d2ee3d54,near_2791da3a50be06fd2718,true,false,0
rec_8049f9b2db8f5969c3ad,near_2791da3a50be06fd2718,true,false,2
rec_805cf1cd2bfa74c4d6e1,near_b1919c4c044b6ff0e865,false,false,3
rec_807c58aad0d30f16ed34,near_2791da3a50be06fd2718,true,false,0
rec_807d00e857bb9702d7b0,near_f2ca82f322d24b47e468,false,false,2
rec_80820b19f13ebb3ba8b3,near_2791da3a50be06fd2718,true,false,0
rec_8087a3d6552839cb9289,near_2791da3a50be06fd2718,true,false,0
rec_8088e820c7bb25d71c9c,near_8cca57edf6d3173362e8,false,false,0
rec_808cd51fffd0cac72106,near_2791da3a50be06fd2718,true,false,2
rec_8091b86658ca760ca995,near_2791da3a50be06fd2718,true,false,1
rec_809880f5067f5ef68143,near_2791da3a50be06fd2718,true,false,0
rec_809a892ac3766e1fc9b8,near_2791da3a50be06fd2718,true,false,0
rec_80a634f60455dd9586b5,near_2791da3a50be06fd2718,true,false,2
rec_80ae0fead80d00c53865,near_eb5b5f57bc6fac9c2809,false,false,0
rec_80aee800bab4455ef34e,near_970a720f13cf17af6b0f,false,false,0
rec_80b07b06215a63800d60,near_8b9bb09ea001098263bd,false,false,0
rec_80bb531ec22d9010b2a6,near_2791da3a50be06fd2718,true,false,0
rec_80cc905eb2a8163af3c2,near_da84bac1798b8dbf4ac5,false,false,0
rec_80d4c2938dd310c42450,near_7bb8f21250445ec5f62e,false,false,0
rec_80deb7d81c6552525d2e,near_7e982dbdc4f91a216021,false,false,0
rec_80e559fb2fd6d9b4138b,near_babc6d6e8581319d01d5,false,false,0
rec_80e59765d98402206076,near_ba75434f997b45d7e712,false,false,2
rec_80ed3f96d9a4fbc827af,near_6075010e65af104a76ef,false,false,0
rec_80f02d261c0593c01e11,near_2791da3a50be06fd2718,true,false,0
rec_80f14b9c9741b3a57d59,near_2791da3a50be06fd2718,true,false,2
rec_80f21073b7e20479992a,near_2791da3a50be06fd2718,true,false,0
rec_81377b2da77809297a57,near_ff4411034e86b768c832,true,false,0
rec_813e0e22c371544a9343,near_2791da3a50be06fd2718,true,false,0
rec_814898b9fd9d7553361d,near_a749462331230f983cec,false,false,0
rec_814f4e087845d14f3396,near_2791da3a50be06fd2718,true,false,0
rec_8150c1a2bec3d98e38be,near_7fb778f4df882016fda2,false,false,0
rec_8163d5db60b15f1ae72e,near_2791da3a50be06fd2718,true,false,0
rec_816e2f5e576ba4bab674,near_dd99c6f2d0d33f755ff7,true,false,3
rec_8174d6b84bd29d7c0184,near_2791da3a50be06fd2718,true,false,0
rec_81897e12879f71f0d8b5,near_11945bee0aaa5dab4f5e,false,false,0
rec_8197820300b0e9e94fde,near_3ef9fa62c240af49a193,false,false,0
rec_819ab4df70c645e9fd32,near_d5e60cc3378c63c40f61,false,false,0
rec_819af3987d78a6e788f9,near_442588c77f72906c3816,false,false,0
rec_81aca09f2cfb0cd376c0,near_2791da3a50be06fd2718,true,false,0
rec_81b3d1b57be0bfa8962f,near_2791da3a50be06fd2718,true,false,1
rec_81c27e12ad81a5bebd9e,near_8119d2ef4743f1ebd8f1,false,false,0
rec_81c4d3aeed8ab49c082a,near_318b90af58995d832641,false,false,2
rec_81c80497a0186b0f35e0,near_dac37825a750e7b938ac,false,false,0
rec_81d29b25da1a0815dc9e,near_548be12cbd765420a296,false,false,1
rec_81df98dfe2b8972a3009,near_2791da3a50be06fd2718,true,false,0
rec_81e3e486d2abc72f2305,near_2791da3a50be06fd2718,true,false,0
rec_81e881f431709ddfd048,near_2791da3a50be06fd2718,true,false,1
rec_81e942313715609a7038,near_2791da3a50be06fd2718,true,false,1
rec_81f948adb14b95feb95f,near_78ddc5650f0efa0ef9bc,false,false,0
rec_820acfd7078fee2e3ef4,near_6cad6960f8f586ad5c72,false,false,0
rec_820b8e446eeb4545953c,near_9d0c65d42b7366bdd3a1,false,false,0
rec_82164bf3cf51680f6385,near_da84bac1798b8dbf4ac5,false,false,1
rec_821bd270313cbe5cb5ec,near_2791da3a50be06fd2718,true,false,1
rec_82282fd0765ed25fa7db,near_14abcd2a89d57146b848,false,false,1
rec_823b177a06330ff986f4,near_a6142a52a399c6ae97e7,false,false,0
rec_823d916138effd366413,near_6c1ae2e08947ca67ddad,false,false,0
rec_825cda96ea893d4e6dbb,near_8e6f434d08a193feee7b,false,false,0
rec_82620dfa93015e7cff25,near_ff302ec04cf127710965,false,false,0
rec_8265d49c75e4a6bdd174,near_91386ea28c5050b904d6,false,false,4
rec_8267bee3d03f54297f27,near_2791da3a50be06fd2718,true,false,0
rec_826f18eba41c06a858cb,near_800e6c4839f485960e93,false,false,1
rec_8282a670895fb4003a8f,near_2791da3a50be06fd2718,true,false,0
rec_8282df565502f086efd8,near_2791da3a50be06fd2718,true,false,0
rec_82857dd2c5139bfd4bec,near_2791da3a50be06fd2718,true,false,0
rec_828e8018735cf2e7f04e,near_2b1af3466dbc60cd13c7,false,false,0
rec_82936f9d744f00840ece,near_25c7ae8032759c13635d,false,false,0
rec_8293d07d90a06c83b8f9,near_2791da3a50be06fd2718,true,false,0
rec_829a3d0f11a08f8d7487,near_876ad76fa224bf613241,false,false,0
rec_82a0b216d6f0496f6708,near_2791da3a50be06fd2718,true,false,0
rec_82ac9edcda7d5bf183c4,near_b2fd2696f5ca5bc5344c,false,false,0
rec_82b082116933ff68e463,near_fc7c1bf63af3ab98d893,false,false,1
rec_82bf29ba2bb57afc64eb,near_2791da3a50be06fd2718,true,false,0
rec_82c2880d15cd61f8e3a5,near_1d5276cbc1fac5ae701d,false,false,0
rec_82c714fb5cce0b862d73,near_bc4761fc82a05d40f89e,false,false,0
rec_82cd63d74290c46dee63,near_2791da3a50be06fd2718,true,false,0
rec_82ce47b6b170651f08db,near_07869827947681da5680,false,false,0
rec_82d6f2eafea0edd2ad72,near_f62445ff27e43a087f24,false,false,0
rec_82de722d47de8e393a59,near_73758f6e4075a43dd033,false,false,1
rec_82e7193a86c871c51d89,near_2791da3a50be06fd2718,true,false,0
rec_82f43da427e1f17c48c4,near_366ff71900c30361c8ab,false,false,1
rec_82ffb9a90c8c495284f8,near_2791da3a50be06fd2718,true,false,0
rec_830cc958ba6f5f1ba7d8,near_b0778cd9700e60ca1b61,false,false,1
rec_83218cd4757d0062784c,near_f7211825b9101b4a0bb9,false,false,3
rec_832f8d7bb4b0c81f345a,near_2791da3a50be06fd2718,true,false,0
rec_8337e2e392878fcb09f9,near_51a13be6877eb2458a78,false,false,0
rec_833c15babf8bb21a0fa8,near_2791da3a50be06fd2718,true,false,1
rec_834b519ea5d11113df85,near_b44a3746f5980633009d,false,false,0
rec_835678f947e2456fc63c,near_46aaa12a415f450741d9,false,false,0
rec_83650a497ade2c12f8c8,near_c994abb31d149460d604,true,false,4
rec_837361a282d5bf6a2957,near_db8031ba54673a3f7cdc,false,false,3
rec_837d1de252005f47629c,near_2791da3a50be06fd2718,true,false,0
rec_837e00511a927f033931,near_2791da3a50be06fd2718,true,false,0
rec_8382055a203d8ce8fe75,near_2791da3a50be06fd2718,true,false,0
rec_83856c4072ecaee752df,near_2791da3a50be06fd2718,true,false,0
rec_838731e6171a847d86f0,near_2791da3a50be06fd2718,true,false,2
rec_83930b7dc6a12a460698,near_321304ae88f6ad3878cb,false,false,0
rec_8397101106f7b428fee3,near_8d2c8dce889415ff23fd,false,false,0
rec_839be217af2eed5d8342,near_37d503410eacfb513e8c,false,false,0
rec_839cad132f358fe4185a,near_cde61bd55ee3a00e3398,false,false,0
rec_839edf5dc7b2af8d3e1c,near_2791da3a50be06fd2718,true,false,0
rec_83aa6831b5249bc69c5b,near_91386ea28c5050b904d6,false,false,4
rec_83b78d2cae2555adb0da,near_c81d6bb6769f38379090,false,false,0
rec_83c0d417dd326c50b365,near_7ee589540a1eafcfb2f9,false,false,0
rec_83c76ad9691dfd9e6809,near_4529878b7efc1b4a4d59,false,false,0
rec_83caab2ac47e4cf24115,near_2791da3a50be06fd2718,true,false,0
rec_83ce554784d47d8c7eb0,near_2791da3a50be06fd2718,true,false,0
rec_83d73a08ca8f0c3cab8f,near_2791da3a50be06fd2718,true,false,0
rec_83e48ee8e060bec8067f,near_c3ba22899906ac6d802b,false,false,0
rec_83f39bd1334c32823721,near_2791da3a50be06fd2718,true,false,0
rec_840a54f0639db962501e,near_2791da3a50be06fd2718,true,false,0
rec_840e2d312f062d360b90,near_4a3af076a1d4bd6a5ee4,false,false,0
rec_841baa30dc7df7476e89,near_2791da3a50be06fd2718,true,false,0
rec_841ca0fccf70356475b9,near_2791da3a50be06fd2718,true,false,1
rec_8442bcbd1616991e7e63,near_495644e85cc39e48698a,true,false,1
rec_8448ebf6bde2c8fa1d97,near_d4041c77087491191230,false,false,3
rec_84509737df90beba633f,near_2791da3a50be06fd2718,true,false,0
rec_8456d7f6830529369be5,near_b9403106551000514cc3,false,false,0
rec_84643b4b18c23f4d0d41,near_f26110db06fa90c871ea,true,false,0
rec_84663565bf7b9455c6ef,near_7be20b7a99b7ca407300,false,false,4
rec_846c0fa0ee94eabf3b1b,near_30e5098cdac3156d4cc8,false,false,0
rec_84783575b3cdbd126835,near_7967f3d76c05fa0a7bfd,false,false,0
rec_848a3a219ca222962ab9,near_13a8bd994fc962d371a1,false,false,0
rec_848dc93302ba30496fc6,near_2791da3a50be06fd2718,true,false,0
rec_84988d0181c6fcdfe094,near_a4d3a75bd27a5562fa55,false,false,0
rec_849b092254f382bde21d,near_2791da3a50be06fd2718,true,false,1
rec_849fa3c32cfe927ac2e5,near_2a0c22fa2a52b49f4ac3,false,false,0
rec_84a72dda0b7156d26c12,near_e72f930c58a00e724694,false,false,0
rec_84aa934d242c94ca049b,near_2791da3a50be06fd2718,true,false,0
rec_84b35377983ef9b0fee3,near_bf68c232b517d43b97f1,false,false,0
rec_84b747dc4d4d28b62dc1,near_5544089b237f61cd0f95,false,false,0
rec_84c0aa34998ecc498481,near_2791da3a50be06fd2718,true,false,0
rec_84c39e00d3b5a262f8be,near_86b617db7549132e11de,false,false,0
rec_84cfc8cb6cdbc920c833,near_2791da3a50be06fd2718,true,false,0
rec_84d538ecdb363fa4b9de,near_8c16ed8844d2010aa248,false,false,0
rec_84e006bd81f7646b34a1,near_e2f853d19541bf40d5fd,false,false,0
rec_84fb41ab19f2c4dd80e2,near_f15de4f3182ea31d846b,false,false,4
rec_8503a20d06bc23b5bbb7,near_2791da3a50be06fd2718,true,false,0
rec_8507ab18990d31bac748,near_2791da3a50be06fd2718,true,false,2
rec_851221844973409a1de1,near_42079a635ea9c4bd4bc6,false,false,0
rec_851828c465dd8ca92244,near_2791da3a50be06fd2718,true,false,1
rec_8518b2258e1b23f715c9,near_e929276130ecbf543f2d,false,false,0
rec_8522f9680081494c36e0,near_963fb36cceab43cd1a19,false,false,0
rec_8526f7913ea5140e12bd,near_b4cfededd3ca663543ff,false,false,2
rec_853028fcff13e6eb2a6b,near_1b7d52f0d206e10caa55,false,false,0
rec_85340b554bbf7ab95a69,near_abcb67850ba4c74edce9,false,false,1
rec_853c0226d156a0baccb3,near_ada105aa60e6f1aaaf26,false,false,3
rec_85435a6a0231d9d49ef0,near_f822f6cda3e1b2a887a6,false,false,0
rec_85543adc7e4a16faae0c,near_2791da3a50be06fd2718,true,false,0
rec_85555a323e2a7f563557,near_a7400ee560d7b31c630b,false,false,2
rec_855b3a01dc0026f0524b,near_f8edd8ca550652d0175e,false,false,0
rec_855f34d847983b64cbee,near_3473d75abca23d6bebcd,false,false,0
rec_85636a42b52459468f95,near_2791da3a50be06fd2718,true,false,1
rec_8568278aa3df84f12520,near_4b97f72ad77df42c91c6,false,false,0
rec_856d95d1fd4fdfae357a,near_45c34393c04aa393e5a3,false,false,0
rec_856eb849be7c46554049,near_2791da3a50be06fd2718,true,false,1
rec_85807d9b60da58bf892a,near_666a704e9e4662978c3d,false,false,3
rec_8583f4d8b8b3a1ac7d64,near_2791da3a50be06fd2718,true,false,0
rec_858465b93f6c07d63631,near_1505154e9bf0c1d7b76c,false,false,1
rec_858a224986a99da3a74d,near_84814505ddf9dd09387c,false,false,0
rec_858fd720e95ed0fa94a9,near_2791da3a50be06fd2718,true,false,0
rec_8590bd147b27a645e057,near_72da27ec19eb28400b4e,false,false,0
rec_85960d5e7a62965b4325,near_ba4e6f718903fec44273,false,false,0
rec_859f5a9ee1a5faec2804,near_2791da3a50be06fd2718,true,false,1
rec_85a66816709a3efc616f,near_0a72f0d3615a0da0c5ad,false,false,2
rec_85abf4324eb581450b25,near_2f7bd396fa4369139fc4,false,false,0
rec_85b00dd6f8e24336d2d9,near_3336da951b496f54d83b,false,false,0
rec_85b4a2c10dc3f882d9bc,near_2791da3a50be06fd2718,true,false,0
rec_85b4a35eccda39945169,near_8df19cdc2b04f8f5e28a,false,false,0
rec_85b55d00d2254e8801b7,near_bf68c232b517d43b97f1,false,false,0
rec_85b5890796baf1e91199,near_2791da3a50be06fd2718,true,false,1
rec_85b8a22620f75ff72202,near_248d1ca1a8bc422888e7,false,false,1
rec_85bd8a2ff772d4051442,near_2791da3a50be06fd2718,true,false,0
rec_85c25a72c6b76b7adba2,near_62a33cdcca5e433e3719,false,false,0
rec_85c2ce1d2258c52c02e9,near_1d3abb937b15f9be16a7,false,false,1
rec_85c4fe704e3a1e43a648,near_365195d289c2771d3525,false,false,0
rec_85d0b61d2f2acda37286,near_ae12b6ef2f051bb86f61,false,false,0
rec_85d90660e0fa10233b93,near_8a6582732ffa8e1c5318,false,false,1
rec_85df3611276532eae019,near_484ab1c582d5121f0495,false,false,0
rec_85e4e59c240df45a562d,near_2d4f5d1880cccd8e3f22,false,false,0
rec_85e975ed82ef208c99a5,near_71ccf0b0ac85678e3b8f,false,false,0
rec_85ecbb94e4d9186c53ff,near_2791da3a50be06fd2718,true,false,0
rec_85efd9b4129c0065ab34,near_3217ca5bd581fb372e0d,false,false,0
rec_85fb9a76b598d68b4b3a,near_af8b2b724c125ed6105f,false,false,0
rec_85fbacf6cc0954d03097,near_2791da3a50be06fd2718,true,false,2
rec_85fd5fd4bc8815e8166f,near_2791da3a50be06fd2718,true,false,2
rec_8606fe7f76f4d437603a,near_2791da3a50be06fd2718,true,false,0
rec_860cbc62e11fe1e00f85,near_ba5baaced20498efed19,false,false,1
rec_861184659cbefe527e4f,near_2791da3a50be06fd2718,true,false,0
rec_8613f86041585c693800,near_1a0462a572fa2c6c2c56,false,false,4
rec_861b43394c51681acf07,near_a5cce1b904530116fd78,false,false,1
rec_8628ee541e99f744c327,near_c5eb5daae81c5f71fd47,true,false,0
rec_862e0fc97d982cc8026a,near_b9ddb7127c37a5a577dc,false,false,0
rec_8631e44f79e4d36ceb7c,near_2791da3a50be06fd2718,true,false,0
rec_863c357653e149bd3762,near_2791da3a50be06fd2718,true,false,1
rec_864af12e7e91d5420e70,near_fb93ac56b32ae9cef2f6,false,false,0
rec_864ff808d4eeb790a47b,near_2791da3a50be06fd2718,true,false,0
rec_866386c3569bae0e2da2,near_55586113e1b7ed90f48d,false,false,2
rec_8668490ffd1a2c95d561,near_861544b4b85c0d5728bf,false,false,2
rec_8676e0c1f02a0954a5f2,near_e0d01fe97a45d0c893a6,false,false,1
rec_867d270585b5d20c4292,near_2791da3a50be06fd2718,true,false,0
rec_8687e665d4a9bfe64f5c,near_2791da3a50be06fd2718,true,false,0
rec_868b242b80c529e33047,near_2791da3a50be06fd2718,true,false,0
rec_8692436be8c6fb3ac2cd,near_2791da3a50be06fd2718,true,false,0
rec_86a3ca24deb6f85114b7,near_175e01f8778edc2ae059,false,false,0
rec_86a4e702997b30ce044b,near_2791da3a50be06fd2718,true,false,0
rec_86a4ebcda3277215f8eb,near_68dcaf81802334cc43c4,false,false,1
rec_86a990e0842798b4bfcc,near_2791da3a50be06fd2718,true,false,2
rec_86aabaa7f6ca6c4f27fa,near_a268e9961242ec597ef8,false,false,1
rec_86aca48c7ffc7740850e,near_2791da3a50be06fd2718,true,false,0
rec_86b0ca623377d675d2c3,near_ca63650f14cce3a27b19,false,false,0
rec_86b2857f261e99cc3b9e,near_bb7cc1b305bc04a02d45,false,false,0
rec_86be41e14c02cfbbfef5,near_2791da3a50be06fd2718,true,false,0
rec_86bf6fdc224531e3332f,near_2791da3a50be06fd2718,true,false,1
rec_86c2a89d54ed3b544712,near_2791da3a50be06fd2718,true,false,0
rec_86c57433fc98db0ab0a9,near_5e904dcd728ed3b90623,false,false,4
rec_86c9eccc0760d95a76c3,near_2791da3a50be06fd2718,true,false,0
rec_86ca98b7500d019d09b3,near_2791da3a50be06fd2718,true,false,0
rec_86d44247d85a9466fecc,near_d03ce49d2e685d05567c,false,false,4
rec_86dbff29f68727dad5d9,near_62cce755ab7e484be3e3,false,false,3
rec_86e58cdfa0f1380d7e7b,near_2f69b63443f016ab2090,false,false,2
rec_8709a112b0c8ec37c3b6,near_efeda34f551786537f20,false,false,0
rec_8710475e726e688614ae,near_54ade5925e4c9a88ba47,false,false,0
rec_871d49c93c7ef434b291,near_a7781995d60c51783938,false,false,0
rec_87219698c099a5142d83,near_2791da3a50be06fd2718,true,false,0
rec_8727357520e918e73cba,near_46865a210975b19337d1,false,false,0
rec_872d8ca49b082e6595c3,near_2791da3a50be06fd2718,true,false,1
rec_873105aff93f1c77cefe,near_fa78810dae8728d454e5,false,false,0
rec_873a66a9fbee6539f805,near_40f23496a71c8ca370b8,false,false,0
rec_875112e88f61a1f18c37,near_2791da3a50be06fd2718,true,false,0
rec_87557201cb0d9534bf09,near_2791da3a50be06fd2718,true,false,1
rec_87664aec8d6f48d07a0a,near_43168219880836acd567,false,false,0
rec_876f3766b67d782cfff7,near_9eaa200e7069261407ef,false,false,2
rec_8774fb1f382fac04442a,near_6a28910711c0e9d97bdb,false,false,0
rec_8779c79b8f8dc91f1ce9,near_2791da3a50be06fd2718,true,false,0
rec_877e3deba251dd192a9f,near_a2dd8eaf601cf01abd7a,false,false,1
rec_8789743867f4936a0143,near_811268e62ef1ac635afc,false,false,2
rec_878dc752a8fe2a1a5dc5,near_93848039bc66e5cc7927,false,false,2
rec_87909f84f23270d2edcc,near_98e6a17967451f2b9e24,false,false,0
rec_87a4f595dcfbf6c56115,near_0c734a47657c712eea05,false,false,3
rec_87a65008eaec0784ef74,near_2791da3a50be06fd2718,true,false,0
rec_87ac4ae477542730fef3,near_99078a81c65aee2a799f,false,false,0
rec_87c384175ccce06f616b,near_9e689a2a4e9211c301f4,false,false,0
rec_87c7dc09c4e4fc1c6c0d,near_ed16c23f92c0ded19c31,false,false,2
rec_87cd876bb6e6119beb5f,near_a2e5e2342b59b6e72db9,false,false,0
rec_87ce6412176c1665822f,near_7199b0584a02c91eb5b8,false,false,2
rec_87cfd48a442bfda3c1a4,near_3c76c8afb5cf5a38403d,false,false,0
rec_87d6596d9244bbb63351,near_2791da3a50be06fd2718,true,false,0
rec_87dd0552c505c325da4a,near_2791da3a50be06fd2718,true,false,0
rec_87dd74ee0862b3e2b825,near_2791da3a50be06fd2718,true,false,2
rec_87e0c4c3fb17c41dd3de,near_96e141e4324457c96a5b,false,false,0
rec_87ef6bdb1fe70ea7631c,near_1df3497042bc6a13cc57,false,false,2
rec_87f780f6317d9850ea2c,near_2791da3a50be06fd2718,true,false,0
rec_87f8460674d51df60431,near_c2a5a43af5ce91e11d65,false,false,2
rec_87f8ed761a6ab5007e82,near_9959de3a5ee55b1b1429,false,false,3
rec_87fab9bedd7f438bab19,near_c6211adef40142d1e7c6,false,false,1
rec_880555356c91029fd1ac,near_f8b96591d6bda717f51a,false,false,0
rec_8814d9f20832b18f4313,near_bba3041d602078382f97,false,false,0
rec_881a113cc4e081e739f4,near_3336da951b496f54d83b,false,false,0
rec_881b3f695ca299ff19f0,near_5d92273d5c73cd623ca4,false,false,0
rec_88249d5efe512d1fdba2,near_5068df66cd5fd89d1f3c,false,false,1
rec_88356b36fd351160ec50,near_df885153522b5ab06958,false,false,4
rec_883a28b37405aaf02cb1,near_2791da3a50be06fd2718,true,false,0
rec_883d0c5178287f2c0cb5,near_a6f0113f74d4f8145fd5,false,false,1
rec_884db312d3fc1cfef0d5,near_2791da3a50be06fd2718,true,false,0
rec_885e6f9b9715a56d6413,near_2791da3a50be06fd2718,true,false,2
rec_885e8638b1d281735343,near_d90063dde61ee33fa353,false,false,2
rec_8862fa1c28e5944bfe91,near_34dd259863118021cf90,false,false,4
rec_8865d9a5fe375a147ebd,near_47f4975863338fd36a54,false,false,0
rec_8868de302f1cb392831b,near_c348aeb17bf5c403dba3,false,false,0
rec_88765ccd71bcc23b8e64,near_2791da3a50be06fd2718,true,false,0
rec_887f2b5fa25f41139904,near_2791da3a50be06fd2718,true,false,0
rec_8881edfe80d283db3260,near_47c3535bb1c89a848079,false,false,0
rec_888b2349c52e411c2074,near_2791da3a50be06fd2718,true,false,0
rec_888cd6c78ee3af9e4620,near_2791da3a50be06fd2718,true,false,2
rec_888f303673fccef85d88,near_1a87bdc0d72ad49570b4,false,false,0
rec_889b6130abaedab8e93e,near_8cdb22e0f633efbaccba,false,false,0
rec_889bb6520dc5a8843278,near_2791da3a50be06fd2718,true,false,0
rec_88a208577e5e66d94fd8,near_4286f828895283995a6b,false,false,0
rec_88a5329d285eba574db2,near_8ce33020e5af7791a282,false,false,3
rec_88a8c099e7245bea7e66,near_2791da3a50be06fd2718,true,false,0
rec_88c64c9ffd256bd42175,near_8eb9a19220a79ffaeda1,false,false,1
rec_88cc5f34c8e3a16ffa81,near_2791da3a50be06fd2718,true,false,0
rec_88e08902a4970f0246bd,near_2791da3a50be06fd2718,true,false,1
rec_88e7b40631d5a8ef9a35,near_bdc0ae71e5f89cf8b6dd,false,false,0
rec_88ea0bd6328bd3704d66,near_d04f1d233ab271f88453,false,false,0
rec_88ed6f53a6283b821834,near_3d4b4dd42e318d9958a6,false,false,1
rec_88f5c5c679be424613aa,near_826ec28329933897826c,false,false,0
rec_890a89ee991cb235003d,near_5a65e7bb27d5b34e5206,false,false,4
rec_8912fac95a5564d83a73,near_fb0a11a5747305a9fee7,false,false,2
rec_8913b711ba23e9f28ec6,near_2791da3a50be06fd2718,true,false,1
rec_8917aeac5685baf14a81,near_fee1f69eb48c7695224f,false,false,0
rec_891a31a746e4dbd5c409,near_421613e91cc68b57946c,false,false,0
rec_891f59311e4b78b9f4be,near_3d5297671f52bfa8b832,false,false,0
rec_892683047835542946f3,near_9e689a2a4e9211c301f4,false,false,0
rec_893f66ba0554339c5a25,near_32c2721a7965b915fc5e,false,false,3
rec_894381f85ee273065844,near_f80b7f5638746d70944f,false,false,0
rec_89526bfd20007d50a734,near_675aec7fb02c0c3de214,false,false,1
rec_896c67ebb1e888b1bf37,near_2791da3a50be06fd2718,true,false,2
rec_89723d0728aabd7d986a,near_2791da3a50be06fd2718,true,false,0
rec_89744d64178cfce3fbee,near_534d9df97db5931e9614,false,false,0
rec_8976b02bb6cc4224ce90,near_c107d09d5ee124aab2ee,false,false,0
rec_898418178e493dc535d5,near_964dc18a3a190f2773ec,false,false,2
rec_89898b31dae43b47381a,near_2791da3a50be06fd2718,true,false,0
rec_898b15dc41145cbf45af,near_1bfc56ac26a63964381e,false,false,0
rec_898f82f16e11e0992176,near_2791da3a50be06fd2718,true,false,0
rec_8993997ab068de9296e7,near_2791da3a50be06fd2718,true,false,0
rec_8993e809e2c4df10e409,near_fafd0895e00a9ce6d87a,false,false,4
rec_89a189c2d1e5cd558979,near_75959c85b8ad370ba5dd,false,false,0
rec_89aed6559bb887f516e9,near_2791da3a50be06fd2718,true,false,0
rec_89c43204b664d3a98a50,near_2791da3a50be06fd2718,true,false,1
rec_89c5dc7210f70d70cbef,near_2791da3a50be06fd2718,true,false,0
rec_89cefff52f93dc8f6c71,near_2f07fc51d33410391ca1,false,false,2
rec_89d4bb611cfa5ef42733,near_4a3d460fa513334ec657,false,false,0
rec_89e802fc092e91af89b5,near_8a0403f91cda9f8cc139,false,false,0
rec_89ee9a800dbb32694849,near_cf242b5c7da9c94abbc8,false,false,1
rec_89f15ac807893769322b,near_1634ad3d52159bbf1863,false,false,0
rec_89f3e4f76c0a0d533e0f,near_2791da3a50be06fd2718,true,false,0
rec_89f9b295d2eae21bdc53,near_8db9ea6868dd65c6c854,false,false,0
rec_89fa9322c5c962c8cdb2,near_45bc628b50f06b012bdb,false,false,0
rec_89fd5b33ba1ee7a93eb9,near_8ed8e6b85ada0dc9b3f7,false,false,4
rec_8a05199f20bab5adee5a,near_b167ea1862973addb7d0,false,false,0
rec_8a0d48746eb1f7afe07f,near_946aafa05e559e61f244,false,false,4
rec_8a32d026d3a0f1f52268,near_2791da3a50be06fd2718,true,false,1
rec_8a3d9372f51d101b77be,near_36f5ebca5dec675c6f97,false,false,0
rec_8a436738070fc2710680,near_2791da3a50be06fd2718,true,false,0
rec_8a4bd87a862bf8c56a84,near_2791da3a50be06fd2718,true,false,0
rec_8a4e1515c11c85e58ebd,near_777fc47207e0758c6ede,false,false,0
rec_8a5a642171e110babddb,near_7fb7cbe1d8b8c66b6d36,false,false,0
rec_8a60d03c653635b685cc,near_b884889f1906f1702468,false,false,0
rec_8a7278c7a7f2a402f000,near_6cfdbd6e711cb4da5890,false,false,0
rec_8a7672fd2496e3461951,near_9b62808b44124dc06f8b,false,false,0
rec_8a7ff5dae5d4a3045143,near_2791da3a50be06fd2718,true,false,1
rec_8a9374615c0dc3f5c55c,near_c531cf9eef9eec7a6290,false,false,0
rec_8abf6be2a52489060f6b,near_2791da3a50be06fd2718,true,false,0
rec_8ac3b1507392360033b6,near_165ab3d3eb45d0b263a6,false,false,1
rec_8ad921606627a0d6d9f4,near_cedad6ce0a93c54fedb3,false,false,0
rec_8adde59d65ea4feb862c,near_d251df00138ac43b4c88,false,false,0
rec_8ae2690e1b99dbf2f9a3,near_2791da3a50be06fd2718,true,false,0
rec_8ae51216f18bac22fca6,near_42079a635ea9c4bd4bc6,false,false,0
rec_8af355260835b08eb523,near_b1919c4c044b6ff0e865,false,false,3
rec_8af5a430c1a43aa8ee5c,near_2791da3a50be06fd2718,true,false,2
rec_8af88b8f6801bf98c8c9,near_c8203b1ab9498ebee677,false,false,0
rec_8afb46d9376b8d4d141b,near_5be417ec87d7a443235e,false,false,3
rec_8b0de295132cdb93a857,near_c8a7536b6e713f1d3d10,false,false,3
rec_8b0ece8e5e2970de72c6,near_2791da3a50be06fd2718,true,false,0
rec_8b20c98b84f94166188c,near_2791da3a50be06fd2718,true,false,1
rec_8b2210eeca1704fab620,near_2791da3a50be06fd2718,true,false,0
rec_8b31e9e234ff138d6e31,near_2791da3a50be06fd2718,true,false,0
rec_8b39d051d0a4f3e11430,near_2791da3a50be06fd2718,true,false,0
rec_8b3d7b1ad3a0238d3d84,near_2791da3a50be06fd2718,true,false,0
rec_8b4159eb06e66634bd9f,near_72da27ec19eb28400b4e,false,false,0
rec_8b42bb38e70ba4f5f8a3,near_2791da3a50be06fd2718,true,false,0
rec_8b44a3b4e5fb77c02e54,near_2791da3a50be06fd2718,true,false,0
rec_8b47cfb766a0a92b18de,near_68a71550458781877d97,false,false,0
rec_8b753bfee669be327067,near_fbcab069e0cd04fca848,false,false,3
rec_8b801e4d3f061ef9f0e2,near_2791da3a50be06fd2718,true,false,0
rec_8b8db4ed92bc1061c5aa,near_eaf564683fa8ddba4c9b,false,false,0
rec_8b9af49897966ea0a943,near_2791da3a50be06fd2718,true,false,2
rec_8b9b7f83ca8e3fef92b8,near_cffd93838bef704d07d7,false,false,4
rec_8b9e8d8a706ff0fdf722,near_c7cd3e127411c5bf6b68,true,false,0
rec_8ba3b0b1cceb918f56ed,near_2791da3a50be06fd2718,true,false,0
rec_8bb6f4fd27d989cb04f3,near_d6bf66f1c09e96a22c17,false,false,0
rec_8bdb9e9047aeeeee53f1,near_e2b4a84f886698c326c9,false,false,0
rec_8be2d2c730f4f2b64bcc,near_2791da3a50be06fd2718,true,false,2
rec_8be369c00d5b7d3bcced,near_4d11bdd4a01bce72dd37,false,false,2
rec_8bf9636ffebc18ac605f,near_2791da3a50be06fd2718,true,false,0
rec_8c07fee4306c04868a76,near_96a3adb40182fbb19a12,false,false,0
rec_8c112a23df06616564c5,near_f8358ed77649a25bca05,false,false,0
rec_8c150d6e8b49b6bc322a,near_2791da3a50be06fd2718,true,false,0
rec_8c1ac4c7273ae2c096e3,near_eb6aea30de5615151c76,true,false,0
rec_8c2ab4cee82399dd341e,near_8f0e3a21d70430ae5795,false,false,1
rec_8c2bf21f1a2df69a03d1,near_2791da3a50be06fd2718,true,false,0
rec_8c2c5b16d47649268f3f,near_6c7c2646959740cb2d35,false,false,0
rec_8c2c800f3c0d245e7b28,near_a9aee0c96cd1346bd90e,false,false,0
rec_8c322a827ee8dce28ef7,near_ed4d4007f3571aff52ff,false,false,0
rec_8c342624d47964239fba,near_1f1836521901c34a3e10,false,false,1
rec_8c35b970a733278107ab,near_cf26144cc1792dac55bb,false,false,0
rec_8c3dcf31556620451cc2,near_2791da3a50be06fd2718,true,false,0
rec_8c46435582e2d65c3844,near_25e45411995e828cf869,true,false,1
rec_8c467c32aaf743b100c7,near_2791da3a50be06fd2718,true,false,0
rec_8c4b1d85035b60a3c60b,near_9071bdef342f48551ffc,false,false,0
rec_8c4dbce0fdac0353d51c,near_7e1c09667a1c225cb3fd,false,false,4
rec_8c528e5a64b5ad418064,near_2791da3a50be06fd2718,true,false,0
rec_8c5caf90527dd99412e9,near_31f024fe5e871fed965f,false,false,0
rec_8c5e651aadc00525baba,near_546e2ee221fe4e8b2265,false,false,0
rec_8c5e6fc886a2ff218005,near_1533a83b6e1ee608e652,false,false,0
rec_8c62b4d4bd1aa3b63745,near_5b9155b62a877a75e031,false,false,0
rec_8c65edbb341089ee78d0,near_52e6ebc29ae1b14f16a7,true,false,0
rec_8c799b118cb6fba605a4,near_9fa9deca47ff3da43770,false,false,0
rec_8c89cc071c6f086e7f3b,near_dbe5457bbab934542c8a,false,false,0
rec_8c8cec9ce7ca170d569f,near_826178c8597969a849a3,false,false,1
rec_8c9667541fa75d06e182,near_2791da3a50be06fd2718,true,false,0
rec_8c9a0bc7792ba7563640,near_c85522d4a133e7161bed,false,false,1
rec_8c9b897977a6fcb8649b,near_eff88268c672c977dc38,false,false,0
rec_8c9ee302bded3143aed8,near_f5265e3fd41557c1f0a6,false,false,0
rec_8ca08199d4c5a4a7366a,near_2791da3a50be06fd2718,true,false,3
rec_8ca404e2b6406a619949,near_33cddf5a87fcd74f3e10,false,false,4
rec_8cbf8181a9a7a4cea56c,near_25e45411995e828cf869,true,false,2
rec_8cc44d6b37133d4ee7eb,near_2791da3a50be06fd2718,true,false,0
rec_8cc6cc579c0ec7a22756,near_090c370db50813528b14,false,false,0
rec_8cc72f0b400c148247d6,near_2791da3a50be06fd2718,true,false,0
rec_8ce5844d3e8d172bdd28,near_4bc3cfce6b1d3f131973,true,false,0
rec_8ce9988c78ad32b76bcb,near_36270355b5b2be9daece,false,false,0
rec_8ceb9d66bc08f467f6d6,near_215f59c14c7e20034d0e,false,false,1
rec_8cebda9765a6c0729198,near_f4762c76974cb3508c81,false,false,0
rec_8cf944b4828310709282,near_318ceb354e09ac3d01be,false,false,0
rec_8cfd1aa1a39c720c2611,near_e7ae3ef08e215578d1e9,false,false,0
rec_8d0328541a7c3ef96c65,near_2791da3a50be06fd2718,true,false,0
rec_8d1a415a1276d1eb7524,near_ea628303df2971e2550d,false,false,4
rec_8d200f0ca1ce6703aa52,near_4529878b7efc1b4a4d59,false,false,0
rec_8d24e3c5700a747d1db2,near_72a9419f3fc4f70ae5f8,false,false,0
rec_8d29e8c6a003694286f8,near_2791da3a50be06fd2718,true,false,0
rec_8d454172ea2ede97ab80,near_4cb20ba220e99e341d01,false,false,4
rec_8d4668e199332367b0fa,near_100e4796cad133cf5945,false,false,0
rec_8d4a2aea067ded284b74,near_a03c47d2b26fddc765bc,false,false,1
rec_8d4a66636c440fd9a24b,near_2791da3a50be06fd2718,true,false,1
rec_8d4b5cf5b87170383ead,near_2791da3a50be06fd2718,true,false,1
rec_8d50b5d1d0cf6d8a720d,near_54ade5925e4c9a88ba47,false,false,0
rec_8d52bbf5449c24ab4c31,near_73a46dff07484b703356,false,false,4
rec_8d542d51b47e75a9d2bd,near_2791da3a50be06fd2718,true,false,0
rec_8d5bb4d7b2b707741d2c,near_2eb8d272fac029808430,false,false,0
rec_8d61803bf58623b5f600,near_2791da3a50be06fd2718,true,false,1
rec_8d6ce6eb4a172b3f62a1,near_a00691257146e853dee3,false,false,2
rec_8d6cec05517ef9050302,near_c50e40900dbe0a0069ec,false,false,1
rec_8d73718aa4c42bc01429,near_2791da3a50be06fd2718,true,false,0
rec_8d7415efa8bbfde9683f,near_2791da3a50be06fd2718,true,false,0
rec_8d75dd718a59ee679259,near_2791da3a50be06fd2718,true,false,1
rec_8d75e590c23792a11a6d,near_d081b66785e7aafb4305,false,false,0
rec_8d800f29c0ad70a10c21,near_98900d4712e079e28f25,false,false,0
rec_8d825534dfd21bd01c1c,near_2791da3a50be06fd2718,true,false,0
rec_8d86f7b4442b197ea132,near_837d8103d5d65677fc31,false,false,0
rec_8d8a3e6611457835f6b0,near_2791da3a50be06fd2718,true,false,0
rec_8d8fd90e4fc6d0caf9e9,near_2791da3a50be06fd2718,true,false,0
rec_8d99f93764623fb66191,near_d06ed89adaac9c1a50fe,false,false,4
rec_8da7d3ddc98c264ed3f6,near_2791da3a50be06fd2718,true,false,1
rec_8dacebdebd494ecca015,near_7199b0584a02c91eb5b8,false,false,2
rec_8dad7ff921ad4b8ed502,near_939810cef48295a5a126,false,false,0
rec_8db37e70dd21ce5caf5b,near_e2af89c3a60d2b585775,false,false,0
rec_8db6a9fe4d9689e01b12,near_24b8713d50319169a9b9,false,false,3
rec_8db7585e75fab7cfa6cf,near_fee1f69eb48c7695224f,false,false,0
rec_8dc6577ad6a6257861aa,near_2791da3a50be06fd2718,true,false,0
rec_8dc73d42541293ffa142,near_2791da3a50be06fd2718,true,false,0
rec_8dd492e4e15c622502c2,near_2791da3a50be06fd2718,true,false,0
rec_8dda7b5218ed18b3716b,near_b68f4360739eb5de329c,false,false,1
rec_8ddef1383d37494ff5aa,near_2791da3a50be06fd2718,true,false,0
rec_8de30ce5814ab0e32398,near_5246bb8e5fb09c93c476,false,false,1
rec_8deccc5ebd5abf349ee5,near_2791da3a50be06fd2718,true,false,0
rec_8df94be2d208dff64830,near_469e7542ce607797a882,false,false,1
rec_8dfa7bebf2c167f46a04,near_068a04e520e56a6e1b39,false,false,0
rec_8e0231ee8c6cd7f6902d,near_11227f4fec41f61ce4b3,false,false,4
rec_8e060e250bc6f698200c,near_2791da3a50be06fd2718,true,false,0
rec_8e07ff23abd058d76b59,near_11e863d585fac900cc7c,true,false,0
rec_8e0e5b1e0f25d0f92fef,near_b751ea27d15f83929e21,false,false,4
rec_8e17fd68f60e92a03986,near_0bf0986a5b449c335a53,false,false,0
rec_8e1e45da5af9b222cfb5,near_3c61db74389c1b693c8a,false,false,0
rec_8e218d81f343d2c29375,near_60d4b630520eb28a12e0,false,false,0
rec_8e2584c3508864aa97e4,near_6ace7378a4886279a0c2,false,false,0
rec_8e263ed36b592939d220,near_2791da3a50be06fd2718,true,false,3
rec_8e2f6359d5d3b073cb0c,near_07a57f5d80c01db21f16,false,false,2
rec_8e313fcf7a3dc882bb74,near_c257da7cd14aa8fa08a0,false,false,2
rec_8e370e5e33a60a668bce,near_2791da3a50be06fd2718,true,false,0
rec_8e3ea7d01eabc40d7df2,near_2791da3a50be06fd2718,true,false,1
rec_8e3f70bd312459c17baa,near_c64edfe812a67015a8b5,false,false,0
rec_8e4442f4fa796f88fe25,near_ed07088ff3e686e944c0,false,false,0
rec_8e4d62f0ea7d79591143,near_2791da3a50be06fd2718,true,false,0
rec_8e5e652ff9512a0388a3,near_065dd11d8f9fa16f87f3,false,false,0
rec_8e60884b95c21b72b81f,near_2791da3a50be06fd2718,true,false,2
rec_8e64cda3091b0fa5f9cf,near_2791da3a50be06fd2718,true,false,1
rec_8e65af6a0f0a9207f336,near_9b1a15e8bfeab3e868f9,false,false,3
rec_8e682ebdf797a4a7f71c,near_421e1d3807d6cdabab4b,false,false,0
rec_8e6990cecbaed4ea799b,near_a12a8e8959b187483ce9,false,false,0
rec_8e6bbdd76973372dcc86,near_2791da3a50be06fd2718,true,false,0
rec_8e70464e12a9916cc30f,near_df3212d5a3229974abb8,false,false,1
rec_8e7ba05dfbd7d5dbb208,near_27ff12092ff77a77bb64,false,false,3
rec_8e88abafa9d26deb8056,near_2791da3a50be06fd2718,true,false,0
rec_8e8aeadacda5e8aff6c4,near_2791da3a50be06fd2718,true,false,0
rec_8e974c875fd011b06bcf,near_2fbe3a167f8717fc5c24,false,false,3
rec_8ea157147266735570fd,near_20e635e2f71e5a0b3cfd,false,false,4
rec_8eab6d8945e39655a835,near_2791da3a50be06fd2718,true,false,0
rec_8eb210a2fffd33ccc1d2,near_2791da3a50be06fd2718,true,false,0
rec_8eb38dfc4bfa083c5082,near_892ab024d33de70da56f,false,false,0
rec_8ed08f48a1ba79c9861f,near_2791da3a50be06fd2718,true,false,1
rec_8ed0a2b59f0e1a39c0a9,near_2791da3a50be06fd2718,true,false,0
rec_8ed9026c7cf94f27b009,near_613333d2d42029497dba,false,false,0
rec_8ee9dee3cbc243113c9e,near_201294aca0270a3cb199,false,false,1
rec_8f046c2b019687005edd,near_2791da3a50be06fd2718,true,false,1
rec_8f1accf10e890bf2399e,near_5a3aee7e9dcd74177e69,false,false,0
rec_8f1fc55a101f8b6aa125,near_828ba8ed252a70ebe32b,false,false,0
rec_8f246388df46d339bc82,near_1a3167134b4078743e88,false,false,0
rec_8f448221e7bb6bff0d68,near_f15de4f3182ea31d846b,false,false,3
rec_8f4d6aea6f6d2b156d1b,near_1cee1d95f54eda679f33,false,false,0
rec_8f52f2e1157dacfa8472,near_f0b9140bf7951f3b2949,false,false,0
rec_8f6726b157affdf199e3,near_93de4710faf9245d81cb,false,false,0
rec_8f6800f411bb614bbf56,near_2791da3a50be06fd2718,true,false,0
rec_8f69a853ed3698831251,near_2791da3a50be06fd2718,true,false,2
rec_8f7a7efa11275d2074dd,near_2791da3a50be06fd2718,true,false,0
rec_8f7e229e7ae611c2a60c,near_c83e7ecdfa1ba0b01b93,false,false,0
rec_8f89ebb196639b3a0c0b,near_79927ce31eaea1706168,false,false,0
rec_8f935b43cef942a5d135,near_dd9b29c06fa274f89849,false,false,0
rec_8fa0b7e0287b1c51cf05,near_0911ecc044f51574ae04,true,false,4
rec_8fa6018f7c4b4db7881d,near_66897bd8b1db6de4c0a3,false,false,0
rec_8fb11d5e0a629bd1fee3,near_343bac7a0455ab3d139f,false,false,4
rec_8fb2f94a5b48c0eb11e8,near_cefbf1f4b140f2a2b329,false,false,1
rec_8fb594e5ff4baa5a1eed,near_a268e9961242ec597ef8,false,false,0
rec_8fc1b7ba057a8cb06aec,near_476aaea80079bb4115de,false,false,3
rec_8fc5af690701685b325e,near_19fdb2a65a550746d0c0,false,false,1
rec_8fc7e4efb6e9a5123bcc,near_dbaca8c2601c5a5460e1,true,false,1
rec_8fc856856ca759ffef34,near_2791da3a50be06fd2718,true,false,1
rec_8fd41b8d8063add0e478,near_0004c28bd8d12c6decf9,false,false,4
rec_8fdde26a45c4e0e9c9c1,near_2791da3a50be06fd2718,true,false,0
rec_8fe09fa5a7fb1ec91105,near_2791da3a50be06fd2718,true,false,0
rec_8fe37eef4f9dd07b6542,near_2791da3a50be06fd2718,true,false,1
rec_8fe58b3ba7acdd066245,near_5a0300ee14de7ababffa,false,false,0
rec_8ffdb09f41c8ca1e871e,near_c8903f60e72d594a1741,false,false,0
rec_900ab93adc08caf80ef4,near_ba75434f997b45d7e712,false,false,2
rec_901d6bd57cdf2edf7fee,near_6740a958ec06db920596,false,false,0
rec_902d1818df6a5635c334,near_6144a1ec318c79ee3dba,false,false,2
rec_902dd831385179938313,near_a61e7228b96c55419329,false,false,3
rec_9033615f7122b32c1c04,near_2c611228283c3a9dceea,false,false,0
rec_9034e86a7ee054d193e1,near_cd9c79a21b01012c21c8,true,false,1
rec_9035b86f16a3cb62db38,near_2791da3a50be06fd2718,true,false,0
rec_903a7e8829a49dc36a3b,near_2791da3a50be06fd2718,true,false,0
rec_903b887723c65ca638d3,near_4bd6b963f665238f7c8c,false,false,1
rec_90485d55dfa19d147a0e,near_00a3ed26b9c13787df8f,false,false,0
rec_90580dd8a3cbaeab1255,near_2791da3a50be06fd2718,true,false,0
rec_906d2128b1e8a9635e9b,near_43a290a27cfb22740544,false,false,4
rec_9073edfa7d49e880cfd8,near_dc40e21fc9004b22feae,false,false,1
rec_907a0a40d446d90fa185,near_ea18ef8ac72350f50f10,false,false,0
rec_907b7cb4f38c01db0c6d,near_2791da3a50be06fd2718,true,false,0
rec_907df306062c791853d6,near_0686dfed853dc944eaab,false,false,4
rec_907e069a2bef2df57941,near_c1062f406e809a0ea88c,false,false,0
rec_908bde4144c00da0887a,near_2791da3a50be06fd2718,true,false,0
rec_90990da935393516855d,near_2791da3a50be06fd2718,true,false,0
rec_909cbd4396ab6b8079d3,near_2791da3a50be06fd2718,true,false,1
rec_90aaa7a7b571b25e56bd,near_6483b030818327e41c23,false,false,0
rec_90be1c51dac232e1f354,near_2791da3a50be06fd2718,true,false,0
rec_90be312215851282d21e,near_d047ddfbc1852e6afa6a,false,false,0
rec_90bf430b710f951a5ab5,near_dc3299a28f634588b1e9,false,false,0
rec_90c5da6ae9c088a701b0,near_8023eb39741b3dde51d6,false,false,3
rec_90ceab3d1ed447048244,near_3f120c49f0cfe8d6cec6,false,false,1
rec_90d58f666569e69a3f45,near_2791da3a50be06fd2718,true,false,0
rec_90dd064195355d1e14df,near_5f01239c26d911a53e21,false,false,2
rec_90e05a91ca0d03c19524,near_cad5281a2cb3c9790e24,false,false,1
rec_90e98079e299da78e9e1,near_7bbb0f1a7079a5eee4a0,false,false,0
rec_90f0010a4c04109c0e1d,near_432fd94f537fb2833f00,false,false,2
rec_90f38e68e457de9c0633,near_2791da3a50be06fd2718,true,false,0
rec_90febe5fb361182d1121,near_2791da3a50be06fd2718,true,false,1
rec_91130b0656df6a442f49,near_6b67a3d05c8f02032044,false,false,0
rec_91158e45b055caf37472,near_1ea8a2e0dd0cb2fb8bd2,false,false,3
rec_912a85c50950e6444f0d,near_c1833d004607462538ca,false,false,1
rec_9132fbbb63aa7f3b6a6d,near_354975ea3a45dab10917,true,false,3
rec_91356d0debe44e07fb02,near_fa1025873b6575133677,false,false,0
rec_913921f2f8e6f73adc0f,near_0239ddc4dca89c0e4406,false,false,0
rec_916a81845fbb10f5a247,near_2791da3a50be06fd2718,true,false,1
rec_9182118702ffef5269a2,near_6332fc3dd0c0bd2d04a6,false,false,0
rec_91a155b90912c3377cd3,near_ae7c23f0cf73e12ae141,false,false,0
rec_91a7fd884c01ccbb52b1,near_cbab087979745d1c0a74,false,false,1
rec_91a9f2a56b08fde929a7,near_097324fa18aa9b4fa4e5,false,false,0
rec_91affed5af551304d755,near_77bdccbf1f466f76e0ff,false,false,0
rec_91b098cda04c042aacb5,near_7c60ab418c27c8bb00cb,false,false,1
rec_91d2a83fc52d7b2d6974,near_c257da7cd14aa8fa08a0,false,false,2
rec_91dab307b31a5643b814,near_4876f8c575135ef6473e,false,false,0
rec_91dfd1d2c7382f1d2ad9,near_3235ff5e3051d9044d9d,false,false,2
rec_91e0ca4af338af1ffdc3,near_2791da3a50be06fd2718,true,false,0
rec_91e9f84b9c888949f820,near_ac70a9ebcfe8cb496bf5,false,false,0
rec_91eebeaf075005e91c5a,near_fe163ef3e4ebc2251045,false,false,1
rec_91f08ced497165ba3091,near_2791da3a50be06fd2718,true,false,1
rec_91f298978dab12b5be9e,near_0608ab1361ce7bdbf8ef,false,false,0
rec_91fb686c19e1dce5a901,near_732920cd81111d49f997,false,false,3
rec_9202ae966374c6a670d8,near_ee38c17b66893025d524,false,false,0
rec_920760c2ea052ae04be2,near_c8a2b177a9e5af843da6,false,false,1
rec_920864ad2f3e6dc2f05f,near_2c26072b6d30ec91b239,false,false,0
rec_920e02c3f40e0cd0dbbf,near_23507f80b7a08cb57b5a,false,false,1
rec_921507e497453f156a59,near_3d75b09a904c6c90fdf1,false,false,0
rec_923e376af3fb7ce85541,near_f94aa3a684c19e60442a,false,false,1
rec_924b66ddc1eafe1031e3,near_50913d6e3569e1974709,false,false,0
rec_9250d56fd2c4618142be,near_66d806974bb4de56e36b,false,false,0
rec_9251d5e7c172952e8a4d,near_2791da3a50be06fd2718,true,false,0
rec_92520e4507f54807b54d,near_2791da3a50be06fd2718,true,false,0
rec_92567ab20eb790237531,near_2791da3a50be06fd2718,true,false,0
rec_92577a08cccc0be44847,near_d35a093982901e77aa52,false,false,4
rec_926207f0edc456e6d70a,near_2791da3a50be06fd2718,true,false,0
rec_926e0fb7a17719ec987e,near_2791da3a50be06fd2718,true,false,0
rec_9271a2c87ffe7be85eb7,near_0f06546da6ef2a57d93c,false,false,2
rec_92732b9b4cd48d87a745,near_c0807e34ed4676c6aa18,false,false,0
rec_9278353392965bb2b95b,near_d57ca70a1c53722679e6,false,false,0
rec_9279393117d4322a2079,near_c572b7794dd51710900f,false,false,1
rec_927b0bdb7e2193cb661c,near_2791da3a50be06fd2718,true,false,1
rec_927ec128de022c169166,near_2791da3a50be06fd2718,true,false,1
rec_9289eac7c5b846ead4ec,near_078d86c4c023302088ee,false,false,1
rec_9290f55a49d85fe27bb9,near_2791da3a50be06fd2718,true,false,0
rec_929da7493ad56eeb21d8,near_0e6e2c245196d0b85802,false,false,0
rec_929de7ba033f43d5a3ba,near_4e3812e70c7a9548c20a,false,false,0
rec_929fedeff232c019dc73,near_9e4c93bba7bb53a3fa8f,true,false,4
rec_92b54ea514339c8ed974,near_3704df8068cd1bf79d13,false,false,0
rec_92b5deb52bd962c42430,near_603c12752423c2d54069,false,false,4
rec_92b5ec9a3b52ef7150eb,near_421e1d3807d6cdabab4b,false,false,0
rec_92d650ee75533d3d96f2,near_dc3299a28f634588b1e9,false,false,0
rec_92d87e604a4a2f36bd7c,near_c361c016e3db2071d345,false,false,1
rec_92d8892600de4d21d49f,near_614f2c34f1b2233a785b,false,false,0
rec_92dd378e81e90ad330a9,near_4a56f80377ba63e668a9,false,false,4
rec_92e059d94ddea67e6e76,near_24f1c27d670876d31052,false,false,4
rec_92e2e99300620b827ca9,near_2791da3a50be06fd2718,true,false,0
rec_92ee6bcc4c5217fb76cd,near_5191bcd2fc38b8e0eb0e,false,false,0
rec_93236000edc242b085b3,near_be4c96368ced645e8614,false,false,2
rec_932410535d830fa618a7,near_f90a2bf3cab3c995d555,false,false,1
rec_932a3246913cc937113f,near_2ceee1ef36c95b6f4f94,false,false,0
rec_93349424224ff144378e,near_2791da3a50be06fd2718,true,false,2
rec_9336b645750be87f1b28,near_dc5991d9632031f5b8eb,false,false,0
rec_933ecc2527bdaade6508,near_eb1b198345c321d8cd6e,false,false,1
rec_93488cf9ad49b3d0b4d5,near_2791da3a50be06fd2718,true,false,2
rec_934aaf21ff05fe8930a9,near_2bf1acf31b7c9d850b1b,false,false,0
rec_9350c144404b6de89b21,near_2791da3a50be06fd2718,true,false,0
rec_9379b30b528741cff626,near_59664b0107c6acf370fe,false,false,0
rec_937a996480f2ec409b73,near_59506435598b809b4fa7,false,false,1
rec_937ffadb74fc257a406a,near_2791da3a50be06fd2718,true,false,0
rec_93816c31f983e6b23de1,near_2791da3a50be06fd2718,true,false,0
rec_938d12bcfa027423cf3a,near_40fd048a0260f77dc8e4,false,false,1
rec_938fd4ae90ea2ca11d82,near_2791da3a50be06fd2718,true,false,1
rec_939ad9bcaaea410e118e,near_2791da3a50be06fd2718,true,false,0
rec_93a94f4700f2265fc4d9,near_cc8babd64ff0f2532104,false,false,3
rec_93ad11ade9968eb30d68,near_047b19ceecd359fb5204,true,false,0
rec_93c501b5bac114709091,near_2791da3a50be06fd2718,true,false,0
rec_93cc4e2a32aea1d28605,near_2517021cb12dd24b4758,false,false,3
rec_93debeda14eb38f9e049,near_2791da3a50be06fd2718,true,false,1
rec_93ee9815c11866ccf864,near_50cdc63848dcc3aae3f5,false,false,3
rec_93f541cfe08b15b50fa5,near_2eb8d272fac029808430,false,false,0
rec_93f6a769e3548f2d30c9,near_2791da3a50be06fd2718,true,false,0
rec_93f73f86ee088b697f4e,near_2791da3a50be06fd2718,true,false,2
rec_93fa121624933a5994e2,near_2791da3a50be06fd2718,true,false,0
rec_93fdbf62d89a86038f73,near_2791da3a50be06fd2718,true,false,0
rec_940b1fb7686b8f619439,near_2791da3a50be06fd2718,true,false,0
rec_940bf19cd8d232342494,near_2791da3a50be06fd2718,true,false,0
rec_941078b47759d528ed46,near_9141a79383aa4f0ee7a4,false,false,4
rec_94124ec96934959670e9,near_2791da3a50be06fd2718,true,false,1
rec_9412fef46ca1399c4448,near_99078a81c65aee2a799f,false,false,2
rec_941b4e83255e0c7a3f23,near_2791da3a50be06fd2718,true,false,0
rec_941fb021ce0304c05723,near_3ef9fa62c240af49a193,false,false,0
rec_9428f4bde5f67448e4f6,near_b2fd2696f5ca5bc5344c,false,false,0
rec_94423d71768ad9fe8263,near_c8cd6805e750422b6812,false,false,0
rec_94433e0f0a769899b41c,near_2791da3a50be06fd2718,true,false,0
rec_944f5937cc763864c58c,near_2791da3a50be06fd2718,true,false,0
rec_944f9ee1c091c24a196b,near_407a590d18ee508a03c0,false,false,0
rec_9450cade4f7dc85a0d25,near_e3ada3270173099b3fd6,false,false,1
rec_94604728c87a9b84389d,near_301d48728324d3e7ebb7,false,false,3
rec_94616ebd48a551694df0,near_dd23e3109d5c91af5f9c,false,false,0
rec_9466acfc852ba9b3fd3c,near_846c110fc5ef55967af8,false,false,2
rec_9476a65ca69730bf2459,near_3049b176672041f2df6a,false,false,0
rec_94785c45550766f7eff8,near_cefbf1f4b140f2a2b329,false,false,1
rec_947af54514b7e893e936,near_2746c3d6a9ea9e91f169,false,false,0
rec_94848edd7183fc733a58,near_078d86c4c023302088ee,false,false,1
rec_9486459eef9a69156a23,near_2791da3a50be06fd2718,true,false,0
rec_948d7cf6fe0d130bd35a,near_6fe9319c45bef1efa176,false,false,1
rec_948f342dd3da9a423951,near_6ee5ef7977e07086212d,false,false,0
rec_948ff85e0a6d0d877681,near_2791da3a50be06fd2718,true,false,0
rec_94925fbf9482bb7e8ec3,near_c5077ba897051f8d72a3,false,false,0
rec_9493121800c24a742a57,near_2791da3a50be06fd2718,true,false,1
rec_9493646e1aaefea9cd10,near_861544b4b85c0d5728bf,false,false,2
rec_9496e766992fd2e8f104,near_81114c2afe926ec1353b,false,false,4
rec_9498707efd346ff479d9,near_2791da3a50be06fd2718,true,false,1
rec_949b90c26913d3b79fcb,near_a27e6b782706a24807eb,false,false,0
rec_94a09f344e95750bd672,near_4d4423fba91ae7a170f1,false,false,0
rec_94a1cafce2b1146ffe0f,near_56e2caa9a9311fe1d677,false,false,0
rec_94aad927229d075f752e,near_2791da3a50be06fd2718,true,false,2
rec_94af880a0ae344bad9e9,near_d28d37aeeca6115e6cd5,false,false,0
rec_94b4ceb819699073845f,near_2791da3a50be06fd2718,true,false,0
rec_94bc2a8a3860d336ee37,near_2791da3a50be06fd2718,true,false,0
rec_94cc5b0de0f532feee96,near_3b0deafc0edc8f09c85e,false,false,3
rec_94da162f96fca95e7c3f,near_4b0b40ab8020fae63384,false,false,0
rec_94dca1238873d01dc086,near_2791da3a50be06fd2718,true,false,2
rec_94dde39193a591aab145,near_425dcb8bbbd06ba2fc9c,false,false,3
rec_94e56d7ca590f6c1721b,near_2791da3a50be06fd2718,true,false,0
rec_94ed03922d2667a86b9b,near_9dd697763b67be0c40f7,false,false,1
rec_94f0d79a1f976dea5343,near_608dc0384b22a959ee8c,false,false,0
rec_94f2bc087715301ac15a,near_7abc92af34d2ec203baf,false,false,3
rec_94fc7c0f1221bbc34e03,near_938f20f7793fcc7a34b1,false,false,0
rec_9508a0f88f1a868aa76a,near_47c3535bb1c89a848079,false,false,0
rec_9515d2160aa6aae7485a,near_2791da3a50be06fd2718,true,false,0
rec_951b296c52a25f5bb296,near_34d30f06a49fd62ff70d,true,false,0
rec_952942c96ac77993bb64,near_952e2201d6c82b453ef0,false,false,2
rec_952b95a84449f2fc2cf9,near_dbe5457bbab934542c8a,false,false,0
rec_952c0bfac3869e6e3e62,near_2791da3a50be06fd2718,true,false,2
rec_9546b54229dd9bc65eef,near_56212897bf2d88debe66,false,false,0
rec_9547c34dd72373e5bea4,near_3de615d8cbff457d94be,true,false,0
rec_9547ffff7bdb1feadb8b,near_a034d858a8795d11880a,false,false,3
rec_9560259dee409efc7426,near_2791da3a50be06fd2718,true,false,0
rec_9564709e84495d343d26,near_16bfab9efa7a84029987,true,false,2
rec_958783fda70d1f795519,near_ef3fec369fa2080288fc,false,false,1
rec_958a9748f7c1d59f43f7,near_7a81d2dbdac308ad1211,false,false,0
rec_958f90b8b6cb7f499f35,near_8df8f1ea844c63db164a,false,false,0
rec_95918ba09bedce63c19e,near_2791da3a50be06fd2718,true,false,0
rec_9592caf4f85e502ddf81,near_6d6a00325c2c7ba1414e,false,false,0
rec_95a6829c272beb352bcc,near_cd9c79a21b01012c21c8,false,false,1
rec_95a7b8d2ad4330e20a06,near_ef3fec369fa2080288fc,false,false,1
rec_95a832c0fec2ae65aa47,near_0c85e263614cd343c6ab,false,false,1
rec_95a8b4c7bb69cd5ba59c,near_70e7a648da38c1fe2787,false,false,0
rec_95ab5ad83f424a1e3632,near_4d6e3b9e35badae2d2b1,false,false,3
rec_95c36a084162f402ff0c,near_25781c57aed73a4b9ef2,false,false,0
rec_95d0942cf6eefe4c802e,near_86f947a7028ff0816b0d,false,false,3
rec_95d1ce86ee48dea785ee,near_7199b0584a02c91eb5b8,false,false,4
rec_95d312a7ddba209ac64e,near_4a7049ba3f1aa881a5d1,false,false,0
rec_95d5117d142dcf83c1f9,near_cfa582c9b9f123f405d9,true,false,0
rec_95e65f33cc9623fc1361,near_8a745f73dbe76343bed5,false,false,1
rec_95ec73750abd0a5f5a5f,near_301d48728324d3e7ebb7,false,false,2
rec_95f2987460f3da3656a8,near_f624bbc4e534042ec727,false,false,0
rec_95f2ccb1bba91122c92b,near_4000cb2b3870c9a2df01,false,false,0
rec_95fa3dd42c71075fb6f9,near_ef6efcc8630ffc600095,false,false,0
rec_95fc359ec01e818c8f55,near_2791da3a50be06fd2718,true,false,0
rec_96086e0373240ad626c9,near_a514e886212ba3bc4c55,false,false,0
rec_960d276870079fd3e583,near_2791da3a50be06fd2718,true,false,0
rec_960d756f11568eb7ed32,near_2791da3a50be06fd2718,true,false,0
rec_961098205ffd0c73fb01,near_aa084317e2a5adf310f0,false,false,1
rec_96189f9de508d9ede2e8,near_2791da3a50be06fd2718,true,false,2
rec_961b5a52544740861f7b,near_4e573f189b4bd6a502a1,false,false,0
rec_962b5592f3e6be9987b4,near_7b4350286abc5596bf74,false,false,0
rec_962e3d690ec97b728435,near_2791da3a50be06fd2718,true,false,0
rec_963719d287e0ab272773,near_74855c836d69fda7192c,false,false,0
rec_9638da59defee989e747,near_c951330e5b8fa20f3e16,false,false,0
rec_96580fe37f666bd54778,near_7e9ac6fa642097556d1f,false,false,4
rec_965f339a5b8db63990dd,near_2791da3a50be06fd2718,true,false,0
rec_9660ec43e375ef0c2628,near_2791da3a50be06fd2718,true,false,1
rec_9665bee74ac92e73d9f4,near_2f31d746b59518fe6157,false,false,0
rec_96712fe575f766100014,near_58e8202795bb0bd9ac9e,false,false,3
rec_96720cf2f2d4a144fc05,near_2eca48257660ac3550ac,false,false,0
rec_967eab005f1752ec5229,near_2791da3a50be06fd2718,true,false,2
rec_9698fce48d514739b37f,near_ed8209866231d7f83adf,false,false,4
rec_96a1066cceef1c927d4b,near_2791da3a50be06fd2718,true,false,1
rec_96a6e79a77cfca6ab4a9,near_2791da3a50be06fd2718,true,false,1
rec_96be09c296660c39b5f0,near_2791da3a50be06fd2718,true,false,2
rec_96bf8906d93bcbfd837a,near_6751ff42f443c79e590a,false,false,1
rec_96c07aa77012538e5b7a,near_73660ad7b9bf5a832c57,false,false,4
rec_96c52310f3595d944749,near_dd9b29c06fa274f89849,false,false,0
rec_96c6cc6731f992e61cb4,near_09d6f728bda819a79d6c,false,false,0
rec_96c9657ddef5f30c9070,near_2791da3a50be06fd2718,true,false,0
rec_96cacce7640dca5f48ad,near_c4e745120f1147cc857e,false,false,0
rec_96d56911be9965172f9b,near_2791da3a50be06fd2718,true,false,0
rec_96dab987d84d5e07e4ae,near_2791da3a50be06fd2718,true,false,0
rec_96de9440af134248befc,near_2791da3a50be06fd2718,true,false,0
rec_96e203414f02de4a0b9f,near_331eddee71fc894710ad,false,false,0
rec_96e58f089442f646e538,near_2791da3a50be06fd2718,true,false,0
rec_96e6466a3ea59ecae002,near_06739869531a4b63434c,false,false,0
rec_96ea968a7805bd389215,near_2791da3a50be06fd2718,true,false,0
rec_96ed514c55bd4a3816e0,near_2791da3a50be06fd2718,true,false,0
rec_96f14c95e3ed04907e9d,near_f9931ae6e94fba697a7b,false,false,0
rec_96f757ac5a4562321cd3,near_2791da3a50be06fd2718,true,false,0
rec_9705206ac3f9018223b3,near_5a394daad5ab00c68448,false,false,0
rec_97076ef3382a66b5c396,near_2791da3a50be06fd2718,true,false,1
rec_97116cd2086ec7d2f664,near_2791da3a50be06fd2718,true,false,0
rec_97162def16bfcc1ce47a,near_cb587b8e71f9b4e63269,false,false,4
rec_971ba8b7d1e0067ffda1,near_6370ac4ef39a0819e00e,false,false,0
rec_97263f0b5a9179616ab7,near_f95abd19db7986485190,false,false,0
rec_97433a7396bc689251b9,near_e1c443bbdd92dc284eb8,false,false,0
rec_974447acbd1aef0a39b3,near_b04d92a62594782f1b97,false,false,0
rec_9745e3a1d6d85cd24b69,near_2791da3a50be06fd2718,true,false,1
rec_9750bd57c0c4d5362df4,near_2791da3a50be06fd2718,true,false,0
rec_9750de2da9bd5007e625,near_77849c2b63d5f707b3f0,false,false,0
rec_97575903391bdfede586,near_d812c2ecb7035ba44380,false,false,0
rec_975d11d865357218a9cd,near_2791da3a50be06fd2718,true,false,0
rec_975e51378a4a4315b95b,near_2791da3a50be06fd2718,true,false,0
rec_97771d2e699e78988c6d,near_0ba7cae3e24adb93eaad,false,false,1
rec_977a465e669a26b71a6c,near_07f589435d52485272ef,false,false,0
rec_977e148951bc9859e49e,near_fb0a11a5747305a9fee7,false,false,2
rec_97862d4844e7c512aeaa,near_5dc3f989e199f8f356a0,false,false,0
rec_978760fb986427b064f2,near_b6ea730a5c8dfcce5a60,false,false,3
rec_97882290e8ada29a413d,near_15ce0c2144a075f86d3c,false,false,0
rec_978bd8c3da25d59a043a,near_51edd82c4496cb8e58b7,false,false,3
rec_97979ee95631f16e2310,near_2791da3a50be06fd2718,true,false,0
rec_979c8e46c62c7980f23f,near_365d43e2e2b055556ab9,false,false,3
rec_97a12dadb20355c1669d,near_f17f18b6660b0253022f,false,false,0
rec_97b1f952ef104c1e3d12,near_2791da3a50be06fd2718,true,false,0
rec_97b6bc15bc34433d9475,near_ef7f02bf216235b14934,false,false,4
rec_97b6d7b8e500cb21392e,near_9dcbce29d2d20a445d8e,false,false,0
rec_97ca5773e2874c4728e0,near_69176482fdc7929e8805,false,false,1
rec_97d8b014678d327d86ba,near_4719c3f918364d40ff07,false,false,3
rec_97d9ccd5766278237f2d,near_02dcba0483f013b0a3aa,false,false,1
rec_97e458656d954d79d64f,near_2791da3a50be06fd2718,true,false,0
rec_97f3e9d7f77e3284d78e,near_19fdb2a65a550746d0c0,false,false,2
rec_97f516220aafa92eb603,near_cb866871769f43a9d8bf,false,false,0
rec_97f664afb71fbf6f65cd,near_4670fa1b33ccf5ade4dc,false,false,0
rec_980158b406eb8e9665a8,near_2791da3a50be06fd2718,true,false,0
rec_98020711e876610a82a3,near_3bca4870d859ab6a9c7f,false,false,1
rec_9803b1ec6f2e230bb167,near_f5833103b88a77239116,false,false,0
rec_980b2efd486b4f76e35a,near_1e12ee4128bb45eb0c75,false,false,0
rec_980c6f5e8126e9ac961e,near_2791da3a50be06fd2718,true,false,0
rec_981996283d02008aff8c,near_2791da3a50be06fd2718,true,false,0
rec_982329b314646ee640f2,near_2791da3a50be06fd2718,true,false,0
rec_98265ecdbfb34aa0da2e,near_8fd311e287e865994a58,false,false,1
rec_98270c50e36fcf259e71,near_a35e45356f924035c6c3,false,false,0
rec_9828ca526a50db8976e6,near_e0578f0486d83757d285,false,false,0
rec_982fc44859ffc3d1c895,near_2897f0e20eb8c93e58c9,false,false,0
rec_983d521ce17e3b34c659,near_5a15ab4d690b34f2ee3f,false,false,0
rec_98426f6cf812757ec8e5,near_a0a6c0649c1ae6ff531f,false,false,0
rec_98515fc149ebea19c8db,near_2791da3a50be06fd2718,true,false,0
rec_985f89f2890b809e57b2,near_2791da3a50be06fd2718,true,false,0
rec_9865b659b863d1da3078,near_2791da3a50be06fd2718,true,false,0
rec_987ba9edad7000bea846,near_dd23e3109d5c91af5f9c,false,false,0
rec_9881231e419f5214327f,near_62cce755ab7e484be3e3,false,false,3
rec_9894ff5620e608cfc26f,near_fac9dd3d76e4387b1c2a,false,false,0
rec_9898d9493ad3697bfb31,near_361cb4832dfb73693ce7,false,false,1
rec_989e9e488d3f160b798c,near_2791da3a50be06fd2718,true,false,2
rec_98a6483451c1a73b807d,near_d047ddfbc1852e6afa6a,false,false,0
rec_98a93ae094e2d03896db,near_b9d1bfc40c6e5c281dd1,false,false,3
rec_98ac308decf0908c398f,near_a6f0113f74d4f8145fd5,false,false,1
rec_98b516bdb7377ec323e7,near_2791da3a50be06fd2718,true,false,2
rec_98b94f55dab7da7960fb,near_2791da3a50be06fd2718,true,false,0
rec_98bc55e10cb4cb87b218,near_526d99d6c79fe6123689,false,false,0
rec_98bf406cdc1be64c1e37,near_2791da3a50be06fd2718,true,false,0
rec_98c7e5cc0c79de43913e,near_db2d7c4cbfcf95b5b830,false,false,0
rec_98ca5caefb7a9826bffc,near_2791da3a50be06fd2718,true,false,1
rec_98cdca39ef9597be7d91,near_f048d1d99158fd900f58,true,false,3
rec_98d2702a038ce0e01892,near_175e01f8778edc2ae059,false,false,0
rec_98e8b4e1d306b898736d,near_2791da3a50be06fd2718,true,false,0
rec_98f3747fd32d94b28cd2,near_2791da3a50be06fd2718,true,false,0
rec_98f5562a67aa93ce0520,near_2791da3a50be06fd2718,true,false,2
rec_98f84bb72faede16c00c,near_2791da3a50be06fd2718,true,false,1
rec_9905383543ac55286ccf,near_2791da3a50be06fd2718,true,false,0
rec_990c513622ea6529e217,near_74713c1ec5b4a0cca884,false,false,4
rec_9926eb981e6b570c9c7d,near_67e14a8dc4990a36de0b,false,false,0
rec_992f6b897b6bd7bfb5bf,near_e0d01fe97a45d0c893a6,false,false,1
rec_9936e9ede7c6b2e2f513,near_229bf50da93bff353c37,false,false,0
rec_994a68503b99152880e2,near_05fa98c928cde5e76577,false,false,0
rec_9950741eb1a5683ea6e5,near_aeff4ab36a5a5f75571b,false,false,0
rec_9957fae20bdfd926c17b,near_2791da3a50be06fd2718,true,false,1
rec_9972ab8a3276931049d2,near_5a1b90e326d3677492bd,false,false,1
rec_997c5fdc267631391af4,near_2791da3a50be06fd2718,true,false,0
rec_9985e6a0b69847ff0c71,near_2791da3a50be06fd2718,true,false,0
rec_9989681f5540b2f39301,near_2791da3a50be06fd2718,true,false,0
rec_998ea207067ce9dab246,near_8937f8b074d1c4e5bad8,false,false,0
rec_999ac0431cd56a64707d,near_db65d77cd884aa3fd817,false,false,1
rec_999e13410931f2b88e54,near_545644088ce5547ee6be,false,false,0
rec_99a5abf6ab902134fb4d,near_a244b19785946062a3ee,false,false,2
rec_99a9531ad31bd500aa2f,near_762d1c1c04ce0d0c1648,false,false,0
rec_99ab581e09710220d0c9,near_8c4c68f094cc236110f9,false,false,0
rec_99acd1ca258646f6f4d2,near_54ba623d8f5ce15b57c7,false,false,0
rec_99af1e0f86f9d6c76a64,near_90edde6d1a2aa831d7ce,false,false,0
rec_99b0e22bfea2cb6f4098,near_2791da3a50be06fd2718,true,false,0
rec_99b13019ece0e37b2834,near_b2fd2696f5ca5bc5344c,false,false,0
rec_99b3ecb297345c2a20eb,near_c575213c1b77e597118b,false,false,1
rec_99bab780b39c50503119,near_f4a350fa1d09a7f67ee0,false,false,4
rec_99bc4c8e681695165941,near_3d4b4dd42e318d9958a6,false,false,1
rec_99bc619508a5bf5acc49,near_0ed49b1d5b83501b0eb9,false,false,0
rec_99d42fdf2cbf5b871fe2,near_27144037a8c5d461f70b,false,false,0
rec_99db129c4fcb33468ae8,near_2791da3a50be06fd2718,true,false,0
rec_99e1f5e2d502a516dde8,near_4d636505e65a17d2490b,false,false,1
rec_99e5f96d1334b15dfd70,near_d1f73a71550df8ff8dfc,false,false,0
rec_99ed52df4b67880de89d,near_469e7542ce607797a882,false,false,1
rec_99f62cc130c598fd158e,near_2791da3a50be06fd2718,true,false,0
rec_99fe8bca0cfb7089047f,near_aa9884602bf76b908067,false,false,0
rec_99fef5df430ae4c72a8c,near_03d046bedbd3d0befb2a,false,false,4
rec_9a04770b32bbb1b02975,near_2791da3a50be06fd2718,true,false,0
rec_9a0fd725105f2faae855,near_ce896259be6626f5fc3f,false,false,0
rec_9a14923fbe3e21190213,near_cca7520e696c5940f3f9,false,false,0
rec_9a1edeb25e3b93dd3f73,near_2791da3a50be06fd2718,true,false,0
rec_9a1fcdb9309575f2171e,near_5544089b237f61cd0f95,false,false,0
rec_9a2142f5690c125f5f1a,near_2791da3a50be06fd2718,true,false,0
rec_9a238928db22206ffb75,near_2791da3a50be06fd2718,true,false,0
rec_9a2bd00d04f36b374635,near_2791da3a50be06fd2718,true,false,0
rec_9a2d1168a2d2551f1231,near_2791da3a50be06fd2718,true,false,1
rec_9a342545069c3509fe5f,near_21049198494817151680,false,false,0
rec_9a35fa0344f3ef2dad1a,near_be13d7500f804952f121,false,false,2
rec_9a397b29cef2a1a2ce12,near_2791da3a50be06fd2718,true,false,0
rec_9a411597026a9fae948b,near_2791da3a50be06fd2718,true,false,2
rec_9a4278e6a5b3f3f76c51,near_0c6a2a188f13f168cfa5,false,false,0
rec_9a4be676f4d1e4e71fe7,near_2791da3a50be06fd2718,true,false,0
rec_9a4bedd35236df5041e0,near_43dfaf15b13178bead9d,false,false,0
rec_9a55a18f9876def49b73,near_e7f75a09b77208c79562,true,false,0
rec_9a56c06dfd03e0c3e939,near_2791da3a50be06fd2718,true,false,0
rec_9a5a62a76cf00a908273,near_195d353c5ed82622235e,false,false,0
rec_9a5acc2a0c36e67187f0,near_fc7c1bf63af3ab98d893,false,false,0
rec_9a5e4de22dc6cbfdff8b,near_2791da3a50be06fd2718,true,false,0
rec_9a673577a4e0b9d7089b,near_cadb8bf3ed8a80240ead,false,false,0
rec_9a6cfb24a370417315c3,near_d0dd050b2ff4e1265170,false,false,4
rec_9a6ff3d221d17e5f3817,near_56212897bf2d88debe66,false,false,0
rec_9a75a68d198a2cdf012b,near_be7936d5440ff8e30fb6,false,false,0
rec_9a7785c16c8d3b4b2adb,near_66843b2456b5d5d00703,false,false,1
rec_9a8a42a318ed9a282225,near_68dcaf81802334cc43c4,false,false,1
rec_9a8a480bdf1c3f274bb9,near_4dad6022b0b8b4ec4fe6,false,false,0
rec_9a8cabd5f6e8238a47fa,near_2791da3a50be06fd2718,true,false,1
rec_9a8df430379f489763c3,near_ee38c17b66893025d524,false,false,0
rec_9a90c3636a4080b08a1b,near_56c9b2e8a1e91155a0c8,false,false,1
rec_9a975cacd391aa573eae,near_54e253592ff4add1d3ba,false,false,0
rec_9a9b7256e5f31b045bb2,near_4529878b7efc1b4a4d59,false,false,0
rec_9aa52a36a253d25bc453,near_e730f139e72c070ed474,false,false,0
rec_9ab0bbfbd6f9da69dddd,near_2791da3a50be06fd2718,true,false,0
rec_9ab37804bc28e4157b5b,near_5346fbf98cff57d1a674,false,false,4
rec_9ab742d110887e498889,near_2791da3a50be06fd2718,true,false,0
rec_9ac8ef8a33d217c94e8a,near_982240cd45189d591a60,false,false,2
rec_9aea630c861e74340ad2,near_eb610ed96d539f59fb30,false,false,3
rec_9aec969b4bcb5c4d743e,near_439a1dbdf50b5d68be04,false,false,3
rec_9af9fda499a35d88da82,near_f26110db06fa90c871ea,true,false,0
rec_9afff900eeb57bb12c80,near_2791da3a50be06fd2718,true,false,4
rec_9b0cd05f5447bf04170c,near_2791da3a50be06fd2718,true,false,0
rec_9b11d7630050c32b8792,near_1716458513dd2509381f,false,false,1
rec_9b146b21867c3c666eff,near_386b8e7fccb47c738fb1,false,false,0
rec_9b16291008737e521779,near_75e7afd6749721f06f75,false,false,0
rec_9b162e4fbae49f4388c7,near_2791da3a50be06fd2718,true,false,0
rec_9b24a0d773d6f98f0683,near_fe2f635dc34bfe4a50e9,false,false,0
rec_9b260cdfde6b9a89c198,near_2791da3a50be06fd2718,true,false,0
rec_9b29f8b8f0b37eb2572f,near_2791da3a50be06fd2718,true,false,0
rec_9b30970c66fdd4affab1,near_2791da3a50be06fd2718,true,false,0
rec_9b3109d4642f104499af,near_39b000a73ee504f9d728,false,false,1
rec_9b38fb092c2e2ee370c8,near_545644088ce5547ee6be,false,false,0
rec_9b46ce6460542968e850,near_2051bf69100c4abc8d3d,false,false,0
rec_9b64cec8ffd10c4aa0a4,near_8889864e8dd722e67dcd,false,false,0
rec_9b65e6e810cfa64eecd8,near_67dff464d386183da1e0,false,false,0
rec_9b6931256a85e46a11b3,near_474e51270a88744ae6f6,false,false,0
rec_9b6990a1ddff09d9ba20,near_2791da3a50be06fd2718,true,false,0
rec_9b69e9b5ec1819ff49c4,near_8b95aa0c1bd3a9538ef1,false,false,0
rec_9b6cd5d1f917c5739e1e,near_a81b87b266c4e7b7558b,false,false,3
rec_9b80f94be6be533f44ea,near_2791da3a50be06fd2718,true,false,2
rec_9b84cc51339829300ac0,near_6e6596b28d07387e7c1e,false,false,1
rec_9b887960d74ff7816d7a,near_95c4754df908def6ae4c,false,false,4
rec_9b8ad10b2bb883c60a16,near_7ba1bbd6bad2a57cf396,false,false,1
rec_9b9f2a39194f2574c897,near_a33b73a98a6d4dad7aa7,false,false,3
rec_9ba6f74703d35ab7c14d,near_2791da3a50be06fd2718,true,false,0
rec_9bb9e182af517b20b1ec,near_7a89f1e8203ce23b5cb9,false,false,1
rec_9bbb9b1decfb140e8f44,near_c427f8569fa401976681,true,false,4
rec_9bc16ee4d9c087f5fcaf,near_c917d3436c3021fd738a,false,false,4
rec_9bc93c791a19da898574,near_2791da3a50be06fd2718,true,false,0
rec_9bd3e85dac708e13ad55,near_2791da3a50be06fd2718,true,false,0
rec_9bd9544c235c3a4efb99,near_2791da3a50be06fd2718,true,false,0
rec_9be3783c568eecdc50a1,near_2791da3a50be06fd2718,true,false,0
rec_9be7fe1a4f83fc6f52c5,near_ac299063b85be06aead8,false,false,0
rec_9bf53e388b17116f412b,near_6c8a9ab106ba89c3fceb,false,false,0
rec_9c032cdde9fcfd5d92de,near_741bab77ba375c1274a6,false,false,0
rec_9c06cc6f997c0e6b0ec5,near_f8b96591d6bda717f51a,false,false,0
rec_9c1671069ee32a5794c9,near_2791da3a50be06fd2718,true,false,0
rec_9c1f6bd764cc2e04241f,near_2791da3a50be06fd2718,true,false,2
rec_9c2168faf3a8abe32f97,near_2791da3a50be06fd2718,true,false,0
rec_9c21d934b1ce986a84eb,near_2791da3a50be06fd2718,true,false,0
rec_9c24ebee9d971b51ca7f,near_0fd09f8981748ace4339,false,false,1
rec_9c2ae40eb7f1bb37206b,near_d61dc1a0a0a141ab3417,false,false,0
rec_9c2bfce3f3b305669535,near_2791da3a50be06fd2718,true,false,0
rec_9c2d0fe5a7fe55d3064f,near_a9ba68ec6c7fdb7da2c0,false,false,0
rec_9c3c97c171ff8e91ea9c,near_e8bf29d8ad95c8059705,false,false,0
rec_9c46405ddecb0b25f8e4,near_3b0deafc0edc8f09c85e,false,false,3
rec_9c4fc476c24a7f21eaee,near_2791da3a50be06fd2718,true,false,0
rec_9c56b3412dcd39d641d7,near_8e0ecf6c5ca117303279,false,false,4
rec_9c5e145740e9d02a1082,near_7cddb8fe260da2683f64,false,false,0
rec_9c643abce8eee49406d2,near_cda12786983bced9f624,false,false,2
rec_9c645f74f5a60735d956,near_2791da3a50be06fd2718,true,false,0
rec_9c6f8e163ba651e91f17,near_8426e8fbf877a4ec607d,false,false,3
rec_9c6fe9ce621724b58ca5,near_892ab024d33de70da56f,false,false,0
rec_9c79a886f6d8d047a665,near_46f5ad7cdb34a1eef011,false,false,0
rec_9c839afacdd59a5f72eb,near_3ea00923cf8d1766b28a,false,false,0
rec_9c852449a55d2525215e,near_632d3cca35155b706283,false,false,4
rec_9c8fd174ac4366d3f354,near_b2fd2e16f4328c01efdf,false,false,0
rec_9c95a25a136844847b0f,near_341a41e2427edc073e33,false,false,0
rec_9ca33a43a4f4543e8b0d,near_86bad3c88a5d9e000098,false,false,0
rec_9ca8457c02752056ee55,near_bd3d8a1756f0a32a07ab,false,false,0
rec_9cbb0a741e3a2b381ce9,near_2791da3a50be06fd2718,true,false,0
rec_9cd4cd15050d7de4967d,near_87069df12dca8844da29,false,false,4
rec_9cd8b092eb3ff3e1f451,near_16d287ba9e91e1a4d97a,false,false,0
rec_9cd9cc548fce1eb29e70,near_40f0592e7df7bce9ce1b,false,false,1
rec_9ce178fce139c5b36c6e,near_45052a6971074e35baf9,false,false,0
rec_9ce1eb07eaa4b6c719d1,near_2f7bd396fa4369139fc4,false,false,0
rec_9cef1923fe8e9ba44e7c,near_a5cce1b904530116fd78,false,false,2
rec_9cf12768bb2bdf0cbe8f,near_46bae3492778b5c1dab6,true,false,0
rec_9cfb617fb4ac77779801,near_d2c4e3d95f353bef7d68,false,false,1
rec_9d0625bec3ab5bfe857d,near_2791da3a50be06fd2718,true,false,1
rec_9d089950071f1c255ee3,near_2791da3a50be06fd2718,true,false,0
rec_9d0e77c509e3f2e27766,near_e50a87893d05e8e209f9,false,false,3
rec_9d10a37e766a07c4b746,near_cc0496bcef73aecc3438,false,false,3
rec_9d1c5734714bea8a68ac,near_24d24b18997591fe4d27,false,false,0
rec_9d1c5b54040d8295415d,near_7028ccab00a8719c9f2a,false,false,1
rec_9d1d0d634c31874681f0,near_2791da3a50be06fd2718,true,false,0
rec_9d259997970ddd6a6004,near_b426b68093038a615049,false,false,2
rec_9d2dc2c09a09a0d376c5,near_e50a87893d05e8e209f9,false,false,3
rec_9d309f803a5ebfc9535f,near_e3bbf788124af852e8f2,false,false,2
rec_9d3d93d0b71f2cb0bece,near_decaf119a0476c3bf5bb,false,false,0
rec_9d41a59c45a7c45993cb,near_2791da3a50be06fd2718,true,false,0
rec_9d42c349b22f878b5851,near_4e36a282da927f64868e,false,false,0
rec_9d4bd339d13ebdd4a98c,near_2791da3a50be06fd2718,true,false,0
rec_9d598ed648384947dd52,near_2791da3a50be06fd2718,true,false,0
rec_9d5c300321956d902527,near_2791da3a50be06fd2718,true,false,0
rec_9d63cdb65c9f59d530e4,near_3683b9c1f4ff2e92c4c8,false,false,1
rec_9d656a4b860520f8d31d,near_2791da3a50be06fd2718,true,false,0
rec_9d68d308644117b8db67,near_258a4ef5dd5c1d10d2a8,false,false,0
rec_9d7b0a283b1226a18abb,near_2791da3a50be06fd2718,true,false,0
rec_9d7dcc669e0436b0aa07,near_dd8471a591a6c549f50c,false,false,2
rec_9d87187dae80663b89f9,near_d0dd050b2ff4e1265170,false,false,3
rec_9d8ae942b39588bd36de,near_80fae5bd8e02341de03f,false,false,4
rec_9d910bf9649b3520806a,near_771690139edb113e91c9,false,false,4
rec_9d929c611bb36e187078,near_3282c14a1088b1eb2efc,false,false,4
rec_9da7ae8d870ff8b31866,near_2791da3a50be06fd2718,true,false,0
rec_9dacf6037ebc19326f57,near_67042dc9287b6aacfa3b,false,false,0
rec_9db2e5675f1d94fa7144,near_2b65400d3f63db4c0f88,false,false,0
rec_9dc8e7e4c85a95ff0180,near_0bd66b36f12623b77749,false,false,0
rec_9dc907028dbf3f3b63d5,near_9c0b735e7cd90a8389d1,false,false,4
rec_9dcee63eb2aef88e6d2d,near_54cdf6942d3ac99e1705,false,false,0
rec_9dd072abe197f7a9eb15,near_8de564213b03c8bd5e03,false,false,0
rec_9dd3e09ee38082ab9873,near_b6792c2bc77d2137fcc5,false,false,0
rec_9de5e6b98c4a6ac60b90,near_02eaa453cbe65c0b262e,false,false,0
rec_9de82be89c3340aa701b,near_2791da3a50be06fd2718,true,false,2
rec_9de9a75d9b15a721b758,near_2791da3a50be06fd2718,true,false,1
rec_9df52009fb42146905cc,near_babc6d6e8581319d01d5,false,false,0
rec_9df7d593b4076b7782a2,near_d84b92bd71f2fc51d771,false,false,1
rec_9dfd10f8651e7213e6da,near_2791da3a50be06fd2718,true,false,0
rec_9e027805dcbaebfe9948,near_2791da3a50be06fd2718,true,false,2
rec_9e0616b746be3616a10a,near_2791da3a50be06fd2718,true,false,0
rec_9e1e3e8e6cd7dbe0ca86,near_e0f0ae726f05d0c7d0eb,false,false,1
rec_9e30cd0e1d76aec39f02,near_4e3812e70c7a9548c20a,false,false,0
rec_9e30ddbf8191a4107851,near_8023eb39741b3dde51d6,false,false,2
rec_9e3966c27bae613857a8,near_2791da3a50be06fd2718,true,false,0
rec_9e3b94a8fd2dac06e5ac,near_d6f941bb5c1b331dd0c3,false,false,1
rec_9e404398be73c858aabb,near_3a42ef9d5140104cb6b1,false,false,0
rec_9e414302a03302c62698,near_2791da3a50be06fd2718,true,false,0
rec_9e48c84daee3cea9fd49,near_2791da3a50be06fd2718,true,false,0
rec_9e5506c33ce3bb1dd44a,near_4876f8c575135ef6473e,false,false,0
rec_9e7a28c26e6e6da87b9a,near_2791da3a50be06fd2718,true,false,2
rec_9e7d8dbd9bbf3ee9323e,near_d1f73a71550df8ff8dfc,false,false,0
rec_9e8c3d3b02a6f4f731c1,near_1d4601cbb15fddcf5097,false,false,4
rec_9e916b1cef2ebdcdfc6c,near_274216e96726443ca007,false,false,0
rec_9e9d236774c86900a180,near_6c97cc14ab303d3e7628,false,false,0
rec_9eca163539cd8e9dbfcb,near_15ce0c2144a075f86d3c,false,false,0
rec_9ed84a90ce25ae2acf51,near_2791da3a50be06fd2718,true,false,1
rec_9ed948e2b6530e76382a,near_2791da3a50be06fd2718,true,false,0
rec_9edb8c4b878d25c40b2d,near_2791da3a50be06fd2718,true,false,0
rec_9ef258a67f13b0a4eac3,near_2791da3a50be06fd2718,true,false,0
rec_9ef70d9d4b9ef4750b25,near_2791da3a50be06fd2718,true,false,0
rec_9ef9460d8f3883905f0e,near_06317aa68adcf3a20c71,false,false,0
rec_9efa2ad843b8c4ed70cd,near_a411a18d75c9346dcd49,false,false,0
rec_9efa87e181e91b4e50fa,near_f010339ee1a212867dcd,false,false,0
rec_9efb499582fd21fe23cc,near_38831992eac932d16ca1,false,false,0
rec_9f00724bff7106d7e120,near_53a0bb2dc89eea74a877,false,false,0
rec_9f02376c60fa85f3a8bf,near_2791da3a50be06fd2718,true,false,0
rec_9f06547c9124c1445c92,near_e50a87893d05e8e209f9,false,false,4
rec_9f0ed853a1e4aeb5ea76,near_2791da3a50be06fd2718,true,false,0
rec_9f157cd381fbdeb6d362,near_1ecfeae8e9d601e3e09f,true,false,0
rec_9f1e73118a0387ca0bb3,near_2791da3a50be06fd2718,true,false,0
rec_9f25f7ed27fe0a5267d0,near_2791da3a50be06fd2718,true,false,0
rec_9f2cb3a173e70c8058d6,near_21c9e32369c238dd0151,false,false,1
rec_9f361308cf6625a08d2d,near_2791da3a50be06fd2718,true,false,0
rec_9f3a215637eaa542b292,near_3d537f170bdb2350859e,false,false,1
rec_9f592d2331bdefb4470f,near_bdbe632e17313f923c26,false,false,3
rec_9f65ca84ce36f32d0b4a,near_d1cd8de0f7d693b38a17,false,false,1
rec_9f6845c7b66cdf8efb74,near_3994fea1931ee7e2d5b1,false,false,1
rec_9f8cf24802dfe34ed77d,near_558c91537781d83a7c63,false,false,2
rec_9f92282975594c8ceac3,near_2791da3a50be06fd2718,true,false,0
rec_9f9c537cfcf3ccc449cc,near_dbf2b764df8e768451de,false,false,2
rec_9fa1d744ffa0b2ce817e,near_d90063dde61ee33fa353,false,false,2
rec_9fa4bdc8458f200aebd0,near_2791da3a50be06fd2718,true,false,0
rec_9faa45be4884714e4d9b,near_72512d2d1bde2fdd4fad,false,false,1
rec_9fb076bbd14410190237,near_483aed3578dea2ead464,false,false,0
rec_9fb76b386f4d539c8385,near_2791da3a50be06fd2718,true,false,0
rec_9fb851f554b7b5d6aee6,near_2791da3a50be06fd2718,true,false,0
rec_9fbacbfaabe65b49ee01,near_2791da3a50be06fd2718,true,false,0
rec_9fc2003f7d6bb876faa1,near_5240c20e40865bf98109,false,false,0
rec_9fcc3530bb8ea06e796c,near_4eb4f8b06d6e7d21014c,false,false,0
rec_9fce6e9ce7904b9ebc75,near_e565765d05da9a5d9e2d,false,false,0
rec_9fec9b0e46b5b8261d42,near_4b7f7143897c6a32225b,false,false,0
rec_9ff3d1cb343a637cb7a5,near_cd893b023ce2c65f1545,false,false,0
rec_9ffd82e0825bf0792a12,near_457a77814660ce77c1f6,false,false,0
rec_9ffd9c2cc18a6fddebdd,near_f5833103b88a77239116,false,false,0
rec_a000600dfe252a6e4183,near_2bad2f84d9def0a0e073,false,false,0
rec_a00449bc2d8eef63e3f2,near_2791da3a50be06fd2718,true,false,0
rec_a0054ff7b7c6a845d38e,near_86b617db7549132e11de,false,false,0
rec_a010f2852a1e5a8f268d,near_2791da3a50be06fd2718,true,false,0
rec_a01e52047f85ca224c2e,near_87b114f091fec86f1c94,false,false,1
rec_a02bb3ec193068d01c9a,near_6b2fa5328afa6ed30ff2,false,false,2
rec_a030544f9fa85a6e349a,near_91bb56f952fa5d02fc3b,false,false,0
rec_a042668b6e532deec9df,near_0904467c905486eb5c18,false,false,0
rec_a04394fc18e41e96f85a,near_2791da3a50be06fd2718,true,false,0
rec_a04e40dc4e9ddb715d85,near_2791da3a50be06fd2718,true,false,0
rec_a04f36a5e9a2a55385ba,near_2791da3a50be06fd2718,true,false,0
rec_a05159271f88963b971a,near_331eddee71fc894710ad,false,false,0
rec_a05a09b6e47ad40489cb,near_32fdcd00418ac63b1e6f,false,false,0
rec_a05b29c0eca750e1935a,near_c176cb8d3b719e98290c,false,false,0
rec_a05e5dcfc521fb9648b3,near_7199b0584a02c91eb5b8,false,false,3
rec_a06aed3b9fd080511965,near_2791da3a50be06fd2718,true,false,0
rec_a07e264ac33055e56c82,near_fdde4284602100418719,false,false,2
rec_a089fe2e3a32d0303579,near_2791da3a50be06fd2718,true,false,0
rec_a094a2b8d684ca37633e,near_7a89f1e8203ce23b5cb9,false,false,1
rec_a094ac6b5154e8fcb8b9,near_2791da3a50be06fd2718,true,false,0
rec_a095be782ce6908fc956,near_036fde7c0a023657d713,false,false,4
rec_a095f1533c6e33527ee9,near_20e635e2f71e5a0b3cfd,false,false,2
rec_a0a0d5883fcda2d67573,near_7199b0584a02c91eb5b8,true,false,1
rec_a0aadded10f105b8f627,near_2791da3a50be06fd2718,true,false,0
rec_a0aae842a2ad693bb2f9,near_d6bf66f1c09e96a22c17,false,false,0
rec_a0afef75bf96dbb8d806,near_5db40472d5d3e89e0d47,true,false,0
rec_a0b63767d59cc79f7406,near_2791da3a50be06fd2718,true,false,1
rec_a0badba33cd4aefab9e8,near_343bac7a0455ab3d139f,false,false,3
rec_a0be8200e6f182f7974d,near_a1099cdd49c7d6cfa841,false,false,0
rec_a0bf5a1e33cd73d9597c,near_2791da3a50be06fd2718,true,false,1
rec_a0c601bf391e3c67bdf5,near_5b5f279cd299e1e6ee6c,false,false,0
rec_a0c63a031314b6736a82,near_784eb058010144f5e80f,false,false,2
rec_a0c6c126300a02f29d1d,near_24d24b18997591fe4d27,false,false,0
rec_a0cc7dfe54df421a3d89,near_2791da3a50be06fd2718,true,false,0
rec_a0cf74fafabaca5c7df5,near_6e022598287d3199e403,false,false,0
rec_a0cfdf6641b6e2a3f6c2,near_2bad2f84d9def0a0e073,false,false,0
rec_a0d53bfd151797d7cbe3,near_2791da3a50be06fd2718,true,false,0
rec_a0e7fda59eb34fec9c07,near_2791da3a50be06fd2718,true,false,0
rec_a0f4535230dd710761bf,near_736d882fa152d3147fbd,false,false,0
rec_a0fc4b2994b5a879ee12,near_2791da3a50be06fd2718,true,false,0
rec_a0fc880b8b7f9bcbd6b8,near_a33b73a98a6d4dad7aa7,false,false,3
rec_a0fed8aac3171e4502bd,near_4b0b40ab8020fae63384,false,false,0
rec_a0ff77e51b5c4f312ce3,near_2791da3a50be06fd2718,true,false,0
rec_a105030743fe2a2920d2,near_2791da3a50be06fd2718,true,false,0
rec_a10d8c9cfd9896bdf11d,near_f077d7e9fa0e3fe8b0a1,false,false,1
rec_a10da8055ebfe5e41846,near_4a76340b4f7eda898e89,false,false,1
rec_a10eed442b660388a8bc,near_2791da3a50be06fd2718,true,false,0
rec_a114f45455962d07fb0d,near_2791da3a50be06fd2718,true,false,1
rec_a128f49bb0a6e2123e0b,near_f95b82c03d245347b5fe,false,false,0
rec_a131ec2d8e9515f6d458,near_2f439f990bf0f937c4ad,false,false,0
rec_a13410731c7b3ff35f2a,near_27f31105f833a9031cc8,false,false,4
rec_a134e2918fa7fb39e7a4,near_2791da3a50be06fd2718,true,false,0
rec_a13ed9d966089a74348c,near_7286180d1fa89f0b86f8,false,false,0
rec_a1592e4bdf0415e7d958,near_8d447c47a2dd2467427f,false,false,1
rec_a15b387d5a7c58bc1dfd,near_8617a2f61bed8455133b,false,false,0
rec_a1602c367ec2669067f8,near_2791da3a50be06fd2718,true,false,0
rec_a160b662be3a58d658c7,near_2791da3a50be06fd2718,true,false,0
rec_a17c99fad7893da2f355,near_b8ee6404c9b168f95ec8,false,false,1
rec_a1800dae2504a84ce003,near_61eee50347b79b5a31c2,false,false,1
rec_a1933cf4eb53358caa9a,near_a76c30bff7f814096690,false,false,0
rec_a193b7acfcc6cb5f0593,near_84a66cde512fa90a3d72,false,false,0
rec_a1946333b57bc5a0d5b1,near_2791da3a50be06fd2718,true,false,0
rec_a197c7de43e8e900f32b,near_62f2153d72fb8a7a49b8,false,false,4
rec_a198133138c6ba17aeb4,near_2791da3a50be06fd2718,true,false,1
rec_a19bab05458a8183b5f7,near_2791da3a50be06fd2718,true,false,0
rec_a1a15e3ae35a60dfb8c3,near_2791da3a50be06fd2718,true,false,3
rec_a1a31ec5e493cda93673,near_836f6ffec00f0b8fd221,false,false,3
rec_a1aa1bee5d1e481fc78a,near_2791da3a50be06fd2718,true,false,2
rec_a1d8647c080b24cf3eee,near_8889864e8dd722e67dcd,false,false,0
rec_a1d935f29f4ef67cdea6,near_f0ae92fdde7932c721cf,false,false,0
rec_a1e97732d83d6357c248,near_a198a39ce194e16eef88,false,false,0
rec_a1eda1d721f100974194,near_d8db3adaa060fcb2251d,false,false,1
rec_a1efd02a1bcc61061aa5,near_fbcab069e0cd04fca848,false,false,3
rec_a1f402623bab8be1b496,near_f38632ccd74751a9e327,false,false,0
rec_a1f6e1b9704038b479dc,near_d911291b87736eed6a18,false,false,2
rec_a1fd99c3632ad7276dd5,near_6e26774153c06a742736,false,false,0
rec_a200681e2fb858ae82b0,near_e98507b1cc91483f2e55,false,false,3
rec_a2007c78e82a8933f92e,near_b6056d558476f3fa30ce,false,false,0
rec_a2039dfedff436050cd2,near_2791da3a50be06fd2718,true,false,0
rec_a209c99e61423c504865,near_97776cee720b6130ec44,false,false,4
rec_a20ba60d8c84a357a223,near_99840469de9bb29b081c,false,false,2
rec_a236ea5b2e60458a5c04,near_2d4e273b50d60851a96b,false,false,4
rec_a2380791c3069f2209fb,near_3278fbec333557f72b73,false,false,0
rec_a2425f967e4e97cb002b,near_2791da3a50be06fd2718,true,false,0
rec_a243f758acbf7c04ce15,near_2791da3a50be06fd2718,true,false,0
rec_a25077deac6bc8c6d383,near_391c2bb395c9040c6eb9,false,false,0
rec_a26d73c5b03b21d1bd3c,near_2c546943831d0be98427,false,false,0
rec_a28750e231549f404832,near_f23ee4e6601c14c3ba60,false,false,0
rec_a28da99af02d0a7d0acd,near_67e14a8dc4990a36de0b,false,false,0
rec_a2935035f076e9123b1e,near_776ee29b2bf9664e4c86,false,false,0
rec_a298e28287ef6defb2d9,near_c90fd7979140cbdce69f,false,false,1
rec_a2a00b91916c5ff967cd,near_2791da3a50be06fd2718,true,false,0
rec_a2a0630876d9009944fa,near_4c18c3df28f9e10dc50d,false,false,1
rec_a2a7394966fd0b7da519,near_50cdc63848dcc3aae3f5,false,false,3
rec_a2a7bc55105775bfbf1a,near_2791da3a50be06fd2718,true,false,0
rec_a2ad4f311f607fabf780,near_846c110fc5ef55967af8,false,false,2
rec_a2b934bb2bb38f535c76,near_2791da3a50be06fd2718,true,false,1
rec_a2b9d834600c7b7ccfff,near_2791da3a50be06fd2718,true,false,0
rec_a2ba1007ec996a43de7e,near_2791da3a50be06fd2718,true,false,0
rec_a2bcda0105e321ac8464,near_2791da3a50be06fd2718,true,false,0
rec_a2c1a9f81f158e2f4fe4,near_c1352544f5d83aef9ce1,false,false,0
rec_a2ca00f96bf7634536de,near_2791da3a50be06fd2718,true,false,0
rec_a2d28ace036e7cbacd57,near_2791da3a50be06fd2718,true,false,2
rec_a2d6c6f1202d384f0527,near_955f9093c40b45c1ff7c,false,false,0
rec_a2e0f1eb68554f9b74e2,near_e79e8fe542844120ea23,false,false,0
rec_a2ea45e7601ae626037a,near_2791da3a50be06fd2718,true,false,1
rec_a2f0d7cc7e739ff07df7,near_d2d6cc4f5edbae9c1e49,false,false,2
rec_a2f2a07b4662eaf85170,near_ccb0a962346e94adeb59,false,false,0
rec_a2f3f874569ac3f81431,near_2791da3a50be06fd2718,true,false,1
rec_a3173d54e92dcc43d07a,near_c64cdca74d3141f77fb2,true,false,4
rec_a323e6fa2537222ac354,near_71230416be651c73eb75,false,false,3
rec_a331f7ee72d89bd08ad2,near_2791da3a50be06fd2718,true,false,0
rec_a33c2ede08fbede34223,near_2791da3a50be06fd2718,true,false,0
rec_a3464954117a783fc883,near_d1102e599475fa0033f5,false,false,1
rec_a34d40d8576613da0ab3,near_39d2c038e3df83ef1b9c,false,false,2
rec_a3525ca10d026934a2a8,near_c9fa9911c7f774adb828,false,false,0
rec_a3584d714ff4d5df3085,near_2791da3a50be06fd2718,true,false,0
rec_a358af738b0eab7ef4a1,near_d911291b87736eed6a18,false,false,2
rec_a358f4c9d93a8e30af45,near_2791da3a50be06fd2718,true,false,0
rec_a35a010a18f899316008,near_0b7d22cb75b03c5f185e,false,false,0
rec_a35a861e44370b557504,near_a9aee0c96cd1346bd90e,false,false,0
rec_a374eecfc2e6dc0a8d34,near_2791da3a50be06fd2718,true,false,0
rec_a3769008487987c5a561,near_2791da3a50be06fd2718,true,false,0
rec_a377f0ecaa0aac0958ec,near_08abc5e805f9aa6cd4f2,false,false,0
rec_a38060766fc50e230e37,near_4d9150aa74e2e33e3a2c,false,false,0
rec_a3850073967fc605952f,near_2791da3a50be06fd2718,true,false,0
rec_a389824aab49fc5997c1,near_7199b0584a02c91eb5b8,false,false,1
rec_a38a6f4447c976687b2c,near_3d292a74df80001c2fa0,false,false,4
rec_a390484096cd7404a3cc,near_2791da3a50be06fd2718,true,false,1
rec_a39c1e3eaba58397ce9c,near_df36876e619c11e123ba,false,false,0
rec_a39f1599ee52376f127a,near_0362befea7e6d08ecfdf,false,false,0
rec_a3ae7f18ab45c569a669,near_98900d4712e079e28f25,false,false,0
rec_a3b4ceacfbdb2fe754c2,near_2791da3a50be06fd2718,true,false,0
rec_a3b7bf29bb918320ed23,near_a5d01cbc11de33b750dd,false,false,0
rec_a3c62d6195783e3632c7,near_2791da3a50be06fd2718,true,false,0
rec_a3cadac0e93bcef863a6,near_7f65f47478d51db8dd90,false,false,0
rec_a3ceca645740a6c94f30,near_2791da3a50be06fd2718,true,false,1
rec_a3d00bd5808dc8b7c819,near_7bdbbb99a9d9f268cc35,false,false,0
rec_a3d50223e110dd88396c,near_2791da3a50be06fd2718,true,false,0
rec_a3d50826d21d110e9872,near_513f632daca909b43d16,false,false,0
rec_a3dd91cc6ca23e213825,near_68f986fac21551c10c4c,false,false,0
rec_a3e4c8a344149d356964,near_1634ad3d52159bbf1863,false,false,0
rec_a3e7ab2eacb7ae84e486,near_1b7d52f0d206e10caa55,false,false,0
rec_a3eb510e67f984682ae9,near_9386d516b8f0ace883eb,false,false,0
rec_a3ef60cc9f823de8ece6,near_0608ab1361ce7bdbf8ef,false,false,0
rec_a3f2a52e429f58274b59,near_2791da3a50be06fd2718,true,false,0
rec_a3fdaf186d9e10dbe002,near_2791da3a50be06fd2718,true,false,2
rec_a4079bad1837b1dd1989,near_de5dd843f3f7cf91f6b2,false,false,0
rec_a413990a7926ee669459,near_bdbe632e17313f923c26,false,false,2
rec_a416170e454f85aa2e0d,near_08a3259cc3b954d158a0,false,false,2
rec_a41886b2799c07934621,near_b3e59867c5a895a4adf8,false,false,0
rec_a41d217de5dd84872e40,near_49821f4bd5a9dcb0fa52,false,false,0
rec_a428c678c2e4836cf284,near_64932a198df9611ae866,false,false,0
rec_a4299304a2a35d5f623a,near_8f5ce8aafa8152241bb7,false,false,4
rec_a42b0a62a81efb7675f3,near_2791da3a50be06fd2718,true,false,0
rec_a42b5e1e5c33cd17af49,near_2791da3a50be06fd2718,true,false,0
rec_a42e06c22d2c0087edb0,near_2791da3a50be06fd2718,true,false,2
rec_a42f8d02329ccac5b428,near_e658a919d95011636889,false,false,2
rec_a4314a09e402edfdb5cb,near_a34f0575cfaec6d11b5b,false,false,1
rec_a431b123807aebe30344,near_295954fdc9b6191d1908,false,false,0
rec_a43c46bf80e402c4b3f9,near_94f34b6b76effd7d8bd6,false,false,0
rec_a43f478e5b197400b6b0,near_2791da3a50be06fd2718,true,false,0
rec_a44bba10b9e3d3278a7b,near_69d844da0d5105737570,false,false,2
rec_a45488820c2f5e994d10,near_2791da3a50be06fd2718,true,false,0
rec_a464f9f188e4eee786f3,near_5e4880b7a89628b5551e,false,false,0
rec_a46563ac6ddd2c9d8e56,near_71776aa806ca4da4b4ef,false,false,4
rec_a4744fe3de2965742d92,near_2791da3a50be06fd2718,true,false,0
rec_a4816b8b86370d3013b1,near_b3e40a2ae7e8a2f85446,false,false,0
rec_a48d5c0d2469611f0046,near_ae64d563efc4d2e80d45,false,false,0
rec_a492dc2f48441ab93af6,near_1c1767e20118b6463c92,false,false,4
rec_a4a6f4a560dc4d653565,near_2791da3a50be06fd2718,true,false,0
rec_a4a916d6f9825b26f8aa,near_e8e8816a733d6779e335,false,false,0
rec_a4aff007c381306b4802,near_a268e9961242ec597ef8,false,false,0
rec_a4b0f00ba35d7f0bf3e2,near_fb302f52f841712d1291,false,false,0
rec_a4b696aac76fdcd24436,near_59f73b1376ab5fed1b2c,false,false,0
rec_a4b9e828f9aa5a4601a1,near_cbab087979745d1c0a74,false,false,1
rec_a4c05a5ba44a033cd086,near_2791da3a50be06fd2718,true,false,0
rec_a4c5cd1d0924789c7a67,near_fbc9f9cf47d1e3e499f2,false,false,4
rec_a4cb240ed45245e9e0d2,near_2791da3a50be06fd2718,true,false,2
rec_a4cf46552c943793770f,near_8426e8fbf877a4ec607d,false,false,3
rec_a4d3f95bcf171af223b3,near_2791da3a50be06fd2718,true,false,2
rec_a4d94d00ca15e48b5cce,near_278073d844c19aeec675,false,false,0
rec_a4e5a789326b9430e0bb,near_2791da3a50be06fd2718,true,false,0
rec_a4edc229c7c41bcb65e2,near_2791da3a50be06fd2718,true,false,0
rec_a5077909b1e75ae335e2,near_248d1ca1a8bc422888e7,false,false,4
rec_a50c209dd6df8a5c6468,near_8cd6f539c0186d65a05b,false,false,0
rec_a5111c481b68a79ffeec,near_36cf618cfe6f4070b81e,false,false,0
rec_a51929eb855c66d3e1c3,near_2791da3a50be06fd2718,true,false,0
rec_a521fcd64a4998521374,near_fb9079af645d3084a105,false,false,0
rec_a5254c2643544e38dfa2,near_2791da3a50be06fd2718,true,false,0
rec_a53cf4918628b447e95e,near_2791da3a50be06fd2718,true,false,0
rec_a53e7e9d9473a5f664ef,near_04a2baa141694df0ad94,false,false,0
rec_a54674761a20f5ced404,near_2791da3a50be06fd2718,true,false,2
rec_a54b6a5608bd95a240fd,near_2791da3a50be06fd2718,true,false,2
rec_a55260bb1901ef18b742,near_118eb00b1a0919a8b42c,false,false,2
rec_a554729d23a9d04a4375,near_026baab258820cba4eee,false,false,3
rec_a55ae2b2cc82ac7872ea,near_2791da3a50be06fd2718,true,false,0
rec_a55b674a96fd0b61cf8d,near_2791da3a50be06fd2718,true,false,0
rec_a56a5fbe211f2a44ee87,near_60fdb6782f3935cedf1c,false,false,0
rec_a57d48af8fec6275d23f,near_bcd71e33c4dc085afa79,false,false,1
rec_a5853a2e97fdeb4fcbd3,near_2791da3a50be06fd2718,true,false,0
rec_a585c235ed5a1124e034,near_9e7b226b91f2939d4173,false,false,3
rec_a5954d91847db33907bd,near_58e8202795bb0bd9ac9e,false,false,3
rec_a59de839d70e357608e2,near_ff7986543d35e07219d2,false,false,0
rec_a5a06adb74202318b064,near_2791da3a50be06fd2718,true,false,1
rec_a5aae2a65ae5b12ae10a,near_2791da3a50be06fd2718,true,false,0
rec_a5acbb2f24296f99a6d6,near_745be1a376a4899955dd,false,false,0
rec_a5af0b4685c6dfc0073d,near_2791da3a50be06fd2718,true,false,0
rec_a5b32840a44e0ee79e03,near_e1ef5a5b3332f50e5305,false,false,0
rec_a5b5b7ea45cc7cb4c218,near_2791da3a50be06fd2718,true,false,0
rec_a5b9eaecfc80939a90f2,near_ea5293c90c911c9082f3,false,false,4
rec_a5c12a30592ccf50249f,near_248d1ca1a8bc422888e7,false,false,1
rec_a5cde35f69d6cf78191f,near_1ac96c04078d0b748684,false,false,0
rec_a5d112ee0fcff6ce9861,near_2791da3a50be06fd2718,true,false,2
rec_a5d33ec017e7746b8f72,near_2791da3a50be06fd2718,true,false,0
rec_a5d6e2b564d1a775efa1,near_ee134333e3619cf2bbff,false,false,0
rec_a5d9cedf2a352228ce5d,near_7f32e3b43e4e43296ec5,false,false,0
rec_a5e8e825303cb99591a9,near_62a33cdcca5e433e3719,false,false,0
rec_a5eb2170207ed1b7e682,near_0ba7cae3e24adb93eaad,false,false,1
rec_a5ede0d699ba6377da5c,near_8de564213b03c8bd5e03,false,false,0
rec_a5f30bb0c6dafba3761c,near_2791da3a50be06fd2718,true,false,0
rec_a5f697993ef3e4adfc52,near_23cd63b74fb5bd2dd89a,false,false,0
rec_a616dc9400c34a35eddf,near_065d4cb5a34fc4ffd3a1,false,false,1
rec_a623b8f94d0d2fa5722f,near_635119ca28c90c33fcef,false,false,2
rec_a62404e4b1cb7ddb0945,near_56cad548395e962c6ed5,false,false,0
rec_a62cdf040834fb21f46c,near_2791da3a50be06fd2718,true,false,0
rec_a632d0d7c893c89f3052,near_e1e5466e6ff4b56529ee,false,false,2
rec_a6396a265c10fb6a3849,near_34d52c7f323cc090a18f,false,false,3
rec_a63f411c798c33bf4024,near_0e0f4eb2f842c66dfc2b,false,false,0
rec_a641c6b4d44508dccc4b,near_2b11f951c182668010a2,false,false,1
rec_a642adc72ad45f1eacda,near_2791da3a50be06fd2718,true,false,0
rec_a64cdf263881e6698cb0,near_495ec3f73092185818c0,false,false,0
rec_a64d25e6b5adf86de696,near_260c68f576cf5d0fb0c5,false,false,1
rec_a64e8cf2132474b9dc8b,near_2791da3a50be06fd2718,true,false,0
rec_a65550c847c37c826b60,near_2791da3a50be06fd2718,true,false,0
rec_a65baf437b3a6e0db679,near_6585e755e8a8b1356b35,false,false,1
rec_a65bafa96688c7e26108,near_2791da3a50be06fd2718,true,false,0
rec_a65bfe89479b9c1a3b88,near_2791da3a50be06fd2718,true,false,0
rec_a673350fa422a5a156f3,near_79f855c118f5cefcb60b,false,false,0
rec_a677254f48a64348d3f2,near_a034d858a8795d11880a,false,false,3
rec_a682291300060b6cde14,near_b576caefbc6cc09bf573,false,false,0
rec_a6870c61022a7945ca60,near_d3790f82486f5276a4d7,false,false,0
rec_a688e2628786a6b8ae4e,near_7953ae9dc090c9e4978a,false,false,0
rec_a68a164ad45e92544b5e,near_275563c704e8afd465c8,false,false,0
rec_a6a0240bc24ccc1d21c5,near_944b12c5aacb9fbb3ffc,false,false,0
rec_a6a195e554a6625101b3,near_ff85438c914aa6c5b3a7,false,false,1
rec_a6b1249ab5e6395325a2,near_2791da3a50be06fd2718,true,false,0
rec_a6f908bf4463dd8d8b54,near_2791da3a50be06fd2718,true,false,0
rec_a7003aabb06050016a19,near_361cb4832dfb73693ce7,false,false,1
rec_a701dbb161aeaee3621b,near_2791da3a50be06fd2718,true,false,2
rec_a70d13eaaee0548e69b4,near_386b8e7fccb47c738fb1,false,false,0
rec_a717dd7f2f5532947540,near_422cf6edc2ee3043d642,false,false,0
rec_a7291b3106f47b9c3cc8,near_249efc654fe2d642ac68,false,false,4
rec_a73ba5b9c3c1e29f95fb,near_f4cca81ac203e094cfe3,false,false,0
rec_a749aae337f5cf9f5f33,near_2791da3a50be06fd2718,true,false,1
rec_a74e01bec688805bc6ee,near_34a1ed07f32829881ff5,false,false,0
rec_a7559dd285fbc7e60c41,near_07a57f5d80c01db21f16,false,false,2
rec_a75c975507d71c0bb94f,near_68192e5a2e37f7632df2,false,false,0
rec_a7639934a51965e3f7dd,near_1a3095e149761de26251,false,false,0
rec_a767add0076bbfe3e71a,near_2791da3a50be06fd2718,true,false,0
rec_a7684407e404afaa3ea0,near_9601a243d8767e3de2b5,false,true,0
rec_a76a6bb376637eb20678,near_6c97cc14ab303d3e7628,false,false,0
rec_a77778dfef51fc6636c7,near_2791da3a50be06fd2718,true,false,1
rec_a77adbb6412b9c126ffa,near_2791da3a50be06fd2718,true,false,0
rec_a77f29da266e39f6b8d6,near_edf3d29f7b0e027d5046,false,false,0
rec_a780b5d4dd49951aafb9,near_4c765b8d6e416a931a1d,false,false,0
rec_a78e9cd378f5f52edad4,near_2791da3a50be06fd2718,true,false,0
rec_a7a0cbb64203dee2c8e7,near_2791da3a50be06fd2718,true,false,0
rec_a7a188c963c6abe80004,near_ced8689bc40f9a98719b,false,false,0
rec_a7afebae54b5d24e6b40,near_2791da3a50be06fd2718,true,false,0
rec_a7aff32c43b1d5b1acfb,near_2791da3a50be06fd2718,true,false,0
rec_a7bd2c3f90355fd45724,near_2791da3a50be06fd2718,true,false,0
rec_a7d729a09b8154e7e840,near_2791da3a50be06fd2718,true,false,1
rec_a7dbb8df394942878c13,near_2791da3a50be06fd2718,true,false,0
rec_a7dd7957100df6dabace,near_d3fd0b862f4f00fd4c21,false,false,0
rec_a7de1bb776c67fe74b29,near_dddabbf5d1feb0af8868,false,false,0
rec_a7dec914762b06447332,near_240dcb395274ef42deaf,false,false,0
rec_a7f1d57b58d9a1e133eb,near_2791da3a50be06fd2718,true,false,0
rec_a7fb9b52ca26ad415e19,near_935fb421e15a2c5be956,false,false,0
rec_a7fcaf417560f3ba5e0b,near_d58aba879c4adc7480e3,false,false,0
rec_a80372f067e50f49db27,near_57f5b7f43c32fba2090c,false,false,0
rec_a807769ad99b674b1f54,near_421613e91cc68b57946c,false,false,0
rec_a80aa84c5baa567708ee,near_2791da3a50be06fd2718,true,false,2
rec_a80aedbb9695e0273195,near_ff85438c914aa6c5b3a7,false,false,4
rec_a81f6973a9488c96c099,near_1769502bce43372b8d8f,false,false,0
rec_a81fc55496cbaf047ead,near_d1d5e7112196c82493ee,false,false,0
rec_a8352b44b73a3f3fc9c7,near_1160087e85f78084eb61,false,false,1
rec_a8409b7e44fe5e99918e,near_6e6596b28d07387e7c1e,false,false,1
rec_a841d2236cf45fa283c7,near_2791da3a50be06fd2718,true,false,1
rec_a848bffb206561cb4c1a,near_7bdbbb99a9d9f268cc35,false,false,0
rec_a857db02ac5678990e10,near_41b0e2d9a35b835a50f7,false,false,0
rec_a857ee5715947d8d9ec1,near_2791da3a50be06fd2718,true,false,0
rec_a8600323a9c68ff39a6a,near_2791da3a50be06fd2718,true,false,0
rec_a868d112c9bbde3a69b5,near_e9c34ba458cb9368aca9,false,false,0
rec_a8933b4e1635e42222fb,near_2791da3a50be06fd2718,true,false,0
rec_a89a401a8888a29f57b7,near_2791da3a50be06fd2718,true,false,2
rec_a8a6c78421db594d142d,near_c0156b0a0aa91ba3163d,false,false,4
rec_a8b2bca1a70b2a3a1856,near_9c566338ac68ca303f91,false,false,0
rec_a8c461ddd977f5b7ffb0,near_90f15ca59001eac9f736,false,false,0
rec_a8cbe245294917316d3b,near_42079a635ea9c4bd4bc6,false,false,0
rec_a8cc0e82b37d2850ff2f,near_a92fcaccd189ced7751f,false,false,0
rec_a8d68adce08de858ee73,near_67042dc9287b6aacfa3b,false,false,0
rec_a8d83d14e269843c5382,near_3c06862c1ccd80df2188,false,false,0
rec_a8d8a3d8e471c80bd170,near_2791da3a50be06fd2718,true,false,1
rec_a8da5c8fe698cf305ccb,near_2791da3a50be06fd2718,true,false,0
rec_a8db11f5a35530fc77fb,near_2791da3a50be06fd2718,true,false,0
rec_a8f1d2238f2ee9244ffc,near_2791da3a50be06fd2718,true,false,0
rec_a8fe4acce1fa570fca43,near_1bc39f3e057f73ef7fc9,false,false,3
rec_a8ff55f0c307ced25c52,near_66843b2456b5d5d00703,false,false,0
rec_a8ff6e14c5ba3b250b08,near_19a4301a7e439cd419fa,false,false,0
rec_a8ffd41b13b029e34bc1,near_23ae0b3367900b05da3a,false,false,1
rec_a900d9689e1cc1285162,near_2791da3a50be06fd2718,true,false,1
rec_a911251b09314e3e5e0d,near_2791da3a50be06fd2718,true,false,0
rec_a9345a52671d86acd7a0,near_65693cca667a71422682,false,false,0
rec_a9357bbae6fa8f53d729,near_a8906dbf241ea9d5dc67,false,false,1
rec_a94ede9d188202506c12,near_8d0b25972522c2e5b4d4,false,false,3
rec_a95d4744fa25895be384,near_947ff6b7abb94ff8bca0,false,false,0
rec_a96812678d9af4b6cd7f,near_2791da3a50be06fd2718,true,false,1
rec_a96905a6d427ac74ed75,near_2791da3a50be06fd2718,true,false,0
rec_a974c9277016553dc194,near_2791da3a50be06fd2718,true,false,1
rec_a99c41c50ef9970639e9,near_2791da3a50be06fd2718,true,false,1
rec_a9a042077a4de89408ab,near_54938a696ce1bc74733a,false,false,4
rec_a9a2aec7454c709c8c98,near_40f23496a71c8ca370b8,false,false,0
rec_a9b1278988d4e935dc02,near_2791da3a50be06fd2718,true,false,0
rec_a9b9880922c1d8878492,near_bdc0ae71e5f89cf8b6dd,false,false,0
rec_a9c025daf8f662226f28,near_7199b0584a02c91eb5b8,false,false,2
rec_a9c0b3b5841b38f82159,near_2791da3a50be06fd2718,true,false,2
rec_a9c459c42a2433e29862,near_2791da3a50be06fd2718,true,false,0
rec_a9c4accdbbccbe5752c4,near_2791da3a50be06fd2718,true,false,0
rec_a9c5eab5091f9448b483,near_4a3d460fa513334ec657,false,false,0
rec_a9cd90f9540d3356f805,near_2791da3a50be06fd2718,true,false,0
rec_a9d2638a9837cb6fade4,near_32380e74b17e49fc0136,false,false,0
rec_a9da4f8c7e8fc8183548,near_1dfced644c152adc9780,false,false,0
rec_a9db252c1e9aa33facee,near_792dde3eed3d1f4dc8c6,false,false,4
rec_a9ed8c78614ea415a486,near_9696931d8dc37bfd5165,false,false,3
rec_aa0a6cda908614b41995,near_862fa7ef443698ae2847,false,false,4
rec_aa13f3501e918be7d801,near_11897178204ffb92f50d,false,false,1
rec_aa15172816b88c000c58,near_3e67ce9c686880a5e078,false,false,4
rec_aa15ae062fb6bf7b6d73,near_94c6bbf81c05ec31f527,false,false,1
rec_aa1bbc237ee2cb9def6c,near_2791da3a50be06fd2718,true,false,0
rec_aa2f7d30081f4d3ea166,near_2791da3a50be06fd2718,true,false,0
rec_aa3506daf44fad90b33b,near_2791da3a50be06fd2718,true,false,0
rec_aa388981f9305d6f48f3,near_2791da3a50be06fd2718,true,false,2
rec_aa6c90d6c66571857d8a,near_2791da3a50be06fd2718,true,false,0
rec_aa7412701e07eb27ac86,near_2791da3a50be06fd2718,true,false,0
rec_aa775714fc97aa85190d,near_09d6f728bda819a79d6c,false,false,0
rec_aa7bf401493057594433,near_2791da3a50be06fd2718,true,false,0
rec_aa80bbcce18d2522b912,near_2791da3a50be06fd2718,true,false,0
rec_aa8c2d6475ad21194879,near_e2d18654ec74181c3afa,false,false,0
rec_aa94004539aedd152269,near_c85522d4a133e7161bed,false,false,1
rec_aa98e486cba6ba0b4003,near_2791da3a50be06fd2718,true,false,0
rec_aaa0de3a0d3d5283763c,near_06ec4ca9b2de13e730cf,false,false,0
rec_aaa5d6ae4e18c36570c5,near_2791da3a50be06fd2718,true,false,0
rec_aac82290f2e19ab7db8d,near_0fe95dd8ce251ecef49b,false,false,0
rec_aac83969619eb58b7a43,near_2791da3a50be06fd2718,true,false,0
rec_aaca184537bcdd73c0dd,near_93bec614dff40e217b1d,false,false,0
rec_aacdbddb11b8e682e804,near_2791da3a50be06fd2718,true,false,1
rec_aace0867b03be5b57d71,near_6b7a67a921e51a13cd45,false,false,1
rec_aad1bc74dbe7ec68ed05,near_2791da3a50be06fd2718,true,false,2
rec_aad3e8aafc4c794abe92,near_fc8d9df712bfd75d7e02,false,false,0
rec_aae2db548e3db704bb79,near_87a05bae673c68476e2a,false,false,0
rec_aaf256c105ede867eca4,near_2791da3a50be06fd2718,true,false,0
rec_aaf2cf77245ec650526a,near_2791da3a50be06fd2718,true,false,0
rec_ab01e96fac170f5ff8ed,near_2791da3a50be06fd2718,true,false,0
rec_ab119bb56eab6d16a15f,near_f9366b8b6a0e4a5ccc83,false,false,3
rec_ab2af3cd591a85b88247,near_83808a64216d38dde489,false,false,2
rec_ab51e987a0cec7cb0cfe,near_2791da3a50be06fd2718,true,false,0
rec_ab5885c12e82f3ffca73,near_f5986a4ab7c1b38e4267,false,false,0
rec_ab6204ae11b962a58965,near_3a2c84c0776c7c80e43b,false,false,2
rec_ab633fe3f7a9a439f3a1,near_42079a635ea9c4bd4bc6,false,false,0
rec_ab6b462d3a0e9a44c3e1,near_2791da3a50be06fd2718,true,false,0
rec_ab8066a90f3880501edf,near_eafe927ea5f74080f88e,false,false,3
rec_ab85c9d1d23a74ba1b0a,near_03a6c8304dcfedbce12d,false,false,0
rec_ab8bf1dcce1c2ae55ab7,near_2791da3a50be06fd2718,true,false,0
rec_ab90058d5516e0e0df6f,near_2791da3a50be06fd2718,true,false,2
rec_ab97b3649398a8d39a33,near_2791da3a50be06fd2718,true,false,0
rec_ab98a38e156824a25969,near_2791da3a50be06fd2718,true,false,0
rec_aba163a43c841cc790b5,near_d2ae13ed24883d74df3f,false,false,0
rec_aba47951c31813586069,near_6b67a3d05c8f02032044,false,false,0
rec_aba8911f05bd8a9cd3f2,near_79bd1bc820646f81aace,false,false,0
rec_abacad64f6895184cb38,near_888c30d44159bea53966,false,false,0
rec_abae8a79faa77f0d7a23,near_c17cab94ef474da0ae28,false,false,0
rec_abb3acf48aaf12c9e444,near_f922ee2ae2168c33d184,false,false,0
rec_abba09c2fc3783b9ff75,near_0a0ebc0d40f9b567783d,false,false,2
rec_abbc7414dd523490e3c2,near_b1b535df3f7c2b1c807b,false,false,0
rec_abc83d72c8950ddc67e5,near_24f4fff1d2c27172c0f6,false,false,2
rec_abcbdfde7ec949ea7234,near_2791da3a50be06fd2718,true,false,0
rec_abd14aa855aba43ab049,near_2791da3a50be06fd2718,true,false,0
rec_abd325c9f0b4818b42d7,near_d103bc5daefc2cad49cb,false,false,1
rec_abd872f8ed6be65d41c6,near_9e6ddf24ad55b91dfbdd,false,false,0
rec_abda8555de74de49374d,near_2791da3a50be06fd2718,true,false,0
rec_abffc3d54873857a605e,near_604129df39a21e765fa6,false,false,2
rec_ac0e212e3b5173c7bef1,near_fa78810dae8728d454e5,false,false,0
rec_ac2b4c959021fbce2642,near_3addc1d2e38b1d1d7d29,false,false,1
rec_ac385c7176e9c107ecd4,near_3e18a2875f06f9021399,false,false,3
rec_ac393e46736de612b098,near_2791da3a50be06fd2718,true,false,0
rec_ac414360a4e6dde165e9,near_69e86ffb08629980bfa8,false,false,0
rec_ac4ffdfaca01730a974f,near_eb1b198345c321d8cd6e,false,false,1
rec_ac6f854da5152f8f8e03,near_24b8713d50319169a9b9,false,false,3
rec_ac71d5c7026651fc599c,near_bae7a8f1dba446174d0b,false,false,1
rec_ac7299276c602c5e8223,near_5e984248f7ca177c5f27,false,false,3
rec_ac758a7a8c3e3bee9be4,near_394fbae47737d5cfd664,false,false,0
rec_ac82d1ac57c6bfc57782,near_6c634a7d9675c590cbd3,false,false,2
rec_ac8f7356a3de9896e4ce,near_4e840356d3c3a05bc334,false,false,1
rec_ac940825c0723c482db6,near_2791da3a50be06fd2718,true,false,0
rec_ac9ccdebee072cb49c15,near_2791da3a50be06fd2718,true,false,1
rec_aca9b6a1b5791d697c2a,near_2791da3a50be06fd2718,true,false,1
rec_acb41a276f832e69da74,near_9b41da1d0d27b6a8d79e,false,false,1
rec_acc8338d3d2f8e837cfb,near_2791da3a50be06fd2718,true,false,0
rec_acc88199e59567ee1404,near_9320baee459e28f5a16f,true,false,4
rec_acc9cf45e26afc8e33f5,near_696897b0991b8deba6da,true,false,1
rec_accec3cbf6bbd359fb7d,near_40d8dab29f695b031be5,false,false,1
rec_ace8ba3e73e0bf8ab6fb,near_2791da3a50be06fd2718,true,false,1
rec_acf2afcf0c82a46935ff,near_3eb7652c87a09e054fc0,false,false,0
rec_ad18905be4aa17d40c48,near_23ef71d204f7c66c83c8,false,false,0
rec_ad29da5b97c12a37ae5a,near_2791da3a50be06fd2718,true,false,0
rec_ad305e5fd6755a2cbfc0,near_a8906dbf241ea9d5dc67,false,false,3
rec_ad30a50fff963004e11e,near_0345bebe454d10893756,true,false,0
rec_ad32781555b5e2b8bf40,near_2791da3a50be06fd2718,true,false,1
rec_ad4057a4b9c05934075e,near_2791da3a50be06fd2718,true,false,0
rec_ad49613fab025d31caae,near_3db1dab52a388540441e,false,false,1
rec_ad4cea98948f3dc682dd,near_c4cfce989d094ef89b7f,false,false,0
rec_ad5260d720d047acfb3f,near_2791da3a50be06fd2718,true,false,0
rec_ad67380efe83131df293,near_7199b0584a02c91eb5b8,false,false,3
rec_ad7ccc655c5a42596b7c,near_f86baa453fcb042b9697,false,false,0
rec_ad7ef16a0d599049be97,near_2791da3a50be06fd2718,true,false,0
rec_adc3d22c0c8d9fe31e9a,near_e565765d05da9a5d9e2d,false,false,0
rec_adcb4e6d7b82f377b26e,near_2791da3a50be06fd2718,true,false,0
rec_adcc1644693d3ddfadf3,near_cead2fd49e46983fa186,false,false,0
rec_add6c8a600506165c6c7,near_660760f06cb04a377943,false,false,0
rec_add85b9ff7b2ae2588de,near_2c47cd8d5b2b41e11c8e,false,false,0
rec_ade79b77332b40b39677,near_c951330e5b8fa20f3e16,false,false,0
rec_adeabe04d2928385358f,near_ae7c23f0cf73e12ae141,false,false,0
rec_adf0cf08e86b87b3470c,near_54ba623d8f5ce15b57c7,false,false,0
rec_ae12f3242f7ebc562e85,near_2791da3a50be06fd2718,true,false,0
rec_ae2430160be911a7d082,near_4e2280c217af2db95228,false,false,0
rec_ae245de12762f6a75b52,near_2791da3a50be06fd2718,true,false,0
rec_ae28186b9d2b3c39edce,near_6e8649c74ad3a79407b0,false,false,0
rec_ae31bc52815fd098e89a,near_2791da3a50be06fd2718,true,false,1
rec_ae3843250a83177bf6b4,near_2791da3a50be06fd2718,true,false,2
rec_ae3fef496fa8096db007,near_3b0b697932c0562110f7,false,false,0
rec_ae4f70bb4b0b909c5904,near_72fac9a117d75af066ef,false,false,4
rec_ae62238f16356048deca,near_4b0fbf17b06ab2eb8cee,false,false,2
rec_ae627416ae706c09b6a3,near_8fe21fc585d9e0851c39,false,false,0
rec_ae68c9382050f620903a,near_c868da1c8c39d8575fd7,true,false,2
rec_ae68fae46ed0adebe323,near_9320baee459e28f5a16f,false,false,0
rec_ae6aad02ed43ec76502b,near_2791da3a50be06fd2718,true,false,0
rec_ae6ad1f6b74aab2cae11,near_2c86bffd5dd376ff3b0e,false,false,1
rec_ae6d32bca4ce6fe5cd83,near_2791da3a50be06fd2718,true,false,0
rec_ae786d909a16009b5f70,near_417f70636afb9df022fb,false,false,0
rec_ae7c2534ee6f43157a38,near_0532a66b213b7a7bb7f9,false,false,0
rec_ae7cab8db434c37e26bc,near_41c5d8dd24c25c8663de,false,false,1
rec_ae7e813f8d10ba18f22d,near_2791da3a50be06fd2718,true,false,0
rec_ae8136fc94d9e5c39da9,near_8c876730db2e2996604d,true,false,4
rec_ae8761b6efa625b4ba4b,near_2791da3a50be06fd2718,true,false,2
rec_ae87eab6f0625d16ca92,near_83b738f77fa9251c1828,true,false,4
rec_ae8e1206c4993c260400,near_09d1ca8a3672399cf0bc,false,false,0
rec_aea0e779906702c5c1ba,near_2791da3a50be06fd2718,true,false,0
rec_aeb2697e8c3d9bdaeaf1,near_2791da3a50be06fd2718,true,false,0
rec_aeb44216c6e1f10cd096,near_2791da3a50be06fd2718,true,false,0
rec_aec7e37c880be042bfa2,near_2791da3a50be06fd2718,true,false,0
rec_aecbbbd668107e787d7a,near_84a66cde512fa90a3d72,false,false,0
rec_aed37e62dec03f8fe55b,near_2791da3a50be06fd2718,true,false,0
rec_aedba13599b599876a35,near_5e904dcd728ed3b90623,false,false,4
rec_aedda84025d0512ccddc,near_2791da3a50be06fd2718,true,false,0
rec_aedfc41273fb343df371,near_93ea486a0111b8f08481,false,false,1
rec_aef01f7dc4649ec7aff6,near_249efc654fe2d642ac68,true,false,0
rec_aef6d7e7ba6065883bde,near_47be169eb693c4e8d16c,false,false,0
rec_aefd6db8a9030ba6804f,near_f311ef8ddd02146fb0b2,false,false,1
rec_af16abb41ccfd368e1c1,near_28baf27962af39866eca,false,false,3
rec_af27dd1ca90bb0158316,near_2791da3a50be06fd2718,true,false,0
rec_af2b4926fed9abbc00db,near_2791da3a50be06fd2718,true,false,2
rec_af42b2c218e23a03d0bc,near_27d3324e80f9ec4c5267,false,false,0
rec_af45fb94b202f255d7e9,near_cd8c3ea40e89ae9113f9,false,false,4
rec_af4610546cf4fc39d8f9,near_2791da3a50be06fd2718,true,false,0
rec_af55f2b09ffc329e002f,near_3c61db74389c1b693c8a,false,false,0
rec_af5a62e8ed22764bcb7b,near_a28bce599a42a9ab7b66,false,false,0
rec_af5bc6175ad6d592732f,near_b50eb13d77e89d6c97d9,false,false,1
rec_af614391d541b799d6b8,near_1a0462a572fa2c6c2c56,false,false,4
rec_af6452a42714d528c294,near_2791da3a50be06fd2718,true,false,0
rec_af683ebd3a02ae98b421,near_f94aa3a684c19e60442a,false,false,1
rec_af70e041cdc21aadc8bc,near_afa91b2f24cf5acc6614,false,false,0
rec_af716be7f08d28b0ca77,near_aeff4ab36a5a5f75571b,false,false,0
rec_af7323349c0e795bed44,near_2791da3a50be06fd2718,true,false,0
rec_af89e8f9c98d94655813,near_f6c89bcbb14956266ce1,false,false,0
rec_af8e5521c1920cc43598,near_2791da3a50be06fd2718,true,false,1
rec_af8e6b389b3777a10b21,near_11b268b7c38be66d8f20,false,false,0
rec_af9304dbe2ed5cc95bef,near_af765d35c8be405976cc,false,false,1
rec_af952258b3edf1e15a12,near_882865cbd965f221a823,false,false,0
rec_afb446e19b9bd1577d60,near_2791da3a50be06fd2718,true,false,1
rec_afc65431baae3417c97c,near_2791da3a50be06fd2718,true,false,0
rec_afcecdea7ab812ab4199,near_2791da3a50be06fd2718,true,false,1
rec_afcf3f9f041bcb7df468,near_ac70a9ebcfe8cb496bf5,false,false,0
rec_afcffadd0124a5401212,near_514c438c2de733fc536c,false,false,3
rec_afd782446a5d8bafd8a6,near_2791da3a50be06fd2718,true,false,0
rec_afe8b426285b6e847dde,near_e1856a341e0dc9be5170,false,false,1
rec_aff67ed36b1605c7b561,near_2791da3a50be06fd2718,true,false,0
rec_aff6ee3aff7466fe7d66,near_2791da3a50be06fd2718,true,false,2
rec_afffcc0be3742a00a69f,near_34d52c7f323cc090a18f,false,false,3
rec_b004b223a9a1d0c871ad,near_eb6aea30de5615151c76,true,false,0
rec_b006a2cd5abeb6e88581,near_2791da3a50be06fd2718,true,false,0
rec_b0142f7b885f5c21946e,near_b38f8924599e5826dd6f,false,false,3
rec_b0223861259112c192ef,near_32fdcd00418ac63b1e6f,false,false,0
rec_b02a262528f1420cd127,near_f9cd1c7ac3f890ce094f,false,false,1
rec_b035b403b05da4bce5c3,near_44465d0bb80660925ff0,false,false,0
rec_b03e32e9218741451368,near_f010339ee1a212867dcd,false,false,0
rec_b04124f95bab58e9c3b0,near_2791da3a50be06fd2718,true,false,0
rec_b0557a1fbb8aef664d43,near_497840cfc1e62cdbc351,false,false,0
rec_b058c75c9978c82c5df1,near_b69f6ed2d422da237e26,false,false,1
rec_b060f21a23b6e8f4cab1,near_8d51c594910ef1a61ce6,false,false,0
rec_b077103872f71d7c2cdf,near_9258be1f015110923b6f,false,false,0
rec_b07c7cfe1bbd977dbf49,near_834377374a3084290ae7,false,false,0
rec_b08f5891fdab1bcc8ce4,near_9e7b226b91f2939d4173,false,false,4
rec_b09428b0c854676bd9ca,near_c5ad82b5c64ccbf6ed8e,false,false,3
rec_b09ef64f26f726e88533,near_68dd842ba029f409ec07,true,false,0
rec_b0b43c444ee684c36041,near_c576cf121bd07cdc14ef,false,false,1
rec_b0b60dd6e703af9e6a2f,near_2791da3a50be06fd2718,true,false,0
rec_b0b6acbbd59c5014d2cf,near_66843b2456b5d5d00703,false,false,1
rec_b0b8b94c1090e44562b4,near_986657b3985e91550edc,false,false,0
rec_b0bd8d60d7d6a2b0dbed,near_3b974022ac21722c2a4c,false,false,0
rec_b0c200c244237ba69a3e,near_c0807e34ed4676c6aa18,false,false,0
rec_b0c56bc48bdd1d3b8538,near_2791da3a50be06fd2718,true,false,0
rec_b0c71052c31a1cfde1d9,near_2791da3a50be06fd2718,true,false,0
rec_b0d9727817410d35c9c2,near_0b5af326d8254042b88b,false,false,0
rec_b0dac3d7cc952245d893,near_da86e356bdbe7b960d56,true,false,4
rec_b0dc5470232356eaa567,near_cab9dd5571a7ed271f0d,false,false,0
rec_b0dcd3dd5b6a7cf716e0,near_2f69b63443f016ab2090,false,false,2
rec_b0de108ac2826bfc041a,near_469671e1bec178195e69,false,false,0
rec_b0f62058c4c480584fe0,near_52fef819add481565bf3,false,false,0
rec_b1084930ec6c170326b7,near_2791da3a50be06fd2718,true,false,2
rec_b10db709e632c5c4a21c,near_2791da3a50be06fd2718,true,false,0
rec_b10e44f2a6cc79e89a6f,near_fa1025873b6575133677,false,false,0
rec_b11e682b81a7bb4a1d66,near_2791da3a50be06fd2718,true,false,1
rec_b12124b72500d9ca2a23,near_8ede692501d5e25ab491,false,false,0
rec_b140be5a517f683dcef6,near_f9fd68ff47fb98c49bde,false,false,0
rec_b14def8e0e672a5fd6bc,near_df5c7b78f19b42f492b7,false,false,1
rec_b15138133e020640d8b9,near_7aae0cc68801652f2a86,false,false,0
rec_b1597cba43bef25186ad,near_201038309fd72481dfdd,false,false,0
rec_b15b77265cccb7daf964,near_2791da3a50be06fd2718,true,false,0
rec_b15e708e806ed23163ca,near_63afcc68ed28a4d9dfca,false,false,0
rec_b163d67c001cdf98b372,near_8d2837ad12881f0ed216,false,false,4
rec_b16b80dae10812976367,near_5e346855a61367504afc,false,false,1
rec_b171ab0e10d4f91787f8,near_4e2280c217af2db95228,false,false,0
rec_b1826af1cf50268c6a1a,near_2791da3a50be06fd2718,true,false,3
rec_b1892752fabf80cd91c1,near_7fb7cbe1d8b8c66b6d36,false,false,0
rec_b18d08c49bf12a3e08d1,near_2791da3a50be06fd2718,true,false,0
rec_b196452425ea8fdc6768,near_474e51270a88744ae6f6,false,false,0
rec_b199b26bace81bf00f3d,near_51b44f5f0d2c08dd3c0c,false,false,1
rec_b19c26d6f62defa46f42,near_548be12cbd765420a296,false,false,0
rec_b1a0dc8dc41945442d1e,near_5e984248f7ca177c5f27,false,false,4
rec_b1b56bfd9721df7c9105,near_9b62808b44124dc06f8b,false,false,0
rec_b1b9eceb78fd5ed86442,near_c2226e6668d1352870f5,false,false,0
rec_b1bda51577183835757d,near_2791da3a50be06fd2718,true,false,1
rec_b1d1ca83b861e3f8827d,near_5068df66cd5fd89d1f3c,false,false,1
rec_b1e537e562c5c8692c56,near_f4cabdafc5cae1e1ec48,false,false,0
rec_b1e6702293de3e41abf9,near_c5531ffb8d451b93173c,false,false,1
rec_b1ea0db66e1b81f71d76,near_2791da3a50be06fd2718,true,false,4
rec_b1eea59d1c353f73822d,near_2791da3a50be06fd2718,true,false,0
rec_b1f9cb6f8e608354a9b9,near_72da27ec19eb28400b4e,false,false,0
rec_b20098be177690adcb23,near_9a85d1c113a0083b96fa,false,false,0
rec_b215d0672c55d4d415d0,near_963fb36cceab43cd1a19,false,false,0
rec_b224ff3414132ff3cf19,near_6212b5104a2bb345fde6,false,false,1
rec_b22958fbe6ddd9a783b8,near_2791da3a50be06fd2718,true,false,0
rec_b22c209c7d90b33f61ed,near_242d37b55b5703220e80,false,false,0
rec_b23153453bdcb3c26690,near_93e90177484f287bed14,false,false,1
rec_b23c401b1556c9c4a74c,near_2791da3a50be06fd2718,true,false,1
rec_b244439c5ba49c4f231a,near_8ed8e6b85ada0dc9b3f7,false,false,4
rec_b25d0ef1c0bb054ee90a,near_541103ef8e000ade62fa,false,false,1
rec_b26b1622363ab363b933,near_889a1a4911350e047505,false,false,0
rec_b27ffc6d3929a47b8466,near_2791da3a50be06fd2718,true,false,1
rec_b2a7c998042cf487a741,near_2791da3a50be06fd2718,true,false,0
rec_b2a8c3a189d067606dee,near_e6beffa7b3a366af809a,false,false,0
rec_b2aa8dbdcac133c42b65,near_27144037a8c5d461f70b,false,false,0
rec_b2ab42efcecbea27deb5,near_4c46710315915c5982f8,false,false,4
rec_b2ae141aa2d29a540831,near_65d7301a27269119ec39,false,false,3
rec_b2b0ddf49b220675d63e,near_35623cb24fc75d743c84,false,false,0
rec_b2b22599ae99ff1838f3,near_28e5eae4cb50ff7cfd3c,true,false,0
rec_b2bab12f1960a9fb2057,near_2791da3a50be06fd2718,true,false,3
rec_b2bc9e7909d561729d13,near_90cec906e545811ec5df,false,false,0
rec_b2c97510c240fed37847,near_826178c8597969a849a3,false,false,1
rec_b2cc16c26b4152eb86e3,near_2791da3a50be06fd2718,true,false,0
rec_b2d45bfc909f933c1a75,near_d507f4f36bc717bbf7bc,false,false,0
rec_b2eacb025019eb961468,near_2791da3a50be06fd2718,true,false,0
rec_b2ef4caa201ed4de0e52,near_58c95b8659f8c9ad7d22,false,false,0
rec_b2fe32a4ae6fdae4bc44,near_d5e60cc3378c63c40f61,false,false,0
rec_b30c2c29fa5dc884d8b5,near_cb03b76933bfa4cdc3f1,false,false,0
rec_b30fa241bb4ae5548066,near_5544089b237f61cd0f95,false,false,0
rec_b3171ba90bbaacfee049,near_2791da3a50be06fd2718,true,false,1
rec_b3240e777927648d6760,near_2791da3a50be06fd2718,true,false,2
rec_b32d508d1f80cecd9884,near_76a29534e462a81ed68f,false,false,1
rec_b33bcdeb81b052ffc7db,near_e0ea5735600ec540f075,false,false,0
rec_b33d749fe20dcabbf8ba,near_88a05c19ce0f914e92ce,false,false,0
rec_b341c39ce6a313c120ad,near_2791da3a50be06fd2718,true,false,0
rec_b3509082df1c7d03e6c5,near_e0c029202eadc4a476dc,false,false,0
rec_b3753b1b4439c30ca809,near_6c4d28c9c01ae0662f2c,false,false,0
rec_b385861a24313da6c746,near_33d8a5682b5e144de533,false,false,0
rec_b388db7edc4278e219b8,near_836f6ffec00f0b8fd221,false,false,3
rec_b3918b8ce696ede8ea0d,near_ad1db367a4833826e00d,false,false,0
rec_b3a348929384986d4f7e,near_760cdfba5bfecf29fa1d,false,false,1
rec_b3a6be8349338f69dad0,near_1c6e449907a34512b68b,false,false,0
rec_b3bf1060daa283da6500,near_2791da3a50be06fd2718,true,false,0
rec_b3bf8de183bfbc391b42,near_0ed0df38475cbdf8dade,false,false,0
rec_b3cdbdb6601514dfc4cc,near_20814e9433c08ef315bd,false,false,0
rec_b3d08878eec37ac9caa1,near_1b439ff583e9acc38cc9,false,false,3
rec_b3d7c8ced3be933a4b34,near_1639044819c2a48ab7f8,false,false,1
rec_b3e348f1430dbe51207a,near_07f589435d52485272ef,false,false,0
rec_b3e626bdb508b593674d,near_5ea4399105d475727248,false,false,3
rec_b3e8ef0cb3c9ad10c80b,near_a37bd6a2f6d222f1580e,false,false,3
rec_b3ed304f3d7ce89f7e9e,near_98d6bfe5cf71f4e39a9f,false,false,1
rec_b3f296cd77f9bb397c17,near_6144a1ec318c79ee3dba,false,false,2
rec_b3f659b1538e7c4a77ea,near_354975ea3a45dab10917,true,false,3
rec_b3f92aa6c0e795c7d569,near_1f912648250435162b6e,false,false,0
rec_b3fed6d5b3063962ab0b,near_2791da3a50be06fd2718,true,false,0
rec_b405e2d97ec5bd26cebf,near_cae6947588bfeb5c28ff,false,false,4
rec_b40bba0cb663b672d8b0,near_1972e663425cd167693b,false,false,0
rec_b41d5e9d16d488b0c122,near_2791da3a50be06fd2718,true,false,1
rec_b426d3031b071e5e5734,near_33a975c2dc4d66b8d41c,true,false,2
rec_b42e7efe3a6ffb876e02,near_ed07088ff3e686e944c0,false,false,0
rec_b43cf36dc87a6f376b84,near_2791da3a50be06fd2718,true,false,1
rec_b44dfc3edffbefbabcac,near_892ab024d33de70da56f,false,false,0
rec_b457a2dea3ca170b42d6,near_2791da3a50be06fd2718,true,false,0
rec_b46149ef700f7ad05673,near_0c30d3f7fd42b14d5a4f,false,false,0
rec_b4651958b03d1eff67ea,near_e1e5466e6ff4b56529ee,false,false,2
rec_b465279cc86ee2d65f53,near_2791da3a50be06fd2718,true,false,0
rec_b46ddefb536527986a42,near_5c0099e360c1c1b69d1e,false,false,0
rec_b471f5e6f1eccac9f5f9,near_8c8cf0a753b27f6efa94,false,false,0
rec_b482da890906ab64c945,near_267f8602fc9f699ab996,false,false,2
rec_b4a4e184e5077d878e0d,near_2791da3a50be06fd2718,true,false,0
rec_b4a685377b93ca6bfbfe,near_2791da3a50be06fd2718,true,false,0
rec_b4aa316865a210e43315,near_846ecef02d545ed61c0b,false,false,0
rec_b4bc1eac675e005dce7f,near_4d9150aa74e2e33e3a2c,false,false,1
rec_b4be56c70eeba531318d,near_87069df12dca8844da29,false,false,4
rec_b4c3532f118896834362,near_2791da3a50be06fd2718,true,false,0
rec_b4d215bb22e664057a84,near_c5ad82b5c64ccbf6ed8e,false,false,3
rec_b4e836715375dab4cfdc,near_2791da3a50be06fd2718,true,false,0
rec_b4f171101f5075d77978,near_2791da3a50be06fd2718,true,false,1
rec_b4f2677f94c153930710,near_a1794cb2fada90b699c1,true,false,4
rec_b4f58fdc487f63176f9c,near_c176cb8d3b719e98290c,false,false,0
rec_b50130ee1ca54ed5122c,near_5d16e544b071933af730,false,false,0
rec_b503d3a06a801349deaa,near_2791da3a50be06fd2718,true,false,0
rec_b51b3b5de5a73a2d26de,near_2791da3a50be06fd2718,true,false,0
rec_b5214eb13944826091e7,near_2791da3a50be06fd2718,true,false,0
rec_b5273b20eca538f56562,near_b59c4f9e0036bb028680,false,false,0
rec_b52a758a5bda7d0e1ec6,near_8fbefa166d09a18d3cce,false,false,0
rec_b5392322e4a9f2258f8c,near_c739e5b8b94078caaed8,false,false,1
rec_b55141a072b8936398e2,near_319c2e6b3a3dcfcc2cd6,false,false,3
rec_b553db31718a03bab0d4,near_2791da3a50be06fd2718,true,false,0
rec_b55c919651d171553a6b,near_2791da3a50be06fd2718,true,false,0
rec_b55f3420eebc1c1a48a7,near_a7d8d4d5715a4e8dd2e8,true,false,2
rec_b56b3a4701c2aa156187,near_9ae34b2a5a5251a246d2,false,false,1
rec_b56cbcaa63c214180a7b,near_4efb8baea7618611172a,false,false,0
rec_b57420e6218acf0a963b,near_2791da3a50be06fd2718,true,false,1
rec_b5750c07c531109b99a8,near_b6056d558476f3fa30ce,false,false,0
rec_b57d1f8ce4fcd3753980,near_6f23f70de03e1e082a26,false,false,4
rec_b584c15d074e0dc8a8ee,near_2791da3a50be06fd2718,true,false,0
rec_b58f53f091c2178a510e,near_b4620332fc8aa76b571d,false,false,3
rec_b59c4dced4c6322462ea,near_2791da3a50be06fd2718,true,false,0
rec_b5a40bd44a71d1254582,near_4bc3cfce6b1d3f131973,true,false,0
rec_b5bd3dc84f7f366da058,near_2791da3a50be06fd2718,true,false,0
rec_b5c66d80f5e63a4de75a,near_ac2e06524f7e2c84a6e2,false,false,0
rec_b5cb5179432456f7cae1,near_d812c2ecb7035ba44380,false,false,0
rec_b5ce684ac2611d7015e6,near_e083838a718f87d32390,false,false,4
rec_b5d1e7e9908893782e13,near_2791da3a50be06fd2718,true,false,0
rec_b5e154ab67368ed19fb0,near_f08440e431447ddb8af2,false,false,0
rec_b5f02f0f116101b7b0e1,near_2791da3a50be06fd2718,true,false,0
rec_b5fa2a28f8dfbcf29928,near_ebf277d1299a2fc3a8fd,false,false,0
rec_b613cdc6de7a9b16376c,near_27d3324e80f9ec4c5267,false,false,0
rec_b6195e05b108a9ae6b90,near_2791da3a50be06fd2718,true,false,1
rec_b61a5f6f6250f4c3ab1a,near_2791da3a50be06fd2718,true,false,0
rec_b61a9dbf7213e51b6a60,near_2791da3a50be06fd2718,true,false,0
rec_b61b4fbf68727a6c9471,near_5f70f0a4dcbf830946eb,false,false,0
rec_b629955ad5e9413e3b32,near_599c8e9534d67d73c03e,false,false,0
rec_b629aec8487299405945,near_b60bc3d3dc039bc288f4,false,false,1
rec_b634be55e6837ff833d3,near_c4cfce989d094ef89b7f,false,false,0
rec_b643296563b4e4ed8ab8,near_f3047dc40f081817392b,false,false,0
rec_b6440704108d16634c33,near_f82d773cc2ebec62f3fa,false,false,1
rec_b647ca84cbb5723ddb21,near_2791da3a50be06fd2718,true,false,0
rec_b65e8fedbb48336b9525,near_2c07569820d52382dfb5,false,false,0
rec_b66054136f23b1098640,near_2791da3a50be06fd2718,true,false,0
rec_b66796f108d32aefc0f7,near_e4d2789ef036afd941d2,false,false,0
rec_b669f777c91a06176632,near_ca4b5fe44fe8039d6eb4,false,false,1
rec_b66e3158fed760c998e0,near_2791da3a50be06fd2718,true,false,1
rec_b67388492a1af4a696f1,near_644caa5a7f214ea17bf3,false,false,0
rec_b67463a0bd3b4f348198,near_74713c1ec5b4a0cca884,false,false,4
rec_b692a6287e325027b839,near_846892e14c437575bfce,false,false,4
rec_b6964c1540f49372ea67,near_2791da3a50be06fd2718,true,false,1
rec_b699c0abed7b51fb6551,near_2791da3a50be06fd2718,true,false,2
rec_b6a17119a22396dfdffd,near_14fe89f39746099df8fd,false,false,0
rec_b6aae7044d076ae6d238,near_8d51c594910ef1a61ce6,false,false,0
rec_b6b4d2122fe992d0cfe0,near_99e0117b562e2c6c0ad1,false,false,0
rec_b6b855f0565f9425b52a,near_e1dc3e9d74b78a134f18,false,false,3
rec_b6bb7d09956ef8c6a2c5,near_6370ac4ef39a0819e00e,false,false,0
rec_b6bbdb944cbfc3acfd89,near_e0ea5735600ec540f075,false,false,0
rec_b6bf3cb50afaac25f170,near_09fd1052b837c54d9dc0,false,false,0
rec_b6c5c05b536460f563c3,near_2791da3a50be06fd2718,true,false,0
rec_b6c797ef969217e5b999,near_2791da3a50be06fd2718,true,false,0
rec_b6ccc837008c4aadd1c9,near_2791da3a50be06fd2718,true,false,0
rec_b6d54eccfa471fc0ed60,near_7bb8f21250445ec5f62e,false,false,0
rec_b6d578077702c0673532,near_2791da3a50be06fd2718,true,false,0
rec_b6db38deb729b7038003,near_eafe927ea5f74080f88e,false,false,3
rec_b6f97706355a3152ed5e,near_514c438c2de733fc536c,false,false,3
rec_b7070d220f6feec0242c,near_2791da3a50be06fd2718,true,false,0
rec_b7088e0e7aa20adfd12e,near_f34642f3d25bdad6dbcd,false,false,0
rec_b7133f0b96819d426e63,near_2791da3a50be06fd2718,true,false,0
rec_b718a9f8027142b4f4cc,near_2791da3a50be06fd2718,true,false,0
rec_b719a441052c15179026,near_2791da3a50be06fd2718,true,false,0
rec_b71bf9089863799110db,near_d6b01b82ff555e7f8637,false,false,1
rec_b7209bf801ccca51e6dc,near_6c4d28c9c01ae0662f2c,false,false,0
rec_b72420f8378771564b03,near_2791da3a50be06fd2718,true,false,1
rec_b7249b4c59c23805a669,near_2791da3a50be06fd2718,true,false,0
rec_b72b5eba34a544559146,near_1ac96c04078d0b748684,false,false,1
rec_b730ed8eb7c25786e260,near_5650e974a015d4a5199a,false,false,4
rec_b73620cbf5f70b503693,near_2791da3a50be06fd2718,true,false,0
rec_b738682d08bbca7f4044,near_afc1afc5be58f5914fca,false,false,0
rec_b76182b5b13662b05e2c,near_2791da3a50be06fd2718,true,false,0
rec_b763d6f6d32390e27fa4,near_c4974a26f792db5a85f8,false,false,4
rec_b769051422014f4c8c92,near_b1b535df3f7c2b1c807b,false,false,0
rec_b76dec3de8f92e6716ff,near_2791da3a50be06fd2718,true,false,0
rec_b7794f3cdd5851c5398f,near_04a2baa141694df0ad94,false,false,0
rec_b77a3fa849661f41083f,near_1c77ce482d817c4e02bb,false,false,2
rec_b78cea42f3daa5f30647,near_248d1ca1a8bc422888e7,false,false,3
rec_b790ddfeb401c6aa09bf,near_b9024932cdf7d08b459a,false,false,2
rec_b79224dd956e3c8dda45,near_d0be25c6733f9c23b1cb,false,false,0
rec_b7a53ef7bede4632fa19,near_2791da3a50be06fd2718,true,false,1
rec_b7aba00ecdd32dd3dea1,near_a2995df884ee918600bf,false,false,0
rec_b7ac3977c3ce7da82a30,near_d3f15774350e0553c652,false,false,1
rec_b7b29c7fc3289b5f5f32,near_e68cbcb013c609d87c04,false,false,1
rec_b7cdeed918123b390d08,near_1687a10b9667dc175877,false,false,0
rec_b7cfbb9632e9eb97d591,near_a1794cb2fada90b699c1,true,false,1
rec_b7d3eaea3be1b5267969,near_dc468dcfe2c974374738,false,false,0
rec_b7d4b10f0c8ee250cf56,near_4a76340b4f7eda898e89,false,false,0
rec_b7d6250c310698cfd33d,near_2791da3a50be06fd2718,true,false,1
rec_b7d82c203dcd6752ca71,near_2eed66ba605949c3f9d9,false,false,1
rec_b7df2afed25624eacb7a,near_ab5568a14b435d478525,true,false,1
rec_b7e6d5fcc7a67a056ed6,near_0b2da283bc3c464562dd,false,false,1
rec_b7f137768bbda8d7f68b,near_2791da3a50be06fd2718,true,false,0
rec_b80033175956b1ff7c83,near_2791da3a50be06fd2718,true,false,2
rec_b8060001b7b79f2ed4a8,near_2791da3a50be06fd2718,true,false,0
rec_b80afda959ed8ec0cc2e,near_8119d2ef4743f1ebd8f1,false,false,0
rec_b814b88b488ad7447140,near_c10fe61b7f8e98e70527,false,false,4
rec_b8204959fa2d2ec71301,near_1160087e85f78084eb61,false,false,1
rec_b82e4fa95fd2e68241f0,near_8e97aa40f49d5d7783f1,false,false,1
rec_b82ecd2cae36e9d25eb5,near_513474242fe3bf32db5c,false,false,0
rec_b830a3e8671d6a6dc5e6,near_56867e934f33baf8ca09,false,false,0
rec_b83d606ba001b7cd1b7e,near_2791da3a50be06fd2718,true,false,0
rec_b843b19916b81bb25a62,near_1063c7c3dad0d37ca31d,false,false,0
rec_b844935efae6f853c2d9,near_2791da3a50be06fd2718,true,false,2
rec_b856a0d40448906dff27,near_f62a6ac5df9c8359a438,false,false,1
rec_b859df646dae4f772c2d,near_0345bebe454d10893756,true,false,0
rec_b87263920e5e575f8de4,near_2791da3a50be06fd2718,true,false,0
rec_b87f51353afdf7d98d68,near_ab0eabb4fb0ed43339ca,false,false,3
rec_b87f51aab493d3fe1a7e,near_e083838a718f87d32390,false,false,4
rec_b893c41132c1007beab6,near_cd9c79a21b01012c21c8,false,false,1
rec_b895ca6bcb5671e2b5fe,near_e9c34ba458cb9368aca9,false,false,0
rec_b8a214df9aab2b79ff97,near_2791da3a50be06fd2718,true,false,1
rec_b8ab6d5c85c91ada11cb,near_90cec906e545811ec5df,false,false,0
rec_b8b0d73ae47f34a281ce,near_345cc008e0284112b352,false,false,0
rec_b8c7ce8bdfe3facf6433,near_784a8c6fe22f78b9f705,false,false,1
rec_b8d3667943a93cfff349,near_25d882045229d33541b8,false,false,0
rec_b8d5abdb5e7564e8ade7,near_7d3d6d7327808aa00dd6,false,false,0
rec_b8e988c35562d6d7c671,near_2791da3a50be06fd2718,true,false,0
rec_b8eb99632052cfe76e08,near_2791da3a50be06fd2718,true,false,0
rec_b8f23a84d5f559855b9e,near_2791da3a50be06fd2718,true,false,0
rec_b8fa3f40ffff9be5b090,near_e5423eb8bc0af1994179,false,false,4
rec_b9035516ad2e50d7a9d6,near_2791da3a50be06fd2718,true,false,0
rec_b90ab7ac45e09f60acae,near_06597005ac0622e2dc05,false,false,4
rec_b917f781345cb40aa5e3,near_8c876730db2e2996604d,true,false,4
rec_b91851bc4bc1e910642d,near_2791da3a50be06fd2718,true,false,0
rec_b91970da6d5e6da056ef,near_1e2a0e30d3c204c47a28,false,false,1
rec_b91eb50328ea55087445,near_946aafa05e559e61f244,false,false,4
rec_b92124ee7b83d8b58a8a,near_d77f8b8e93db6353d539,false,false,0
rec_b922e8f9e7ed2efe0170,near_2d30340e5126098c9781,false,false,1
rec_b9240e6dae549fa64718,near_f5986a4ab7c1b38e4267,false,false,0
rec_b9269bf94627c1bae94b,near_2791da3a50be06fd2718,true,false,0
rec_b92dc8f8a4b85e7e5a14,near_70f9223197af9f79ba39,false,false,0
rec_b93461a7313bbff03cd1,near_deed2670981c1a72ed6f,false,false,0
rec_b93cb9a0a801253d55ff,near_cb5bc97f734b03b36798,false,false,1
rec_b9518901da7f5e05aadd,near_21f19c210afadc032f5f,false,false,2
rec_b9551ea2afd22b60a061,near_5db40472d5d3e89e0d47,true,false,0
rec_b95d9b9dfde09edf0206,near_2aea8999e14b81055601,false,false,0
rec_b965efb143bdd3481fcd,near_9516eeadba3e4cbd8825,false,false,0
rec_b96b4ac5ef8e104a16c4,near_1cfa89b484ae12a05674,false,false,3
rec_b9723de2558d2342b29a,near_2791da3a50be06fd2718,true,false,1
rec_b98c73b5a6f844d77a45,near_497840cfc1e62cdbc351,false,false,0
rec_b9945ccedf14b17bd8c5,near_2791da3a50be06fd2718,true,false,0
rec_b9961a2e8e68e76a9dbc,near_2791da3a50be06fd2718,true,false,1
rec_b9a05b0beccf27bc3842,near_22c2a97137d7f3d7b32c,false,false,0
rec_b9a0b1641eed584bd1aa,near_2791da3a50be06fd2718,true,false,0
rec_b9a3f4e8b09e38889d57,near_2791da3a50be06fd2718,true,false,0
rec_b9ae8e7928fb955581e4,near_2791da3a50be06fd2718,true,false,1
rec_b9bd646c5889e9c19d3e,near_b6046c72c20b9cc40e45,false,false,1
rec_b9cd2c776cc71a79b0e4,near_0b028b1fbbd91eb96ed1,false,false,1
rec_b9cdc4fe397bb8a50dac,near_2791da3a50be06fd2718,true,false,1
rec_b9ce07f5152c0c9580b4,near_2791da3a50be06fd2718,true,false,0
rec_b9dcf605a82e3b51bfec,near_e695e3ec0229e8f2c2eb,false,false,4
rec_b9e29a7dadcbf62dfa0b,near_96a3adb40182fbb19a12,false,false,0
rec_b9f0abd5043377be58c7,near_9df1c247db4edf772a80,false,false,0
rec_ba0360160e1203c10ee3,near_2791da3a50be06fd2718,true,false,0
rec_ba0d56a0f24cdb885cd3,near_e87feb6b825e173d60ed,false,false,1
rec_ba0fcbd21e6e3f99d1c7,near_6d4874e8332b57962e6e,false,false,0
rec_ba14b7b29426912df447,near_0a6aded954b1015056d4,false,false,2
rec_ba17bcace78143ad8dae,near_4a3b07963ad3444ffe60,false,false,1
rec_ba1900a9ee5afb86b191,near_6888c3f393a7f1eb4f2c,false,false,0
rec_ba32aced185ba044ef7e,near_b47078a3c0bd94d346f4,false,false,1
rec_ba34d2955f3bb3395405,near_2791da3a50be06fd2718,true,false,0
rec_ba39f1cf3f873b09d381,near_83901fc818f58335a9e1,false,false,4
rec_ba40941a25ead6c6dba5,near_53baada49f08ac836d0a,false,false,0
rec_ba43672922db27c59571,near_ac4b2dfa4cd298d2b688,false,false,2
rec_ba619ad0604112d6d670,near_9f74a01a1e2c9e56d26a,false,false,1
rec_ba693d6b53e6c454ab24,near_8d7aa8060cb9bd1a26c5,false,false,4
rec_ba728fa2e1fee029ac03,near_2791da3a50be06fd2718,true,false,0
rec_ba7501e996a5562cdcf4,near_2791da3a50be06fd2718,true,false,0
rec_ba7acee9329a7b7dfb91,near_ac9150d9bd1d1451af6b,false,false,0
rec_ba89dfe1223bec86fa32,near_72a9419f3fc4f70ae5f8,false,false,0
rec_ba8cc2837276d0551dc1,near_6c7b38d57aeabe8fc3df,false,false,0
rec_ba9a6c9bcee92c7a1685,near_2791da3a50be06fd2718,true,false,2
rec_baa3f8d767df24ad856e,near_2791da3a50be06fd2718,true,false,0
rec_baac16c6ef1b3ce58a8f,near_4b004811265d1b15c723,false,false,0
rec_bab0cae715ee9d32d10f,near_c7470da6575d701b0577,false,false,2
rec_bac80145a258bdade995,near_2791da3a50be06fd2718,true,false,0
rec_bacb62a58ba837b85b7a,near_2791da3a50be06fd2718,true,false,0
rec_bad42ac6130f0abc37e8,near_2b9c8db44bd29dac5678,false,false,1
rec_baebb0a651568327e46c,near_5174a84e138fcc9be381,false,false,0
rec_baedb0b04eb34d38e336,near_e95eff6f5e0d48737e74,false,false,0
rec_bafd3c1c87ded8214d28,near_2791da3a50be06fd2718,true,false,0
rec_bb0744092dadd10610e1,near_21ac6c8a225e7a4e961f,true,false,0
rec_bb1a9d33dac9d551a25f,near_01f4140187be6d6e7f58,false,false,0
rec_bb2df89e76522f8d85d5,near_d3c0f5e5444202bc7cba,false,false,3
rec_bb3a51a649ddd7d5c85d,near_bed07f966626d3ebb71a,false,false,0
rec_bb3e027b4da41d5720c2,near_95bf4fed2c701af97816,true,false,0
rec_bb3e5e057a6599546e45,near_5d01694fa947ccb7c986,false,false,0
rec_bb40b48959ec039b5a99,near_60477af7f1b6c3801eb1,false,false,3
rec_bb56edaf0ca5c9f1351f,near_2791da3a50be06fd2718,true,false,1
rec_bb6139a1275bb2ab7036,near_7aae0cc68801652f2a86,false,false,0
rec_bb72f06aa68e761241ba,near_e98507b1cc91483f2e55,false,false,3
rec_bb859af66339b7f56b2b,near_fc4e4f285827e8ed91e0,false,false,4
rec_bb8eb9f5f98cc5a89c40,near_2791da3a50be06fd2718,true,false,0
rec_bb906807cab31e7e6c57,near_2791da3a50be06fd2718,true,false,1
rec_bb9780a0f1717e826912,near_2791da3a50be06fd2718,true,false,1
rec_bba2925faa643d1a9171,near_51b44f5f0d2c08dd3c0c,false,false,1
rec_bbb068aaff35d8301e96,near_2b1af3466dbc60cd13c7,false,false,0
rec_bbb412b85a1c221c8fe5,near_d9e8c97de8f97cbc2ae1,false,false,0
rec_bbbefee89d22e4911a1c,near_b283a9a81a3bb884cb3e,false,false,0
rec_bbc29ecffe183f8e3cc9,near_76cadcc0a22f35001b33,false,false,1
rec_bbcabcca5ac103f229ef,near_7c887f2e16958a99baa2,false,false,0
rec_bbd7c8d430ef98c8d596,near_9d12edd49578c2fb3cce,false,false,4
rec_bbe66bbc24f1b17ac792,near_4481967030a68594aec4,false,false,2
rec_bbea07b7a892bb19a43b,near_2791da3a50be06fd2718,true,false,0
rec_bbebd2dc6ec134906061,near_c49a30336bff0fdb7c12,false,false,0
rec_bbfcc9110efcda5bc499,near_7028ccab00a8719c9f2a,false,false,1
rec_bc004fc32c149ec35b5f,near_66856f93bfd48814b726,false,false,0
rec_bc154839cafc5e2dc294,near_2791da3a50be06fd2718,true,false,0
rec_bc168a69bf808cc9434b,near_a427c0f11e6564d28f61,false,false,0
rec_bc16aa16949f3e721a85,near_7b431c665e60bcd1e776,false,false,0
rec_bc1abf9261c58b610894,near_2791da3a50be06fd2718,true,false,0
rec_bc1bc05d8b19207bc6f3,near_2791da3a50be06fd2718,true,false,1
rec_bc1fbc3b3bb15795e472,near_752725dfa4ec50d72e88,false,false,0
rec_bc289d3eb4d02ec9e737,near_56330608db1bf0a7a032,false,false,0
rec_bc49c5e3ed099838c49e,near_e07dd8752fff1b223823,false,false,0
rec_bc51f3cf75e654ffcfd7,near_13d1f8286ccb7151f5bb,false,false,4
rec_bc5399af5a890db8b312,near_82114d7fc6172a78e7ae,false,false,1
rec_bc62f025c343f0698076,near_fda16a6e895d6169fb90,false,false,0
rec_bc63ba9da164387badec,near_42bde15c5112cc7e13c0,false,false,1
rec_bc69d02fc75581535303,near_685097d700e82cdfb818,false,false,0
rec_bc71a107c41a2d6f776b,near_2791da3a50be06fd2718,true,false,0
rec_bc720906e0bb0c5702ef,near_afa91b2f24cf5acc6614,false,false,0
rec_bc82f3be1251a352d6da,near_9eaa8c6d1f1c79e7fdbe,false,false,4
rec_bc8ffe73e0753e304b78,near_aa8cb42567f32d076ec7,false,false,3
rec_bca269e9687f776eb97a,near_e5386b12e990a5c8c4b7,true,false,0
rec_bca469f4475478118145,near_d55af5a641438f728c28,false,false,2
rec_bcab4994565abbaa4c1a,near_c64edfe812a67015a8b5,false,false,0
rec_bcabbb3ae54ed79cfa93,near_2791da3a50be06fd2718,true,false,0
rec_bcbeb05d6372158cd50c,near_6bea921c74465c7f35ed,false,false,1
rec_bcc036ebec4965f1dac1,near_1ddf0e757775ce1cb21b,false,false,4
rec_bcc6bf3eead37865972a,near_dac37825a750e7b938ac,false,false,0
rec_bccc9eb7ba838981cb4a,near_84d4938fea07fa3c2754,false,false,0
rec_bccea89d437adcce42ca,near_77fb7b1befdf189aa1f8,false,false,2
rec_bce0de5cfc64e2ddecde,near_2791da3a50be06fd2718,true,false,1
rec_bce0fa35798fbad7e440,near_f79d6a7d7180594d34bb,false,false,0
rec_bce3dbb8bc133cca0e1b,near_2791da3a50be06fd2718,true,false,0
rec_bce85df9da19318ca4c6,near_d1f1f79dd421bfac0244,false,false,2
rec_bcea35e2d7b84a756c7d,near_7313e0d3d4b3b60cdd73,false,false,1
rec_bcee2587d3c245c9a131,near_ea18ef8ac72350f50f10,false,false,1
rec_bcef91eea2c9bfd28735,near_6431e406f3b7e83134f9,false,false,2
rec_bcf4032b720bc3d79b0f,near_9799c5b119c1b037e51c,false,false,2
rec_bcf8623968ae75842a7e,near_b44a3746f5980633009d,false,false,0
rec_bd1adb8445b15b698e62,near_bc4761fc82a05d40f89e,false,false,0
rec_bd39ebec046ddab308aa,near_25b04635426e413792b2,false,false,0
rec_bd459570c874640f6a02,near_d0a90ae065d7cf97a219,false,false,3
rec_bd4b276d3a9b0db98813,near_2791da3a50be06fd2718,true,false,0
rec_bd6cd8229e8822cd590b,near_81e0b190228d20c69a7f,false,false,0
rec_bd72005de6c33d411a4f,near_2791da3a50be06fd2718,true,false,0
rec_bd8460cd9b6008be920d,near_695cb24e8eadb7e395e3,false,false,0
rec_bd8e1e69c1a9da52607c,near_2791da3a50be06fd2718,true,false,0
rec_bd960660206a4de157b8,near_2791da3a50be06fd2718,true,false,1
rec_bd9d2e4cd88e7bd037ed,near_b2a3f483abff392b0e23,false,false,4
rec_bdaa9cdf86ea66cd5057,near_5ce7e60f3994183828d8,false,false,0
rec_bdb785c85c7199c4bdb8,near_ca1768137d2185fc4fe5,false,false,3
rec_bdb94716d0c574a68c0e,near_2791da3a50be06fd2718,true,false,0
rec_bdbacd1ee429ca324272,near_2791da3a50be06fd2718,true,false,0
rec_bdbb1a0f391dd16c9aec,near_2791da3a50be06fd2718,true,false,0
rec_bdbcb3d5d967d2be29bd,near_987cdac33ff9f556bf28,false,false,0
rec_bdc5b5dd96641350497d,near_6a9122d6d502543619a4,false,false,0
rec_bdcf69770d607b36d3ca,near_2791da3a50be06fd2718,true,false,0
rec_bdddbc855e837ad38dbd,near_6372769fbac7cffcc53c,false,false,0
rec_bdec0500b572624505c9,near_5a4b02948aca34f01ae6,false,false,2
rec_bdf5744d8464d291a36e,near_32c2721a7965b915fc5e,false,false,3
rec_be173623dca17b062598,near_2791da3a50be06fd2718,true,false,0
rec_be18b75c8c0b55df26ee,near_2791da3a50be06fd2718,true,false,0
rec_be18c2b5cf3c9ece450d,near_2791da3a50be06fd2718,true,false,0
rec_be1d345d449f8237369a,near_edf3d29f7b0e027d5046,false,false,0
rec_be2f4dff9c23fa3b1d12,near_2791da3a50be06fd2718,true,false,0
rec_be30ce38e71313b25ace,near_b9767dcd610ca9023646,false,false,1
rec_be3f8c6ed661852a36e6,near_bdfc48700e74d2f7bf83,false,false,0
rec_be4068e06b58b11bfb0f,near_80a1ee7c7b9aa9055050,false,false,0
rec_be4acb3692512ea76ff1,near_f90a2bf3cab3c995d555,false,false,1
rec_be59b2d0014dd585e84b,near_af85de69a251d213d8ed,false,false,1
rec_be5ad731f2bd946028e7,near_2791da3a50be06fd2718,true,false,0
rec_be64e3e83bde80703772,near_d41c2c49103e6a0cec69,false,false,3
rec_be8666318b164df9ca6e,near_09db9c76d559dc445832,false,false,1
rec_be8a0af71ef6c2d76f91,near_2791da3a50be06fd2718,true,false,0
rec_be94131ca3187b93ed42,near_f6737e36a3376f94f5d0,false,false,0
rec_be9580da241727897a33,near_e55da19de528a55fe965,false,false,0
rec_be97ae389dde74f08ace,near_fb9079af645d3084a105,false,false,0
rec_be991aed925c963b1df6,near_eeecb63f2ae56ebdf548,false,false,0
rec_be9ceaa857e3b58b10aa,near_8f1a06060ed16e30c5e8,false,false,0
rec_bea321753bbd7960b97a,near_2791da3a50be06fd2718,true,false,0
rec_beaea3d1123593723b56,near_2791da3a50be06fd2718,true,false,1
rec_beb0c612e5a434b2be78,near_2791da3a50be06fd2718,true,false,0
rec_beb931b2bcde08d81de5,near_8cdb22e0f633efbaccba,false,false,0
rec_bebbb63fa366b70afbc0,near_0ba602fd72a8851f7d04,false,false,0
rec_bebd7fcca9420d57f76f,near_5139dc0ba17d4fe7692c,false,false,0
rec_becd033846a853a77e64,near_2791da3a50be06fd2718,true,false,0
rec_becd08f3d96289cbfd1f,near_1cee1d95f54eda679f33,false,false,0
rec_becd40afc6c884009cfc,near_2791da3a50be06fd2718,true,false,0
rec_bed9346b3d316d23dde3,near_2791da3a50be06fd2718,true,false,0
rec_bee8172d3d2e2e31f55b,near_6212b5104a2bb345fde6,false,false,1
rec_bee818d0f324e1813581,near_85bdcb755e5738b550ee,false,false,1
rec_bee87414bfdc9e844a91,near_ccc707b7756ccbb97fbb,false,false,0
rec_beea6e5a2424f4ab7f1d,near_2791da3a50be06fd2718,true,false,0
rec_beede91baa2927027594,near_94cb3c7b4abdc646acf3,false,false,3
rec_bef48ec8829016315de3,near_2791da3a50be06fd2718,true,false,0
rec_befc5e763ddf4a8dde07,near_c8a2b177a9e5af843da6,false,false,1
rec_bf12b855d059975df259,near_4a286e3d3260fc193f9e,false,false,1
rec_bf132f13895f79d00369,near_5260cba0eec1c7339c64,false,false,0
rec_bf30eea3e93edb3d6196,near_2791da3a50be06fd2718,true,false,2
rec_bf3ee3ff5421eed2ab85,near_6014020dadf55b18053b,false,false,0
rec_bf42cae6160aa4cbaac9,near_80f7eb0f6d94d22d1bb8,false,false,1
rec_bf44469d841c8ff1084a,near_5c8051a14fbc0fde78a3,true,false,0
rec_bf45e4dfd46fd095ee16,near_1286e5625d5cebe70bbb,false,false,1
rec_bf514803cf9e4430711b,near_d5d5c3c98edf7ad4c6e8,false,false,0
rec_bf575f7a1874ba3ee239,near_1a53ce6b1d7588304e94,false,false,0
rec_bf83ec1d72a5ba9c7d13,near_30db7028d8e5505c744d,false,false,0
rec_bf87836625eae0a8bfc9,near_e3f3f14302d5011f3ec7,false,false,2
rec_bf891312747fa65caba0,near_1d5276cbc1fac5ae701d,false,false,1
rec_bf939300e619ee82281e,near_2791da3a50be06fd2718,true,false,0
rec_bfa631e3d2d5ccea25cb,near_ab50935e57f46084725d,false,false,0
rec_bfa64d1fbf810a05fd0a,near_f8146e4023159e344e02,false,false,0
rec_bfab027db6aba70ef3b8,near_0c5adde669d5f78e8ca6,false,false,4
rec_bfac00ca651240f655ba,near_b4f9880b25c6fe1d9e28,false,false,0
rec_bfb1a1340a7763359a34,near_7cd7dbd177ec15c01bf2,false,false,0
rec_bfb59ee6ee3be00cacc9,near_2791da3a50be06fd2718,true,false,0
rec_bfbb6167f4947c5cbcc2,near_cd9c79a21b01012c21c8,false,false,1
rec_bfbbd0617b0b79088882,near_4a76340b4f7eda898e89,false,false,1
rec_bfc96f96e234ab97320f,near_2791da3a50be06fd2718,true,false,0
rec_bfe973b45c1e55246d85,near_21642c83a5da188ad9a8,false,false,0
rec_bfea24067341affcadb5,near_2791da3a50be06fd2718,true,false,0
rec_bff0f59c9ff7132dc89d,near_258a4ef5dd5c1d10d2a8,false,false,0
rec_bff43ab8d463f448085c,near_2791da3a50be06fd2718,true,false,0
rec_bff5be45862fd43d0f8f,near_1ac96c04078d0b748684,false,false,0
rec_bffdee087d8019b42745,near_2791da3a50be06fd2718,true,false,0
rec_bfff06c812df1855cd78,near_2791da3a50be06fd2718,true,false,0
rec_c01d9d5956d6dfeacc95,near_2791da3a50be06fd2718,true,false,0
rec_c021f23d38b60a711a57,near_2791da3a50be06fd2718,true,false,0
rec_c03399042f8f124e4b84,near_2791da3a50be06fd2718,true,false,0
rec_c034e762c2af0287cf7c,near_51b44f5f0d2c08dd3c0c,false,false,1
rec_c042590edd6c6698cd00,near_760d91aed280cce6016a,false,false,0
rec_c04ad96125b12e51de1e,near_35623cb24fc75d743c84,false,false,4
rec_c04b470f37870fc1e2f7,near_a8906dbf241ea9d5dc67,false,false,1
rec_c04d0cce43c5375c06b8,near_2791da3a50be06fd2718,true,false,0
rec_c05aa00e0d2561619847,near_201038309fd72481dfdd,false,false,0
rec_c05ce68caedf92580023,near_e3bbf788124af852e8f2,false,false,2
rec_c05e7390552c3e6e6b83,near_79bd1bc820646f81aace,false,false,0
rec_c0620460f9c45cb96947,near_2791da3a50be06fd2718,true,false,2
rec_c06526501687a5ab390f,near_03d48c6994ab2c09dbf4,false,false,0
rec_c065863fde4275e48089,near_41e6ca2c6dd6dca81e0b,false,false,1
rec_c067c5ad4018f5d484e2,near_2791da3a50be06fd2718,true,false,0
rec_c06cf554f267b5ee8bf8,near_d112879da9347c24a985,false,false,3
rec_c06dadf8d03a54bf9e49,near_f5668ba549d180959eb6,false,false,0
rec_c0756440e429929d1b77,near_3683b9c1f4ff2e92c4c8,false,false,1
rec_c08bb5bda6f64adfa19f,near_2791da3a50be06fd2718,true,false,0
rec_c08d1519f849026b566d,near_2791da3a50be06fd2718,true,false,0
rec_c093a9033f6690ba43c2,near_851a4539a7c8a34b6e2b,false,false,0
rec_c0b0c2581be5a103caf8,near_2791da3a50be06fd2718,true,false,0
rec_c0b8f3cddfd9cef32a52,near_2791da3a50be06fd2718,true,false,0
rec_c0bd96fe613f0d95e095,near_2791da3a50be06fd2718,true,false,0
rec_c0cc8935858c1146c414,near_f9f7012e88dc5b8d49da,false,false,2
rec_c0ce24ba538ed43751e4,near_2791da3a50be06fd2718,true,false,0
rec_c0d08054d6403e802e5e,near_da42fe429a56fd1feced,false,false,3
rec_c0d0b533e954c00368ce,near_f311ef8ddd02146fb0b2,false,false,2
rec_c0d257c9c9d0839b7041,near_c6d98000e65a61cab12c,false,false,2
rec_c0e690e71a101c14aee8,near_7a81d2dbdac308ad1211,false,false,0
rec_c0e878d31f2408329c68,near_2791da3a50be06fd2718,true,false,0
rec_c0f1b9fc2a29ac4ad8a7,near_4c1a62ffe2ce2796edd7,false,false,4
rec_c0f3e14e863b476a5f96,near_45b8004ad2dd7218d786,false,false,0
rec_c1009ede930a2a1fa080,near_2791da3a50be06fd2718,true,false,0
rec_c105c8a75d54bed2ef56,near_195d353c5ed82622235e,false,false,0
rec_c10809359b52ed487794,near_fde3cbde56ee62539417,false,false,0
rec_c11079de2b81d25f9e18,near_31081ab3c6722b8ac963,false,false,0
rec_c118289bf01229c33b78,near_d41c2c49103e6a0cec69,true,false,2
rec_c12a46699b56b08fdab0,near_2791da3a50be06fd2718,true,false,0
rec_c1344129e989f8a71b94,near_dd913d835f041cbf6cd4,false,false,1
rec_c13928de4bc8f908d2ce,near_2791da3a50be06fd2718,true,false,0
rec_c1465f8bbbd82006ce09,near_d1c5b5f402253a3dee2e,false,false,0
rec_c14f3f912a340ba7fd6f,near_047b19ceecd359fb5204,true,false,3
rec_c14f410b166911e3776b,near_8845bc6f99a25c52d304,false,false,0
rec_c14f6eaecf0f91f6d8c1,near_2791da3a50be06fd2718,true,false,0
rec_c150dab55c61daec31cc,near_4c18c3df28f9e10dc50d,false,false,1
rec_c159e1290a1a67543120,near_a198a39ce194e16eef88,false,false,0
rec_c1639e1504a88e14abba,near_2b3b370436305b66b8ee,false,false,0
rec_c17985affecc41763208,near_850a98c2707b0a2e574e,false,false,3
rec_c184486f4b5999be61d6,near_2791da3a50be06fd2718,true,false,0
rec_c188b705b75b853b754f,near_6ee5ef7977e07086212d,false,false,0
rec_c19f71494ae7d476bb18,near_df3212d5a3229974abb8,false,false,1
rec_c1a165ec78b365b5bb91,near_fdf9df3ff6840e613de2,false,false,0
rec_c1b470062d54d9c7b12a,near_2791da3a50be06fd2718,true,false,0
rec_c1b4f960cdfa53de3cc9,near_1c8501ada9f37cdd6f8b,false,false,0
rec_c1c224556b4ef4970bb9,near_0ffc2a610634920d220f,false,false,2
rec_c1cdc2eb4f35fcc62f72,near_2791da3a50be06fd2718,true,false,0
rec_c1df8f33a29a72c8c3fc,near_708e23a90c25400dbfe0,false,false,1
rec_c1e663022db23817792e,near_3100c0be0d14e1fdde6d,true,false,0
rec_c1ea282498c2708232e9,near_1552fa32ca3a790eb39f,false,false,0
rec_c1f11d21d62b3965e68b,near_0a774b877f7f52282163,false,false,1
rec_c1f1bbffb4af31a86628,near_2791da3a50be06fd2718,true,false,1
rec_c1f3198aaf65cc3707e5,near_a44a3c6baa29e2ea77e0,false,false,0
rec_c1fa2abaef7430a5cc62,near_d0a4a5f4330597adeee2,true,false,4
rec_c1fbe12bd4bd1130bf6f,near_428bbaf791d41f025215,false,false,2
rec_c205ac0e0ff85e16dd74,near_a0a6c0649c1ae6ff531f,false,false,0
rec_c2098cc179defbe9d77b,near_2791da3a50be06fd2718,true,false,0
rec_c20c15431b9dbdcc1414,near_c03703c2f50bbdad622f,false,false,2
rec_c2168d547055f2bacaf0,near_66d806974bb4de56e36b,false,false,0
rec_c21a7686126e620696f1,near_7199b0584a02c91eb5b8,false,false,1
rec_c21dc1e1bcaa970e2df9,near_016921ce6c9d4ab318e1,true,false,0
rec_c21e690b1d0a9d30e1c6,near_2791da3a50be06fd2718,true,false,0
rec_c21ec6aa1bed67f3255d,near_2791da3a50be06fd2718,true,false,0
rec_c21ed04f41761dfd82f8,near_2791da3a50be06fd2718,true,false,0
rec_c2227d0a6a0f79f3ee4d,near_ff1743969a4434397e77,false,false,0
rec_c2258749b014cca26adf,near_2791da3a50be06fd2718,true,false,2
rec_c2268133a2ae592ae55f,near_2791da3a50be06fd2718,true,false,0
rec_c22f49c673b52d8a607c,near_892ab024d33de70da56f,false,false,0
rec_c253c381f408b6d893b9,near_9320baee459e28f5a16f,true,false,4
rec_c25c463906b7e376af1e,near_d5604384612943b0a587,false,false,4
rec_c25fa2d88a3df42ce7f5,near_1739f8887e2688e703d9,false,false,2
rec_c2900dfdbe7e8bd46341,near_69eec4beb8da1253122a,false,false,1
rec_c295332fb8a180e7e0cf,near_ac65973235d495e391e9,false,false,4
rec_c2975ed0705fb55dc52a,near_0fa7f521c00ff96b1e29,false,false,3
rec_c2a7ad91e1c5e093955e,near_2791da3a50be06fd2718,true,false,0
rec_c2aed0c8f93051cd1ed6,near_9a21b66458efa61cc105,false,false,1
rec_c2b2b6cae2479359c0f3,near_2791da3a50be06fd2718,true,false,4
rec_c2b6aa4eefae8373e00f,near_07869827947681da5680,false,false,0
rec_c2bbcb2a20ae36871366,near_4876e9d7efc6fc951061,false,false,0
rec_c2c5864033293f9cd6e5,near_136266daf5558fa85cca,false,false,1
rec_c2d0c202b4737b5113e5,near_2791da3a50be06fd2718,true,false,0
rec_c3131e24bdb857dd1fb9,near_215f59c14c7e20034d0e,false,false,0
rec_c3149be57dece2974f41,near_ff4411034e86b768c832,true,false,0
rec_c3256579ad6a6da88049,near_c3e977e59a4158498139,false,false,0
rec_c33208345b26420c648c,near_2791da3a50be06fd2718,true,false,0
rec_c33693447ff9e6acb8c6,near_6f6fa5122f05d45d70df,false,false,0
rec_c34efe8a8977260c49a5,near_2791da3a50be06fd2718,true,false,0
rec_c35491527bef51104809,near_2791da3a50be06fd2718,true,false,0
rec_c36419d654fca6dea7b7,near_6174d7104da6980ef18e,false,false,0
rec_c36675d24da2919dc6d8,near_48d5ee317c2329d2357e,false,false,0
rec_c36bd795c96feb52380d,near_47f84dfd764df2fd2e66,false,false,1
rec_c372ae8229fe3e6eb17b,near_cabfa4f5bd69c1aaeb1c,false,false,0
rec_c3739cfff16b937c0a4e,near_2791da3a50be06fd2718,true,false,1
rec_c379d11b6899909bcd7a,near_9087dba8b75c726e64b1,false,false,1
rec_c37fe82e0a01f90a1401,near_b60bc3d3dc039bc288f4,false,false,3
rec_c389aa328bc37bbeeb06,near_8dceb500aa550d1f166b,false,false,2
rec_c3a446c62f39f241c0cc,near_167d8eb1bf3c0ae2cf90,false,false,0
rec_c3b42f234086e1fb5334,near_2791da3a50be06fd2718,true,false,0
rec_c3b79965e59cacd41b8b,near_2791da3a50be06fd2718,true,false,0
rec_c3b9b8114ab4dfabe2ee,near_2791da3a50be06fd2718,true,false,1
rec_c3bc5b3c0e8eb5408c1b,near_2791da3a50be06fd2718,true,false,2
rec_c3d309ec4fb56e0a3327,near_2791da3a50be06fd2718,true,false,0
rec_c3dc780cb4e7f3761b65,near_83901fc818f58335a9e1,false,false,4
rec_c3e30a589992d663f576,near_2791da3a50be06fd2718,true,false,0
rec_c3e436b205830965aa9f,near_c868da1c8c39d8575fd7,true,false,0
rec_c3e8ad05a95f3289f671,near_2cb6dcb988565a9a4121,false,false,1
rec_c3f1cdfc491bb31f6ce1,near_b979ec022ae7078228ee,false,false,0
rec_c3fb4e6ffb01d98749d8,near_81ff4b663cc383a8e86d,false,false,1
rec_c3fc06dcf8f79dc36ffa,near_c348aeb17bf5c403dba3,false,false,0
rec_c40ee9239fae5413c429,near_2791da3a50be06fd2718,true,false,0
rec_c40f5e6926c666e9499a,near_7f7dd4e06f06e1d97800,false,false,0
rec_c410fc2cd4df982dac0b,near_a6efc84f94f18f043e7c,false,false,0
rec_c41ffab7cbf30d02757a,near_2791da3a50be06fd2718,true,false,1
rec_c45069a8ddf8a3f24999,near_2791da3a50be06fd2718,true,false,0
rec_c4585d4b62de1ea48043,near_f0389ec55d158a3eb098,false,false,3
rec_c4614485588573499711,near_f7f81614f71068c8b0af,false,false,1
rec_c463f07d07b50cc288b1,near_0cab4f130694f37d0e80,false,false,0
rec_c46b3c7e9047ea17b805,near_48f4511427704e5a9ef5,false,false,0
rec_c4836ed346346693eff9,near_308404f811f187dece99,false,false,0
rec_c48b0b68f05a1bf09114,near_2791da3a50be06fd2718,true,false,0
rec_c49046522716bf371742,near_aa9884602bf76b908067,false,false,0
rec_c49a4e96894884db540f,near_2791da3a50be06fd2718,true,false,0
rec_c4a398f167184e60d841,near_b4592eaa5949a0207304,false,false,0
rec_c4a6ad7c1af18033f67a,near_1505154e9bf0c1d7b76c,false,false,1
rec_c4aa202ba48a6b11ae23,near_c868da1c8c39d8575fd7,true,false,0
rec_c4c56561de3e540a1cae,near_e929276130ecbf543f2d,false,false,0
rec_c4d1923a829d034e2d1e,near_2791da3a50be06fd2718,true,false,0
rec_c4d22f10d07fc3cd917f,near_486e57ae9177fb8a82f0,false,false,0
rec_c4d63e5803fedbff5438,near_3e1934ea0886c6320546,false,false,1
rec_c4d8a2db7efb01405e0c,near_36965b3bc5b1b87486ab,false,false,4
rec_c4dbc59ae58a47f0d627,near_2791da3a50be06fd2718,true,false,0
rec_c4dc6e6461375408361b,near_3704df8068cd1bf79d13,false,false,0
rec_c4e1f49f26d9c82738fd,near_2791da3a50be06fd2718,true,false,0
rec_c4e7b9ae81f1e91fe416,near_4683d7acdfb1687fdcb3,false,false,3
rec_c4f7b375489042642587,near_3da0a746868ab8de3955,false,false,1
rec_c4fcd95cebbb1617467c,near_483f63d8d517827ead78,false,false,0
rec_c4fd592bcd8b9c0c130f,near_be7936d5440ff8e30fb6,false,false,0
rec_c50bcc7dcaac77a283b9,near_cafe7c8cfb7b16b8059c,false,false,2
rec_c518df52bf1c6cee996d,near_54938a696ce1bc74733a,false,false,4
rec_c521c60832e7afaaa6ff,near_2791da3a50be06fd2718,true,false,1
rec_c5352b9e6376677aa29a,near_2791da3a50be06fd2718,true,false,0
rec_c537e3c71e791767a0d0,near_6cc7410c87f82dd2936d,false,false,3
rec_c538058a3820d63c98fa,near_8b2efd283b14d14684d0,false,false,0
rec_c53ba360e9515b9b9a77,near_cd893b023ce2c65f1545,false,false,0
rec_c552ce628b212e8902f9,near_2791da3a50be06fd2718,true,false,0
rec_c5559096823e2a12abd5,near_ea5293c90c911c9082f3,false,false,2
rec_c55d1d5efdebafb3addb,near_7052278d7f1666056180,false,false,1
rec_c5608ffb9dd36868566e,near_de5dd843f3f7cf91f6b2,false,false,0
rec_c580d54760b581a9a39f,near_669b9cf173ace67309c3,false,false,4
rec_c58aee1c5d41858d70ad,near_04ddccb62b438442b1cd,false,false,0
rec_c590c8490d2af8045c0e,near_2791da3a50be06fd2718,true,false,1
rec_c59132299c186876efcd,near_9141a79383aa4f0ee7a4,false,false,4
rec_c5931ef10bf5b301b8b5,near_2791da3a50be06fd2718,true,false,1
rec_c59a281ce1367c907eda,near_b3f1b3e456ea9185de17,false,false,4
rec_c5a362eb95e87682e895,near_2791da3a50be06fd2718,true,false,0
rec_c5ae9daf5bf43df5aede,near_2791da3a50be06fd2718,true,false,1
rec_c5b73e966fd927123110,near_faed8d00ec3912688ff9,false,false,0
rec_c5beb3cf8543867e9fa9,near_267f8602fc9f699ab996,false,false,2
rec_c5c8e582604942f86c1e,near_a5e87901362a457726b4,false,false,4
rec_c5c9fcf1ca4ebe575610,near_2791da3a50be06fd2718,true,false,0
rec_c5e0300af303aa200d73,near_2791da3a50be06fd2718,true,false,0
rec_c5e17d88516b8bbae718,near_2791da3a50be06fd2718,true,false,0
rec_c5efdf314676b88b0782,near_8fbefa166d09a18d3cce,false,false,0
rec_c5f7d1c0e41117596ea9,near_851a4539a7c8a34b6e2b,false,false,0
rec_c5fa02e7b33db56778f6,near_6a9122d6d502543619a4,false,false,0
rec_c603f2010d90547f6da3,near_2791da3a50be06fd2718,true,false,0
rec_c60652158b5c0b184ecb,near_2949b71353ab6f5836b5,false,false,3
rec_c60662062aab757f39c5,near_2791da3a50be06fd2718,true,false,0
rec_c607b687ecf61fd9fb9a,near_8a0403f91cda9f8cc139,false,false,0
rec_c616a9b14ea6269b8325,near_2791da3a50be06fd2718,true,false,0
rec_c61aa064d31a35b7f9c6,near_c3ba22899906ac6d802b,false,false,0
rec_c6255b1d919e5c909e00,near_2791da3a50be06fd2718,true,false,0
rec_c62b9fbec2116dbe761e,near_68a643ac75d750c29925,false,false,0
rec_c63a18b417c54d028e71,near_a807ae254d3a06c24bc6,false,false,0
rec_c63c016f8a1a5fb62672,near_4539a56b4edc1ae791a9,false,false,3
rec_c64178952ac60f6568b3,near_2791da3a50be06fd2718,true,false,0
rec_c64e493611507e937ba9,near_2791da3a50be06fd2718,true,false,0
rec_c661554d8816fc89e0db,near_2791da3a50be06fd2718,true,false,0
rec_c6650ec5901ce790d4cf,near_2791da3a50be06fd2718,true,false,2
rec_c6655a62cae7b6fd73ee,near_2791da3a50be06fd2718,true,false,0
rec_c66897c7f8c15a9672b1,near_a7e1502fb8ae359f2772,false,false,0
rec_c6695232b6d02a4cc021,near_df84f78156cc01019a6c,false,false,0
rec_c6723e62492ffa8ea95a,near_5225a73450a7f8057008,false,false,0
rec_c672516c0532203d36a1,near_2791da3a50be06fd2718,true,false,0
rec_c67b85be19127224993a,near_2791da3a50be06fd2718,true,false,0
rec_c691a8d6825aab9a50ca,near_24f4fff1d2c27172c0f6,false,false,2
rec_c695360286f74f725af6,near_2791da3a50be06fd2718,true,false,0
rec_c6b19e78947c7cc82a79,near_ab5e0ab537157ace77bc,false,false,0
rec_c6b62d283787a7ae87a2,near_bbfbc8155d32f0099ce8,false,false,4
rec_c6b71f7870e6ff9490b5,near_bf8d6e52789f9cf90d35,false,false,0
rec_c6b81097cb3e6dd9c796,near_7da543dd93b9318b9c01,true,false,1
rec_c6c0db7b0c215519fdf0,near_8c56b027dd894869f0a9,false,false,0
rec_c6cc35d47c6a54024a0d,near_4eb0a34b9d93ff072ac8,false,false,0
rec_c6cfde39b79bc4bea29e,near_1a53ce6b1d7588304e94,false,false,0
rec_c6dac820ced1e7ef7d1d,near_43a290a27cfb22740544,false,false,4
rec_c6df9148c125346776ae,near_5a3aee7e9dcd74177e69,false,false,0
rec_c6fba02cd77040934be5,near_2791da3a50be06fd2718,true,false,0
rec_c7101cc2dac3b94be2fa,near_9141a79383aa4f0ee7a4,false,false,4
rec_c716fc06dbb0d7eb36d7,near_9d0515e1c2f3f12f4942,false,false,4
rec_c7419512135f98d158e9,near_2791da3a50be06fd2718,true,false,1
rec_c7431595a1490c6974a6,near_74b2cbc6434b77ec8a66,false,false,2
rec_c7497e5930b71e88d53c,near_2791da3a50be06fd2718,true,false,0
rec_c749dc7f7ad03644e071,near_c96e83435f16f96f5114,false,false,1
rec_c75220f256697e645f38,near_1141a116705a09962c06,false,false,4
rec_c75a8d7e9db195827647,near_8e7125f0f00ee173b97f,false,false,1
rec_c7639873868965ba3cfe,near_94b1ebbf212b02de485f,false,false,0
rec_c765d7cb513e248b06fb,near_20f0604a8599017a7dbc,false,false,1
rec_c774e2add3a45779e18f,near_2791da3a50be06fd2718,true,false,0
rec_c77b5f665c4de70b23ab,near_2791da3a50be06fd2718,true,false,0
rec_c77cad203bc83e73c190,near_062d44f87997da45b6c9,false,false,3
rec_c796d238f59e68f6232c,near_2791da3a50be06fd2718,true,false,1
rec_c7b3e941dd56947fed7c,near_2bd13630a5f132cfef43,false,false,0
rec_c7b5aced7f7f5a109e43,near_b9767dcd610ca9023646,false,false,1
rec_c7c4539f04876b1a85f8,near_2791da3a50be06fd2718,true,false,2
rec_c7c535ac8f61a007258e,near_e47686b543d84fc833ae,false,false,0
rec_c7c5c89dc2ee6636a3a2,near_85948d54702c27c33c05,false,false,1
rec_c7c5d5bff595593d1aee,near_da523a0460e3fe999956,false,false,0
rec_c7dfe6960ca5efcec25d,near_2791da3a50be06fd2718,true,false,0
rec_c7e0eba8fb99c3058842,near_c99203ef2e0f8175bf03,false,false,0
rec_c7e1fda6a1e66ad22812,near_5c5a390c04bb69ebb498,false,false,1
rec_c7e551275edad18f18ec,near_3da0a746868ab8de3955,false,false,1
rec_c7e7186d58f5aade98f9,near_5bfc6bc4bb18d9ff369f,false,false,0
rec_c7e97ce18457a22f9489,near_603c12752423c2d54069,false,false,3
rec_c7f1feaaf7c42d06d96f,near_2791da3a50be06fd2718,true,false,0
rec_c7f973115c409be81a42,near_5c8051a14fbc0fde78a3,true,false,0
rec_c7fdcfb92f10a1bb1ab4,near_eb86b103b5efb1ebbdf0,false,false,0
rec_c805cccca1c9e0650390,near_7199b0584a02c91eb5b8,false,false,3
rec_c8096a871d910acd2490,near_f0e651ca3aee80c5e22d,false,false,3
rec_c81e4538eae057bd578d,near_2791da3a50be06fd2718,true,false,0
rec_c8245034faf0a3a4fe86,near_f53a3159c583ac856636,false,false,0
rec_c824fa03e3d7757c38ff,near_2791da3a50be06fd2718,true,false,2
rec_c84b4c85b2177aa4cfa2,near_f523c4d368ff5b22b4ae,false,false,0
rec_c857c1e8a70293c9a051,near_33a975c2dc4d66b8d41c,false,false,2
rec_c85b2c4d0c28536c32a5,near_394fbae47737d5cfd664,false,false,0
rec_c869a60e440c063b00af,near_d49d366d051779a47b0c,false,false,0
rec_c876938dd7ed87ff4643,near_5a394daad5ab00c68448,false,false,0
rec_c88168d629d60eaf49b0,near_2791da3a50be06fd2718,true,false,1
rec_c88abbc3c3d2d7dfcd08,near_228bc87ea6284cb8914b,false,false,0
rec_c88cdfbbc6e24fb8cb23,near_a76c30bff7f814096690,false,false,0
rec_c88f0416b5ff8995f542,near_df9a5d62ce5eccee7801,false,false,0
rec_c899fed515b335f7425e,near_9799c5b119c1b037e51c,false,false,1
rec_c8ae507a9b22b6ade982,near_2791da3a50be06fd2718,true,false,0
rec_c8af49dee7cddd44e42a,near_7915033860fca117626c,false,false,0
rec_c8af7d7417545a2741be,near_8c33a006608083881e40,false,false,1
rec_c8b1a0df2bf88acf8853,near_2791da3a50be06fd2718,true,false,0
rec_c8b56842c3ec77fe93f2,near_2791da3a50be06fd2718,true,false,0
rec_c8b5dbaa92e60a63d698,near_2791da3a50be06fd2718,true,false,0
rec_c8c2c54ec78c241bf369,near_2791da3a50be06fd2718,true,false,1
rec_c8c459d4a76203c83cfe,near_45714a2c29ebc64b9705,false,false,1
rec_c8d34f9936f905819485,near_ea22a8dfe943714240a7,false,false,0
rec_c8df99aac48163061462,near_926817b247f793ce8ba6,false,false,1
rec_c8e402024d6fb8b934d4,near_46f5ad7cdb34a1eef011,false,false,0
rec_c8e861131170cb052abd,near_2791da3a50be06fd2718,true,false,2
rec_c8ecfbbaf0ef539edb69,near_eac3585273af0068bb66,false,false,0
rec_c8fbc5dd9b85ca56a617,near_2791da3a50be06fd2718,true,false,0
rec_c90abd0f93e619832b8b,near_2791da3a50be06fd2718,true,false,0
rec_c9160d47ed702a2e51ae,near_2791da3a50be06fd2718,true,false,0
rec_c918886dc87b42f24376,near_2791da3a50be06fd2718,true,false,0
rec_c91dc9f315183b55c094,near_0bd66b36f12623b77749,false,false,0
rec_c923cdbe53a44346a365,near_74d84cab5a5a25c7026e,false,false,2
rec_c924ba7364c5b3810159,near_2791da3a50be06fd2718,true,false,0
rec_c9579fe6d87e35498f1d,near_2791da3a50be06fd2718,true,false,0
rec_c95e3903ba6cc64dea38,near_ce5a252de857fa25635b,false,false,0
rec_c9697d1a6f093ca8a750,near_3addc1d2e38b1d1d7d29,false,false,1
rec_c96a6bc9725712e848df,near_0fec7810bb8dc50de28f,false,false,0
rec_c96ba230785f370d1e19,near_2f31d746b59518fe6157,false,false,0
rec_c978607cdca2dd4d560e,near_2791da3a50be06fd2718,true,false,0
rec_c985232c2b5ed305cef5,near_43dfaf15b13178bead9d,false,false,0
rec_c988f69df4f0e332210d,near_2791da3a50be06fd2718,true,false,0
rec_c992b92d9f26262f3c69,near_b6046c72c20b9cc40e45,false,false,1
rec_c996019038d4848f3363,near_167fdc24ca4bee92084b,false,false,0
rec_c99854af6dc08eb19567,near_926817b247f793ce8ba6,false,false,2
rec_c999bfcd89f76abd717b,near_45bc628b50f06b012bdb,false,false,0
rec_c9a01cd378e9d0be9434,near_8426e8fbf877a4ec607d,false,false,3
rec_c9aec4269788e27ff526,near_2791da3a50be06fd2718,true,false,0
rec_c9c134432b1fc5b06d27,near_f94aa3a684c19e60442a,false,false,1
rec_c9c4230a0c071534df1e,near_06317aa68adcf3a20c71,false,false,0
rec_c9ca15e03225de2c8029,near_2791da3a50be06fd2718,true,false,0
rec_c9cad9c6b275bbcf1937,near_0c187d172572a63d1e6d,false,false,0
rec_c9d59e9a2fc63f18d341,near_03d48c6994ab2c09dbf4,false,false,0
rec_c9d611949f5ea3b8d49f,near_abb2b6fff8b7025c1722,false,false,0
rec_c9dc834bd5e89f4eec3b,near_ae3570c88eafc9ce6166,false,false,0
rec_c9df61bacfbfcc9fea54,near_9b375661f4cd1704b40a,false,false,1
rec_c9df9ed2ccae63e8bfb9,near_2791da3a50be06fd2718,true,false,0
rec_c9e3408f160c4cfed08c,near_3c2d13387f0001c79894,false,false,1
rec_c9e8e5fa7d3ecc7b59ee,near_2791da3a50be06fd2718,true,false,0
rec_c9f12f2b5db6587780ab,near_2791da3a50be06fd2718,true,false,1
rec_c9f767b87370cdfd4369,near_2791da3a50be06fd2718,true,false,0
rec_c9fc1ee35445ca4053d0,near_002df7040735bf2a9fd2,false,false,2
rec_ca03dda534570c1a314c,near_2791da3a50be06fd2718,true,false,0
rec_ca0beda606106946ca71,near_136266daf5558fa85cca,false,false,0
rec_ca0ec64539fde5b00e3f,near_dbaca8c2601c5a5460e1,true,false,0
rec_ca186afabd5246fd6cfa,near_2791da3a50be06fd2718,true,false,0
rec_ca1c32c5b89c68688937,near_3c0a0e56ac8900890d69,false,false,3
rec_ca1ea5672620f790c46c,near_2791da3a50be06fd2718,true,false,0
rec_ca219061a9ad19e35602,near_28e47360cc62ad3dbaf2,true,false,0
rec_ca25fb9de4f9e9546f80,near_2791da3a50be06fd2718,true,false,0
rec_ca265b60cbb311cdfbf0,near_2791da3a50be06fd2718,true,false,0
rec_ca27eeb94d743fe71da4,near_fda16a6e895d6169fb90,false,false,0
rec_ca319f17f8fa774ae1fc,near_2791da3a50be06fd2718,true,false,0
rec_ca357bcdd27d17e5c575,near_cc8babd64ff0f2532104,false,false,3
rec_ca36e4b85d3d624b41de,near_2791da3a50be06fd2718,true,false,0
rec_ca3c7455c3bce32a45f1,near_781b4e7b451abe0f0a12,false,false,0
rec_ca3e62e2f270c30d473f,near_716cbadbd963e7850922,false,false,0
rec_ca424f169f3180289471,near_2791da3a50be06fd2718,true,false,0
rec_ca4497b3216cc56968bc,near_2791da3a50be06fd2718,true,false,0
rec_ca44f3331d018d29c94c,near_2791da3a50be06fd2718,true,false,0
rec_ca48631aece44c3bf4cb,near_ac661342b1b7a01da1f1,false,false,3
rec_ca49f3a03d2171c00283,near_cd9c79a21b01012c21c8,false,false,0
rec_ca5b553a372e86767177,near_e5386b12e990a5c8c4b7,true,false,2
rec_ca5b864ea118752cf91c,near_aaaccd842d7f76dfc913,false,false,0
rec_ca86199fa416f5dc8206,near_2791da3a50be06fd2718,true,false,0
rec_ca9347ea47304f36dd10,near_9e4355e9a976025d18d5,false,false,4
rec_caa8917c2dd0fa6678e5,near_2791da3a50be06fd2718,true,false,0
rec_caaedbe45230552e0c35,near_982240cd45189d591a60,false,false,2
rec_cab4483243e63fb7e795,near_2791da3a50be06fd2718,true,false,2
rec_cabb067b52e61064e0fc,near_2791da3a50be06fd2718,true,false,3
rec_cabe05b87c96f848871b,near_4a9ae929bd26a3b3b2e9,false,false,0
rec_cace8d0150c2fbe073d5,near_a8f0e71de000fb1e9534,false,false,1
rec_cadb1715ab3abf5b54d6,near_5141f2951374adb235de,false,false,0
rec_cae4fcec96d0df8e087a,near_2791da3a50be06fd2718,true,false,0
rec_cae55a7d7719ef8f493c,near_9320baee459e28f5a16f,true,false,2
rec_cae8696ef00d4dfd2bfd,near_ad1db367a4833826e00d,false,false,0
rec_caf120a77d706bbda762,near_95c4754df908def6ae4c,false,false,4
rec_cb0eddc25029abeac117,near_2791da3a50be06fd2718,true,false,2
rec_cb133314b40880bd4071,near_d5604384612943b0a587,false,false,1
rec_cb15ff0d039446c3f973,near_b50eb13d77e89d6c97d9,false,false,1
rec_cb17184c777ae933709e,near_2791da3a50be06fd2718,true,false,2
rec_cb17524533a41a8089f0,near_2791da3a50be06fd2718,true,false,0
rec_cb1fbcef96687ca3bdde,near_2791da3a50be06fd2718,true,false,1
rec_cb2bf2fed10a32041091,near_7199b0584a02c91eb5b8,false,false,4
rec_cb2bf7bc3256e15c51cb,near_964dc18a3a190f2773ec,false,false,2
rec_cb2e1c9ff98291429995,near_2791da3a50be06fd2718,true,false,0
rec_cb2ecc38535dffa915c6,near_9e7b226b91f2939d4173,false,false,3
rec_cb334169d9fa8eb28f8e,near_6f6fa5122f05d45d70df,false,false,0
rec_cb3956771076bb72fa0b,near_2791da3a50be06fd2718,true,false,1
rec_cb3c5aab1af6b11aa1eb,near_7eab7d03722aa3353491,false,false,1
rec_cb444367eb7e416db94e,near_2791da3a50be06fd2718,true,false,0
rec_cb495ce4ddea734a2d2a,near_9914247a894ee574061a,false,false,0
rec_cb5ef3d855fd9f48073c,near_2791da3a50be06fd2718,true,false,0
rec_cb67c1aba0afc0a9fb3b,near_27db0ba7ad959609c2a3,false,false,0
rec_cb6866480e3794dcd233,near_f9475186f5cce9980ae2,false,false,0
rec_cb699846d37b07249c61,near_d981b924a1f52c9039f2,false,false,0
rec_cb6efacad1f56d1f71ec,near_cdf7acd0151c8a0ab293,false,false,4
rec_cb72ca98b4cd4324eac0,near_f6737e36a3376f94f5d0,false,false,0
rec_cb761c049fbaa7ae4897,near_2791da3a50be06fd2718,true,false,0
rec_cb774c257a269d1cd528,near_4a76340b4f7eda898e89,false,false,0
rec_cb7b4f388ae6d1107a06,near_2791da3a50be06fd2718,true,false,0
rec_cb8eb55fb53aebdd04cb,near_2791da3a50be06fd2718,true,false,0
rec_cb907f506416d3e21847,near_2791da3a50be06fd2718,true,false,1
rec_cb96e5917755312874da,near_ce5a252de857fa25635b,false,false,0
rec_cbafe9ab0448db9c2a2a,near_449cda6fdf42e1789ca8,false,false,0
rec_cbb0e26077ae79958da9,near_2791da3a50be06fd2718,true,false,0
rec_cbbb870d517e0abf530c,near_100e4796cad133cf5945,false,false,0
rec_cbd0f0545585a31b1c7b,near_42031cdb4c22eca94ba1,false,false,2
rec_cbe9400aa7f3479514d5,near_34b6affcc421ecc78abd,false,false,0
rec_cbe9c34c1866ed5c8b30,near_8f9585bcddd3faafb549,false,false,0
rec_cbeaac5902bf2e5d5d59,near_2791da3a50be06fd2718,true,false,0
rec_cbeb11e58f79d2380176,near_2791da3a50be06fd2718,true,false,0
rec_cc08138f8e499abe020d,near_303a5de06379f76a2efa,false,false,0
rec_cc089e78794ec191e430,near_48b45ea21d6a171bb379,false,false,0
rec_cc16806b1b9d7d61fb4d,near_faf600d11705b86933c8,false,false,0
rec_cc19e671a3d80fddaca4,near_63cc81d2f436ce6b2be8,true,false,0
rec_cc2256c8326ad8bab70f,near_bea63444132af7119515,false,false,0
rec_cc2e51a7b3cf6f8b9c16,near_e87feb6b825e173d60ed,false,false,1
rec_cc40ffbebd3142d4c52a,near_5855464492aa0d124388,false,false,0
rec_cc4235e1e16ab9584fc4,near_2791da3a50be06fd2718,true,false,0
rec_cc5a29a9cde80602384f,near_d33d130bed8380256964,false,false,0
rec_cc5aaa533c02d8a8b07e,near_365195d289c2771d3525,false,false,0
rec_cc5ef45552d0f51f11a5,near_2791da3a50be06fd2718,true,false,0
rec_cc61b19aa0345346d49b,near_796d7a4af24617223f6d,false,false,1
rec_cc6aa054f746f00420a2,near_1d4601cbb15fddcf5097,false,false,4
rec_cc73ae429d89726e6082,near_442660c0fdd9eb5b566d,false,false,0
rec_cc768b2d55e8b3d4d0b7,near_2791da3a50be06fd2718,true,false,0
rec_cc8a892d3b9b530e2b21,near_2791da3a50be06fd2718,true,false,2
rec_cc8bc2bc5d57d28ae951,near_3b70774c5f206fd8a4e4,false,false,2
rec_cc8dd14b7ca6f57ab484,near_2791da3a50be06fd2718,true,false,0
rec_cc907141b9c3b7e4db37,near_391c2bb395c9040c6eb9,false,false,0
rec_cc9847266da0cd417d09,near_fe56decb2b41850183a0,false,false,1
rec_cc9895a58062744e7586,near_d28d37aeeca6115e6cd5,false,false,0
rec_cc9d582ea99ead59262d,near_2791da3a50be06fd2718,true,false,4
rec_cca471cd9b07ee7d1e91,near_78ddc5650f0efa0ef9bc,false,false,0
rec_ccadb98648bd6598dfae,near_33e8a6933e7d00fc1ab5,false,false,2
rec_ccb37f23f1d140020914,near_6bea921c74465c7f35ed,false,false,0
rec_ccb4ae73bfd391435861,near_221db71b46ba976b235d,false,false,0
rec_ccb88292a122842e2d63,near_2791da3a50be06fd2718,true,false,0
rec_ccbbc0930da16e4e12b9,near_361c9afd9f87d5d5eb81,false,false,4
rec_ccbf0dee594bb83a1ebb,near_2791da3a50be06fd2718,true,false,0
rec_ccd1a5aceb577705882c,near_2791da3a50be06fd2718,true,false,0
rec_ccd7274855b44693b904,near_b9ee1ca15575ca8b5bcb,false,false,0
rec_ccda8d9843e8c4802a7b,near_2791da3a50be06fd2718,true,false,0
rec_ccdb18c6737a5847deec,near_b2d7340d3097bc211028,false,false,1
rec_cce0139d0b38535c922a,near_406e70fcc8eb04dc656e,false,false,1
rec_cce1eb1f42c8d98fdaa6,near_0cc3ab2593662295cf95,false,false,0
rec_cce68b1a63d49cb76d7b,near_2791da3a50be06fd2718,true,false,0
rec_cce7cd5422df07e03d11,near_22a2242a14ebb33cb767,false,false,0
rec_cceeb41e94a15b68d7f8,near_2791da3a50be06fd2718,true,false,0
rec_ccfd804fb02bfdc8665a,near_3c20e8c00ca7bc7c8820,false,false,0
rec_cd027090af23b677553d,near_3add8d4c0b45d95249ee,false,false,1
rec_cd07a4f713438df680eb,near_4615e28e3d9532bc3eb7,false,false,0
rec_cd1f57cc2a825ba52e8b,near_8cafe951ea8e81415367,false,false,0
rec_cd2b1d87043a04d57c42,near_889a1a4911350e047505,false,false,0
rec_cd437f6a6892093f03e9,near_7199b0584a02c91eb5b8,true,false,4
rec_cd504c57b2a1bf01e822,near_ff7986543d35e07219d2,false,false,0
rec_cd593d95cb8f1128d187,near_c64fa2f60857b32f16f1,false,false,0
rec_cd6a9d70bce05690dc36,near_c621dbc8d44f5cae252a,false,false,0
rec_cd6fde1b03ea36079a6b,near_422cf6edc2ee3043d642,false,false,0
rec_cd731eb0699a6f376624,near_2791da3a50be06fd2718,true,false,0
rec_cd7f75d934dcbf67b226,near_4c17ca2c7efb0bb7b040,false,false,2
rec_cd89ed521fed17c7271d,near_892ab024d33de70da56f,false,false,0
rec_cd94cc0ceb0a58a290d6,near_6576957d58a90d7f1930,false,false,4
rec_cd9738cda3408ef7bc76,near_8ce11902e5b9203b0be7,false,false,2
rec_cdaf1989edf2e165f44b,near_f965ad4d2b020fa1ede8,false,false,1
rec_cdb4be13592e5fd5be2a,near_2791da3a50be06fd2718,true,false,0
rec_cdb616cedb932bb64278,near_ac9150d9bd1d1451af6b,false,false,0
rec_cdbaa08d47742ac6dbf0,near_3f3009244ca527c0b694,false,false,1
rec_cdbb9942b7ec82ab2177,near_ea22a8dfe943714240a7,false,false,0
rec_cdbcc295153dca094770,near_00af9efb42c4774c4909,false,false,4
rec_cdc8c5a0ff4934414638,near_2d4e273b50d60851a96b,false,false,4
rec_cdd029ff2edca41a5fcc,near_2791da3a50be06fd2718,true,false,2
rec_cde0a9c7aaf8a9201060,near_2791da3a50be06fd2718,true,false,0
rec_cde110efe319dd83a458,near_f38c4c8c4ef3620145e3,false,false,2
rec_ce16fcc861b67536d3aa,near_21c9e32369c238dd0151,false,false,1
rec_ce18133f5f75795aa158,near_e0780ab7f316c6374f4e,false,false,1
rec_ce19f3ff308faa6030df,near_7afb7ed1c5eba1960d2c,false,false,2
rec_ce22ca4859d0bdf79ed5,near_2791da3a50be06fd2718,true,false,0
rec_ce2f30f5e2df62a03b25,near_2791da3a50be06fd2718,true,false,0
rec_ce37b58b29ad6a9e47c1,near_2791da3a50be06fd2718,true,false,0
rec_ce3ba03bc3fd38e472c1,near_2791da3a50be06fd2718,true,false,0
rec_ce4868ee9199c2f2326a,near_c5531ffb8d451b93173c,false,false,1
rec_ce50c3873aba3b7a1563,near_2791da3a50be06fd2718,true,false,0
rec_ce51393738bb7650e32e,near_23a7930d29fe648954ff,false,false,0
rec_ce600e4c1a7c272fe24d,near_91b00e69806fabeebc76,false,false,0
rec_ce70044f2f7ecc4dfd6b,near_d55af5a641438f728c28,false,false,2
rec_ce74f805df5d19597603,near_2791da3a50be06fd2718,true,false,0
rec_ce805c04b36b3fda24f5,near_0278e50f649a65aa1597,false,false,3
rec_ce94c4a7bb136683e58b,near_2791da3a50be06fd2718,true,false,0
rec_ce9813168747454b0a2d,near_2791da3a50be06fd2718,true,false,0
rec_ce9dc3a35226c49d66c4,near_3ee5b187c559956103ea,false,false,0
rec_ce9e7aa3a822558452a0,near_4fdd242ab56b09eee8b8,false,false,4
rec_cea0b99746f988f3c580,near_9e42083aed8193fb8085,false,false,1
rec_cea7da3b2168c845b200,near_965cc05fd30d6a505a20,false,false,2
rec_cebf452089480129b48b,near_888c30d44159bea53966,false,false,0
rec_cec754012c3aabdb85d2,near_576a413e9f329260ba48,false,false,1
rec_cec87de2e383ef27abb6,near_e79e8fe542844120ea23,false,false,1
rec_cec89ce273351d727c62,near_4876e9d7efc6fc951061,false,false,0
rec_ced36f90f8d6a5d2c7b5,near_65c2a76939414faf66cc,false,false,0
rec_cee05045d2de8d50795f,near_2791da3a50be06fd2718,true,false,0
rec_cee0c2fd4eef3e855c8f,near_04b40cc74439f4a4039b,false,false,2
rec_cee6620d9cea7ce36301,near_406e70fcc8eb04dc656e,false,false,1
rec_cefb63ab3f67a8b8b6b8,near_1724f81a351630506641,false,false,0
rec_cf0dc7ac58899007a8c5,near_2791da3a50be06fd2718,true,false,0
rec_cf2d504f5eaf416fa658,near_2791da3a50be06fd2718,true,false,0
rec_cf38f5f81dc07da0ace2,near_2791da3a50be06fd2718,true,false,1
rec_cf454b60e967b082657f,near_0ce614085bb6edc85dfa,false,false,3
rec_cf460b0141ef1890bd08,near_38831992eac932d16ca1,false,false,0
rec_cf47f8239b132dc902b7,near_2791da3a50be06fd2718,true,false,1
rec_cf5247e9eba5a2d4f629,near_25d2304e1334b1f0cbe2,false,false,0
rec_cf5a6c0ba3621f78494b,near_b64c895a88c8575a874d,false,false,1
rec_cf5d4e9dc1486a4e0d7c,near_2791da3a50be06fd2718,true,false,0
rec_cf5e47b97daa370c3537,near_2b11f951c182668010a2,false,false,1
rec_cf69140f0132bae1e9fb,near_eb86b103b5efb1ebbdf0,false,false,0
rec_cf772919aa0de3454e3a,near_eeecb63f2ae56ebdf548,false,false,0
rec_cf7e016d56b9766792a4,near_2791da3a50be06fd2718,true,false,0
rec_cf8585954de4c993f7fb,near_ced8689bc40f9a98719b,false,false,0
rec_cf8f5ba49e53b05abfa0,near_2791da3a50be06fd2718,true,false,0
rec_cf8fb66aa4ecf16cb3d0,near_93bec614dff40e217b1d,false,false,0
rec_cf90509a15f7cb0d25f2,near_05e696480547a3b7b130,false,false,0
rec_cf90cb1e1ecd25bb25f3,near_2791da3a50be06fd2718,true,false,1
rec_cf96120d4351a6c1f67a,near_2791da3a50be06fd2718,true,false,0
rec_cfa8439e705dadd6474e,near_2791da3a50be06fd2718,true,false,0
rec_cfaf039dae1ee306fcf9,near_2791da3a50be06fd2718,true,false,1
rec_cfb9318c9b3083b2aba1,near_2791da3a50be06fd2718,true,false,0
rec_cfcfffab384f50bbc5a7,near_a7dfe2a62deca9504000,false,false,0
rec_cfd08c99d176c7453ba1,near_7d964d1644b04e86c301,false,false,0
rec_cfd09a48fe139d00042f,near_26bf2c9c99c5ebc186ae,false,false,0
rec_cfd85e0ecc4ee768602f,near_2791da3a50be06fd2718,true,false,1
rec_cfdb5fca9dc953f81f33,near_5a15ab4d690b34f2ee3f,false,false,0
rec_d00231313b84ed7a0e93,near_8f0e3317a51b3721b5ab,false,false,2
rec_d00cef560786e297c40e,near_bf81a7b2473e0fd8f7e3,false,false,0
rec_d00f75e9b33a6145ce3e,near_2791da3a50be06fd2718,true,false,0
rec_d0109088eb0644bd2abe,near_938f20f7793fcc7a34b1,false,false,0
rec_d0130c19bab2607b6b46,near_2791da3a50be06fd2718,true,false,0
rec_d01452e94436d0f90400,near_2791da3a50be06fd2718,true,false,2
rec_d01e552e6ea0c0ac9ba3,near_2791da3a50be06fd2718,true,false,0
rec_d02637b726447ddf2848,near_2791da3a50be06fd2718,true,false,1
rec_d0273237c821c16435c8,near_b605b1e9c5644d98aedb,false,false,1
rec_d0362ca1fa56f1fb209a,near_99742fd85b5d119d28d8,false,false,0
rec_d0366cfc59d70828c64b,near_8dceb500aa550d1f166b,false,false,2
rec_d03a94febc46f98fc945,near_2791da3a50be06fd2718,true,false,0
rec_d05086ef1f48fe2df41d,near_965cc05fd30d6a505a20,false,false,2
rec_d052f128475cafc7ec58,near_7da543dd93b9318b9c01,true,false,1
rec_d066654633487de13aaa,near_2791da3a50be06fd2718,true,false,0
rec_d07ab1c7b936bac9d828,near_6cfdbd6e711cb4da5890,false,false,0
rec_d07b1e23216c038bfe7c,near_2791da3a50be06fd2718,true,false,0
rec_d0820c905e98daf06b48,near_ab8fc61d78c6cbf5912b,false,false,2
rec_d082233eed31cb3d1738,near_2791da3a50be06fd2718,true,false,0
rec_d0997aa4b2aa47c5cc99,near_d61dc1a0a0a141ab3417,false,false,0
rec_d09a605beba96f055361,near_b54c603e5cf2bb4da287,false,false,0
rec_d09c855ca05b71450e7e,near_9258be1f015110923b6f,false,false,0
rec_d09d1397624fd8c2fda6,near_5eea8c96a4f7cc22bdbc,false,false,0
rec_d0a35e8f1821568da48f,near_2791da3a50be06fd2718,true,false,0
rec_d0af8491771de4ef4a2a,near_5bfc6bc4bb18d9ff369f,false,false,0
rec_d0b76395c636502bf0d2,near_e9277894807d74542202,false,false,3
rec_d0d70056ab3fef343f0d,near_4a3f9b8e1ebf2f6f9ba7,false,false,0
rec_d0de395247e4256e88d2,near_2791da3a50be06fd2718,true,false,0
rec_d0e12d838eb9345e9c1d,near_beacf187a640501fa275,false,false,2
rec_d0e3ee0b17d26f99791b,near_d37ff109b5d2cf18c7af,false,false,0
rec_d0fff91d73525dada407,near_35b9e6f4f9d9c7dff3a1,false,false,0
rec_d10163ed98aa50187eb4,near_2791da3a50be06fd2718,true,false,2
rec_d1045eb60847b2cd32c6,near_2791da3a50be06fd2718,true,false,0
rec_d117500ec8aa2bb91911,near_a9bc87b6d3402ffc18b7,false,false,0
rec_d119840e08b2d73f7141,near_ff70e95ffa14ab52f258,false,false,0
rec_d1206a07744f7f4fadc1,near_2791da3a50be06fd2718,true,false,0
rec_d120c2e056dac585c253,near_278073d844c19aeec675,false,false,0
rec_d136c3d60df6ce946747,near_24ccc0221273e0e5ae54,false,false,0
rec_d13a8da9ac49603e3b39,near_2791da3a50be06fd2718,true,false,0
rec_d13caed9650dbaaab978,near_2791da3a50be06fd2718,true,false,1
rec_d1439a23c8542166873f,near_3278fbec333557f72b73,false,false,0
rec_d144c582cd24ce5c3935,near_e06e01c528a9d1f1083c,false,false,0
rec_d151ef219f003bb9c69e,near_66fa932a1e1d95cd7a49,false,false,0
rec_d155ce3f461ef4d84245,near_2791da3a50be06fd2718,true,false,0
rec_d15900cebcf2018ea750,near_2791da3a50be06fd2718,true,false,2
rec_d15ebced3149588ad3fd,near_bf81a7b2473e0fd8f7e3,false,false,0
rec_d1607abee5113d07977a,near_aa084317e2a5adf310f0,false,false,1
rec_d16498bc8f4c12cc2ab7,near_2791da3a50be06fd2718,true,false,0
rec_d1698caa6452655f9359,near_36b17442b09f928da9a8,false,false,0
rec_d1743fa1e61e3cb07515,near_8ef9ec43e7bb53499d90,false,false,1
rec_d17a0c1c4d700db610cd,near_6b5d4190c20d8b5ca2af,false,false,0
rec_d17c949b35ad2dafe92c,near_760d91aed280cce6016a,false,false,0
rec_d18113ccebc967797c9a,near_2791da3a50be06fd2718,true,false,0
rec_d18b65404e3e9c3e59ee,near_a00a05ecb1bc5e749288,false,false,4
rec_d192aeed496db8507830,near_946aafa05e559e61f244,false,false,4
rec_d1956a967a6f20c78ee5,near_2791da3a50be06fd2718,true,false,1
rec_d19efbb55145b979ca73,near_b829feebfb83a03d3c91,false,false,4
rec_d1a19f1541b0a3af8e69,near_33f25792e5c90cfda063,false,false,0
rec_d1b1953a03d7bb5b0d65,near_2791da3a50be06fd2718,true,false,2
rec_d1b6fcaf280770626af6,near_2791da3a50be06fd2718,true,false,0
rec_d1b981d87a01ec0a525e,near_6b5d4190c20d8b5ca2af,false,false,0
rec_d1c3ea06bda71351ee79,near_36494e418969ca045fed,false,false,3
rec_d1c47ea932883719a7c0,near_2791da3a50be06fd2718,true,false,0
rec_d1cf3ef036af83beff65,near_2791da3a50be06fd2718,true,false,0
rec_d1d6bb76f130056096a4,near_2791da3a50be06fd2718,true,false,0
rec_d1d70aef5e4f371abd34,near_2791da3a50be06fd2718,true,false,0
rec_d1dbe57cad1261a68424,near_8c7017da5e011cf9a040,false,false,2
rec_d1dcb46e1b8c2484387b,near_b3e59867c5a895a4adf8,false,false,0
rec_d1e017ea57f635375723,near_282bbb330591f07aeeb4,false,false,0
rec_d1e5171003ca3436452f,near_7199b0584a02c91eb5b8,true,false,0
rec_d1ea53f60300b49bb5c2,near_1a3a1374907d6a296f8d,false,false,0
rec_d1eaa8b5382b787cf929,near_2791da3a50be06fd2718,true,false,2
rec_d1ef6c12bc17e38f96a1,near_2791da3a50be06fd2718,true,false,0
rec_d1fb85d0777c24fbd69a,near_d08c60c892392185117e,false,false,0
rec_d1ff99adb0dbb3602ee7,near_e49be520a45b8fa4f9fd,false,false,0
rec_d20012567d803b812e13,near_96c31bc280249fa99bba,false,false,0
rec_d203038fed8d4d53aeaf,near_fb93ac56b32ae9cef2f6,false,false,0
rec_d20b3d06906fe9e7bf7c,near_2949b71353ab6f5836b5,false,false,3
rec_d24370320bff114845ff,near_6ddba749f263605228c4,false,false,0
rec_d2498483fe27b5b951cf,near_cbab087979745d1c0a74,false,false,1
rec_d249cb0679030b6cf13f,near_2791da3a50be06fd2718,true,false,0
rec_d256a5db2be48ec7da0b,near_a4d3a75bd27a5562fa55,false,false,0
rec_d258bcf66c953f7197d8,near_77bdccbf1f466f76e0ff,false,false,0
rec_d25dc65f879a4805e935,near_2791da3a50be06fd2718,true,false,0
rec_d269d843f5220a66d4bb,near_2791da3a50be06fd2718,true,false,0
rec_d27114610dea5f98c76e,near_aaf2f783f22e47aa8aff,false,false,1
rec_d271b072ae23ab43e040,near_2a65bdb8951eff6cb86f,false,false,3
rec_d2742330ed8c9d5035e2,near_dc33a05d93efb62629a7,false,false,0
rec_d2835a66b4f2f01cc803,near_b6792c2bc77d2137fcc5,false,false,0
rec_d286ceb2509ce5b01c17,near_40bb8a60aacb62be53e1,false,false,0
rec_d28c058563e7f001f153,near_fafbd565cb67990e8b52,false,false,3
rec_d299bd58dd7c47cfa38f,near_33a975c2dc4d66b8d41c,true,false,4
rec_d2a75c34f95e5d8feb2d,near_87ee51260b8df29e33b3,false,false,2
rec_d2a9ff4369925b154c7e,near_ff4411034e86b768c832,true,false,0
rec_d2abf16b2f6888ecd611,near_0ffc2a610634920d220f,false,false,2
rec_d2b3bffe7b7ddf198fe3,near_2791da3a50be06fd2718,true,false,0
rec_d2b9cf945cf41af4bca0,near_98a48f04200249b49370,false,false,0
rec_d2bd746c623db2cd6969,near_7b941f3946c841e4ba8c,false,false,0
rec_d2c0a56c4786a125381c,near_de388a7328032bdd14c3,false,false,0
rec_d2c2968521d309ec396d,near_804a42f4389ffe129d79,false,false,0
rec_d2c9b6a5de7acbbfa023,near_c52f0edde06663cca045,false,false,0
rec_d2cbb6144e9e5ab0f0c4,near_2289fb1c46224fd97767,false,false,0
rec_d2cd29c95d477283b74d,near_2791da3a50be06fd2718,true,false,0
rec_d2ce1aeeeecd44300308,near_2dbc7fd4e6f0dcfc30d0,false,false,3
rec_d2cf74e6afde55ba2aef,near_14abcd2a89d57146b848,false,false,1
rec_d2d83ee1dd0b5e22f9a2,near_28baf27962af39866eca,false,false,3
rec_d2dc21f89fa4b275bd59,near_51dd5e1e2b98197edd56,false,false,0
rec_d2eb6318aa2eed962771,near_2791da3a50be06fd2718,true,false,0
rec_d2eda1dff8a698564117,near_2791da3a50be06fd2718,true,false,0
rec_d2efb4fe24fff9c6bfe3,near_dc33a05d93efb62629a7,false,false,0
rec_d30b6c15441f27bde959,near_30e419995e2c0cf0f653,false,false,3
rec_d32052550db222932250,near_0608ab1361ce7bdbf8ef,false,false,0
rec_d326add91bcd8e192c20,near_1a87bdc0d72ad49570b4,false,false,0
rec_d32d5f7b1190176504d3,near_1ac96c04078d0b748684,false,false,0
rec_d332df2e5a7776085035,near_274216e96726443ca007,false,false,0
rec_d34346a39fe80e168909,near_2791da3a50be06fd2718,true,false,0
rec_d343f38d55b13ea1c0fb,near_400124bac45ababb2b63,false,false,2
rec_d34de0636165422eadc1,near_834377374a3084290ae7,false,false,0
rec_d35137fd04e758e86087,near_42c1f248bea0cf9bedde,false,false,2
rec_d35cd00a700b321e5465,near_868963a504268c1b9ad9,false,false,0
rec_d36cbfdd62867033d061,near_2791da3a50be06fd2718,true,false,0
rec_d36d7a8b2728a4bd1e7b,near_e95573094e0ae7873f60,false,false,4
rec_d378f5994999067075c4,near_79fdcba32314a274e295,false,false,0
rec_d380ba6158916a76d2a4,near_7dbb43a42415eb77218c,false,false,2
rec_d3848707d7c8eeada7fa,near_2791da3a50be06fd2718,true,false,1
rec_d38856c96fd413634208,near_48c76a41d5dda6618875,false,false,0
rec_d389b012bab31f1654bf,near_2791da3a50be06fd2718,true,false,0
rec_d38e7090b118b80eee98,near_da523a0460e3fe999956,false,false,0
rec_d39bcdc3bb9cb2179393,near_f01f9cf0fb375354f8b8,false,false,0
rec_d39ed6829cc3d6140777,near_28e5eae4cb50ff7cfd3c,true,false,0
rec_d3a96ef1e27a89a9b78a,near_8937f8b074d1c4e5bad8,false,false,0
rec_d3c8380d517543f9cf7a,near_19860095cd1e4b839430,false,false,0
rec_d3cbcda7e96447da8874,near_2791da3a50be06fd2718,true,false,0
rec_d3d0c66767e930fd3388,near_2791da3a50be06fd2718,true,false,0
rec_d3da2afc8eaaeb26802b,near_2791da3a50be06fd2718,true,false,0
rec_d3da780b6fe76eebacec,near_f624bbc4e534042ec727,false,false,0
rec_d3dd047230a7375562ad,near_74855c836d69fda7192c,false,false,0
rec_d3ddec6cde3b7f6bdd0f,near_ba79830ce07d80566e1d,false,false,1
rec_d3e6dc7ab40d2e2f8875,near_8011e3425ef177be15d8,false,false,0
rec_d3e81fe1357513e83ae4,near_2791da3a50be06fd2718,true,false,0
rec_d3ef54c204cd0376a57f,near_2791da3a50be06fd2718,true,false,0
rec_d3f2e933afeba4e02beb,near_94b1ebbf212b02de485f,false,false,0
rec_d3f96f8bf3de6bffd382,near_9fe55b97d6f9c515b88d,false,false,3
rec_d3ff6dc39211d564e9f1,near_2791da3a50be06fd2718,true,false,0
rec_d404929b3cf0223f2ed7,near_9a129c8a19fc54671a12,false,false,3
rec_d4192f612a6becd2d361,near_2791da3a50be06fd2718,true,false,0
rec_d41f79d09835ffaf8d9b,near_2791da3a50be06fd2718,true,false,0
rec_d4297e80ee3ec4e24a31,near_a61e7228b96c55419329,false,false,1
rec_d433921bd7e4bb4240a0,near_4b004811265d1b15c723,false,false,0
rec_d438b31a33a5b26bf8a1,near_45732da403c2863e8883,false,false,1
rec_d4400e342a5c29eb9665,near_0932d27d5fc79becde74,false,false,0
rec_d44c4fbafff5641d8bda,near_5be417ec87d7a443235e,false,false,3
rec_d44d81203064b0f29585,near_776ee29b2bf9664e4c86,false,false,0
rec_d4621da7525613597577,near_4d33d8adc2a5cd6c3658,true,false,2
rec_d48382df30599fa886bd,near_2791da3a50be06fd2718,true,false,0
rec_d49201470107bbe2b252,near_e7f75a09b77208c79562,true,false,2
rec_d49c26f0cff1881d93f4,near_c421cc1c61099caac1fb,false,false,0
rec_d49c6de8151502cc2c37,near_9507f290f9d8f70bf1f6,false,false,2
rec_d49f436264a9c13b94cd,near_e8d29cb77e3ef54fcf9f,false,false,1
rec_d4ac458ecb6054e8c47e,near_cc174e5bcbc915209606,false,false,0
rec_d4cb667bd7cfb3807ef9,near_2791da3a50be06fd2718,true,false,0
rec_d4e4623203da704cee52,near_d03ce49d2e685d05567c,false,false,4
rec_d4ec3a6da6a47c02ed4a,near_2791da3a50be06fd2718,true,false,0
rec_d4ee9f00e1d8bef10381,near_2791da3a50be06fd2718,true,false,0
rec_d4f298bb2c460c662681,near_1c9be6652d05dee6c481,false,false,0
rec_d50853840f7fbc2bc26b,near_990edc4830ca9812a62f,false,false,4
rec_d509317060941eb468f3,near_f94aa3a684c19e60442a,false,false,1
rec_d51198bcee00c075ec01,near_2698f1b4b5bf00fcd55d,false,false,3
rec_d5170332c1e05aa80518,near_c2d57a6cb1f4793ee6e0,false,false,1
rec_d52035665abafbc89011,near_c5077ba897051f8d72a3,false,false,1
rec_d52cbe85dd10c93c7142,near_2791da3a50be06fd2718,true,false,0
rec_d5309d2b5ce5be9bc2ff,near_4407499736505f2022b4,false,false,0
rec_d5323586b3ce2be37111,near_a8906dbf241ea9d5dc67,false,false,1
rec_d534edbab8c2d3d14692,near_942b0e81c6bfe61e7e3e,false,false,3
rec_d5385e7fe16cb8a44938,near_32b27543b5dd6114409c,false,false,4
rec_d53ae6e20a2659c19587,near_2791da3a50be06fd2718,true,false,0
rec_d5416de918507b05c83c,near_518d58899ca5201525da,false,false,1
rec_d545a95c07bce7d38e44,near_3da0a746868ab8de3955,false,false,2
rec_d554846bf4a38685c272,near_a6efc84f94f18f043e7c,false,false,0
rec_d559d1181afe6a9e8c44,near_ffc926dae9970582d3aa,false,false,3
rec_d564ad83c60fbba87ef6,near_65c2a76939414faf66cc,false,false,0
rec_d576e069756c96b24286,near_2791da3a50be06fd2718,true,false,0
rec_d5772b57b17c9595792b,near_56c9b2e8a1e91155a0c8,false,false,1
rec_d57895f9112bc3554e5d,near_d094370eb6473ba9baac,false,false,0
rec_d58296d6bf8381194ae6,near_d4b2e46368a93bc8a605,false,false,0
rec_d587d9ec61c96ce7fd67,near_fac76a4b96ef177b6b6b,false,false,0
rec_d59958fd6a5028bab340,near_9d3f4a776fb204fe2239,false,false,0
rec_d59ac25e4b54a2bf4f22,near_33cddf5a87fcd74f3e10,false,false,4
rec_d5a7a305ebfe89b5c5fd,near_2791da3a50be06fd2718,true,false,0
rec_d5a9a95860421117bad4,near_a268e9961242ec597ef8,false,false,0
rec_d5b55c48930297e897e4,near_2a5d08d7bd97204edfd9,false,false,0
rec_d5c2c61cca6ef90cbe88,near_2791da3a50be06fd2718,true,false,0
rec_d5c9595147b255a38d78,near_ed87762df2486470bf4c,false,false,0
rec_d5e640338dd88f51102d,near_ef5cb072cd1470645e15,false,false,0
rec_d5ec58f68f145a5347c5,near_b38f8924599e5826dd6f,false,false,3
rec_d5f5183bc8451dc40e33,near_78abe629084e62e1550c,false,false,3
rec_d5fb839fbdfb5f0cc10a,near_cf240e07120abe79aa05,false,false,3
rec_d6112f057d6eb8a4cc29,near_2791da3a50be06fd2718,true,false,0
rec_d61508d95a0a2e32ebe4,near_2791da3a50be06fd2718,true,false,0
rec_d62027042c6dfd9972ef,near_6fe9319c45bef1efa176,false,false,1
rec_d627189a6a603be7d814,near_6913fb4eeead67665132,false,false,0
rec_d6294d12c90168cd83a3,near_2791da3a50be06fd2718,true,false,0
rec_d62963bbd10fed32a997,near_2791da3a50be06fd2718,true,false,0
rec_d63359cf40f395948b2c,near_62c75333cac3e8b53e7b,false,false,0
rec_d639041d2e2e8e86d772,near_2791da3a50be06fd2718,true,false,0
rec_d642a71d881a570649e2,near_384c4a1659fb7895ddd2,false,false,2
rec_d658322438fc865fdf37,near_5e4880b7a89628b5551e,false,false,0
rec_d6589360f7c05a327726,near_2791da3a50be06fd2718,true,false,1
rec_d65986ced96e872c0c57,near_bf3c45b771d390d5bce1,false,false,0
rec_d670f39ba790e5402777,near_c531cf9eef9eec7a6290,false,false,0
rec_d6740562808cca462fd7,near_ec119c7c5dbc0ffb05ff,false,false,0
rec_d68a822f2a494097228f,near_2791da3a50be06fd2718,true,false,1
rec_d68d679aa4ba986e9752,near_2791da3a50be06fd2718,true,false,0
rec_d6965b6faa5ed7f4a57b,near_6a9122d6d502543619a4,false,false,0
rec_d69710be486eee075081,near_56cad548395e962c6ed5,false,false,0
rec_d697d29564f3427d7015,near_3494ad1a88cbd8d52eae,false,false,4
rec_d69920d928d637686055,near_2791da3a50be06fd2718,true,false,0
rec_d6b92ff14141a4e23fa3,near_a72b39d59a838ca82709,false,false,0
rec_d6c0b43984a9e76f88e9,near_2791da3a50be06fd2718,true,false,1
rec_d6c29cb5d13e39732983,near_2791da3a50be06fd2718,true,false,0
rec_d6c9d876d1483083cf29,near_2791da3a50be06fd2718,true,false,0
rec_d6cf11dceb64614fca51,near_9391e632d73b9217c1e5,false,false,2
rec_d6d636c4f82bfc034e79,near_da707a0cfbd2cb62dd58,false,false,2
rec_d6dbeffc6f80893f3b96,near_01f4140187be6d6e7f58,false,false,0
rec_d6e254f61f20765b09ab,near_a374d99680aed8cc3448,false,false,0
rec_d6e61a843a0d1218931c,near_2791da3a50be06fd2718,true,false,0
rec_d6e9b7ad61173019a0d4,near_60740f319c66b5334321,false,false,0
rec_d6eff7ce74423a693d6c,near_2791da3a50be06fd2718,true,false,0
rec_d6ff3b0f99a53b4c63c7,near_8f0e3a21d70430ae5795,false,false,1
rec_d70b5e09d80164f58441,near_644caa5a7f214ea17bf3,false,false,0
rec_d710d830e6af8b2bb977,near_38c6fee3f86962297660,false,false,0
rec_d71d77f0921b8f744684,near_8f0e3317a51b3721b5ab,false,false,0
rec_d71fa5b8c28b41cb855d,near_363ac5ff8f43e7d4488b,false,false,0
rec_d729fd93948b043d7cc6,near_96c31bc280249fa99bba,false,false,0
rec_d7339601aec3d9f47f45,near_b11c0127cbe924eba733,false,false,3
rec_d73bf3bd2f655a6d2cbc,near_2791da3a50be06fd2718,true,false,0
rec_d73de696a8e30670bdb6,near_48000e10a6aeff551431,false,false,0
rec_d74004779964532bf9dd,near_e93b1e6cbce54b022681,false,false,0
rec_d7436a338d911621963a,near_890ecc4090d041ded923,false,false,0
rec_d7440614f5cdf8bebdb1,near_242d37b55b5703220e80,false,false,0
rec_d7452979205653dff87a,near_2083b87cdaaa9e9e804d,false,false,0
rec_d748d0cc2315b391eee7,near_2791da3a50be06fd2718,true,false,0
rec_d750b89b68d91a7165a6,near_a88cdf823e7194dde440,false,false,0
rec_d752b281b38a489f7a9e,near_2791da3a50be06fd2718,true,false,2
rec_d7613b06d791f426cf67,near_2791da3a50be06fd2718,true,false,0
rec_d7694c0a62f128cd7bc9,near_2791da3a50be06fd2718,true,false,0
rec_d76bba8a1c94a4b4283a,near_2791da3a50be06fd2718,true,false,1
rec_d7722ee2ce76e700ca98,near_04ddccb62b438442b1cd,false,false,0
rec_d77336ddc5ed1761b4d1,near_2791da3a50be06fd2718,true,false,0
rec_d78ab4619b676eb4f38c,near_2791da3a50be06fd2718,true,false,1
rec_d78cab27d22c2a6caf8c,near_37e5c49ea982e0ee720e,false,false,3
rec_d79194d9ec0f659a5647,near_51236f976c737639555b,false,false,0
rec_d792b4687c77ab0750df,near_e8bf29d8ad95c8059705,false,false,0
rec_d794fa40751cd84f71de,near_76352ee45e8c9a7f64be,false,false,0
rec_d79790c83e2aa7bc46a6,near_6b8e6aa91d9e8de18fb0,false,false,0
rec_d79b09e413332ff51a75,near_2791da3a50be06fd2718,true,false,0
rec_d7a2dbf1a558de7949ef,near_fdde4284602100418719,false,false,2
rec_d7b6ba78e37f86c5030c,near_2791da3a50be06fd2718,true,false,1
rec_d7bebd384f1b51f1bc93,near_97f1cd3368ecebbeec00,true,false,1
rec_d7c8df8bce818619c8a5,near_ac661342b1b7a01da1f1,false,false,3
rec_d7c9c15baef74612da8d,near_d063e124e682fb6fabce,false,false,0
rec_d7d897c7b96b6d72ddfe,near_2791da3a50be06fd2718,true,false,0
rec_d7f0dcf5a2eb6a720311,near_e9718a8c6cc7740faf1f,false,false,0
rec_d7f661244b442a843876,near_2791da3a50be06fd2718,true,false,0
rec_d805c0531c004b8bfc7b,near_2791da3a50be06fd2718,true,false,0
rec_d80e38efb25627477895,near_2791da3a50be06fd2718,true,false,0
rec_d80fff8c208b2f54b801,near_f262c36fd8eb57897a29,false,false,0
rec_d8124dd76d60be930513,near_2791da3a50be06fd2718,true,false,0
rec_d8262c927bc9356fc666,near_2791da3a50be06fd2718,true,false,0
rec_d827f7709b41661b66b2,near_a5c0225c2eb528448108,false,false,1
rec_d829a51249db16b2eb14,near_c1c4f516a2bb6ae08eff,false,false,0
rec_d82ba4ee37e5b27ad38a,near_71f01e40b99a5f27185b,false,false,0
rec_d82e1366205a650dfede,near_bdbe632e17313f923c26,false,false,2
rec_d83f08fda796b913f54e,near_acb32cc49c14141da824,false,false,0
rec_d843e6ec4e06faf42ff8,near_cedad6ce0a93c54fedb3,false,false,0
rec_d8449335a7a8ef5b27d2,near_2791da3a50be06fd2718,true,false,0
rec_d84df8f94abe7742c297,near_628d3f2b6cec364eb0b8,false,false,4
rec_d854f439ee70e90d59e6,near_399e5e57ba43a9e98ff1,false,false,0
rec_d864f841a4dbabf6aa46,near_d91ec508c143118c2944,false,false,1
rec_d8652ab160a3c23d6bbe,near_43072188fab8b4ff1eb6,false,false,0
rec_d866dc9ee56c4925da9f,near_2791da3a50be06fd2718,true,false,0
rec_d87261b0a4b1a269361d,near_a230ef080a24b8ab3f9e,false,false,0
rec_d874fd382c8869b6fb44,near_d2c8d5688890019f1f85,false,false,0
rec_d876c86c516d77aa5f26,near_b094385a38638a625a8a,false,false,1
rec_d8801bb8e62e2f405df0,near_ed4d4007f3571aff52ff,false,false,0
rec_d885a819e07173f6defb,near_0ba602fd72a8851f7d04,false,false,0
rec_d88da40c3e1a27a82d0b,near_9a85d1c113a0083b96fa,false,false,0
rec_d88dc79983368428f43a,near_96bc150a3f1ac2374a3e,false,false,0
rec_d8936127a3f2fb6019ac,near_2791da3a50be06fd2718,true,false,3
rec_d89417d5ffd5792cfed3,near_2791da3a50be06fd2718,true,false,0
rec_d896e6ea5b5e39e08307,near_558c91537781d83a7c63,false,false,2
rec_d89daa0ae6850ce55834,near_2791da3a50be06fd2718,true,false,0
rec_d8ad3b6803e6a6fcf04e,near_73b4f9be80127296027b,false,false,4
rec_d8c7e5ad5b97011b9560,near_0093c28d5d2a0f7f3664,false,false,0
rec_d8d5abf2eaed58b585f0,near_2791da3a50be06fd2718,true,false,1
rec_d8d6792c3dfd3506bb09,near_e8d29cb77e3ef54fcf9f,false,false,1
rec_d8d7962d358ad9714795,near_9e4c93bba7bb53a3fa8f,true,false,4
rec_d8e0801c620421ee3254,near_4dad6022b0b8b4ec4fe6,false,false,0
rec_d8e0ccd4ad30478c73d3,near_abb2b6fff8b7025c1722,false,false,0
rec_d8e64ebba4d08e60d86d,near_b7df3e1967d535fe6326,false,false,2
rec_d8e7c2225cab10418ab8,near_45bc628b50f06b012bdb,false,false,0
rec_d8fdf6cf4d393a13e3f4,near_6f478c4960d3784f08aa,true,false,2
rec_d90350c2fd2a1e12fe41,near_6f4499d3b14457ad9ff7,false,false,4
rec_d9083206a27e190d00f8,near_2791da3a50be06fd2718,true,false,0
rec_d90ada37c921c2bc2d2d,near_dd02a4150021c396ddf4,false,false,3
rec_d90e4a7ff00d30802c09,near_7d9b03ece99a52cbc42f,false,false,0
rec_d9195408b9183c63576f,near_cb356040d5a4639bd650,false,false,3
rec_d91b60a8d054ec5cba40,near_d6b01b82ff555e7f8637,false,false,1
rec_d91ee934bc5f17659e13,near_922efc28d1a5c7a348bf,false,false,0
rec_d9419dc3d78fdf55c7e2,near_7cd7dbd177ec15c01bf2,false,false,0
rec_d943629d3137f8d9eee5,near_d3c0f5e5444202bc7cba,false,false,3
rec_d95456c8c701539ca7bc,near_f62a6ac5df9c8359a438,false,false,1
rec_d955f676df8ba1705fd7,near_2791da3a50be06fd2718,true,false,0
rec_d9624ae9995ae300352d,near_2791da3a50be06fd2718,true,false,0
rec_d96afefc30fbdd056576,near_2791da3a50be06fd2718,true,false,0
rec_d97249d4a72df2d7eb20,near_b1b7c406fa173dc5274e,false,false,1
rec_d97395626fd0b4da7fdb,near_a45ee7ed484fd2ef0844,false,false,0
rec_d98274b9e1c49ed52a0c,near_2791da3a50be06fd2718,true,false,0
rec_d98822eb0ea3c8baf301,near_1c6e449907a34512b68b,false,false,0
rec_d98d56f57863992c6783,near_2fc7e65bdd79b53a7f86,false,false,4
rec_d99a8aa873e356904f27,near_8e6854710cc74ad1b21d,false,false,0
rec_d99af02a377c9a9aee9c,near_088fca08940927ddc645,false,false,0
rec_d99c6744a3a62ddfc0b9,near_2791da3a50be06fd2718,true,false,0
rec_d9bcb7e4695bae910f31,near_2791da3a50be06fd2718,true,false,0
rec_d9cb00e1a82bf8f6a29c,near_2791da3a50be06fd2718,true,false,0
rec_d9d5d4d0b6dafc5f3240,near_01d8d1d14622e22f29db,false,false,0
rec_d9e33c657de17de47428,near_2791da3a50be06fd2718,true,false,0
rec_d9e91e4728c7ee6096f4,near_2791da3a50be06fd2718,true,false,0
rec_d9f61f148a317cc60a26,near_2791da3a50be06fd2718,true,false,0
rec_d9fde60b3d6db65366db,near_2791da3a50be06fd2718,true,false,2
rec_da09ada04c009073fc80,near_83842cda3f0dca700ad0,false,false,2
rec_da09b5fcb3894966c14e,near_ae32baa7d18fb3587267,false,false,0
rec_da0b26bd13f599ea5b6b,near_2791da3a50be06fd2718,true,false,0
rec_da0ea67afdab220153fa,near_2791da3a50be06fd2718,true,false,0
rec_da192e13e29ef45d4e2f,near_1e12ee4128bb45eb0c75,false,false,0
rec_da1ff2475cd5423ce053,near_b7897be4207274fffb2c,false,false,0
rec_da31938fcdedc65bef34,near_2791da3a50be06fd2718,true,false,0
rec_da3837ddb6b726d9c199,near_2791da3a50be06fd2718,true,false,1
rec_da39f15f8a0a520972bf,near_65693cca667a71422682,false,false,0
rec_da3bef75e92ab6e16451,near_79338d3d7eccc2b7eca0,false,false,0
rec_da40566773dfc958db73,near_a8906dbf241ea9d5dc67,false,false,4
rec_da4642b75cec1dc7b8cd,near_386f9417b470ffc7faf2,false,false,0
rec_da46c40cd803a6b4390d,near_7196eabe781a20991bf0,false,false,0
rec_da4b84ddf35f3f09126d,near_2791da3a50be06fd2718,true,false,1
rec_da568940bd98c6127dc7,near_2791da3a50be06fd2718,true,false,0
rec_da75e19a641b4e335847,near_b4cfededd3ca663543ff,false,false,2
rec_da7859dfc77646929b04,near_cafe7c8cfb7b16b8059c,false,false,2
rec_da8e35c30b2e569b058c,near_2791da3a50be06fd2718,true,false,0
rec_da94950ef285158513fe,near_2791da3a50be06fd2718,true,false,0
rec_da9f81ab633667e1bc8d,near_d112879da9347c24a985,false,false,3
rec_daa47d414f36450d409d,near_99840469de9bb29b081c,false,false,2
rec_daa57006e8efe8ef2082,near_fbc9f9cf47d1e3e499f2,false,false,4
rec_daaf3834f7124ef7cd77,near_2791da3a50be06fd2718,true,false,0
rec_dab0fd0d2f39eb360440,near_aac7ebf1d0dad6b2baf2,false,false,0
rec_dab76731463f584e089f,near_b372333bedba578685eb,false,false,0
rec_dabe3cf210e89fbd65a8,near_54e253592ff4add1d3ba,false,false,0
rec_dabf8e7b06cac416000a,near_dddabbf5d1feb0af8868,false,false,0
rec_dacc9fa468b820f4b975,near_2791da3a50be06fd2718,true,false,0
rec_dadb70f9fb6f6c04055d,near_2791da3a50be06fd2718,true,false,1
rec_dadff4e8746fea53c549,near_856e03ab195f3456ee5d,false,false,0
rec_dae19a8106e9050dcfa5,near_a2372dcc22300e8dc4ba,false,false,1
rec_dae4825b2b633c93a8eb,near_2791da3a50be06fd2718,true,false,0
rec_dae678d4b18dae05e276,near_2791da3a50be06fd2718,true,false,0
rec_daed184d7055cac18793,near_2791da3a50be06fd2718,true,false,0
rec_daf578889fba3b17fdb7,near_2791da3a50be06fd2718,true,false,0
rec_daf8853c849b90b2c96a,near_926817b247f793ce8ba6,false,false,1
rec_db06e675da7238986caa,near_2791da3a50be06fd2718,true,false,0
rec_db12a4c98ba0b445724b,near_2791da3a50be06fd2718,true,false,2
rec_db14c49617694b226571,near_2791da3a50be06fd2718,true,false,0
rec_db168eaa017030f82b88,near_f4762c76974cb3508c81,false,false,0
rec_db1a8aa69836b0b589b5,near_f34642f3d25bdad6dbcd,false,false,0
rec_db1b98929c4972fba063,near_7ae57965aa88d905778c,false,false,0
rec_db31e14ad8387742e6ba,near_e4d2789ef036afd941d2,false,false,0
rec_db34c212483d7f02d6e9,near_71230416be651c73eb75,false,false,3
rec_db41ab8b289240b333d0,near_2791da3a50be06fd2718,true,false,0
rec_db4c32b8962a27a013e9,near_28842a9f72354f392d33,false,false,4
rec_db63379655a711e0a310,near_2791da3a50be06fd2718,true,false,0
rec_db634538dc997de6def6,near_dc40e21fc9004b22feae,false,false,1
rec_db653d5bbeb42f1f2740,near_2791da3a50be06fd2718,true,false,0
rec_db663258106e57c7e922,near_0b5af326d8254042b88b,false,false,0
rec_db6f19505e6c5f35cf71,near_6b86e7208260c278636d,false,false,0
rec_db7614c7dcd3c1385de9,near_cf667cdca928f0d97525,false,false,2
rec_db7e4551082b7430c126,near_b23d49037565b4b4cd89,false,false,0
rec_db822a26bc1421facd37,near_1821c2634d9b3ef21293,false,false,1
rec_db9cd228df25dfa9eb7e,near_2791da3a50be06fd2718,true,false,0
rec_dba5f6c19e282614dc70,near_c361c016e3db2071d345,false,false,1
rec_dbb44de8713d300ca383,near_3282c14a1088b1eb2efc,false,false,4
rec_dbbb39e6932e421f6a8c,near_cd9c79a21b01012c21c8,false,false,1
rec_dbceea88c5471ef55f6f,near_2791da3a50be06fd2718,true,false,0
rec_dbd3cfbe5a7f13cf8c16,near_2791da3a50be06fd2718,true,false,0
rec_dbd4fbe9d8b851c0ed02,near_2791da3a50be06fd2718,true,false,0
rec_dbd6ca1c011d57285448,near_2791da3a50be06fd2718,true,false,0
rec_dbdccdc5efe66e35d056,near_fcaca231211d16259d77,false,false,0
rec_dbed9925ed43990792d6,near_d35a093982901e77aa52,false,false,4
rec_dbee8800128e3ed9c8d3,near_dd913d835f041cbf6cd4,false,false,1
rec_dbf17ab63476ee6f8ed6,near_e2902bb239968d5d7bb1,false,false,1
rec_dbf55d3523d65c8c192f,near_a6d4b78eb909bdb68f0a,false,false,4
rec_dbf602428964379a6199,near_98786f671fd0aafb962e,false,false,0
rec_dbf7c76040db3efb471c,near_a9ba68ec6c7fdb7da2c0,false,false,0
rec_dc06823e83f6585456ef,near_2791da3a50be06fd2718,true,false,0
rec_dc0a2338538a7cbb8c4f,near_291c88f1a5be426ca59d,false,false,1
rec_dc0b84397b67e8178555,near_9d0c65d42b7366bdd3a1,false,false,0
rec_dc0cc825d3311034f284,near_2791da3a50be06fd2718,true,false,0
rec_dc144cf64b09a540c5c8,near_7b941f3946c841e4ba8c,false,false,0
rec_dc16e7dbaa821f091397,near_94cb3c7b4abdc646acf3,false,false,3
rec_dc1a6bd5d6acd07f0c5d,near_2791da3a50be06fd2718,true,false,1
rec_dc1bfc3ba80a29bd55e4,near_a72b39d59a838ca82709,false,false,0
rec_dc23f0b86fd50e02aa29,near_07a8554dbd4314288c63,false,false,1
rec_dc2a7adc9c17463dc459,near_bae7a8f1dba446174d0b,false,false,1
rec_dc2fb1962bdc09260053,near_2791da3a50be06fd2718,true,false,0
rec_dc3a476f476ba6c4f520,near_8df8f1ea844c63db164a,false,false,0
rec_dc3d52dd748209dfa6fb,near_4b97f72ad77df42c91c6,false,false,0
rec_dc3f6047b6063cf77005,near_4cf1041ca0e2d3b4a4e8,false,false,1
rec_dc4458c0cda1c09dbf0f,near_e7ba7e574b53220ca7b7,false,false,0
rec_dc45ef7f5f4a229fff6e,near_c3ad383d9a03b3456253,false,false,1
rec_dc4ba600db2f2e0fdc30,near_098e86b2953206811521,false,false,1
rec_dc4fee3de3524ecf9c75,near_2791da3a50be06fd2718,true,false,0
rec_dc5004a82a52b8d98c39,near_f9d9871bdd0ae3866140,false,false,4
rec_dc5a00a72b7a32ffb236,near_2791da3a50be06fd2718,true,false,0
rec_dc5e63860da73b1809c5,near_8cb4bbeae84e7f6b8202,true,false,3
rec_dc61718a8301ec2fea4f,near_2791da3a50be06fd2718,true,false,1
rec_dc63780d42ff03135a1d,near_4111a77ce111cb7a8155,false,false,2
rec_dc72dc53b2f8725244d4,near_2791da3a50be06fd2718,true,false,0
rec_dc75bf83403511102f57,near_d883b21f9bfc2d56b7ac,false,false,2
rec_dc7d2947d6ff53e6bc50,near_486e57ae9177fb8a82f0,false,false,0
rec_dc7dc711e234dee17f84,near_2791da3a50be06fd2718,true,false,0
rec_dc7e787701a36a557e0f,near_2b0df2f1a38d6be638df,false,false,0
rec_dc989fe16b010f0d7871,near_ae64d563efc4d2e80d45,false,false,0
rec_dc9af027f9d22f4976a4,near_b59c4f9e0036bb028680,false,false,0
rec_dc9f9586b6bab750d854,near_2791da3a50be06fd2718,true,false,0
rec_dcb5110a0a50b21d39a5,near_2791da3a50be06fd2718,true,false,0
rec_dcb538a3b9c7314dc8c2,near_f262c36fd8eb57897a29,false,false,0
rec_dcbd2c7d6ed870af6e57,near_27f31105f833a9031cc8,false,false,4
rec_dcd7ef93b9c7429b3a72,near_64ecedf7b92b52d1f0f3,false,false,0
rec_dcdd3249c22e7fd5da3a,near_cb03b76933bfa4cdc3f1,false,false,0
rec_dce24118c88ad98bc235,near_2791da3a50be06fd2718,true,false,4
rec_dce6f0f0783077155e1e,near_d91541b7151d0bba2734,false,false,1
rec_dceb6193941334e07233,near_4b28324087103b9763e0,false,false,0
rec_dcfd33ebf1f1e4492e1b,near_1147cfdd2cdddf12bc02,false,false,0
rec_dcfd5563263e2e060f0e,near_2791da3a50be06fd2718,true,false,0
rec_dd09783756eac5b016c6,near_2791da3a50be06fd2718,true,false,0
rec_dd0c7247942ade29b1fc,near_2791da3a50be06fd2718,true,false,0
rec_dd13a88df5aef0eea046,near_2791da3a50be06fd2718,true,false,0
rec_dd2307b149e176f051a0,near_811268e62ef1ac635afc,false,false,2
rec_dd24617cde7cff033cde,near_11e863d585fac900cc7c,true,false,3
rec_dd26380460024beec7d4,near_955f9093c40b45c1ff7c,false,false,0
rec_dd2abfe0bd45f36861ad,near_f95b82c03d245347b5fe,false,false,0
rec_dd35490550ca06b8645e,near_d27768779c1ac1221906,false,false,3
rec_dd4362cbcecd2563461f,near_79bd1bc820646f81aace,false,false,0
rec_dd45c0165c358bac296a,near_2791da3a50be06fd2718,true,false,0
rec_dd4dccd90a71df7101bd,near_9386d516b8f0ace883eb,false,false,0
rec_dd5cbb8badae5918fddf,near_2791da3a50be06fd2718,true,false,0
rec_dd5d9fc27a428371d58f,near_2791da3a50be06fd2718,true,false,0
rec_dd63b89a28ef75d0aadc,near_2791da3a50be06fd2718,true,false,0
rec_dd7858919fdad207b264,near_f9931ae6e94fba697a7b,false,false,0
rec_dd7af9d7bed79b7d48a7,near_94c6bbf81c05ec31f527,false,false,1
rec_dd7df89c27dc951ce643,near_2791da3a50be06fd2718,true,false,0
rec_dd9838a88efbb04c2880,near_27ef206f17781218ba35,false,false,1
rec_dd9a08e6a99bacaf3fcf,near_2791da3a50be06fd2718,true,false,0
rec_dd9d90d6430c0baaeb3d,near_2791da3a50be06fd2718,true,false,0
rec_dd9f0cf626ae0115ec85,near_7a02787ed05d0527a04c,false,false,4
rec_ddb0f5e0a00353d1b963,near_7199b0584a02c91eb5b8,true,false,0
rec_ddb86093993813b5def1,near_a4e17d7488f496bafb73,false,false,4
rec_ddc412dcca2c7a2ae62b,near_a4e17d7488f496bafb73,false,false,4
rec_ddc42f2e7cdd3377b6d6,near_9e7b226b91f2939d4173,false,false,3
rec_ddcb0019b1acd07d91ef,near_098e86b2953206811521,false,false,1
rec_ddea3c1103028db99a43,near_e77de8df8c8ce0aa71b5,false,false,1
rec_ddeb94b781a6026793c8,near_157217f5328359da1e70,false,false,0
rec_ddef4db3c1124f766545,near_5a1ec8976299da892a13,false,false,3
rec_ddf22e06f4560e8cab85,near_52b4bacf34fde5ce9d30,false,false,0
rec_ddfada6435593356b347,near_2791da3a50be06fd2718,true,false,0
rec_de1465f8a81d6ccb37fe,near_2791da3a50be06fd2718,true,false,0
rec_de167aa0788e4866c1bc,near_c8a7536b6e713f1d3d10,false,false,2
rec_de18ff6fdf3257d54939,near_2791da3a50be06fd2718,true,false,1
rec_de21f31e9ee826cab157,near_2791da3a50be06fd2718,true,false,0
rec_de24eceb56591fd58ffb,near_450bba1ae46cbd7d78d5,false,false,0
rec_de5068b1a75883c8dd9b,near_f5ddf0139979c30446d2,false,false,0
rec_de55f44b32e9f25f8872,near_6c4d28c9c01ae0662f2c,false,false,0
rec_de69373dae23864e3862,near_f5265e3fd41557c1f0a6,false,false,0
rec_de7f234abb8d7e50166a,near_a807ae254d3a06c24bc6,false,false,0
rec_de825d10416d581f61ad,near_2791da3a50be06fd2718,true,false,4
rec_de88bcd72ccc5bfd19a0,near_cd8c3ea40e89ae9113f9,false,false,4
rec_de8b482531dc05ae2ee1,near_cf667cdca928f0d97525,false,false,2
rec_de9039322d9a6e878cd7,near_ac6a723d8b63471c786c,false,false,4
rec_de904728a162f1e0396b,near_1196e9686c886bf8ddcb,false,false,0
rec_de927f253722afc107e4,near_2791da3a50be06fd2718,true,false,0
rec_de9304b967a6d9824c7a,near_cf240e07120abe79aa05,false,false,3
rec_de9d593071b8378ee86d,near_a92fcaccd189ced7751f,false,false,0
rec_dea08c3bf8210e608f10,near_3bca4870d859ab6a9c7f,false,false,1
rec_dea195e17f47a8062efa,near_2791da3a50be06fd2718,true,false,0
rec_deb446bfc6bdcf4fc965,near_ac9150d9bd1d1451af6b,false,false,0
rec_debc14538be2370fab84,near_2791da3a50be06fd2718,true,false,0
rec_debffa8c92e6a3e8fb90,near_b426b68093038a615049,false,false,1
rec_dec2473eb774e7bc93f9,near_2791da3a50be06fd2718,true,false,1
rec_deca05f6dfc71e79049d,near_2791da3a50be06fd2718,true,false,0
rec_decbfbf713e54eb6c004,near_3e18a2875f06f9021399,false,false,3
rec_dece9678dfeca1f20524,near_303a5de06379f76a2efa,false,false,0
rec_ded0d35ebbc79271119b,near_2791da3a50be06fd2718,true,false,0
rec_dee14f5cff9f8c4d898c,near_0fe95dd8ce251ecef49b,false,false,0
rec_def3edd7ae688ac6f49c,near_2791da3a50be06fd2718,true,false,0
rec_df0ce83c04902d8ee511,near_33ea30a9da993c1aefca,false,false,0
rec_df149cd5e8e51035dced,near_2791da3a50be06fd2718,true,false,1
rec_df1534079eb626439bdb,near_9c5b06a58a2c3ff8afff,false,false,3
rec_df19dd99db6f289ab8f9,near_2791da3a50be06fd2718,true,false,1
rec_df1a78b964441cadf73e,near_284466d399a999575359,false,false,0
rec_df238aa1ad3ede2ea320,near_792dde3eed3d1f4dc8c6,false,false,4
rec_df25ccefc32a173983c6,near_bcd71e33c4dc085afa79,false,false,1
rec_df2c15e8629efc6259fb,near_2791da3a50be06fd2718,true,false,1
rec_df457cc411ebb3ffb9a3,near_513474242fe3bf32db5c,false,false,0
rec_df4d6645da2c4936dff1,near_2791da3a50be06fd2718,true,false,2
rec_df504fb83755bcdf4c10,near_2791da3a50be06fd2718,true,false,0
rec_df50a572d4c9131099cc,near_b72b7baf4a508dac192b,false,false,0
rec_df563c3092eefa112676,near_8b9bb09ea001098263bd,false,false,1
rec_df650e10f2eddd7ab166,near_468148747c0bef17b8f9,false,false,2
rec_df751fcc3b094845394a,near_47bd2f0e10c7836dcb73,false,false,0
rec_df7fa5efa4acc07a7144,near_ebf277d1299a2fc3a8fd,false,false,1
rec_df875af2dd79c87811be,near_41900810518eba75e388,false,false,0
rec_df8ddd5dd2fafbe2edd9,near_4014204e98a1b73f354a,false,false,3
rec_df9645996c40940e0f9f,near_c6eb4cd5d8da53374029,true,false,1
rec_dfa9253b3ad9550bbaf7,near_33a975c2dc4d66b8d41c,false,false,2
rec_dfbfc8ade67255cf077f,near_2791da3a50be06fd2718,true,false,0
rec_dfc9bdc55942ec70971a,near_2791da3a50be06fd2718,true,false,0
rec_dfcdb31839356bf39e26,near_2791da3a50be06fd2718,true,false,0
rec_dfcde27c35e5b6b465e4,near_2791da3a50be06fd2718,true,false,1
rec_dfdbc19c62bdbb6cc360,near_2791da3a50be06fd2718,true,false,2
rec_dfdcc133d9b1ba054e3d,near_2791da3a50be06fd2718,true,false,0
rec_dfef06d70ffe84a2c13b,near_2791da3a50be06fd2718,true,false,0
rec_e0013f1284a8140ddea9,near_2791da3a50be06fd2718,true,false,0
rec_e005fcb636d61f3d3569,near_9e42083aed8193fb8085,false,false,1
rec_e009e2359e902def8f05,near_341a41e2427edc073e33,false,false,0
rec_e00a4ecc6b8ed2ca1069,near_d3019c3c852ca2f51357,false,false,0
rec_e0103f6f6d282b26b23f,near_3b42fbfc103375c0d277,false,false,2
rec_e01eafd10da5fb41e384,near_2791da3a50be06fd2718,true,false,2
rec_e023c0174893ed53c044,near_2791da3a50be06fd2718,true,false,2
rec_e02d84b4605f43d013b9,near_88d286cebf055cf569dd,false,false,0
rec_e03a7b81391241660d33,near_f523c4d368ff5b22b4ae,false,false,0
rec_e03abd622b9a0cd54ca0,near_2791da3a50be06fd2718,true,false,0
rec_e03b5014a821507b2663,near_43168219880836acd567,false,false,0
rec_e03c6fc95e636dbb7c7d,near_2791da3a50be06fd2718,true,false,0
rec_e03cb7d89e5f3cec0efa,near_c52f0edde06663cca045,false,false,0
rec_e0476d9707d08225b6bc,near_f9e2aa7736a7769fd309,false,false,0
rec_e0521f1103d3bfab9780,near_a528c6c6871a0a4aac68,false,false,1
rec_e054c975bc744e8e1f35,near_d3790f82486f5276a4d7,false,false,0
rec_e05638c3391d2d0f7345,near_cd9c79a21b01012c21c8,false,false,1
rec_e0601e99227f9f88bac9,near_4235e597d5cf3a3a331f,false,false,0
rec_e06313cbae968129bf19,near_399e5e57ba43a9e98ff1,false,false,0
rec_e068f179de58722c972e,near_2791da3a50be06fd2718,true,false,0
rec_e0734ff2270943b7b6c5,near_25d882045229d33541b8,false,false,0
rec_e0755ea413087e475b71,near_7e1c09667a1c225cb3fd,false,false,4
rec_e07703e160cd84761dc9,near_1c9be6652d05dee6c481,false,false,0
rec_e08e8014d94dd00baef8,near_7dd11d4f3d4d25a92f60,false,false,0
rec_e091cc92ffe777d37cb0,near_3324753f9308df4f4167,false,false,1
rec_e09e463ffeef9169b7bc,near_09b9a9512fbbc3bfa8a8,false,false,0
rec_e0c011fec0b2ce0b6333,near_2b2f27225e64e3091669,false,false,0
rec_e0c7ee3fbc39ab92c417,near_102cffcae37aa82c4d12,false,false,0
rec_e0cc1ea88c49ae78fb41,near_2791da3a50be06fd2718,true,false,1
rec_e0cca96a228d15dab579,near_4db85388df77f560fc82,false,false,0
rec_e0d078ba1cbff81efb49,near_0c85e263614cd343c6ab,false,false,1
rec_e0da142864129216a344,near_f40d3411030f4ac392bb,false,false,0
rec_e0dc4d9636e023b6a8f4,near_2791da3a50be06fd2718,true,false,1
rec_e0df31857bbbf788d4de,near_f7acb73a7a5755e2a335,false,false,3
rec_e0e3e598b3b75bfc8274,near_2791da3a50be06fd2718,true,false,0
rec_e0f44fd578553a815b93,near_34d30f06a49fd62ff70d,true,false,0
rec_e0f4b9b52c079c37b922,near_2791da3a50be06fd2718,true,false,0
rec_e0fd431f799f86d8b390,near_d08c60c892392185117e,false,false,0
rec_e10053b4c460739617aa,near_e2f7d6e36cd945c57c05,false,false,1
rec_e102d89f59e12d14d761,near_7199b0584a02c91eb5b8,true,false,1
rec_e1049066505c7badb19f,near_2791da3a50be06fd2718,true,false,2
rec_e106d8ef80de94265e72,near_04df586b121f8a7c976b,false,false,0
rec_e115a12a91a6f4b1bd67,near_7286180d1fa89f0b86f8,false,false,0
rec_e1190d7d0fc66a6e55aa,near_93e90177484f287bed14,false,false,1
rec_e132542a5988abc27e70,near_401480e50ae5fa2a2740,false,false,0
rec_e134fe65f83039613663,near_275563c704e8afd465c8,false,false,0
rec_e13523c1891756a0f2e2,near_2f60284f91632e61fdcb,false,false,2
rec_e1376802dcefc3506f98,near_e8b6fbaf885f323b9331,false,false,0
rec_e13e9a7fe085fb3a09fa,near_2791da3a50be06fd2718,true,false,0
rec_e13feda588d7be020497,near_1b935affe9a9213102a2,false,false,2
rec_e1410b0ae97d9d140b03,near_2791da3a50be06fd2718,true,false,0
rec_e1427de249e21513aa7f,near_2791da3a50be06fd2718,true,false,0
rec_e14abdf94374162755ed,near_576a413e9f329260ba48,false,false,1
rec_e14ce652fe2d12d97562,near_87bc4459950dd77c90a4,false,false,4
rec_e14cf857c74cfefe8cc6,near_ff611ecfaa9f473a6288,false,false,0
rec_e15317dd252b16968094,near_a44a3c6baa29e2ea77e0,false,false,0
rec_e15a380b4ed34561f4f4,near_c4974a26f792db5a85f8,false,false,4
rec_e15cdb7be68a59054e03,near_09c86884d06ece9fdb36,false,false,0
rec_e164f2871980d1d0cee0,near_74040fdba74754c744e6,false,false,4
rec_e1672c8f643cbc48cbd3,near_2c568515be3b771d7144,true,false,4
rec_e16947171d014f5bd1ab,near_3019f6604f1072ef47d8,false,false,2
rec_e16df508d899824073d3,near_bfa60cbb5fc64beaf671,false,false,0
rec_e16e05e4d1af4d292b10,near_2083b87cdaaa9e9e804d,false,false,0
rec_e171144dc403f0614ed7,near_8cca57edf6d3173362e8,false,false,0
rec_e173632060c0cae5b444,near_ca379b35013c8621c2dd,false,false,3
rec_e17379f8e4288834d668,near_2791da3a50be06fd2718,true,false,1
rec_e1775a73a1c4d19895a7,near_74572e1a50e43f42464b,false,false,0
rec_e178b2890208f2d96cef,near_0686dfed853dc944eaab,false,false,4
rec_e183328d1a90b4f6efc3,near_26ddf59ac99d90f361c1,false,false,0
rec_e1976a95673cc4359cef,near_50ac12c0532b318c16fa,false,false,3
rec_e19e7b26db6cb3f1c195,near_8d2837ad12881f0ed216,false,false,4
rec_e1bfffbdad276cb7e4c8,near_13c77d1a2c1aa4aef2dc,false,false,0
rec_e1c9c79e78e0b12efe92,near_2791da3a50be06fd2718,true,false,0
rec_e1d1d59835246039acc1,near_f8c2fa511dccd40da6f1,false,false,2
rec_e1e784e303cb71b8305b,near_64ecedf7b92b52d1f0f3,false,false,0
rec_e1f38a9d2841c20c11de,near_2791da3a50be06fd2718,true,false,0
rec_e2047509a63febf77c35,near_3164dfa598ac956fa4dd,false,false,0
rec_e20eb5195bb2fa271ee7,near_9b60d76cc6690b362bb3,false,false,0
rec_e213d02a67b58b626d10,near_d32fd0670bc6915896a3,false,false,1
rec_e2201afc1aecccc50756,near_aaa939c493e2b57f4608,false,false,1
rec_e237e040211aeda1e10c,near_9914247a894ee574061a,false,false,0
rec_e24151958943a6c1025e,near_0a6aded954b1015056d4,false,false,2
rec_e24383aee01d5e0249b7,near_7f32e3b43e4e43296ec5,false,false,0
rec_e25575f55af680dc1d4a,near_8c147a76892359e2ca56,false,false,0
rec_e2633bab56db707ce667,near_2791da3a50be06fd2718,true,false,1
rec_e26480c3bb45d20d244c,near_2791da3a50be06fd2718,true,false,0
rec_e267109a2057d9784946,near_2791da3a50be06fd2718,true,false,0
rec_e26cd1c69c0d939b889c,near_2791da3a50be06fd2718,true,false,0
rec_e26d461cd340c1f1e856,near_6c634a7d9675c590cbd3,false,false,2
rec_e271be04bfd23e8dc53c,near_2791da3a50be06fd2718,true,false,0
rec_e278cb625fd3cd7f3f80,near_94f65b52fb76eb289606,false,false,3
rec_e28ac0838ada09270e7a,near_2791da3a50be06fd2718,true,false,0
rec_e29422d3a7a4cdfa4131,near_ff611ecfaa9f473a6288,false,false,0
rec_e2a546017d0267585809,near_7a4b6c75adda9db8d3ec,false,false,1
rec_e2b0c71123f088bb49ed,near_d6a25d62df45429f8d32,false,false,0
rec_e2b5c652b358ea458d70,near_00d85e8163e34eeadbe5,false,false,4
rec_e2b611a641eca461e743,near_495644e85cc39e48698a,true,false,1
rec_e2b9766b6b934e7ce58e,near_63299473861423e6fd01,false,false,0
rec_e2c2cbdb3b89bfd2aec3,near_b80c141820e38fe44455,false,false,0
rec_e2d51e447d71f4d567a6,near_c8da41faeab03dc862df,false,false,3
rec_e2db8906e9c35573c05c,near_2791da3a50be06fd2718,true,false,2
rec_e2e09a89bc09df1fe85a,near_df885153522b5ab06958,false,false,4
rec_e2e3dbcd8ed89b2f6e32,near_672c7cc2fc0b5076eb3a,true,false,0
rec_e2e681854b91e5fa8117,near_2791da3a50be06fd2718,true,false,0
rec_e2eef683658e1aeddd35,near_2791da3a50be06fd2718,true,false,0
rec_e2f04dc043c562d6f13e,near_f822f6cda3e1b2a887a6,false,false,0
rec_e2f4ca17bd1ea3b5ba59,near_2791da3a50be06fd2718,true,false,0
rec_e2f5c6149084747f7482,near_667c5b6f5a1a297b1093,false,false,4
rec_e3066922a21cf1878088,near_2791da3a50be06fd2718,true,false,0
rec_e3150b047fbd529905ad,near_342ca37728f384e34685,false,false,0
rec_e315676e2aa610d7defc,near_672f8b4a4633f74e3836,false,false,0
rec_e31c5de873c30701310c,near_c90fd7979140cbdce69f,false,false,1
rec_e3297bffd2766552cea3,near_aaf2f783f22e47aa8aff,false,false,1
rec_e3374bdd407619c80b46,near_5d744d5862ee603afc89,false,false,1
rec_e33d769362ed06767db1,near_31aa0cc9fb7e4e27e3bd,false,false,1
rec_e351dfabc7aab91834dc,near_14abcd2a89d57146b848,false,false,0
rec_e35bf7ddd7528834d062,near_25c7ae8032759c13635d,false,false,0
rec_e35de58d341358822983,near_2791da3a50be06fd2718,true,false,0
rec_e35fc37e15fa1798da17,near_ae12b6ef2f051bb86f61,false,false,0
rec_e36f2f3007446a1f5b78,near_a75bc12b7555f39815d3,false,false,0
rec_e3758b2dfd4e2516b6d2,near_1a87e7354316ed69307f,false,false,3
rec_e37e928c0380caba095f,near_22a2242a14ebb33cb767,false,false,0
rec_e3822d78dee29bb48a45,near_2791da3a50be06fd2718,true,false,2
rec_e38dd23ced2f9bb67518,near_b3e40a2ae7e8a2f85446,false,false,0
rec_e394936303751d996e42,near_8646f11b148aea1842bd,false,false,3
rec_e39abfff40cdf99beba2,near_2791da3a50be06fd2718,true,false,0
rec_e39ae7f638b412296d29,near_eb610ed96d539f59fb30,false,false,3
rec_e39fe86b4c8b02b24c0b,near_2791da3a50be06fd2718,true,false,0
rec_e3a34171dfbb0e0773f8,near_0911ecc044f51574ae04,true,false,4
rec_e3a56d5e00e4c441d313,near_7f7dd4e06f06e1d97800,false,false,0
rec_e3b562f8edfdd66db32e,near_1c21ffda29bb2409e44d,false,false,0
rec_e3b873e951a0a90d8e58,near_45732da403c2863e8883,false,false,3
rec_e3c97bdc4e09a9a9ed2e,near_dd02a4150021c396ddf4,false,false,3
rec_e3db447b8ffba44a1ba9,near_e0207b867355912334ec,false,false,1
rec_e3ddbf5ecae37b78123c,near_2791da3a50be06fd2718,true,false,0
rec_e3deef205b2193a21551,near_094077ef6a155a3f1e1f,false,false,4
rec_e3e3815720cb0fcf2224,near_2791da3a50be06fd2718,true,false,0
rec_e3e5aadc87b3e20b158e,near_2517021cb12dd24b4758,false,false,4
rec_e3e8a05f67c42e5a1558,near_20814e9433c08ef315bd,false,false,0
rec_e3ed738e5f42c94e4bf7,near_51236f976c737639555b,false,false,0
rec_e3efac84e60a0d78154b,near_92fa31eda4dc8a9df19b,false,false,1
rec_e3f5c18030386ba97b16,near_8bbc998d6e9ed388f2d2,false,false,3
rec_e4015b416e4eb8b2fb28,near_2791da3a50be06fd2718,true,false,0
rec_e405282af8bb2b127ae4,near_4d33d8adc2a5cd6c3658,true,false,1
rec_e40f3f418aeabac67938,near_2791da3a50be06fd2718,true,false,0
rec_e41be41d17551d57fbe0,near_851a4539a7c8a34b6e2b,false,false,3
rec_e41cc2a1ebfae9be91eb,near_bc0c5066a5ecf159397a,false,false,0
rec_e421c03cd5a94d2808c5,near_2791da3a50be06fd2718,true,false,0
rec_e429a908244236c2fe66,near_40770cb42791827eba16,false,false,1
rec_e42bbed2f2f55ffe8ffd,near_1d3abb937b15f9be16a7,false,false,1
rec_e431003e0ad081b3c2ec,near_a411a18d75c9346dcd49,false,false,0
rec_e43898d5fb502addd227,near_b60bc3d3dc039bc288f4,false,false,1
rec_e43bd7ac4782c5cd4588,near_2791da3a50be06fd2718,true,false,0
rec_e4489a67c49d48362d65,near_d2c4e3d95f353bef7d68,false,false,1
rec_e45150d15d515db7ceb6,near_3de615d8cbff457d94be,true,false,0
rec_e4556389595338620a20,near_09db9c76d559dc445832,false,false,1
rec_e459c1d2d83b69f445c5,near_2791da3a50be06fd2718,true,false,0
rec_e4631c541283685b5fc7,near_2791da3a50be06fd2718,true,false,0
rec_e483a16980b3aa31389c,near_a28bce599a42a9ab7b66,false,false,0
rec_e48544023c5d1fd3e6bd,near_d43f154bafdb89ba316e,false,false,2
rec_e48dc502fdf7e66e3fbb,near_3d6e410c736887067c9d,false,false,3
rec_e4948afa4fa243136d47,near_3beffa731c08915a21b9,false,false,0
rec_e49a56691588c3c4654c,near_6258205e92ad6a6eb5c1,false,false,0
rec_e4a126218a59160461cb,near_2791da3a50be06fd2718,true,false,2
rec_e4a2d85283842ea7b1b3,near_2791da3a50be06fd2718,true,false,2
rec_e4aa328b3714cfe66015,near_2791da3a50be06fd2718,true,false,0
rec_e4ad1962d8548fcee9b7,near_2791da3a50be06fd2718,true,false,0
rec_e4aefb83f76edffa7513,near_2791da3a50be06fd2718,true,false,0
rec_e4b3dc0bd5d53a0ace7d,near_2791da3a50be06fd2718,true,false,0
rec_e4c23b50daf12328cd5f,near_1bc39f3e057f73ef7fc9,false,false,4
rec_e4cf5efd6db537d549dd,near_2791da3a50be06fd2718,true,false,0
rec_e4d6bafde36f86cf1797,near_2791da3a50be06fd2718,true,false,0
rec_e4d9793a2d07d53c7c44,near_1180af2ed7ecc8e6d6e8,false,false,1
rec_e4e60bbbf51fb950cdf3,near_e95eff6f5e0d48737e74,false,false,3
rec_e4f366e710ee518d7bda,near_6bef73416f14c89e3255,false,false,0
rec_e4f4cd37f856492357d0,near_b4620332fc8aa76b571d,false,false,3
rec_e506b919e8ba93f09e71,near_7199b0584a02c91eb5b8,true,false,2
rec_e519bad7d895a706e379,near_2791da3a50be06fd2718,true,false,0
rec_e51c3060abaac5eec240,near_a61c130d0ba64f71ff7e,false,false,0
rec_e51e4e87d5b9fdc2784f,near_242d37b55b5703220e80,false,false,1
rec_e520c2ec3b14d0ff0991,near_695cb24e8eadb7e395e3,false,false,0
rec_e525e115b4c57f826052,near_84d4938fea07fa3c2754,false,false,0
rec_e5293f8dfb0e58138676,near_fd24b4e11bccd019b47b,false,false,0
rec_e536aed34c615ee1f19b,near_2791da3a50be06fd2718,true,false,1
rec_e53a977bf4b9f7a9214e,near_bdbe632e17313f923c26,false,false,2
rec_e541254f2ce20c20d121,near_4ae4fad8538693cb5cfd,false,false,0
rec_e54505007b30713455fa,near_2791da3a50be06fd2718,true,false,0
rec_e5458da0e84559a01979,near_6f39774e68efb38020d5,false,false,0
rec_e56147f2273b40dbcb92,near_d3f15774350e0553c652,false,false,0
rec_e575a32b150726389fed,near_2791da3a50be06fd2718,true,false,1
rec_e57bb35b4dbd5d815791,near_b9d1bfc40c6e5c281dd1,false,false,3
rec_e57e01f29ec8df67f70c,near_2791da3a50be06fd2718,true,false,1
rec_e580bfcdb9b29994b46b,near_f38c4c8c4ef3620145e3,false,false,2
rec_e581ed6318cf2217bb91,near_2791da3a50be06fd2718,true,false,0
rec_e595283d5b056743f70f,near_2791da3a50be06fd2718,true,false,0
rec_e59a7057b77cd7b50ca7,near_da707a0cfbd2cb62dd58,false,false,2
rec_e59deb7ab0823a6fd47d,near_2791da3a50be06fd2718,true,false,0
rec_e5b02442e005321b93f4,near_2791da3a50be06fd2718,true,false,1
rec_e5b0b98b34eab91c3acb,near_8011e3425ef177be15d8,false,false,0
rec_e5c4defaf8dc10681545,near_2791da3a50be06fd2718,true,false,3
rec_e5c6a937b7569cb9ee2b,near_790d341803c12c94e61f,false,false,0
rec_e5caa2538ef1fdd80428,near_7a02787ed05d0527a04c,false,false,4
rec_e5cba161cbfbca522a23,near_2791da3a50be06fd2718,true,false,0
rec_e5dfae5b14701b62356f,near_96b13915556337121bb5,false,false,0
rec_e5ed1337b8406a13e649,near_adff34b35387e318edf5,false,false,4
rec_e602ec7375b6fb3a9c34,near_1c309d38a2782d45d4a3,false,false,3
rec_e603b1e878b95fccbd0e,near_4b7f7143897c6a32225b,false,false,0
rec_e6133ce0220a151dedd3,near_faf600d11705b86933c8,false,false,0
rec_e617f03e969a0c3fb160,near_63afcc68ed28a4d9dfca,false,false,0
rec_e61ca2843322f4e84a7e,near_8fe21fc585d9e0851c39,false,false,0
rec_e62578d4fa205cb5f7f3,near_2791da3a50be06fd2718,true,false,2
rec_e630f830b097348ca809,near_40770cb42791827eba16,false,false,1
rec_e64e54d39a6b1ecf3238,near_2791da3a50be06fd2718,true,false,0
rec_e6584003c119e9d70731,near_856e03ab195f3456ee5d,false,false,0
rec_e65e7261f0e8aff957ca,near_cc0496bcef73aecc3438,false,false,3
rec_e6607c446e55a43a017b,near_09c5fd3ae2755b848e77,false,false,1
rec_e6625bbaf0b91c0fcd28,near_2791da3a50be06fd2718,true,false,0
rec_e662dc274e9a29b2a5a9,near_2791da3a50be06fd2718,true,false,1
rec_e66679cad84a7677668d,near_3235ff5e3051d9044d9d,false,false,2
rec_e671259781db38da6d18,near_a7d8d4d5715a4e8dd2e8,true,false,2
rec_e672b7f8b7095afdd256,near_2791da3a50be06fd2718,true,false,0
rec_e673d11c0c73b42faf31,near_41c5d8dd24c25c8663de,false,false,1
rec_e674766ee79ea5e59e4d,near_756e2d1a3202a4ddb70d,false,false,1
rec_e67e2cb45c5a98bdcda2,near_83808a64216d38dde489,false,false,2
rec_e696f60c43a87a555a70,near_885fc4cf9e6f8cfaebcd,false,false,0
rec_e6a62ba5f365e206096d,near_085a6ec827dde7844fa2,false,false,0
rec_e6a654b0f03fc75252ea,near_947ff6b7abb94ff8bca0,false,false,0
rec_e6bf1a819fa2cc5272cf,near_2791da3a50be06fd2718,true,false,0
rec_e6bf40caece91a324430,near_b7fb133c772f32922d29,false,false,1
rec_e6c594e4ac8c6106dc28,near_2b1f785cc849cf416657,false,false,0
rec_e6cee8927c25775cebc8,near_4d4423fba91ae7a170f1,false,false,0
rec_e6d33b1bf9c0b2e41481,near_a26fc8de3ddae1ba9507,true,false,0
rec_e6e18ee144061d0b0b60,near_2791da3a50be06fd2718,true,false,0
rec_e6e55832d58036d2cb55,near_2791da3a50be06fd2718,true,false,1
rec_e6e5933c5f0869f2ec43,near_e3ff47ad331715b2edf2,false,false,0
rec_e6e80f8b417ef22f0f8e,near_2791da3a50be06fd2718,true,false,1
rec_e6ea6004106fdb8bcb63,near_2791da3a50be06fd2718,true,false,0
rec_e6ee374edaab06963e99,near_87bc4459950dd77c90a4,false,false,2
rec_e6f204524413ac8d650f,near_4aa31fb221d7082aa01f,false,false,0
rec_e6f86b019b3c6dacd3dd,near_2791da3a50be06fd2718,true,false,0
rec_e700535560bd73c6bf90,near_73f0a05a30ce2733d69e,false,false,0
rec_e700a00a5aa674a0d368,near_2791da3a50be06fd2718,true,false,2
rec_e7036ff68cae0e3c7257,near_ad84796de83218518caa,false,false,0
rec_e704192abeb948b70f51,near_2791da3a50be06fd2718,true,false,0
rec_e719dba40377267462b7,near_2791da3a50be06fd2718,true,false,2
rec_e7316c8588696c153be9,near_2791da3a50be06fd2718,true,false,0
rec_e736f09f2bf737a11e7c,near_2791da3a50be06fd2718,true,false,0
rec_e74912d6853b3b6a1deb,near_0d27034f06e06d573156,false,false,0
rec_e75038d773500abde0de,near_971eb7e3541d723e8743,true,false,0
rec_e7512addacd08fe113bc,near_a427c0f11e6564d28f61,false,false,0
rec_e754bdd2d9e823aa0170,near_33a975c2dc4d66b8d41c,false,false,2
rec_e7599a0c7e3e372abece,near_6b45b26fdceb7f2fcedd,false,false,1
rec_e759c684cc0f73e7db3c,near_2791da3a50be06fd2718,true,false,1
rec_e75d022491eb8e058483,near_d32fd0670bc6915896a3,false,false,1
rec_e76520ba7f738c02c487,near_3c23c2a9ac66c62c6989,false,false,0
rec_e767ac46f373818c163c,near_8e5f81d4e89b99089ec7,false,false,4
rec_e76e23aa1f6019d9b487,near_e68cbcb013c609d87c04,false,false,1
rec_e771957162c59990c3b1,near_2791da3a50be06fd2718,true,false,0
rec_e77486f0959429a344db,near_295954fdc9b6191d1908,false,false,0
rec_e77be2d440591ff980eb,near_1b2e1aab74cc52224bb5,false,false,4
rec_e7800b47492d6f9c0787,near_ba905125bff3a3ed2bc5,false,false,0
rec_e78162de1c972bfefc45,near_54dd6a01e21becc9ceb6,false,false,4
rec_e784c1f903769e9ebbe0,near_2791da3a50be06fd2718,true,false,0
rec_e792716b61bb37eae62a,near_2791da3a50be06fd2718,true,false,0
rec_e793ea20916396223a1b,near_2791da3a50be06fd2718,true,false,0
rec_e7a24c8a6c3905a28ff1,near_0932d27d5fc79becde74,false,false,0
rec_e7a65a5f952d35b9eee9,near_2791da3a50be06fd2718,true,false,0
rec_e7a9501ac99c6aa58737,near_2fc7e65bdd79b53a7f86,false,false,4
rec_e7a974e1a64413c93f67,near_2791da3a50be06fd2718,true,false,1
rec_e7af4a5de13081c64b1a,near_dc6c7290b5d36e3ba566,false,false,0
rec_e7b34ae6d778590bdaab,near_329afc059567bb9160c6,false,false,0
rec_e7b4bb535d0ef001c6c1,near_27f31105f833a9031cc8,false,false,4
rec_e7d13bf336ce56bceb9f,near_4a3af076a1d4bd6a5ee4,false,false,0
rec_e7d44b1ba7c97489983c,near_1739f8887e2688e703d9,false,false,2
rec_e7f8ef9b69be40eab935,near_c34329aeea7a4983456b,false,false,0
rec_e7fbc6af5d8575ef768f,near_483aed3578dea2ead464,false,false,0
rec_e80e1aa311c1b22c0ff2,near_e43c264e013daa66fa08,false,false,0
rec_e80e598b9c907abb1b4c,near_221db71b46ba976b235d,false,false,0
rec_e80ec94206f6ada7574e,near_2791da3a50be06fd2718,true,false,0
rec_e815d7aa6135cb422a22,near_2791da3a50be06fd2718,true,false,1
rec_e82caf8d878edc733526,near_43168219880836acd567,false,false,0
rec_e836d0385a79e04a7d9d,near_5d16e544b071933af730,false,false,0
rec_e83cda17c3432706b49f,near_762b801908b4a49256ae,false,false,0
rec_e8402645d1df471b59f0,near_56330608db1bf0a7a032,false,false,0
rec_e84300fcaa32704bf83a,near_55586113e1b7ed90f48d,false,false,3
rec_e8437321963f69941440,near_a75ea3f3e238c826f06e,false,false,2
rec_e8532fc8c86c2fb2693b,near_0b30fcb700cef5b17457,false,false,2
rec_e86448b6ea90858b6ae3,near_6e68e03978f0868a0453,false,false,0
rec_e865ed800992d624906b,near_c1062f406e809a0ea88c,false,false,0
rec_e878352d1b63ec9f1810,near_450bba1ae46cbd7d78d5,false,false,0
rec_e881157e886e636d5b42,near_c52f0edde06663cca045,false,false,1
rec_e883058423d92353261e,near_20698cc4b0c206da5019,false,false,2
rec_e8837a47cab2156cfa57,near_efe2f94888792a80941b,false,false,0
rec_e896372cf9ce3a07afae,near_582e0cb71d76d7fe7074,false,false,4
rec_e897e685a6e638b43fec,near_8ef9ec43e7bb53499d90,false,false,1
rec_e8bc82cf1b6f1d07ec5f,near_5f96123ed63d11bdf0e5,false,false,0
rec_e8bd6f22cd977d8e0578,near_36f5ebca5dec675c6f97,false,false,0
rec_e8c7e53c7cfc69dbfaed,near_0a774b877f7f52282163,false,false,1
rec_e8d19b6827746c3a6cac,near_38515995bde31537f2df,false,false,2
rec_e8d58f4a51d63647ceca,near_c576cf121bd07cdc14ef,false,false,1
rec_e8dc68bcf59bb30a08e7,near_b167ea1862973addb7d0,false,false,0
rec_e8dc91d3ea47060cfecc,near_6d4874e8332b57962e6e,false,false,0
rec_e8e5339a3bae6f6cad78,near_bfb5015dd876caf01887,false,false,0
rec_e8e98fa6f4f120d9ff75,near_2791da3a50be06fd2718,true,false,0
rec_e8f5c6851b69c0f990c5,near_3d292a74df80001c2fa0,false,false,4
rec_e8f7417a87ee2500cc6e,near_2791da3a50be06fd2718,true,false,0
rec_e8fcd82a6fbc2abeb9a7,near_2791da3a50be06fd2718,true,false,0
rec_e8fd56b41e8d3043ae57,near_279dd48590c77df93de9,false,false,0
rec_e91493c5fef70d5c84fe,near_bcd0b7af8235e9d335f1,false,false,0
rec_e917b98820f19ccdc24b,near_2791da3a50be06fd2718,true,false,0
rec_e91e2c50dd5db6912660,near_2791da3a50be06fd2718,true,false,0
rec_e91f9bed85a949971643,near_2791da3a50be06fd2718,true,false,2
rec_e92920420bb696bb8086,near_47f84dfd764df2fd2e66,false,false,4
rec_e92a7acdd114d30d8be0,near_ebd5ddb71084e47c1162,false,false,0
rec_e937c94377cc9f6efb25,near_e575c6ca7fe7e7167407,false,false,0
rec_e96469d47ab34b359b47,near_2791da3a50be06fd2718,true,false,0
rec_e97337055a6921b4aa16,near_635119ca28c90c33fcef,false,false,2
rec_e97bdac82f4c7f0b1ce0,near_0ba602fd72a8851f7d04,false,false,0
rec_e97d8179ff4a9d1168b4,near_cb684fa3c386354503cf,false,false,3
rec_e97f13875a03c5bb89ba,near_2791da3a50be06fd2718,true,false,0
rec_e99bf482f7697395ea94,near_ab5809814f688299ad24,true,false,4
rec_e9a1b2c6f97f1a131c51,near_329afc059567bb9160c6,false,false,0
rec_e9c99a0772801df12b21,near_2791da3a50be06fd2718,true,false,0
rec_e9cb820e903dd7575ef0,near_dd8471a591a6c549f50c,false,false,2
rec_e9cfb5734755f142c235,near_74040fdba74754c744e6,false,false,4
rec_e9db71d7ba65d80269cb,near_72512d2d1bde2fdd4fad,false,false,1
rec_e9dc7323406aa5732016,near_a2372dcc22300e8dc4ba,false,false,1
rec_e9e4131e92c8e8138031,near_2791da3a50be06fd2718,true,false,0
rec_e9faf796318ea5f8f5b0,near_b98081e098fbbe1563c9,false,false,1
rec_e9fcf92457709cc71d06,near_2791da3a50be06fd2718,true,false,0
rec_ea0f773e6b2b9e0f2641,near_2791da3a50be06fd2718,true,false,0
rec_ea2f40e9ebbdd77e447a,near_c0156b0a0aa91ba3163d,false,false,4
rec_ea31ae7b5b59ba429a27,near_fac9dd3d76e4387b1c2a,false,false,0
rec_ea3a50fc454b5b57432c,near_5eb2ba15ca6d322a2e55,false,false,1
rec_ea4e701527e7c6b5092f,near_2791da3a50be06fd2718,true,false,0
rec_ea50a8f4e167bbe2f2fb,near_41b3e852e6aa3e3f7ab4,false,false,1
rec_ea64da1e5293ef25ff06,near_2791da3a50be06fd2718,true,false,0
rec_ea69d03caa38db683039,near_2791da3a50be06fd2718,true,false,0
rec_ea6b353e4125347e8ecf,near_2791da3a50be06fd2718,true,false,0
rec_ea705a656c42a5b6e081,near_2791da3a50be06fd2718,true,false,0
rec_ea7b2653bdae6ab2f058,near_876ad76fa224bf613241,false,false,0
rec_ea8392e4b2185c6269b3,near_2791da3a50be06fd2718,true,false,1
rec_ea8d305f1a7210d37021,near_d3d3678c3494092e06d3,false,false,0
rec_ea8dda3e0790759b4f8b,near_c3a9bd3fa80397acc265,false,false,0
rec_ea93eb9e9c458d1944a4,near_3c6a08e268fc5dff41fc,false,false,0
rec_ea944441395e7432cc5c,near_c1c980499eb57c53f066,false,false,4
rec_ea985f4d7e2fa1132c1e,near_47f4975863338fd36a54,false,false,0
rec_eaa4ad0e1c71a919923e,near_5fc4d4a8a4e49c328ec5,false,false,3
rec_eaa5b7a9b9093d582595,near_73a46dff07484b703356,false,false,4
rec_eab16eca58bf28dc2805,near_2791da3a50be06fd2718,true,false,0
rec_eabdbc25fb94c833022b,near_f53a3159c583ac856636,false,false,0
rec_eaccda8b6bd644b58afb,near_2791da3a50be06fd2718,true,false,1
rec_ead51e9c38f918bc7a60,near_1d18a8df76e21df248d8,false,false,2
rec_eadcaa46c71a44b6ee45,near_0cab4f130694f37d0e80,false,false,0
rec_eadd8be2f978e98279e3,near_2791da3a50be06fd2718,true,false,0
rec_eadf3eb4c38c01668ef8,near_6c4d28c9c01ae0662f2c,false,false,0
rec_eae569ee59bc004125b7,near_2791da3a50be06fd2718,true,false,0
rec_eaf3e7d380a480cb894a,near_98d6bfe5cf71f4e39a9f,false,false,1
rec_eaf58409ff53d112ab2e,near_439a1dbdf50b5d68be04,false,false,1
rec_eaf6bc4a85b8c2b8a7ea,near_4f0b4b7df4a66f157d92,false,false,0
rec_eafb4c9dbb01d80fb24d,near_2791da3a50be06fd2718,true,false,0
rec_eafcc4cf27ac6757d86e,near_2791da3a50be06fd2718,true,false,0
rec_eb017929cbcb83851764,near_4eeea59e9afb954fa5b9,false,false,0
rec_eb0a04fc5929f2f5d377,near_1b439ff583e9acc38cc9,false,false,3
rec_eb0e4d964a82a391a709,near_2791da3a50be06fd2718,true,false,1
rec_eb18db1b4be41bee8f2a,near_2791da3a50be06fd2718,true,false,2
rec_eb1fa958f52184a496f8,near_2791da3a50be06fd2718,true,false,1
rec_eb209ff297026ab84c9d,near_e5386b12e990a5c8c4b7,true,false,0
rec_eb2e20704bd41da94646,near_0a72f0d3615a0da0c5ad,false,false,2
rec_eb48c0544e61c518bfe1,near_1c5cb4c8717c13a423ed,false,false,0
rec_eb4cd6ca0143ede7638f,near_09d6f728bda819a79d6c,false,false,1
rec_eb627865613fe4e8f7de,near_2791da3a50be06fd2718,true,false,0
rec_eb648491b978de10667d,near_3804523f7889fb8501f4,false,false,4
rec_eb6a3de4b601526b4f71,near_2791da3a50be06fd2718,true,false,0
rec_eb6d4c8858d138f0e157,near_348a47822d484502094e,false,false,0
rec_eb70180046faa9386f35,near_7a415991bf4af8dd9cd5,false,false,0
rec_eb71e78573c957a2f154,near_2791da3a50be06fd2718,true,false,0
rec_eb789eb817ff293e17ee,near_5d1815de79c940b6ff04,false,false,0
rec_eb7ca649d85c77952640,near_b9ddb7127c37a5a577dc,false,false,0
rec_eb8bbd2615a9b594af32,near_0c9ff4c541d425b356d1,false,false,0
rec_eb9596d359b3e2a24480,near_2791da3a50be06fd2718,true,false,0
rec_eb95c516189e2aaf50bf,near_1c85a466f011f9220946,false,false,0
rec_eba0a184a3d2c30e747a,near_2791da3a50be06fd2718,true,false,0
rec_eba777f9d3870bdb2301,near_2791da3a50be06fd2718,true,false,0
rec_eba8833960780b6d4e46,near_2791da3a50be06fd2718,true,false,0
rec_ebaffed3e7ee2ae80a6e,near_323f03ce424e0a69f9a5,true,false,2
rec_ebb46ca4b9bcc4f43b54,near_e1856a341e0dc9be5170,false,false,1
rec_ebb70c93ebaabf35ced5,near_2791da3a50be06fd2718,true,false,0
rec_ebd0c8eabdb7306c992d,near_2791da3a50be06fd2718,true,false,0
rec_ebd5864f149b82f64eb7,near_935b94ae5964b55ef0c9,false,false,1
rec_ebdc36234d53f82ecd4a,near_2791da3a50be06fd2718,true,false,0
rec_ebf670837341692f4258,near_b35de9b017f41be04775,false,false,1
rec_ec084d6af8a1b8bfa065,near_2791da3a50be06fd2718,true,false,0
rec_ec09e6b4069da79aa91d,near_89836dc82eebba0da0a1,false,false,0
rec_ec1af30873b6809c3f45,near_e525c6f82536e37ba09d,false,false,1
rec_ec1d6ab081250f2f8320,near_3d5297671f52bfa8b832,false,false,0
rec_ec1e1796c3d88bd5281f,near_2791da3a50be06fd2718,true,false,0
rec_ec232d9b179872194f61,near_2791da3a50be06fd2718,true,false,0
rec_ec3871d896efd69144c8,near_01e2838d82a95ccbc064,false,false,4
rec_ec4ff3011410c0491fb7,near_f25d4521a45c3b4bd26f,false,false,4
rec_ec579ba56a714e7b1d98,near_6b86e7208260c278636d,false,false,0
rec_ec5dbbe37d04ebfba4c3,near_279dd48590c77df93de9,false,false,0
rec_ec62d1f231a191200d80,near_2791da3a50be06fd2718,true,false,0
rec_ec6543c887b2d0b523e1,near_12488f2f39bad5aaa1e0,false,false,3
rec_ec6ea972415368218d4a,near_2791da3a50be06fd2718,true,false,0
rec_ec87cedde9203eff2582,near_2791da3a50be06fd2718,true,false,0
rec_ec8ccdba9ec9ed034804,near_cad67f1ead42c32a500f,false,false,2
rec_ec92709d40c7dddb9259,near_1c3047542fb47efd64a9,false,false,0
rec_ec9a57ed64504b0a5140,near_0fe65a06ee867a5288b0,false,false,0
rec_eca251bc09a4447e5fc2,near_81e0b190228d20c69a7f,false,false,0
rec_eca3d5f0ce0f4e2c1014,near_4a56f80377ba63e668a9,false,false,4
rec_eca4829a42ac78349341,near_cdec632db9aae8583aa4,false,false,0
rec_ecb1b4226a8f704350eb,near_1724f81a351630506641,false,false,0
rec_ecbb2ff0b55464873464,near_9fb0aaf11933530342f3,false,false,0
rec_ecc03cfde988e4d96fc8,near_e63e6acd5df1f8fecf4d,false,false,0
rec_ecc3555704586ebb5596,near_b2a3f483abff392b0e23,false,false,0
rec_ecd7f19cb9626b26a585,near_2791da3a50be06fd2718,true,false,0
rec_ece15774943bce16bac2,near_b2fd2e16f4328c01efdf,false,false,0
rec_ecef2f633ed1f5fc68cd,near_a2dd8eaf601cf01abd7a,false,false,4
rec_ecf3c82e3243ee774990,near_2791da3a50be06fd2718,true,false,0
rec_ecf72a1c5b010d6cbec9,near_b1d83d7b39e2c4287cf9,false,false,0
rec_ecf8eb9a504944012f9d,near_2791da3a50be06fd2718,true,false,0
rec_ecfc9f31147da1e6ed5a,near_4eeea59e9afb954fa5b9,false,false,0
rec_ed0df911ab7dedc15f7d,near_d3f15774350e0553c652,false,false,0
rec_ed14fd8f96b2653c94ff,near_fbe931b6ff79b525423b,false,false,0
rec_ed1c75fffd2cf85a7ed9,near_a97b25916baf6304fc28,false,false,3
rec_ed207326c0f9df4e5626,near_2791da3a50be06fd2718,true,false,0
rec_ed29ba53e460ba3a6b6d,near_bb3e4a98a0bd93c27079,false,false,2
rec_ed2dedd36d93c42a99f6,near_c8cd6805e750422b6812,false,false,0
rec_ed30b1519abaaf144914,near_8092615ca4878f6bc9ff,false,false,2
rec_ed34041962be71cde99f,near_b979ec022ae7078228ee,false,false,0
rec_ed35878ec12871712ce6,near_2791da3a50be06fd2718,true,false,0
rec_ed50af4ede8696852f1e,near_2791da3a50be06fd2718,true,false,1
rec_ed541a18d2f619e48cf1,near_cb587b8e71f9b4e63269,false,false,4
rec_ed5968d589e007717e11,near_2791da3a50be06fd2718,true,false,1
rec_ed5a30489e86b96a1d00,near_19e87a61aef6222cd762,false,false,0
rec_ed5b7f2a8568c32adc07,near_9331ad5560dabbeadcc3,false,false,1
rec_ed5c9be391ff4bb4deb2,near_2791da3a50be06fd2718,true,false,0
rec_ed6776b06cf20afdd9fe,near_ed12cbc4874c20ddb69d,false,false,1
rec_ed677e62ea629b1456a1,near_2791da3a50be06fd2718,true,false,0
rec_ed6c62747c6a44236618,near_b2fd2696f5ca5bc5344c,false,false,0
rec_ed82ebf0e1ca9f007d61,near_2791da3a50be06fd2718,true,false,1
rec_ed8602bcf598d3feeec3,near_2bf1acf31b7c9d850b1b,false,false,0
rec_ed86d6300f294957d18a,near_2791da3a50be06fd2718,true,false,2
rec_eda32356efaf66b932f4,near_4235e597d5cf3a3a331f,false,false,0
rec_edae181eee8dc37bf8b3,near_5248924b97e3e80322fc,false,false,1
rec_edb578d5a9837039c66a,near_2791da3a50be06fd2718,true,false,3
rec_edbbae2b3f9c8645fbec,near_2791da3a50be06fd2718,true,false,1
rec_edbbf2af5239ab78272e,near_2791da3a50be06fd2718,true,false,0
rec_edc30ac20dd53cd1471c,near_b54c603e5cf2bb4da287,false,false,0
rec_edc882afba1eda997dcd,near_70f9223197af9f79ba39,false,false,0
rec_eddcd2983237b61d5388,near_f08440e431447ddb8af2,false,false,0
rec_ede4e37966585b973f13,near_9087dba8b75c726e64b1,false,false,1
rec_ede7796c37e7ef46b982,near_b78de91c82069e46874b,false,false,4
rec_edf09ebb9a9042ff488e,near_5855464492aa0d124388,false,false,0
rec_edf3e995ab3bcd5ea82b,near_7b46d9b04dfc39af00d8,false,false,0
rec_ee06f2036238777fca1f,near_2791da3a50be06fd2718,true,false,0
rec_ee0dc6ca753d4978a3c4,near_b18f7d1d1c620e57b694,false,false,0
rec_ee0e6f34331c030d032c,near_2791da3a50be06fd2718,true,false,0
rec_ee10f9c06b494782fadc,near_b7ea0b1b0173dd71245b,false,false,1
rec_ee19af027e92039a53b4,near_088fca08940927ddc645,false,false,0
rec_ee1f2eca444458729062,near_da510635f3fef270851c,false,false,0
rec_ee33b9d579e00ef01cd2,near_60fdb6782f3935cedf1c,false,false,0
rec_ee39ba7a878ce4440e13,near_2791da3a50be06fd2718,true,false,0
rec_ee3a9c9a3a14faede5f7,near_2791da3a50be06fd2718,true,false,0
rec_ee400e2fe0637e83e066,near_2791da3a50be06fd2718,true,false,0
rec_ee41aaa6df403adaa9e0,near_33a975c2dc4d66b8d41c,false,false,2
rec_ee4cd80640f5a5c0bc27,near_2791da3a50be06fd2718,true,false,0
rec_ee619f4122eaff728822,near_2791da3a50be06fd2718,true,false,0
rec_ee6e1d00a9710c2795dd,near_3eb7652c87a09e054fc0,false,false,0
rec_ee881b64c3329f1e63c9,near_1f410f8147b1d8c12898,false,false,0
rec_ee9c8b955731967b7be3,near_8fd311e287e865994a58,false,false,1
rec_ee9ccf4f30a4834c4451,near_6144a1ec318c79ee3dba,false,false,2
rec_eea8e7b8dc63d80315e9,near_cce70c3b3912621800b2,false,false,1
rec_eea95a41cd12971489eb,near_99e0117b562e2c6c0ad1,false,false,0
rec_eeacb31ff2a566dbdbd3,near_243c523028bcc0752c32,false,false,1
rec_eeba178b976de00aef9b,near_2791da3a50be06fd2718,true,false,1
rec_eebde80e03cb8412b966,near_f7acb73a7a5755e2a335,false,false,3
rec_eebee5d0f16162c83786,near_2791da3a50be06fd2718,true,false,2
rec_eec1c50ab3188a97d73b,near_2791da3a50be06fd2718,true,false,0
rec_eec1d0a03ab63f4e75a8,near_1f30849c6d0c8bcf43a3,false,false,4
rec_eec92c3ab23dbfcc5a21,near_a7d8d4d5715a4e8dd2e8,true,false,2
rec_eee2436fb412a16c649e,near_2a84012aa1a2666e36c6,false,false,0
rec_eee6c6778430c6cec683,near_222059ef835cba8fdab6,false,false,0
rec_eeeab2e0c19fa2c20ec2,near_cb8194ef8a834cc6620b,false,false,2
rec_ef0f1ffc86128d4bda73,near_0e0f4eb2f842c66dfc2b,false,false,0
rec_ef2a22b471d776a95068,near_2791da3a50be06fd2718,true,false,0
rec_ef2a7106a2da10978bbe,near_30757b48df1aa2d3b09c,false,false,4
rec_ef3c8904a8e51ff1dd89,near_ac9e3517730f2db79f9f,false,false,1
rec_ef5bed24a1e9b06d29fc,near_30db7028d8e5505c744d,false,false,0
rec_ef5db0b79059521563f8,near_4533f0469dabf06b852b,false,false,1
rec_ef6f63c3436893ace61f,near_2791da3a50be06fd2718,true,false,0
rec_ef6fbbcf5c73740cf8d4,near_3e7f6912e2eb79363b9d,false,false,2
rec_ef7d1f58daba10b85174,near_541103ef8e000ade62fa,false,false,1
rec_ef87a53254eef5b7b469,near_2791da3a50be06fd2718,true,false,0
rec_ef89e8e0712f02bf276f,near_2791da3a50be06fd2718,true,false,0
rec_ef8f209f2c1a20313525,near_2791da3a50be06fd2718,true,false,0
rec_ef9b8d0b445144214112,near_dab788e16f39a872514a,false,false,0
rec_efa1194d32ea572d9056,near_2e786037c3c1da18c180,false,false,4
rec_efa7944306384a2f86ce,near_21049198494817151680,false,false,0
rec_efae624ce8463fb9902c,near_b862c0a874b8ebbc5961,false,false,4
rec_efb8b88e5b4a4ab45e7e,near_ea21d107fac4522f4501,false,false,0
rec_efc07c58395fe5f9c4ce,near_8c9d52192c1014cf5d31,false,false,1
rec_efc1923cfbbb08c6cd00,near_2791da3a50be06fd2718,true,false,1
rec_efd0512eaf60434018f8,near_9a129c8a19fc54671a12,false,false,2
rec_efe0caf8756719814f9d,near_2791da3a50be06fd2718,true,false,0
rec_efe3e5a02a5c15f2b09c,near_4fd6cc209e53571e193a,false,false,0
rec_efe88ef44e105a639417,near_0341a8886897416a80c6,false,false,0
rec_efec5e9d198b3666b34e,near_2791da3a50be06fd2718,true,false,0
rec_eff469b8abd2f23bdc07,near_2791da3a50be06fd2718,true,false,0
rec_eff6dd721f2dce064197,near_2791da3a50be06fd2718,true,false,0
rec_f00094802eadb9a39be9,near_2791da3a50be06fd2718,true,false,0
rec_f00185d3e18794d7d3c8,near_2791da3a50be06fd2718,true,false,0
rec_f005a775ef9ddeb106b2,near_48000e10a6aeff551431,false,false,0
rec_f00a0e819ea0818ceb1f,near_11a661b6dc4f9a59337a,false,false,0
rec_f00a35475c4ef0ed147d,near_2791da3a50be06fd2718,true,false,0
rec_f014f8adebe3dbc684bb,near_87a05bae673c68476e2a,false,false,0
rec_f01d9a319a273d884681,near_2791da3a50be06fd2718,true,false,0
rec_f01f559e82293fb9d1f1,near_2791da3a50be06fd2718,true,false,0
rec_f032be46f2fb07edba8f,near_2791da3a50be06fd2718,true,false,0
rec_f032c30733ea71a68918,near_7199b0584a02c91eb5b8,true,false,1
rec_f0358f2ce181075e0408,near_2791da3a50be06fd2718,true,false,0
rec_f038d5627d7888347cfb,near_3ba228c0f42748135de5,false,false,4
rec_f03f3fbf778f84e54e96,near_669b9cf173ace67309c3,false,false,4
rec_f04471ba17b645fbd64e,near_df5c7b78f19b42f492b7,false,false,1
rec_f04a9cb454ef7b688c08,near_2791da3a50be06fd2718,true,false,0
rec_f04c7a8c30bcd13d5023,near_2791da3a50be06fd2718,true,false,0
rec_f052e66b72b0b4dfbf2a,near_9141a79383aa4f0ee7a4,false,false,4
rec_f057bc5240886a29185f,near_b7df3e1967d535fe6326,false,false,2
rec_f067120a563089a974b0,near_796d7a4af24617223f6d,false,false,1
rec_f07708ee0dc79275c50e,near_81ff4b663cc383a8e86d,false,false,1
rec_f07a7764a583e8d1fa63,near_2b1ef373f863aba3a3a8,false,false,3
rec_f07efbe3bd9973177ed2,near_b8ee6404c9b168f95ec8,false,false,1
rec_f08653bf354719e972e5,near_892ab024d33de70da56f,false,false,0
rec_f090f92b7b132a747dd6,near_2791da3a50be06fd2718,true,false,0
rec_f09367a51952feed87a3,near_2791da3a50be06fd2718,true,false,1
rec_f09ee587cad5353c5815,near_09b9a9512fbbc3bfa8a8,false,false,0
rec_f0a302099f041557cf5d,near_2b65400d3f63db4c0f88,false,false,0
rec_f0a5f380759b259fa100,near_dbe5457bbab934542c8a,false,false,0
rec_f0aae4f608fecf1e8ab5,near_ac2e06524f7e2c84a6e2,false,false,0
rec_f0ac76b2f6cd11471cc1,near_2791da3a50be06fd2718,true,false,0
rec_f0af0f7bd46b7b78b3c1,near_2791da3a50be06fd2718,true,false,0
rec_f0cc6548871dfa835a71,near_2791da3a50be06fd2718,true,false,1
rec_f0d87904ace926067ac5,near_118eb00b1a0919a8b42c,false,false,2
rec_f0e9630d1f08f1ebb473,near_11e863d585fac900cc7c,true,false,0
rec_f10ca053ffa96bec70f7,near_2791da3a50be06fd2718,true,false,0
rec_f10fe3da249a36000021,near_4286f828895283995a6b,false,false,0
rec_f1305ab3e8711de5d145,near_00f6d6ed4fc5e8330f13,false,false,0
rec_f133040b00617105fad6,near_45732da403c2863e8883,false,false,1
rec_f13ac19ac51f37631d16,near_2791da3a50be06fd2718,true,false,0
rec_f15fc74390d1d6503930,near_2791da3a50be06fd2718,true,false,0
rec_f167694837f39fc50321,near_c0807e34ed4676c6aa18,false,false,0
rec_f17d88e4133ac3b5cbb5,near_2791da3a50be06fd2718,true,false,1
rec_f187db20d773ab9fc512,near_2791da3a50be06fd2718,true,false,0
rec_f1916dbbd1aa172d2657,near_8cecda253b3ba08e9816,false,false,4
rec_f193f3e951e5510e1d99,near_2791da3a50be06fd2718,true,false,0
rec_f1a13af526a5d503e521,near_f6c50043a5ba09ec6c31,false,false,0
rec_f1a35f34aa7922be4966,near_7be20b7a99b7ca407300,false,false,4
rec_f1b424d490da2424885b,near_2791da3a50be06fd2718,true,false,0
rec_f1baf747664fd1b2c1ab,near_669bb5eb4bbb56dcf808,false,false,0
rec_f1ceb742ad0f7afb7084,near_a514e886212ba3bc4c55,false,false,0
rec_f1e6f52556672e5a20f2,near_7012bea6b488cf693740,false,false,3
rec_f1e81353fc2b18058a02,near_b1c135012d87c82eb88e,false,false,0
rec_f1eb5f4c264fd9321905,near_2791da3a50be06fd2718,true,false,0
rec_f1edfc168d0b272f4917,near_0be3e3c4f59692bbab63,false,false,0
rec_f1f0c5cd3f99b5c285a3,near_6f478c4960d3784f08aa,true,false,2
rec_f1f681e6b2e88c3d3a9f,near_cb6463fdf58ba7975133,false,false,0
rec_f1f770d717d89c92d5b4,near_2791da3a50be06fd2718,true,false,0
rec_f1f7c2a941a7df656500,near_9b375661f4cd1704b40a,false,false,1
rec_f1fd2b3c27f5e4d73b32,near_2791da3a50be06fd2718,true,false,0
rec_f202548c06cb15f18f74,near_2791da3a50be06fd2718,true,false,0
rec_f216bf48628bd20be812,near_2bd8d08bb13eb7260caa,false,false,0
rec_f22018aab1c62879479d,near_ab8fc61d78c6cbf5912b,false,false,2
rec_f221640fab020e007df2,near_27ff12092ff77a77bb64,false,false,3
rec_f22de1277ae3172508fd,near_2791da3a50be06fd2718,true,false,0
rec_f22e64b5cb2578d72514,near_06739869531a4b63434c,false,false,0
rec_f232cf5afed6c41e6940,near_2791da3a50be06fd2718,true,false,0
rec_f24ed8c64581ce00bd9a,near_449cda6fdf42e1789ca8,false,false,3
rec_f2516274b51cbefcf591,near_f60c1c13f4f23071e2fe,false,false,1
rec_f26542ff249f1ea91efe,near_126357ad306ea9553f0d,false,false,0
rec_f265c4eeac88a9afdcc9,near_ff302ec04cf127710965,false,false,0
rec_f26af1de089648c532e2,near_2791da3a50be06fd2718,true,false,0
rec_f278bca51857e40cef0b,near_2791da3a50be06fd2718,true,false,0
rec_f28648c7ae1f5908e70e,near_2791da3a50be06fd2718,true,false,0
rec_f286c19f5266f5144e68,near_1c5cb4c8717c13a423ed,false,false,1
rec_f287a63b982f5b695b28,near_70e7a648da38c1fe2787,false,false,0
rec_f28b966f0e3a7cf7b1b6,near_3240857455fd55c4fc0a,false,false,0
rec_f29aacf763e08fac7821,near_2791da3a50be06fd2718,true,false,1
rec_f29b70f116d6a4874e9e,near_a25f4e4e7b98486ca411,false,false,0
rec_f29e62675b00de0ac58a,near_26084113373b8e9d155b,false,false,2
rec_f2a41cdad661f113de1c,near_cbab087979745d1c0a74,false,false,3
rec_f2a81b4ed68b9dad8d2b,near_741bab77ba375c1274a6,false,false,0
rec_f2aa494769f606b94102,near_1639044819c2a48ab7f8,false,false,1
rec_f2adce54dcaf293a233d,near_669bb5eb4bbb56dcf808,false,false,0
rec_f2b7dcc6f2ec9bf9fbb0,near_2791da3a50be06fd2718,true,false,0
rec_f2b9f1680a54da092255,near_e1c443bbdd92dc284eb8,false,false,0
rec_f2c07117580d6c3042bd,near_2791da3a50be06fd2718,true,false,0
rec_f2c78157063696674518,near_2233aee534cedc1a2561,false,false,0
rec_f2c79dd1bbc7b5bf75bd,near_f565c8907ee4fa833a7c,false,false,0
rec_f2d5b9584b1a0990e209,near_2791da3a50be06fd2718,true,false,1
rec_f2d92fd58606aa7c741d,near_b68eb76523d6d3a955b2,false,false,0
rec_f2e9f18844e41e0c4af5,near_8309e4972bb6102d75cd,false,false,1
rec_f2e9fd581764b9b9f666,near_2791da3a50be06fd2718,true,false,0
rec_f2f47ab44d67d9e46bc8,near_2791da3a50be06fd2718,true,false,0
rec_f2f6bcdea86c22600054,near_1bd39f6cf1d1fe250c4a,false,false,1
rec_f2fb532f2f3f15a9de6d,near_2791da3a50be06fd2718,true,false,0
rec_f3068ca54c6af8fa0fd3,near_451f77cdfde8a4fdbb88,false,false,0
rec_f30b86926fa750b7e0b0,near_611aabe7bf0decb7d140,false,false,0
rec_f30dcc9208b7f80662e0,near_2791da3a50be06fd2718,true,false,2
rec_f331718bf35606e2082f,near_72da27ec19eb28400b4e,false,false,0
rec_f33b56782b4845029ade,near_2791da3a50be06fd2718,true,false,0
rec_f340b955d4c92da32157,near_2791da3a50be06fd2718,true,false,0
rec_f34a1467f38c831dcd4e,near_23ef71d204f7c66c83c8,false,false,0
rec_f350543afc7089ac5e9b,near_7f44135562bbca6bcffb,false,false,4
rec_f350c61a121ac34dac08,near_2791da3a50be06fd2718,true,false,0
rec_f359f06942ed937a6235,near_7199b0584a02c91eb5b8,true,false,4
rec_f36072ab7b2a6318cc22,near_b1d83d7b39e2c4287cf9,false,false,0
rec_f369ae02cced64596596,near_32c2721a7965b915fc5e,false,false,0
rec_f3713845f0d276a4a693,near_7199b0584a02c91eb5b8,false,false,3
rec_f37c721969fdd590fc76,near_926817b247f793ce8ba6,false,false,2
rec_f383406753b2fdb718e6,near_2791da3a50be06fd2718,true,false,0
rec_f394b3d3991f4e4cd6e7,near_8a6582732ffa8e1c5318,false,false,1
rec_f396ddcb4f869391777a,near_2791da3a50be06fd2718,true,false,0
rec_f3b48a34efc2e6648375,near_2791da3a50be06fd2718,true,false,1
rec_f3b9d656ee12bd5186a8,near_e6beffa7b3a366af809a,false,false,0
rec_f3c78ebb8d8c7fa99653,near_2791da3a50be06fd2718,true,false,0
rec_f3c8ff4c624b79468314,near_2d9e570f2542cb073be1,false,false,1
rec_f3d4aa758238e293d8a8,near_c64fa2f60857b32f16f1,false,false,0
rec_f3dbfe9fc4c9de829b46,near_3324753f9308df4f4167,false,false,1
rec_f3e52da307293078376e,near_5ef0354451626bab72c8,false,false,0
rec_f3e73eb4821d6f45c51d,near_ee33d1827fec281e1f3b,false,false,0
rec_f3e9c54f4412d6997e38,near_2c26072b6d30ec91b239,false,false,0
rec_f3f1bf814743f0064750,near_2791da3a50be06fd2718,true,false,1
rec_f3f5f67ce6b446ca8c33,near_2791da3a50be06fd2718,true,false,1
rec_f3fbee4857d75fe0286f,near_678ab1c3b80fe1bc56f8,false,false,0
rec_f3fe10782d23a9d29e7c,near_ac2002390cb4ad4a6b13,false,false,0
rec_f407156ec69fc5b8946b,near_2d544d6e25b4ceec78eb,false,false,0
rec_f4081af6efc13ac90b24,near_cdc09d25d35d0f7808c7,false,false,0
rec_f40998c616a52dcb140c,near_102cffcae37aa82c4d12,false,false,0
rec_f413dbec01bb634a6d81,near_5dcb47c8dc3e92d32b81,false,false,0
rec_f415bb31b42945cef84b,near_51368e2250a90911636b,false,false,0
rec_f42014b4d6e06fa241aa,near_c8903f60e72d594a1741,false,false,0
rec_f420e0ce879a32ae946b,near_2791da3a50be06fd2718,true,false,0
rec_f429b74e15516c4c0d06,near_2791da3a50be06fd2718,true,false,0
rec_f42e948635d3d3ccac56,near_2791da3a50be06fd2718,true,false,4
rec_f43cab12759ba1619302,near_2791da3a50be06fd2718,true,false,0
rec_f43ed6acb869765d7523,near_2791da3a50be06fd2718,true,false,0
rec_f4443c62d18afeb75538,near_2791da3a50be06fd2718,true,false,0
rec_f44abb37743ff1c81c03,near_cb356040d5a4639bd650,false,false,3
rec_f45b6157a808825aceb5,near_2791da3a50be06fd2718,true,false,0
rec_f45cbad4a4dff90b4178,near_2791da3a50be06fd2718,true,false,1
rec_f462e89336ba5b4f9307,near_2791da3a50be06fd2718,true,false,0
rec_f467f66427ef3064510d,near_fd2377e22c2eca16b2ae,false,false,3
rec_f46afe92f3fd2b0ca2fa,near_2791da3a50be06fd2718,true,false,0
rec_f46f266667375de63f3e,near_c17cab94ef474da0ae28,false,false,0
rec_f4883b884ef9cb5392ae,near_2791da3a50be06fd2718,true,false,0
rec_f489a52e5f0ac3a18f25,near_d3f15774350e0553c652,false,false,0
rec_f494aa1d33d21ce2e9fc,near_2791da3a50be06fd2718,true,false,0
rec_f4a526a06ba7fea52df7,near_95c3619a1277c1d21503,false,false,0
rec_f4ac891c81f6d4b2ea9e,near_dc789a831827a080f58e,false,false,0
rec_f4b95b4def2dd92d537a,near_404383f718e97434535a,false,false,0
rec_f4c4a48ba3a37b48f84c,near_a244b19785946062a3ee,false,false,2
rec_f4c7047a46649e1942ef,near_aa084317e2a5adf310f0,false,false,3
rec_f4d5b35c29a9c2ebfff8,near_d507f4f36bc717bbf7bc,false,false,0
rec_f4d670f196e53cf6ac01,near_603c12752423c2d54069,false,false,3
rec_f4d77d0f5846ce6345f0,near_1533a83b6e1ee608e652,false,false,0
rec_f4dab8d68ee7ec399871,near_8797ad067a6a62b20ce4,false,false,0
rec_f4e07251d6ae5f305cd9,near_2791da3a50be06fd2718,true,false,0
rec_f4e55bf1e9f34a2ec1ea,near_4d636505e65a17d2490b,false,false,1
rec_f4eacacb9e0781ce6fbd,near_6f23f70de03e1e082a26,false,false,4
rec_f501062821ee067d40d5,near_e000739b805385f13981,false,false,0
rec_f50ba11a06d78b85a40a,near_c3ad383d9a03b3456253,false,false,1
rec_f52e7cc97acfff97d050,near_2791da3a50be06fd2718,true,false,0
rec_f5327e75fadcb7eae7ec,near_4719c3f918364d40ff07,false,false,2
rec_f53711fc38248bbc587e,near_2791da3a50be06fd2718,true,false,0
rec_f540b771204055498098,near_7de261d3b0d4f6259326,false,false,0
rec_f54f5f70e127a2eb32e5,near_1ecfeae8e9d601e3e09f,true,false,0
rec_f55160b5f78c27b48e98,near_6c5f7c2e2a985c234d4b,false,false,0
rec_f552a4ff18d4317aa801,near_2791da3a50be06fd2718,true,false,0
rec_f5588c4513806470e77d,near_8d7aa8060cb9bd1a26c5,false,false,4
rec_f573b6a077b64dde8da7,near_2791da3a50be06fd2718,true,false,0
rec_f57424c0afd39311e537,near_7199b0584a02c91eb5b8,false,false,4
rec_f57c77fe96cf17d64982,near_2791da3a50be06fd2718,true,false,0
rec_f588447d6b14b5087c10,near_2791da3a50be06fd2718,true,false,0
rec_f58ce817e3116d02de88,near_3e1934ea0886c6320546,false,false,1
rec_f5902cf951ff0962769d,near_bf4507a059dde3080f8e,false,false,1
rec_f5a29e2791e2da4d9327,near_a4cc95c794adf3af86a7,false,false,0
rec_f5a799243539ed2a6b47,near_338d5669a28d0c03e444,false,false,1
rec_f5a92e5db550b3a22ae8,near_2791da3a50be06fd2718,true,false,0
rec_f5a9dbc10de681a70fac,near_0b311ff6b5c1c1a7cd5b,false,false,4
rec_f5b26d951ff4e1ef852d,near_2791da3a50be06fd2718,true,false,0
rec_f5b3e3d0fea50964d3ba,near_e95eff6f5e0d48737e74,false,false,0
rec_f5b5936b602441531f27,near_2791da3a50be06fd2718,true,false,0
rec_f5c78094035475139a45,near_fd449ce5238ad4d7a8d9,false,false,0
rec_f5d37722ac9f2fcefc68,near_93de4710faf9245d81cb,false,false,0
rec_f5d53bf4c1935dce631c,near_6cf2caeb28d465d7d0b4,false,false,0
rec_f5e30c0aa6a8885b659d,near_78abe629084e62e1550c,false,false,3
rec_f5ee2e0ea14cd62bda07,near_8dbb242afd4ea92b280d,false,false,1
rec_f5ee36d8eeea17f7ded1,near_fe56decb2b41850183a0,false,false,1
rec_f5f4dd1b43ecd1037efb,near_2e7c8e68a97638dc7407,false,false,0
rec_f5f6420bcdacdb62a28c,near_8c44c1fc2218d61722f3,false,false,3
rec_f5f845aecd5d4069552c,near_15520a599cd02cebbc16,false,false,4
rec_f5f9efaddb7af51800b5,near_2791da3a50be06fd2718,true,false,0
rec_f600428b5541efe0d061,near_2791da3a50be06fd2718,true,false,1
rec_f603203d8a873b02f5f9,near_20c421fe25271751cc67,false,false,0
rec_f6050dc229b10e1f279e,near_2791da3a50be06fd2718,true,false,1
rec_f60a8a4f03eac0cb9345,near_e0780ab7f316c6374f4e,false,false,1
rec_f60ce82004491b47aa11,near_0345bebe454d10893756,true,false,0
rec_f60f67b530adf89807bd,near_2791da3a50be06fd2718,true,false,0
rec_f6204c813288552cbe1b,near_bfdc80e8af0d42c8b91e,false,false,1
rec_f6348c1a704a7abc1839,near_2791da3a50be06fd2718,true,false,0
rec_f649f11127501ebf7fa1,near_3049b176672041f2df6a,false,false,0
rec_f6511ceb8aefc2ff1f37,near_e5b06f8f0661947dc455,false,false,0
rec_f653093b144d30e23dbf,near_93ea486a0111b8f08481,false,false,3
rec_f657caa64cbbc8c05b40,near_dab788e16f39a872514a,false,false,0
rec_f66893a198374888f841,near_7fb778f4df882016fda2,false,false,0
rec_f66b477e247d0ac17e79,near_1c1767e20118b6463c92,false,false,4
rec_f69ecd9e10d2799e3a34,near_2791da3a50be06fd2718,true,false,1
rec_f6a874693535338ff433,near_2791da3a50be06fd2718,true,false,2
rec_f6b678de2c71c729fd0f,near_89836dc82eebba0da0a1,false,false,0
rec_f6b69325011d12be6f23,near_2791da3a50be06fd2718,true,false,0
rec_f6b6be121ab3bff72b1c,near_2791da3a50be06fd2718,true,false,0
rec_f6b7bf0dba6051c44a72,near_623d7916b7c2dce7eae1,false,false,1
rec_f6c933a6ddd82a33ceed,near_2791da3a50be06fd2718,true,false,0
rec_f6cb1a54915fea97c114,near_3ef9fa62c240af49a193,false,false,0
rec_f6ce0c73f9583a6a38d8,near_3f3009244ca527c0b694,false,false,1
rec_f6d24fb8e9768f8875c6,near_2791da3a50be06fd2718,true,false,1
rec_f6d43242fec8d8f8603c,near_7953ae9dc090c9e4978a,false,false,0
rec_f6d9e1f3bd0c70d0e036,near_2791da3a50be06fd2718,true,false,2
rec_f6df428d75de2a202698,near_96ee239337d16493b899,false,false,0
rec_f6e21b2cbec1e23cdb1c,near_611aabe7bf0decb7d140,false,false,0
rec_f6e9307bd59c4c6f38d5,near_40dd32963bbc644680cd,false,false,0
rec_f6e988d7d9bc6ecb5f4a,near_45b8004ad2dd7218d786,false,false,1
rec_f6e9f8bf2d43eaf96ebd,near_a6c71fa0d1e6815b88e9,false,false,1
rec_f6ee73949ea848352482,near_8b78214a800a7ec88f78,false,false,2
rec_f6eee12c4ec13ca56f87,near_a1782d6ab34ae719d937,false,false,0
rec_f6efd54ab758bfbc3d0c,near_33a975c2dc4d66b8d41c,true,false,2
rec_f6fcd5fa47fb3b4d6eeb,near_72db08fc6bfe2d2afbc3,false,false,1
rec_f6fd486a0e11b5293b43,near_4d925eac2f1db17e30e1,false,false,2
rec_f72ff729f06db3401776,near_d58f8e98f6077f64d6b1,false,false,1
rec_f733c8677194241a56a0,near_e501d59d95244a953149,false,false,1
rec_f739497e90643a849110,near_632d3cca35155b706283,false,false,4
rec_f742e3d7bf023941693d,near_2791da3a50be06fd2718,true,false,0
rec_f748542f75fa15bd9575,near_3e87c2731facf5a391fb,false,false,0
rec_f7503c4c0b882fc43da4,near_805829faba2ea3e32a1b,false,false,0
rec_f751b21a25b519abb86a,near_2791da3a50be06fd2718,true,false,1
rec_f7541a0e8f467db32abb,near_2791da3a50be06fd2718,true,false,0
rec_f75a9d587d062b5459fd,near_13f4e070563fd36996e8,false,false,0
rec_f75ba5c2f7a4133cb63b,near_2791da3a50be06fd2718,true,false,2
rec_f76cd1e816079b26c98e,near_eda89ba14cd9a5fa9ac1,false,false,0
rec_f78d69694a25e0309fac,near_2791da3a50be06fd2718,true,false,0
rec_f79277a6e0eaeefeee38,near_e63e6acd5df1f8fecf4d,false,false,0
rec_f796df8935163803cda8,near_2791da3a50be06fd2718,true,false,0
rec_f79f47e8c00a04f770ac,near_67dff464d386183da1e0,false,false,0
rec_f7a5b2b2a90257b076f1,near_ab8e5907dbfa01d4d5ec,false,false,0
rec_f7a768157ba7721a2c78,near_935fb421e15a2c5be956,false,false,0
rec_f7b62a545de58f40a93d,near_cc653984c053d64ca5b2,false,false,0
rec_f7c11bfdc7369b30b6de,near_9b052bedfa92679f001d,false,false,1
rec_f7d1e689a3867c6c86cd,near_5a84505557ea4cccc598,false,false,3
rec_f7d2353a441f24e3d3e1,near_6144a1ec318c79ee3dba,false,false,2
rec_f7d89357fc5411c36e22,near_2791da3a50be06fd2718,true,false,0
rec_f7de8098a80c499482e0,near_41dcf2cc752dc4c8341f,false,false,0
rec_f7ecfa62a836836b6a7c,near_49821f4bd5a9dcb0fa52,false,false,0
rec_f7f3180873a802562a8e,near_530166c23b69c2255db1,false,false,2
rec_f7f3f481759cfb8f6e3b,near_2791da3a50be06fd2718,true,false,0
rec_f7f5b76fb1205d11006f,near_3eeec986777023993a2a,false,false,0
rec_f7f9c1f8316192463d69,near_2791da3a50be06fd2718,true,false,0
rec_f7fe419fd192d08d92e5,near_2791da3a50be06fd2718,true,false,0
rec_f80581609c37fe7941de,near_b751ea27d15f83929e21,false,false,4
rec_f810f86fa95160708ad6,near_5c5a390c04bb69ebb498,false,false,1
rec_f8153d6b58039d30d78f,near_63c4e31dde097013bf37,false,false,0
rec_f81dc4e7501e268364da,near_2791da3a50be06fd2718,true,false,0
rec_f82c0ed68f067f5ef0fa,near_65528d875a288b905f17,false,false,2
rec_f82d738ee06e184578c2,near_e0c029202eadc4a476dc,false,false,0
rec_f82e81f67050a858a43f,near_2791da3a50be06fd2718,true,false,0
rec_f82eaf91e94d7ddbe44c,near_2791da3a50be06fd2718,true,false,0
rec_f83a4ac1ca1de2c87f2b,near_ea18ef8ac72350f50f10,false,false,1
rec_f83bff7029f71f610f46,near_2791da3a50be06fd2718,true,false,0
rec_f840672c3c3289fb3814,near_2791da3a50be06fd2718,true,false,0
rec_f84f595edf0d728049d1,near_2791da3a50be06fd2718,true,false,0
rec_f85185b5bc297b1d1269,near_2791da3a50be06fd2718,true,false,1
rec_f8549c69af01c7b5dcf3,near_1a550b4f41253625a0fe,false,false,2
rec_f858ef05cd5b758cc5e8,near_21049198494817151680,false,false,0
rec_f85c4451013f9c2dae86,near_2791da3a50be06fd2718,true,false,0
rec_f85dec58e21b54c363f4,near_c6afb7e2086e6404ed93,false,false,0
rec_f86ba0f6904bed5dac12,near_f02612d91828bfbf7a3e,false,false,0
rec_f86be7d0bd5ab5421b7e,near_788fc19a7ab21f54709f,false,false,0
rec_f87f0ee1d2d038769df6,near_2791da3a50be06fd2718,true,false,0
rec_f885abad63e48c75b7d6,near_2791da3a50be06fd2718,true,false,2
rec_f8892ee6742e25c26fce,near_2791da3a50be06fd2718,true,false,0
rec_f8940df71a28fec53aee,near_2791da3a50be06fd2718,true,false,0
rec_f89b53824eba5add837a,near_4d11bdd4a01bce72dd37,false,false,2
rec_f8aa346e597c80e5ff21,near_2791da3a50be06fd2718,true,false,2
rec_f8bc09358ae69fa029ba,near_2791da3a50be06fd2718,true,false,0
rec_f8c8164520f9f19def19,near_ac1b7e3bacb9c6c7804a,false,false,4
rec_f8c89dab6eba4c519ed0,near_2791da3a50be06fd2718,true,false,0
rec_f8d1b942695becf74931,near_2791da3a50be06fd2718,true,false,0
rec_f8d2d27d213527b15659,near_2791da3a50be06fd2718,true,false,0
rec_f8d34542fbaa3465546b,near_cd8a2ea8b37fa0f93b42,false,false,1
rec_f8dbd2fbde6ea43e11a6,near_2791da3a50be06fd2718,true,false,0
rec_f8e082dc2c153c4f2934,near_48d5ee317c2329d2357e,false,false,0
rec_f8f34b4d154874ec9cb6,near_1dfced644c152adc9780,false,false,0
rec_f9065253fe387c7d2991,near_2791da3a50be06fd2718,true,false,0
rec_f90a1274f033c2c5c477,near_2eddb3030c088c989994,false,false,4
rec_f90b5d23723983f3fefb,near_289e2b0becce6774c466,false,false,4
rec_f91b5372880314178a37,near_468148747c0bef17b8f9,false,false,2
rec_f921a7bd7097f0adc349,near_3336da951b496f54d83b,false,false,0
rec_f922136506f184695344,near_bbfbc8155d32f0099ce8,false,false,4
rec_f9285420bd56b40b0370,near_5dc3f989e199f8f356a0,false,false,0
rec_f9318afcd7ab3ec57869,near_2791da3a50be06fd2718,true,false,2
rec_f93686cb532939618325,near_732920cd81111d49f997,false,false,3
rec_f93b217c81ca8599c99d,near_2791da3a50be06fd2718,true,false,0
rec_f93fc88024e1d5379a23,near_4bbc476d0389b8f35a3e,false,false,0
rec_f945e727d8b0b9d21088,near_de85791baf91df69cce6,false,false,1
rec_f94f9be279d5eefc6c2c,near_28e5eae4cb50ff7cfd3c,true,false,2
rec_f9535d0eba6caba85f2b,near_2791da3a50be06fd2718,true,false,0
rec_f97ab9be33850fd22adb,near_2791da3a50be06fd2718,true,false,0
rec_f97b397fdc03bd8e6d46,near_2db0911ed76d854706e5,false,false,1
rec_f980610fb930cb65a817,near_2791da3a50be06fd2718,true,false,0
rec_f9816296bccf2660acb4,near_2791da3a50be06fd2718,true,false,0
rec_f9899e9cce8753dd6d01,near_d41c2c49103e6a0cec69,true,false,2
rec_f98e0ff9d4ca5a840c52,near_ca3e98e37d95f94564f5,false,false,4
rec_f9cd5331efe980b8cec5,near_b094385a38638a625a8a,false,false,1
rec_f9cd825c14984ffebc36,near_d3a21a5fcc1c4b300120,false,false,4
rec_f9de12d69fbc58a96751,near_2791da3a50be06fd2718,true,false,0
rec_f9e32697d7041242e658,near_ac2002390cb4ad4a6b13,false,false,0
rec_f9f741902779c3e1f7e1,near_53f59a2188f11c36977e,false,false,0
rec_f9fde33c9f08e2701a0b,near_2791da3a50be06fd2718,true,false,0
rec_fa08e25449933ef28554,near_3dfbdb7c4232c10f8281,false,false,0
rec_fa0a4ecc6744be09545a,near_2791da3a50be06fd2718,true,false,0
rec_fa0c9c3b55413c55bc26,near_46865a210975b19337d1,false,false,0
rec_fa1bf26c3e3c0aa82b2e,near_2791da3a50be06fd2718,true,false,0
rec_fa2cfb54aa9fcd2f0bef,near_e6bf12368ee758773f3e,false,false,0
rec_fa2eaf5834bb0193e920,near_2791da3a50be06fd2718,true,false,1
rec_fa477cd70e2a2322c923,near_2791da3a50be06fd2718,true,false,1
rec_fa4dd38bc40e30ff8eca,near_e399f7a5f5f48e8e1044,false,false,1
rec_fa51674f3cd21b2bab12,near_2791da3a50be06fd2718,true,false,0
rec_fa5b55b1e827827ce6e7,near_2c86bffd5dd376ff3b0e,false,false,1
rec_fa5c16258a8c89d88606,near_517c317b20fd560f926d,false,false,1
rec_fa5f478f92192183b6f1,near_bf6ea0515aecf68e534f,false,false,0
rec_fa61653bd9d7067b3e9e,near_3c0a0e56ac8900890d69,false,false,3
rec_fa68c33eee024afdd8e7,near_2791da3a50be06fd2718,true,false,0
rec_fa6b0d07f54671839ab1,near_06ccb1913371f0dbfd8a,false,false,1
rec_fa79b7c7b930365d898f,near_2791da3a50be06fd2718,true,false,0
rec_fa8679dc399a7dbc768a,near_423798627957c87610bf,false,false,1
rec_fa8c95d98a930993bfde,near_2791da3a50be06fd2718,true,false,1
rec_fa9b9ec84b68a8187441,near_4bbc476d0389b8f35a3e,false,false,0
rec_fa9e6250b5189fb4e7c9,near_a4d06db4d2aaeb1a121d,false,false,0
rec_fab1a42ab5ab84692919,near_2791da3a50be06fd2718,true,false,0
rec_fab42dd3dd15749a5e86,near_bfb5015dd876caf01887,false,false,0
rec_fab71766b4c704def845,near_2bd13630a5f132cfef43,false,false,0
rec_fac187ee7c02cea28ee3,near_2791da3a50be06fd2718,true,false,0
rec_fac2a7959a6254e4171c,near_2791da3a50be06fd2718,true,false,0
rec_fad0060eef9943254e69,near_2791da3a50be06fd2718,true,false,2
rec_fadc1a6e06ec3979b199,near_2791da3a50be06fd2718,true,false,0
rec_fae9a9306e882225407d,near_2791da3a50be06fd2718,true,false,1
rec_faebfc870a520415479c,near_2791da3a50be06fd2718,true,false,2
rec_faf5813b066b3ee3c9be,near_905ad6b7873aa6581e73,false,false,0
rec_fafabe2d77036f0bdbbe,near_2791da3a50be06fd2718,true,false,1
rec_fafb5b0af16f51677491,near_1b935affe9a9213102a2,false,false,2
rec_faff584fd75ed04cd688,near_a749462331230f983cec,false,false,3
rec_fb0e51e582942d3de9ab,near_62f2153d72fb8a7a49b8,false,false,2
rec_fb12cc0d4296c9cd8625,near_2791da3a50be06fd2718,true,false,0
rec_fb1a232393698738d726,near_2791da3a50be06fd2718,true,false,0
rec_fb2b3ec6a0dc23114a35,near_01e2838d82a95ccbc064,false,false,4
rec_fb4b79486a323d25ec84,near_3ba228c0f42748135de5,false,false,4
rec_fb4c6b38b2c4431b6f8e,near_2791da3a50be06fd2718,true,false,0
rec_fb4f0d6d481567773f5b,near_2791da3a50be06fd2718,true,false,0
rec_fb510f196f39b176210f,near_5e346855a61367504afc,false,false,1
rec_fb52861ce5a7aa98f405,near_2791da3a50be06fd2718,true,false,0
rec_fb543ff3b9e953631449,near_dbb3e06de850aab18446,false,false,0
rec_fb5d8428f94aa72153e4,near_0b311ff6b5c1c1a7cd5b,false,false,4
rec_fb61eb3b35b6c2bc789d,near_2791da3a50be06fd2718,true,false,0
rec_fb665a740fd11a59c1a4,near_2791da3a50be06fd2718,true,false,0
rec_fb69f6f8daa9f664efc3,near_304ce59373a30046f51c,false,false,4
rec_fb79da84d6fe7c35766f,near_2791da3a50be06fd2718,true,false,0
rec_fb83d48c94eac94fa2ef,near_2791da3a50be06fd2718,true,false,0
rec_fb8ce044fd7df263dcf2,near_2791da3a50be06fd2718,true,false,0
rec_fb923719b4dc22f0a691,near_2791da3a50be06fd2718,true,false,0
rec_fbac8bf53b15b0a3d458,near_69176482fdc7929e8805,false,false,1
rec_fbb76aff063d32260bcd,near_40fd048a0260f77dc8e4,false,false,1
rec_fbba8b509ef8c72a5df6,near_7d3d6d7327808aa00dd6,false,false,0
rec_fbbaa3506012d209c185,near_f5f451cc67d77d6db500,false,false,0
rec_fbd9c3c5d889d27fc86a,near_a88cdf823e7194dde440,false,false,0
rec_fbde4f841ed96b802acb,near_d87e850b82a0f2da8859,false,false,0
rec_fbe2399bbcba7b44677b,near_2791da3a50be06fd2718,true,false,0
rec_fbe745a455b53e107e7f,near_a83f18bc5e37fb3e5220,false,false,1
rec_fbebfb073bfd5e42ea18,near_2791da3a50be06fd2718,true,false,0
rec_fbf078384c2d329ce797,near_002df7040735bf2a9fd2,false,false,2
rec_fbf08d33ffb44a8ecb3b,near_cf242b5c7da9c94abbc8,false,false,1
rec_fbf9f2330a75d246c725,near_5ca312f8f636a5b1c3c4,false,false,1
rec_fbfa71b141bf8c298d05,near_2791da3a50be06fd2718,true,false,1
rec_fc02683cc9d6b342604b,near_2791da3a50be06fd2718,true,false,0
rec_fc19cc23d6e73fd8eaff,near_2791da3a50be06fd2718,true,false,0
rec_fc1a050c78de160ca3f1,near_8f0e3317a51b3721b5ab,false,false,0
rec_fc2be28411aae48e4aef,near_2791da3a50be06fd2718,true,false,0
rec_fc3ca234d38e9f11bdff,near_bb3e4a98a0bd93c27079,false,false,2
rec_fc483beab2bee575ea60,near_8e97aa40f49d5d7783f1,false,false,1
rec_fc4cd57bba2e98e146b7,near_7867b56079c842418cf5,false,false,3
rec_fc57b437b74e8ab022e2,near_2eddb3030c088c989994,false,false,4
rec_fc5a752a71e6a764a433,near_a9cc47a4cec0a714fede,false,false,0
rec_fc6468c05dfd8fc4c783,near_33ca005f549facce0dff,false,false,0
rec_fc6d9a3e9cd259e7065e,near_7ba1bbd6bad2a57cf396,false,false,1
rec_fc6e88f58fa321696b3b,near_2791da3a50be06fd2718,true,false,0
rec_fc79c96e753893170cdf,near_0c30d3f7fd42b14d5a4f,false,false,0
rec_fc8c5f51926f97648b1e,near_fac76a4b96ef177b6b6b,false,false,0
rec_fc90bfb50c3ce4ef18e2,near_76c8c9470a0daf63703b,false,false,1
rec_fc95a88868b677a8600b,near_2791da3a50be06fd2718,true,false,1
rec_fca46e49308bf552d492,near_2791da3a50be06fd2718,true,false,0
rec_fcabf73f6b00990fd05b,near_784a8c6fe22f78b9f705,false,false,1
rec_fccca9635d0d547b350f,near_2791da3a50be06fd2718,true,false,0
rec_fcd32d785330d425be07,near_20c421fe25271751cc67,false,false,0
rec_fcd97e040ccc46a4603d,near_2791da3a50be06fd2718,true,false,0
rec_fce2fbe7f6cf519dbdff,near_04cb01253ad161b66c8a,false,false,0
rec_fce411d658dfc7c1649d,near_a749462331230f983cec,false,false,0
rec_fce8ad4149f35b62808b,near_0fa7f521c00ff96b1e29,false,false,0
rec_fce940ac65ee2e789920,near_2791da3a50be06fd2718,true,false,1
rec_fceb0722eea4b32ae306,near_91b00e69806fabeebc76,false,false,0
rec_fcf3023cd29c1559ae10,near_09c86884d06ece9fdb36,false,false,0
rec_fcf86e54c8e5fab04787,near_09327b18746fb92db76b,false,false,0
rec_fd03b7e24f34f5477615,near_2791da3a50be06fd2718,true,false,0
rec_fd10fa665f0eb92beb8f,near_4bd6b963f665238f7c8c,false,false,1
rec_fd18c11003b923807f93,near_45c34393c04aa393e5a3,false,false,0
rec_fd18e432cb817a31a113,near_2791da3a50be06fd2718,true,false,1
rec_fd1d4449577e74ca87d6,near_2791da3a50be06fd2718,true,false,0
rec_fd1fd5e3acb89ec01ff2,near_2791da3a50be06fd2718,true,false,0
rec_fd343e3981ca4815563b,near_d8db3adaa060fcb2251d,false,false,1
rec_fd382b1834c60e24b20f,near_5b230b8bee24a5f97ae7,false,false,0
rec_fd38fb30784ef3664476,near_2791da3a50be06fd2718,true,false,2
rec_fd39666719fefa352373,near_1687a10b9667dc175877,false,false,0
rec_fd3f356321ca9eb69305,near_2791da3a50be06fd2718,true,false,1
rec_fd49f578094e4889835a,near_f0e651ca3aee80c5e22d,false,false,3
rec_fd52726a19df885771b6,near_2791da3a50be06fd2718,true,false,0
rec_fd54192a04298605b47e,near_1bc39f3e057f73ef7fc9,false,false,3
rec_fd55de91b99026ca8237,near_2791da3a50be06fd2718,true,false,0
rec_fd5e8067855a7bdc59d4,near_667c5b6f5a1a297b1093,false,false,4
rec_fd61ce340809167d23c6,near_ee134333e3619cf2bbff,false,false,0
rec_fd6694a5c884c2947e4c,near_a43e756f240cc4ba1d93,false,false,0
rec_fd68c61d27386716072b,near_6e9972a76e584523c172,false,false,1
rec_fd7e1dec405997e98dd3,near_2791da3a50be06fd2718,true,false,1
rec_fd84b5a5a2bb1e145804,near_2791da3a50be06fd2718,true,false,1
rec_fd85d651a395c37c453c,near_061bfca3308d720d5ee6,false,false,0
rec_fd88f7febb8909d57f9b,near_1c5cb4c8717c13a423ed,false,false,1
rec_fd940e544d97b9a6520f,near_2791da3a50be06fd2718,true,false,1
rec_fd9c26ecc39910342856,near_27f6ff711b79f0a5f2cc,false,false,1
rec_fd9fbb4a798697ff9ec9,near_2878119b327e3cd5ebfb,false,false,4
rec_fdcb8ba2e5066086c4cf,near_87bb39285f151a10c230,false,false,1
rec_fdcf5afb9c7b19d60306,near_4c1a62ffe2ce2796edd7,false,false,4
rec_fde250df18318984779d,near_3e7f6912e2eb79363b9d,false,false,2
rec_fde4945682114c4a09a8,near_2791da3a50be06fd2718,true,false,0
rec_fde5d08803baab44a3a4,near_2791da3a50be06fd2718,true,false,0
rec_fdf1d7a2fbf17f22165a,near_b862c0a874b8ebbc5961,false,false,4
rec_fe03f8d7d189e09adf52,near_2791da3a50be06fd2718,true,false,0
rec_fe079bbf2c86f8ca29ef,near_740adbb918e18e3dd046,false,false,1
rec_fe088bd45527c50536c7,near_13f044de9b84503e2912,false,false,4
rec_fe0b96efa36d7e7900b9,near_0204a926844c85d91852,false,false,0
rec_fe16def673d4cc27b9fd,near_d77d1c9f948178535e9d,false,false,0
rec_fe21d215e9e9ca27962b,near_14abcd2a89d57146b848,false,false,1
rec_fe2b706f2e5caa0efacd,near_2791da3a50be06fd2718,true,false,0
rec_fe2ea539f61cf4e389c2,near_0278e50f649a65aa1597,false,false,3
rec_fe387ea9f18079c5ecd0,near_0bbacaf06d97b9192433,false,false,0
rec_fe40bf5d2b4cf4d5e110,near_2791da3a50be06fd2718,true,false,0
rec_fe617d5e1c6cdc1b57e7,near_0049e4f9eb1bc1c26c6b,false,false,0
rec_fe69e983e7e2b2777bf0,near_2791da3a50be06fd2718,true,false,0
rec_fe71bfaf8cf0c7c2c7af,near_2791da3a50be06fd2718,true,false,3
rec_fe7825c6670a734e0580,near_7d89a89bfaff1e1d3e18,false,false,0
rec_fe81c9f6e3652586192d,near_07850ba4beafde942054,false,false,2
rec_fe9eabc4b3ff1a62ffe4,near_13c77d1a2c1aa4aef2dc,false,false,0
rec_fea9d1322a7cf07449f0,near_826ec28329933897826c,false,false,0
rec_feb7b44b3f6b053758c6,near_cd9c79a21b01012c21c8,false,false,1
rec_feb90227ecfa38c5aba9,near_fd449ce5238ad4d7a8d9,false,false,0
rec_febec27af1c8df9f3062,near_59506435598b809b4fa7,false,false,1
rec_fec40a4e14e3f3292c8e,near_ab50935e57f46084725d,false,false,0
rec_fed1630ef75ce9a6736c,near_2791da3a50be06fd2718,true,false,0
rec_fed482e8bb4c41c346b0,near_2791da3a50be06fd2718,true,false,0
rec_fed57946d44b5cde832c,near_2791da3a50be06fd2718,true,false,0
rec_fedbdafec52c689bc76f,near_27af2df6550e1477fe32,false,false,0
rec_fee2b80c5f632f763b6c,near_2791da3a50be06fd2718,true,false,0
rec_fee942ba2fedbf7a04ad,near_c5cb94f0508e916b6f99,false,false,0
rec_fef1537ba05d08bf2300,near_80dfd9e46012ad7d070b,false,false,0
rec_fef36a9591fcc709419f,near_2791da3a50be06fd2718,true,false,0
rec_fef962e9329167398d1a,near_1cf663324adb4dbad0aa,false,false,0
rec_fefbebec8fa41369f2f3,near_fafbd565cb67990e8b52,false,false,4
rec_fefde6226cab36ac55e1,near_439a1dbdf50b5d68be04,false,false,1
rec_ff01400fbf81007e4be1,near_4615e28e3d9532bc3eb7,false,false,0
rec_ff04632d7e6847f3be5b,near_e79e8fe542844120ea23,false,false,0
rec_ff07d051b29c8681b024,near_96b13915556337121bb5,false,false,0
rec_ff0ab45e439352aea8fb,near_2791da3a50be06fd2718,true,false,0
rec_ff11e58a2cda67ad54c0,near_3f23d1d8666fa6ade563,false,false,3
rec_ff2558ee16498448b4dc,near_6dd817ac0ddb6b6ac4e6,false,false,0
rec_ff25b5cab17938f7ce68,near_60740f319c66b5334321,false,false,0
rec_ff2bf80bb008395d5c9a,near_8c66f1d92e509a3cbb3c,false,false,3
rec_ff2ed3d5a2eb7f10c7ed,near_2791da3a50be06fd2718,true,false,0
rec_ff3026897ace0491fdbc,near_400124bac45ababb2b63,false,false,2
rec_ff387dda7116bc649e1f,near_ff24abcb79fd9f9a268d,false,false,4
rec_ff55a0dded1a6d50723a,near_49aae90abb9b1560e43f,false,false,0
rec_ff74d932ee74acd24a64,near_2166bf43e96e8ffc3fea,false,false,3
rec_ff8371e13e0ffc1a9ae4,near_0f056ab40aee6f5738a1,false,false,3
rec_ff8a3bb262725899b566,near_c804102c1557c21233bd,false,false,1
rec_ff8d258b067819ba28de,near_c81d6bb6769f38379090,false,false,0
rec_ff8d7077fd8b3c57fb56,near_9c0b735e7cd90a8389d1,false,false,1
rec_ffa0e2031dc2ec0534b4,near_abcb67850ba4c74edce9,false,false,1
rec_ffb1a255de6f1692fc98,near_e658a919d95011636889,false,false,2
rec_ffbbd77fe2f5e9592e27,near_f472a08abb0869a12c24,false,false,0
rec_ffbd4560f5a8ce18eb3f,near_b2a3f483abff392b0e23,false,false,0
rec_ffbecce2151ea09b0fca,near_2791da3a50be06fd2718,true,false,0
rec_ffc6af19ecf3b2a36ba0,near_15f2503a09da2a152f98,false,false,0
rec_ffd333c9900a25f53eb5,near_2791da3a50be06fd2718,true,false,0
rec_ffda049d58459fe2edad,near_2791da3a50be06fd2718,true,false,0
rec_ffe9b5ffc4b1b55cd899,near_3844c91de12851f70495,false,false,2
rec_ffec1fc3b502903674d4,near_238549c0147e9efecea7,false,false,4
rec_ffef079f9153d941da1a,near_2791da3a50be06fd2718,true,false,2
rec_fff26383fdc8aa271011,near_08a3259cc3b954d158a0,false,false,1
rec_fff4b441007ee1d64293,near_de388a7328032bdd14c3,false,false,0
