refined_group_id,representative_record_id,member_count,training_member_count,locked_test_member_count,target_classes,datasets,similarity_method,minimum_dhash_distance,maximum_dhash_distance,minimum_phash_distance,maximum_phash_distance,minimum_orb_match_ratio,maximum_orb_match_ratio,minimum_orb_inlier_ratio,maximum_orb_inlier_ratio,risk_status
refined_51cc481dfeeab3aeea76,rec_00027c7d903bf027427a,2,2,0,Potato healthy,PLDD-UP,direct representative match: dHash<=4 + pHash + geometry + ORB/RANSAC,0,0,0,0,0.91375000,0.91375000,1.00000000,1.00000000,VERIFIED_NEAR_DUPLICATE
refined_9d5405544625ea342685,rec_00093ea1355fc2b06c51,2,2,0,Corn healthy,Seasonal Corn Leaf Disease Dataset,direct representative match: dHash<=4 + pHash + geometry + ORB/RANSAC,2,2,0,0,0.93315858,0.93315858,0.99719101,0.99719101,VERIFIED_NEAR_DUPLICATE
refined_c5076b74418a641fd922,rec_0016b262206323e3e1f3,2,2,0,Corn healthy,Seasonal Corn Leaf Disease Dataset,direct representative match: dHash<=4 + pHash + geometry + ORB/RANSAC,1,1,0,0,0.94488189,0.94488189,0.99861111,0.99861111,VERIFIED_NEAR_DUPLICATE
refined_02597006a9bb7ff26537,rec_0022752b6eb623be70f0,2,2,0,Corn healthy,Seasonal Corn Leaf Disease Dataset,direct representative match: dHash<=4 + pHash + geometry + ORB/RANSAC,0,0,0,0,0.93573265,0.93573265,0.99313187,0.99313187,VERIFIED_NEAR_DUPLICATE
refined_6f65afc1906a810cdd28,rec_00268ed0eb22dc192e24,2,2,0,Corn healthy,Seasonal Corn Leaf Disease Dataset,direct representative match: dHash<=4 + pHash + geometry + ORB/RANSAC,0,0,0,0,0.91735537,0.91735537,0.99849850,0.99849850,VERIFIED_NEAR_DUPLICATE
refined_076a11ed439ff0c3cdd5,rec_003897af6bd122ecb009,3,3,0,Potato Early blight,PLDD-UP,direct representative match: dHash<=4 + pHash + geometry + ORB/RANSAC,2,2,2,2,0.68761905,0.69043152,0.93478261,0.96398892,VERIFIED_NEAR_DUPLICATE
refined_4123eefa79e24d22746e,rec_003b9c1975bbdde11bdf,3,3,0,Potato healthy,PLDD-UP,direct representative match: dHash<=4 + pHash + geometry + ORB/RANSAC,0,0,0,0,0.95375000,0.99375000,0.99868938,1.00000000,VERIFIED_NEAR_DUPLICATE
refined_fba5593215b77440d321,rec_005c13d0dede813d329a,4,4,0,Potato healthy,PLDD-UP,direct representative match: dHash<=4 + pHash + geometry + ORB/RANSAC,2,3,0,2,0.59000000,0.72000000,0.95625000,0.98263889,VERIFIED_NEAR_DUPLICATE
refined_683ca610980465809b43,rec_006059a894853d71dad3,2,2,0,Corn healthy,Seasonal Corn Leaf Disease Dataset,direct representative match: dHash<=4 + pHash + geometry + ORB/RANSAC,0,0,2,2,0.88388970,0.88388970,0.98686371,0.98686371,VERIFIED_NEAR_DUPLICATE
refined_1f807e75ee217faf746b,rec_0066951bbf52040d5b4c,2,2,0,Potato healthy,PLDD-UP,direct representative match: dHash<=4 + pHash + geometry + ORB/RANSAC,4,4,0,0,0.74395448,0.74395448,0.93690249,0.93690249,VERIFIED_NEAR_DUPLICATE
refined_b4d9ec8312a20da59889,rec_008c696fff7e400ad02f,2,2,0,Potato healthy,PLDD-UP,direct representative match: dHash<=4 + pHash + geometry + ORB/RANSAC,0,0,0,0,0.95625000,0.95625000,1.00000000,1.00000000,VERIFIED_NEAR_DUPLICATE
refined_a23ac0e826d13750385f,rec_0098b521e9ec1edd9ab2,2,2,0,Potato healthy,PLDD-UP,direct representative match: dHash<=4 + pHash + geometry + ORB/RANSAC,1,1,0,0,0.77138850,0.77138850,0.99818182,0.99818182,VERIFIED_NEAR_DUPLICATE
refined_abfed0c5db7da910459f,rec_00a5c36ca06e573b0de2,2,2,0,Corn healthy,Seasonal Corn Leaf Disease Dataset,direct representative match: dHash<=4 + pHash + geometry + ORB/RANSAC,0,0,0,0,0.92926491,0.92926491,0.99552239,0.99552239,VERIFIED_NEAR_DUPLICATE
refined_f9e725374cef0e95a80d,rec_00b05a92da7759004158,2,2,0,Potato healthy,PLDD-UP,direct representative match: dHash<=4 + pHash + geometry + ORB/RANSAC,0,0,0,0,0.73907104,0.73907104,0.97412200,0.97412200,VERIFIED_NEAR_DUPLICATE
refined_a5aa1ceabd9e0c0bc0b1,rec_00bce69966fcef1e6a5e,2,2,0,Potato healthy,PLDD-UP,direct representative match: dHash<=4 + pHash + geometry + ORB/RANSAC,0,0,0,0,0.95801527,0.95801527,0.99867198,0.99867198,VERIFIED_NEAR_DUPLICATE
refined_49a2771c3b840030a8e9,rec_00c1ff248260bc9f0556,2,2,0,Potato healthy,PLDD-UP,direct representative match: dHash<=4 + pHash + geometry + ORB/RANSAC,0,0,2,2,0.74773414,0.74773414,0.97373737,0.97373737,VERIFIED_NEAR_DUPLICATE
refined_e6c7853a311d3c2a2e07,rec_00c2d5fdea2d9544a320,2,2,0,Potato healthy,PLDD-UP,direct representative match: dHash<=4 + pHash + geometry + ORB/RANSAC,0,0,0,0,0.80125000,0.80125000,0.99063963,0.99063963,VERIFIED_NEAR_DUPLICATE
refined_64dd7b12743064735df7,rec_00c513e926daa66cb0e3,2,2,0,Potato Early blight,PLDD-UP,direct representative match: dHash<=4 + pHash + geometry + ORB/RANSAC,3,3,2,2,0.38500000,0.38500000,0.76298701,0.76298701,VERIFIED_NEAR_DUPLICATE
refined_54cbbee69a9942cc7f75,rec_00e23fdd9cab71efbe87,2,2,0,Corn healthy,Seasonal Corn Leaf Disease Dataset,direct representative match: dHash<=4 + pHash + geometry + ORB/RANSAC,0,0,2,2,0.95225464,0.95225464,1.00000000,1.00000000,VERIFIED_NEAR_DUPLICATE
refined_b8dc7231b7aead014ec8,rec_00e6ff8af37be3930c62,2,2,0,Potato Late blight,PLDD-UP,direct representative match: dHash<=4 + pHash + geometry + ORB/RANSAC,2,2,2,2,0.57875000,0.57875000,0.86393089,0.86393089,VERIFIED_NEAR_DUPLICATE
refined_c5320723087c934d6cee,rec_00e8a571ce9e1dd8c741,2,2,0,Corn healthy,Seasonal Corn Leaf Disease Dataset,direct representative match: dHash<=4 + pHash + geometry + ORB/RANSAC,0,0,0,0,0.92887624,0.92887624,1.00000000,1.00000000,VERIFIED_NEAR_DUPLICATE
refined_b0e2268cf23a6de0154c,rec_00fcbd6525482f0abd4a,2,2,0,Potato healthy,PLDD-UP,direct representative match: dHash<=4 + pHash + geometry + ORB/RANSAC,0,0,0,0,0.75982533,0.75982533,0.99233716,0.99233716,VERIFIED_NEAR_DUPLICATE
refined_fc8c97871c5312fbd90c,rec_010c04a41b1d2d3fee9c,2,2,0,Corn healthy,Seasonal Corn Leaf Disease Dataset,direct representative match: dHash<=4 + pHash + geometry + ORB/RANSAC,1,1,0,0,0.91285714,0.91285714,0.99843505,0.99843505,VERIFIED_NEAR_DUPLICATE
refined_7c43943852b0c09cf4e2,rec_010cf108f0c10c723f65,2,2,0,Potato healthy,PLDD-UP,direct representative match: dHash<=4 + pHash + geometry + ORB/RANSAC,0,0,2,2,0.83958603,0.83958603,0.99383667,0.99383667,VERIFIED_NEAR_DUPLICATE
refined_bd8551565545d73e1d5a,rec_0111008cc8fa4edafc9f,2,2,0,Corn healthy,Seasonal Corn Leaf Disease Dataset,direct representative match: dHash<=4 + pHash + geometry + ORB/RANSAC,0,0,0,0,0.90703851,0.90703851,0.99853587,0.99853587,VERIFIED_NEAR_DUPLICATE
refined_fd7ba8da6782ae0a5aa5,rec_01144e589b53320abfc8,2,2,0,Corn healthy,Seasonal Corn Leaf Disease Dataset,direct representative match: dHash<=4 + pHash + geometry + ORB/RANSAC,1,1,0,0,0.91968912,0.91968912,0.99718310,0.99718310,VERIFIED_NEAR_DUPLICATE
refined_67c5da40473a56c0840c,rec_011a7d50f2cbffd330f5,2,2,0,Potato healthy,PLDD-UP,direct representative match: dHash<=4 + pHash + geometry + ORB/RANSAC,0,0,0,0,0.96954315,0.96954315,0.99869110,0.99869110,VERIFIED_NEAR_DUPLICATE
refined_111f35d9a6ab64b7f1da,rec_011e6115227b61a92079,2,2,0,Potato healthy,PLDD-UP,direct representative match: dHash<=4 + pHash + geometry + ORB/RANSAC,0,0,0,0,0.99375000,0.99375000,1.00000000,1.00000000,VERIFIED_NEAR_DUPLICATE
refined_4c1d608c7a49ba747492,rec_012a487555e008426d85,3,3,0,Potato Late blight,PLDD-UP,direct representative match: dHash<=4 + pHash + geometry + ORB/RANSAC,1,4,2,2,0.57746479,0.59308511,0.96860987,0.98536585,VERIFIED_NEAR_DUPLICATE
refined_e8c2ee034d8c627abe4a,rec_013e5f164061b396c35f,4,4,0,Potato healthy,PLDD-UP,direct representative match: dHash<=4 + pHash + geometry + ORB/RANSAC,0,1,0,4,0.53125000,0.96125000,0.94588235,0.99869961,VERIFIED_NEAR_DUPLICATE
refined_864b5ee8f4a431ba569f,rec_01409e7cf03da8062092,3,3,0,Potato healthy,PLDD-UP,direct representative match: dHash<=4 + pHash + geometry + ORB/RANSAC,0,0,0,0,0.97000000,0.97500000,0.99742268,0.99871795,VERIFIED_NEAR_DUPLICATE
refined_f42e6777ca05adae9898,rec_0142d74c5e70940c6a4f,2,2,0,Potato healthy,PLDD-UP,direct representative match: dHash<=4 + pHash + geometry + ORB/RANSAC,0,0,0,0,0.89230769,0.89230769,1.00000000,1.00000000,VERIFIED_NEAR_DUPLICATE
refined_d3be3c19a3af6f9725ee,rec_014510746bdbce35017a,2,2,0,Potato healthy,PLDD-UP,direct representative match: dHash<=4 + pHash + geometry + ORB/RANSAC,0,0,0,0,0.99465955,0.99465955,1.00000000,1.00000000,VERIFIED_NEAR_DUPLICATE
refined_a2ae612ba9eb8bc6e45e,rec_0147695f9cd3edfc3490,3,3,0,Potato Late blight,PLDD-UP,direct representative match: dHash<=4 + pHash + geometry + ORB/RANSAC,2,3,2,4,0.71601208,0.72507553,0.94791667,0.98734177,VERIFIED_NEAR_DUPLICATE
refined_9b1ac77ba90dd575e76d,rec_0159189f334eae8907e6,2,2,0,Potato healthy,PLDD-UP,direct representative match: dHash<=4 + pHash + geometry + ORB/RANSAC,3,3,4,4,0.62250000,0.62250000,0.93574297,0.93574297,VERIFIED_NEAR_DUPLICATE
refined_13b91fedd9c68c880cfa,rec_016fdf6e1f76a7199084,2,2,0,Corn healthy,Seasonal Corn Leaf Disease Dataset,direct representative match: dHash<=4 + pHash + geometry + ORB/RANSAC,1,1,0,0,0.91578947,0.91578947,0.99568966,0.99568966,VERIFIED_NEAR_DUPLICATE
refined_c64761fda949c04c4f1f,rec_0187cce78c2f9b872cc8,2,2,0,Potato Early blight,PLDD-UP,direct representative match: dHash<=4 + pHash + geometry + ORB/RANSAC,0,0,2,2,0.62531328,0.62531328,0.89979960,0.89979960,VERIFIED_NEAR_DUPLICATE
refined_b9f8ed8a8860a6caebba,rec_019a9c3e6bf70ad88846,2,2,0,Potato healthy,PLDD-UP,direct representative match: dHash<=4 + pHash + geometry + ORB/RANSAC,0,0,2,2,0.79526462,0.79526462,0.98598949,0.98598949,VERIFIED_NEAR_DUPLICATE
refined_64301fb36d561f6333db,rec_01b67b2affdaea308daa,2,2,0,Potato healthy,PLDD-UP,direct representative match: dHash<=4 + pHash + geometry + ORB/RANSAC,0,0,0,0,0.97500000,0.97500000,1.00000000,1.00000000,VERIFIED_NEAR_DUPLICATE
refined_f75f3a693a99bf2b97eb,rec_01bad49418d1d86f6996,2,2,0,Potato healthy,PLDD-UP,direct representative match: dHash<=4 + pHash + geometry + ORB/RANSAC,0,0,0,0,0.96750000,0.96750000,0.99870801,0.99870801,VERIFIED_NEAR_DUPLICATE
refined_0ede4c8a28a746193324,rec_01bfb10069ca01aa96c6,2,2,0,Potato healthy,PLDD-UP,direct representative match: dHash<=4 + pHash + geometry + ORB/RANSAC,0,0,0,0,0.96250000,0.96250000,0.99740260,0.99740260,VERIFIED_NEAR_DUPLICATE
refined_39e622f86e6a56ecbf65,rec_01cdc856539408d25b4c,2,2,0,Corn healthy,Seasonal Corn Leaf Disease Dataset,direct representative match: dHash<=4 + pHash + geometry + ORB/RANSAC,1,1,0,0,0.92866579,0.92866579,1.00000000,1.00000000,VERIFIED_NEAR_DUPLICATE
refined_7f4b3b8568c35b5efbb0,rec_020800fdd0921db40cb7,2,2,0,Corn healthy,Seasonal Corn Leaf Disease Dataset,direct representative match: dHash<=4 + pHash + geometry + ORB/RANSAC,1,1,0,0,0.93175853,0.93175853,0.99859155,0.99859155,VERIFIED_NEAR_DUPLICATE
refined_a4430babaf1670c60ce9,rec_0218df5cc2832a83d22b,2,2,0,Potato healthy,PLDD-UP,direct representative match: dHash<=4 + pHash + geometry + ORB/RANSAC,1,1,0,0,0.74822191,0.74822191,0.99239544,0.99239544,VERIFIED_NEAR_DUPLICATE
refined_39f9c5dbe8beae36f48a,rec_023846dbfeb7b48e92c1,2,2,0,Potato healthy,PLDD-UP,direct representative match: dHash<=4 + pHash + geometry + ORB/RANSAC,0,0,2,2,0.96500000,0.96500000,0.99740933,0.99740933,VERIFIED_NEAR_DUPLICATE
refined_80b8d09fddf4e8e21965,rec_0238b4a224743fe4f1aa,2,2,0,Potato Early blight | Potato Late blight,PLDD-UP,direct representative match: dHash<=4 + pHash + geometry + ORB/RANSAC,0,0,6,6,0.69713506,0.69713506,0.98043053,0.98043053,VERIFIED_LABEL_CONFLICT
refined_d0565bf31787bdb25a28,rec_023fad71fc6179f26dbf,3,3,0,Potato Late blight,PLDD-UP,direct representative match: dHash<=4 + pHash + geometry + ORB/RANSAC,3,4,2,4,0.57196496,0.66080402,0.79868709,0.95437262,VERIFIED_NEAR_DUPLICATE
refined_0becb68144425777f86e,rec_0265356c48968bfd0195,3,3,0,Potato Early blight,PLDD-UP,direct representative match: dHash<=4 + pHash + geometry + ORB/RANSAC,3,3,4,4,0.58125000,0.64375000,0.90291262,0.95698925,VERIFIED_NEAR_DUPLICATE
refined_f45d1419a3bd47f6268f,rec_0265af1c27a97385360f,2,2,0,Potato healthy,PLDD-UP,direct representative match: dHash<=4 + pHash + geometry + ORB/RANSAC,0,0,2,2,0.77835052,0.77835052,0.99172185,0.99172185,VERIFIED_NEAR_DUPLICATE
refined_f923fb69085974fd3fca,rec_026e43ec1553d69aa6e4,2,2,0,Potato healthy,PLDD-UP,direct representative match: dHash<=4 + pHash + geometry + ORB/RANSAC,0,0,0,0,0.90338770,0.90338770,0.99861111,0.99861111,VERIFIED_NEAR_DUPLICATE
refined_d5a751f48b5f71f6d505,rec_0270f70499568bbc1710,2,2,0,Potato healthy,PLDD-UP,direct representative match: dHash<=4 + pHash + geometry + ORB/RANSAC,0,0,0,0,0.94910941,0.94910941,1.00000000,1.00000000,VERIFIED_NEAR_DUPLICATE
refined_ce47925aea05db1d00da,rec_0271abba06bd4c7b5943,2,2,0,Corn healthy,Seasonal Corn Leaf Disease Dataset,direct representative match: dHash<=4 + pHash + geometry + ORB/RANSAC,0,0,2,2,0.93376623,0.93376623,0.99443672,0.99443672,VERIFIED_NEAR_DUPLICATE
refined_6680a1c73b357a80753a,rec_0285da27ba488ee1c715,2,2,0,Potato healthy,PLDD-UP,direct representative match: dHash<=4 + pHash + geometry + ORB/RANSAC,0,0,0,0,0.80474198,0.80474198,0.99826690,0.99826690,VERIFIED_NEAR_DUPLICATE
refined_cdc028c39cb9aa35fc07,rec_028ccdf5940512ff11fb,2,2,0,Potato healthy,PLDD-UP,direct representative match: dHash<=4 + pHash + geometry + ORB/RANSAC,0,0,0,0,0.95875000,0.95875000,1.00000000,1.00000000,VERIFIED_NEAR_DUPLICATE
refined_311cff36d64339268c8b,rec_02a11b4bb67ee4ceede5,2,2,0,Potato healthy,PLDD-UP,direct representative match: dHash<=4 + pHash + geometry + ORB/RANSAC,3,3,0,0,0.71546961,0.71546961,0.99420849,0.99420849,VERIFIED_NEAR_DUPLICATE
refined_edfc5a5965ff02808f8b,rec_02a53e81b53d8936fabe,2,2,0,Potato healthy,PLDD-UP,direct representative match: dHash<=4 + pHash + geometry + ORB/RANSAC,0,0,0,0,0.99750000,0.99750000,0.99874687,0.99874687,VERIFIED_NEAR_DUPLICATE
refined_e41932528b40b010565e,rec_02c45b54b57cac41e4f0,3,3,0,Potato Late blight,PLDD-UP,direct representative match: dHash<=4 + pHash + geometry + ORB/RANSAC,0,0,2,4,0.59533074,0.60305344,0.96835443,0.98692810,VERIFIED_NEAR_DUPLICATE
refined_91ffe104863c486f1dcb,rec_02c5827aec8c9bb0c04e,2,2,0,Potato healthy,PLDD-UP,direct representative match: dHash<=4 + pHash + geometry + ORB/RANSAC,0,0,0,0,0.92615770,0.92615770,0.99864865,0.99864865,VERIFIED_NEAR_DUPLICATE
refined_39fdad3131e137f7bfb9,rec_02c7cf65c6b41116989b,2,2,0,Potato Late blight,PLDD-UP,direct representative match: dHash<=4 + pHash + geometry + ORB/RANSAC,3,3,2,2,0.42625000,0.42625000,0.95014663,0.95014663,VERIFIED_NEAR_DUPLICATE
refined_e01576d708723c553799,rec_02ca067c32bc64b72397,2,2,0,Potato Early blight | Potato Late blight,PLDD-UP,direct representative match: dHash<=4 + pHash + geometry + ORB/RANSAC,0,0,4,4,0.68656716,0.68656716,0.84782609,0.84782609,VERIFIED_LABEL_CONFLICT
refined_e46536b483d38c404f5e,rec_02e48b60914531fe5e86,2,2,0,Potato Early blight,PLDD-UP,direct representative match: dHash<=4 + pHash + geometry + ORB/RANSAC,4,4,4,4,0.60375000,0.60375000,0.93995859,0.93995859,VERIFIED_NEAR_DUPLICATE
refined_90cd95213751b6a3390c,rec_02e894b83780ada59b0e,2,2,0,Corn healthy,Seasonal Corn Leaf Disease Dataset,direct representative match: dHash<=4 + pHash + geometry + ORB/RANSAC,0,0,0,0,0.92957746,0.92957746,0.99545455,0.99545455,VERIFIED_NEAR_DUPLICATE
refined_4cf62c3df6267e340c9b,rec_02ef0a34b78ac0d1aa34,2,2,0,Potato healthy,PLDD-UP,direct representative match: dHash<=4 + pHash + geometry + ORB/RANSAC,0,0,0,0,0.97375000,0.97375000,0.99614891,0.99614891,VERIFIED_NEAR_DUPLICATE
refined_1c4df0ef9b967c5e04e3,rec_02ef4d84f3297264069e,2,2,0,Corn healthy,Seasonal Corn Leaf Disease Dataset,direct representative match: dHash<=4 + pHash + geometry + ORB/RANSAC,0,0,0,0,0.92133333,0.92133333,0.99710564,0.99710564,VERIFIED_NEAR_DUPLICATE
refined_7c4e6e7b313d4c7b93ee,rec_02f217cd12fa32541109,2,2,0,Tomato Early blight | Tomato Septoria leaf spot,PlantDoc,direct representative match: dHash<=4 + pHash + geometry + ORB/RANSAC,0,0,0,0,0.21861777,0.21861777,0.97419355,0.97419355,VERIFIED_LABEL_CONFLICT
refined_c2748ced8cf110bde084,rec_0315ba457a209e91d5f6,2,2,0,Potato Early blight | Potato Late blight,PLDD-UP,direct representative match: dHash<=4 + pHash + geometry + ORB/RANSAC,2,2,14,14,0.60677966,0.60677966,0.98324022,0.98324022,VERIFIED_LABEL_CONFLICT
refined_d4cc5324afb39d324675,rec_031aaedd879d5c4d59cd,2,2,0,Potato healthy,PLDD-UP,direct representative match: dHash<=4 + pHash + geometry + ORB/RANSAC,0,0,0,0,0.99868074,0.99868074,1.00000000,1.00000000,VERIFIED_NEAR_DUPLICATE
refined_297335c34b9a1450cb81,rec_031db7ba235f34024762,2,2,0,Potato healthy,PLDD-UP,direct representative match: dHash<=4 + pHash + geometry + ORB/RANSAC,0,0,0,0,0.94750000,0.94750000,0.99736148,0.99736148,VERIFIED_NEAR_DUPLICATE
refined_9df265ea31d9d2f2e0cf,rec_03275a99f39ee9c2b7a0,2,2,0,Potato healthy,PLDD-UP,direct representative match: dHash<=4 + pHash + geometry + ORB/RANSAC,0,0,0,0,0.75883838,0.75883838,0.98169717,0.98169717,VERIFIED_NEAR_DUPLICATE
refined_5fc3a794a9a56a4632b5,rec_032b1ad30f1585bdd1c7,2,2,0,Squash Powdery mildew,PlantDoc,direct representative match: dHash<=4 + pHash + geometry + ORB/RANSAC,0,0,0,0,0.93875000,0.93875000,0.99866844,0.99866844,VERIFIED_NEAR_DUPLICATE
refined_b70c9eb7043138f8641e,rec_032b679e12b9a30086de,2,2,0,Corn Cercospora leaf spot,Seasonal Corn Leaf Disease Dataset,direct representative match: dHash<=4 + pHash + geometry + ORB/RANSAC,0,0,0,0,0.88392857,0.88392857,0.99711400,0.99711400,VERIFIED_NEAR_DUPLICATE
refined_1165db56ec0c0d70f22b,rec_033aba862327089c9acb,2,2,0,Potato healthy,PLDD-UP,direct representative match: dHash<=4 + pHash + geometry + ORB/RANSAC,3,3,2,2,0.60621762,0.60621762,0.91025641,0.91025641,VERIFIED_NEAR_DUPLICATE
refined_663866cce6c57182e507,rec_0347c654eae1dbfda44c,2,2,0,Corn healthy,Seasonal Corn Leaf Disease Dataset,direct representative match: dHash<=4 + pHash + geometry + ORB/RANSAC,3,3,0,0,0.94364351,0.94364351,1.00000000,1.00000000,VERIFIED_NEAR_DUPLICATE
refined_907e13899d19fc746f6e,rec_035b06261e12cd6ee826,2,2,0,Potato Late blight,PLDD-UP,direct representative match: dHash<=4 + pHash + geometry + ORB/RANSAC,4,4,4,4,0.67369902,0.67369902,0.93945720,0.93945720,VERIFIED_NEAR_DUPLICATE
refined_9c06cea66597d3b04ce5,rec_035f84bac92eb17c0330,2,2,0,Potato Late blight,PLDD-UP,direct representative match: dHash<=4 + pHash + geometry + ORB/RANSAC,2,2,2,2,0.58000000,0.58000000,0.87284483,0.87284483,VERIFIED_NEAR_DUPLICATE
refined_acd797d535fba6b4b623,rec_0362a8faef9f8537df0d,2,2,0,Potato Late blight,PLDD-UP,direct representative match: dHash<=4 + pHash + geometry + ORB/RANSAC,1,1,0,0,0.57750000,0.57750000,0.95670996,0.95670996,VERIFIED_NEAR_DUPLICATE
refined_1845c479b1940a8c8137,rec_0367af6e397ad5690079,2,2,0,Potato Early blight,PLDD-UP,direct representative match: dHash<=4 + pHash + geometry + ORB/RANSAC,0,0,2,2,0.69152971,0.69152971,0.92870201,0.92870201,VERIFIED_NEAR_DUPLICATE
refined_a213b10893d061a75b5e,rec_0381c183ea8814f92040,3,3,0,Potato Early blight,PLDD-UP,direct representative match: dHash<=4 + pHash + geometry + ORB/RANSAC,0,1,4,4,0.55250000,0.63500000,0.92322835,0.92533937,VERIFIED_NEAR_DUPLICATE
refined_ae6a0f04de945e3b6544,rec_0381c6f053e3bf7368f8,2,2,0,Corn healthy,Seasonal Corn Leaf Disease Dataset,direct representative match: dHash<=4 + pHash + geometry + ORB/RANSAC,0,0,0,0,0.91842105,0.91842105,0.99713467,0.99713467,VERIFIED_NEAR_DUPLICATE
refined_90ae1f4ce7c659036a7c,rec_038a5c4a6fa2d82c22c9,2,2,0,Potato healthy,PLDD-UP,direct representative match: dHash<=4 + pHash + geometry + ORB/RANSAC,0,0,0,0,0.96708861,0.96708861,0.98952880,0.98952880,VERIFIED_NEAR_DUPLICATE
refined_ac7e74e1008d7bd2ee5d,rec_0398e802d6e3e8cae30d,3,3,0,Potato healthy,PLDD-UP,direct representative match: dHash<=4 + pHash + geometry + ORB/RANSAC,1,4,0,2,0.62625000,0.76125000,0.95209581,0.98686371,VERIFIED_NEAR_DUPLICATE
refined_f55b3236e1df86ed2683,rec_03abcdb31e1003255a73,3,3,0,Potato healthy,PLDD-UP,direct representative match: dHash<=4 + pHash + geometry + ORB/RANSAC,0,4,2,4,0.77875000,0.78750000,0.92295345,0.96190476,VERIFIED_NEAR_DUPLICATE
refined_ef00b20a04a59ceb619f,rec_03baf14f6f0a357b97b7,2,2,0,Potato healthy,PLDD-UP,direct representative match: dHash<=4 + pHash + geometry + ORB/RANSAC,0,0,0,0,0.97500000,0.97500000,0.99871795,0.99871795,VERIFIED_NEAR_DUPLICATE
refined_abbe130838c99c92cd25,rec_03cc537c6bbf8e77c1f1,3,3,0,Potato Late blight,PLDD-UP,direct representative match: dHash<=4 + pHash + geometry + ORB/RANSAC,0,3,0,4,0.60813008,0.63268608,0.93315508,0.94373402,VERIFIED_NEAR_DUPLICATE
refined_e2bee32340de841a2c32,rec_03d075277add7fd95ea8,2,2,0,Potato healthy,PLDD-UP,direct representative match: dHash<=4 + pHash + geometry + ORB/RANSAC,0,0,0,0,0.99625000,0.99625000,1.00000000,1.00000000,VERIFIED_NEAR_DUPLICATE
refined_495b3d97a46f81b57dfe,rec_03d152456afdb48f1476,2,2,0,Potato healthy,PLDD-UP,direct representative match: dHash<=4 + pHash + geometry + ORB/RANSAC,0,0,0,0,0.97000000,0.97000000,0.99871134,0.99871134,VERIFIED_NEAR_DUPLICATE
refined_d23aba1d12d37decd6a0,rec_03d295a398405c32e57d,2,2,0,Potato healthy,PLDD-UP,direct representative match: dHash<=4 + pHash + geometry + ORB/RANSAC,0,0,0,0,0.82500000,0.82500000,0.99090909,0.99090909,VERIFIED_NEAR_DUPLICATE
refined_86392bc1ab1c01a7540d,rec_03e5d3566f48a012a57b,2,2,0,Potato Early blight,PLDD-UP,direct representative match: dHash<=4 + pHash + geometry + ORB/RANSAC,1,1,4,4,0.31085526,0.31085526,0.80423280,0.80423280,VERIFIED_NEAR_DUPLICATE
refined_71cc8acc49ca25c31c27,rec_03ebde70bfa0b998fe72,2,2,0,Potato Late blight,PLDD-UP,direct representative match: dHash<=4 + pHash + geometry + ORB/RANSAC,0,0,2,2,0.70817121,0.70817121,0.84890110,0.84890110,VERIFIED_NEAR_DUPLICATE
refined_f35e1f63e2c1ba0435a9,rec_03edcb58d626ff26c31a,2,2,0,Potato healthy,PLDD-UP,direct representative match: dHash<=4 + pHash + geometry + ORB/RANSAC,0,0,0,0,0.95000000,0.95000000,0.99736842,0.99736842,VERIFIED_NEAR_DUPLICATE
refined_ee01203778001e2483b8,rec_03fcb93d045a6279b857,2,2,0,Corn healthy,Seasonal Corn Leaf Disease Dataset,direct representative match: dHash<=4 + pHash + geometry + ORB/RANSAC,0,0,0,0,0.91218130,0.91218130,0.99378882,0.99378882,VERIFIED_NEAR_DUPLICATE
refined_d9daa54848ebd7ff9f4c,rec_0404652f46f008e93f96,2,2,0,Potato Late blight,PLDD-UP,direct representative match: dHash<=4 + pHash + geometry + ORB/RANSAC,1,1,2,2,0.58000000,0.58000000,0.89870690,0.89870690,VERIFIED_NEAR_DUPLICATE
refined_ae70f8c29816888fd8fc,rec_040a275f4f2732ab182e,2,2,0,Corn healthy,Seasonal Corn Leaf Disease Dataset,direct representative match: dHash<=4 + pHash + geometry + ORB/RANSAC,1,1,0,0,0.93307087,0.93307087,0.99718706,0.99718706,VERIFIED_NEAR_DUPLICATE
refined_6e84ebddd0479b20a440,rec_041bce43d54d3f314c32,2,2,0,Potato healthy,PLDD-UP,direct representative match: dHash<=4 + pHash + geometry + ORB/RANSAC,0,0,0,0,0.95500000,0.95500000,0.99738220,0.99738220,VERIFIED_NEAR_DUPLICATE
refined_e7f726bcc9638c683fba,rec_042f0d835855cb6a4573,2,2,0,Potato healthy,PLDD-UP,direct representative match: dHash<=4 + pHash + geometry + ORB/RANSAC,0,0,0,0,0.95750000,0.95750000,0.99738903,0.99738903,VERIFIED_NEAR_DUPLICATE
refined_4a7073359b8854aa0c8d,rec_042fb14f5ae8e6d9320d,2,2,0,Corn healthy,Seasonal Corn Leaf Disease Dataset,direct representative match: dHash<=4 + pHash + geometry + ORB/RANSAC,0,0,0,0,0.94722955,0.94722955,0.99442897,0.99442897,VERIFIED_NEAR_DUPLICATE
refined_b3df3bfda83a2cc70e28,rec_0431dddb0e9ea95154bd,2,2,0,Potato healthy,PLDD-UP,direct representative match: dHash<=4 + pHash + geometry + ORB/RANSAC,0,0,0,0,0.95125000,0.95125000,0.99868594,0.99868594,VERIFIED_NEAR_DUPLICATE
refined_44b7fda0b4ee3c2a4446,rec_0434b41930211fd1c28d,2,2,0,Potato healthy,PLDD-UP,direct representative match: dHash<=4 + pHash + geometry + ORB/RANSAC,0,0,0,0,0.96125000,0.96125000,0.99869961,0.99869961,VERIFIED_NEAR_DUPLICATE
refined_7d1abbd8d5a5ce7512af,rec_0442eeb5cd1d3379879e,2,2,0,Potato healthy,PLDD-UP,direct representative match: dHash<=4 + pHash + geometry + ORB/RANSAC,0,0,0,0,0.80541237,0.80541237,0.99680000,0.99680000,VERIFIED_NEAR_DUPLICATE
refined_ba85164d5ac18e73b87f,rec_044df659520f59df5356,2,2,0,Corn healthy,Seasonal Corn Leaf Disease Dataset,direct representative match: dHash<=4 + pHash + geometry + ORB/RANSAC,0,0,0,0,0.92137931,0.92137931,0.99251497,0.99251497,VERIFIED_NEAR_DUPLICATE
refined_9b0a47b7667890441a88,rec_04536590aafeec6b72c9,2,2,0,Potato healthy,PLDD-UP,direct representative match: dHash<=4 + pHash + geometry + ORB/RANSAC,2,2,0,0,0.75250000,0.75250000,0.99169435,0.99169435,VERIFIED_NEAR_DUPLICATE
refined_238a403b71af6bdaf93b,rec_046758b5bb58ffd70225,2,2,0,Potato healthy,PLDD-UP,direct representative match: dHash<=4 + pHash + geometry + ORB/RANSAC,0,0,0,0,0.75994513,0.75994513,0.96931408,0.96931408,VERIFIED_NEAR_DUPLICATE
refined_b13336b75023a0ee32fc,rec_046b3a5f8ba73ca529e7,8,8,0,Potato healthy,PLDD-UP,direct representative match: dHash<=4 + pHash + geometry + ORB/RANSAC,1,3,0,4,0.50632911,0.71733668,0.77293578,0.97373030,VERIFIED_NEAR_DUPLICATE
refined_e48ad7da764eb5f58979,rec_04828ea304ec30b08742,2,2,0,Potato Early blight,PLDD-UP,direct representative match: dHash<=4 + pHash + geometry + ORB/RANSAC,4,4,2,2,0.37250000,0.37250000,0.74161074,0.74161074,VERIFIED_NEAR_DUPLICATE
refined_aa98dc8e71234e8f0d88,rec_048498d7db09ef9c9528,2,2,0,Potato healthy,PLDD-UP,direct representative match: dHash<=4 + pHash + geometry + ORB/RANSAC,0,0,0,0,0.96125000,0.96125000,1.00000000,1.00000000,VERIFIED_NEAR_DUPLICATE
refined_e94925da59636964e984,rec_049663b7f030e3a1170b,3,3,0,Potato healthy,PLDD-UP,direct representative match: dHash<=4 + pHash + geometry + ORB/RANSAC,0,0,0,0,0.92750000,0.94125000,0.99730458,1.00000000,VERIFIED_NEAR_DUPLICATE
refined_1bd130e1e4fe45fb6087,rec_049cd66d69d538bf635e,4,4,0,Potato healthy,PLDD-UP,direct representative match: dHash<=4 + pHash + geometry + ORB/RANSAC,0,3,0,4,0.58250000,0.80375000,0.87184874,0.97978227,VERIFIED_NEAR_DUPLICATE
refined_ec1f9b86205476537081,rec_04a9858761098b4fcba4,2,2,0,Potato Early blight | Potato Late blight,PLDD-UP,direct representative match: dHash<=4 + pHash + geometry + ORB/RANSAC,0,0,2,2,0.67910448,0.67910448,0.96153846,0.96153846,VERIFIED_LABEL_CONFLICT
refined_1614f9ff4a034c849b99,rec_04bb8fe6ab02c3858361,2,2,0,Potato healthy,PLDD-UP,direct representative match: dHash<=4 + pHash + geometry + ORB/RANSAC,0,0,0,0,0.99500000,0.99500000,1.00000000,1.00000000,VERIFIED_NEAR_DUPLICATE
refined_04c1c28cebc1aa492cfa,rec_04ca8adb1c911e8b3ba5,2,2,0,Potato Early blight,PLDD-UP,direct representative match: dHash<=4 + pHash + geometry + ORB/RANSAC,0,0,2,2,0.57161804,0.57161804,0.95127610,0.95127610,VERIFIED_NEAR_DUPLICATE
refined_3c7d44d3918cdfabec83,rec_04cbe333059273939d75,3,3,0,Potato Late blight,PLDD-UP,direct representative match: dHash<=4 + pHash + geometry + ORB/RANSAC,2,2,0,4,0.69875000,0.72000000,0.91949911,0.96701389,VERIFIED_NEAR_DUPLICATE
refined_62730620f421fd1b0202,rec_04da73faae205265541b,2,2,0,Potato healthy,PLDD-UP,direct representative match: dHash<=4 + pHash + geometry + ORB/RANSAC,0,0,0,0,0.95125000,0.95125000,1.00000000,1.00000000,VERIFIED_NEAR_DUPLICATE
refined_60c5c061154193e57ede,rec_04e8cbf4a6bed86824ac,3,3,0,Potato healthy,PLDD-UP,direct representative match: dHash<=4 + pHash + geometry + ORB/RANSAC,0,0,0,4,0.62620690,0.76071923,0.93832599,0.99090909,VERIFIED_NEAR_DUPLICATE
refined_bdf073b5380bd4d3d415,rec_04ee5db9f27d8e1c771c,4,4,0,Potato healthy,PLDD-UP,direct representative match: dHash<=4 + pHash + geometry + ORB/RANSAC,0,3,0,4,0.63375000,0.90875000,0.86390533,0.99862448,VERIFIED_NEAR_DUPLICATE
refined_a4bc47788004fe9391ad,rec_04fc6289e39e407f9603,2,2,0,Potato healthy,PLDD-UP,direct representative match: dHash<=4 + pHash + geometry + ORB/RANSAC,0,0,0,0,0.79422836,0.79422836,0.99210111,0.99210111,VERIFIED_NEAR_DUPLICATE
refined_8b2a711592af27e68cc0,rec_051419c4661f0dceecf2,2,2,0,Potato healthy,PLDD-UP,direct representative match: dHash<=4 + pHash + geometry + ORB/RANSAC,0,0,2,2,0.79571248,0.79571248,0.99683043,0.99683043,VERIFIED_NEAR_DUPLICATE
refined_2fde55cf0b54d4f6139f,rec_05416d5b1f11fae51165,2,2,0,Potato healthy,PLDD-UP,direct representative match: dHash<=4 + pHash + geometry + ORB/RANSAC,0,0,0,0,0.94465409,0.94465409,0.99733688,0.99733688,VERIFIED_NEAR_DUPLICATE
refined_a6657d96144a2ad7b526,rec_05454d7a8ab957411705,2,2,0,Potato healthy,PLDD-UP,direct representative match: dHash<=4 + pHash + geometry + ORB/RANSAC,3,3,2,2,0.74391989,0.74391989,0.98653846,0.98653846,VERIFIED_NEAR_DUPLICATE
refined_8f6390bf977bbdd3e1a4,rec_054c13f2ec0db4ed2ac0,4,4,0,Potato Late blight,PLDD-UP,direct representative match: dHash<=4 + pHash + geometry + ORB/RANSAC,4,4,2,2,0.50000000,0.52625000,0.75500000,0.95724466,VERIFIED_NEAR_DUPLICATE
refined_53a88bbadfb4c02a4519,rec_0554d9fbe8694ca8a078,3,3,0,Potato Early blight | Potato Late blight,PLDD-UP,direct representative match: dHash<=4 + pHash + geometry + ORB/RANSAC,0,0,0,6,0.45658263,0.65826331,0.94255319,0.96625767,VERIFIED_LABEL_CONFLICT
refined_24786468f26f7ba7c7f4,rec_05593ede12f672588d2f,2,2,0,Potato healthy,PLDD-UP,direct representative match: dHash<=4 + pHash + geometry + ORB/RANSAC,1,1,0,0,0.73500000,0.73500000,0.97959184,0.97959184,VERIFIED_NEAR_DUPLICATE
refined_d03cf22a92ad279c91f3,rec_056a23f7c13f6a0edefc,2,2,0,Potato Early blight,PLDD-UP,direct representative match: dHash<=4 + pHash + geometry + ORB/RANSAC,1,1,2,2,0.38107417,0.38107417,0.83221477,0.83221477,VERIFIED_NEAR_DUPLICATE
refined_12911556a5b6a71d4d59,rec_057a3b814c4f696f7810,2,2,0,Corn healthy,Seasonal Corn Leaf Disease Dataset,direct representative match: dHash<=4 + pHash + geometry + ORB/RANSAC,1,1,0,0,0.93874834,0.93874834,0.99574468,0.99574468,VERIFIED_NEAR_DUPLICATE
refined_a87010967d2e10e5b7b3,rec_057b3a5a1cc2c0e10e6b,2,2,0,Potato healthy,PLDD-UP,direct representative match: dHash<=4 + pHash + geometry + ORB/RANSAC,0,0,0,0,0.77664975,0.77664975,0.99183007,0.99183007,VERIFIED_NEAR_DUPLICATE
refined_63528bc71a0434381d33,rec_057e78253d7d61994800,2,2,0,Potato healthy,PLDD-UP,direct representative match: dHash<=4 + pHash + geometry + ORB/RANSAC,0,0,2,2,0.78310214,0.78310214,0.99033816,0.99033816,VERIFIED_NEAR_DUPLICATE
refined_a228d134b18b11ecb88f,rec_05812b6fa45da8b48bc0,2,2,0,Potato healthy,PLDD-UP,direct representative match: dHash<=4 + pHash + geometry + ORB/RANSAC,0,0,0,0,0.95750000,0.95750000,1.00000000,1.00000000,VERIFIED_NEAR_DUPLICATE
refined_f1a1a313b52c2a8033d4,rec_0582cb7f8bb96a0c425e,2,2,0,Corn healthy,Seasonal Corn Leaf Disease Dataset,direct representative match: dHash<=4 + pHash + geometry + ORB/RANSAC,0,0,0,0,0.94878361,0.94878361,0.99730094,0.99730094,VERIFIED_NEAR_DUPLICATE
refined_fe2b3e690ae0205d6ec7,rec_058ab5e49dce9fc63425,2,2,0,Potato Early blight,PLDD-UP,direct representative match: dHash<=4 + pHash + geometry + ORB/RANSAC,1,1,4,4,0.61000000,0.61000000,0.84016393,0.84016393,VERIFIED_NEAR_DUPLICATE
refined_3ecb2df5e225231675ef,rec_0590fc96c6a0ea2762d8,2,2,0,Corn healthy,Seasonal Corn Leaf Disease Dataset,direct representative match: dHash<=4 + pHash + geometry + ORB/RANSAC,0,0,0,0,0.93670886,0.93670886,1.00000000,1.00000000,VERIFIED_NEAR_DUPLICATE
refined_e68498f2dd3760e1acf1,rec_0597cf600a8917ed2037,4,4,0,Potato healthy,PLDD-UP,direct representative match: dHash<=4 + pHash + geometry + ORB/RANSAC,0,2,0,2,0.79250000,0.96250000,0.88958991,1.00000000,VERIFIED_NEAR_DUPLICATE
refined_1737c43b41ab2689a3dc,rec_059af9d4bf0b61bf84ea,2,2,0,Potato healthy,PLDD-UP,direct representative match: dHash<=4 + pHash + geometry + ORB/RANSAC,0,0,0,0,0.95750000,0.95750000,0.99869452,0.99869452,VERIFIED_NEAR_DUPLICATE
refined_17290dd87a4e6967452f,rec_05c72f775e8205d5c5a9,3,3,0,Corn Cercospora leaf spot | Corn healthy,Seasonal Corn Leaf Disease Dataset,direct representative match: dHash<=4 + pHash + geometry + ORB/RANSAC,0,1,0,0,0.87552448,0.90042076,0.99844237,1.00000000,VERIFIED_LABEL_CONFLICT
refined_0408b900e7b60272a19e,rec_05cde52907edb1a7b126,2,2,0,Potato healthy,PLDD-UP,direct representative match: dHash<=4 + pHash + geometry + ORB/RANSAC,0,0,0,0,0.93625000,0.93625000,1.00000000,1.00000000,VERIFIED_NEAR_DUPLICATE
refined_08601e365e57ad5361ab,rec_05d5fc07bd307dd53c6a,2,2,0,Potato healthy,PLDD-UP,direct representative match: dHash<=4 + pHash + geometry + ORB/RANSAC,0,0,0,0,0.97250000,0.97250000,0.99871465,0.99871465,VERIFIED_NEAR_DUPLICATE
refined_09351dd404f8f6e2e19f,rec_05db9cc5cdb55a1a61f1,2,2,0,Tomato Septoria leaf spot,PlantDoc,direct representative match: dHash<=4 + pHash + geometry + ORB/RANSAC,0,0,0,0,0.70000000,0.70000000,0.93571429,0.93571429,VERIFIED_NEAR_DUPLICATE
refined_713668edcbb7cd7793bc,rec_05e101f7eaa985f174d3,2,2,0,Potato healthy,PLDD-UP,direct representative match: dHash<=4 + pHash + geometry + ORB/RANSAC,0,0,0,0,0.94444444,0.94444444,0.99866310,0.99866310,VERIFIED_NEAR_DUPLICATE
refined_f85962c4d02a4de6252e,rec_05f4e7aaf87d061aa6b2,2,2,0,Corn healthy,Seasonal Corn Leaf Disease Dataset,direct representative match: dHash<=4 + pHash + geometry + ORB/RANSAC,0,0,0,0,0.93202614,0.93202614,0.99719495,0.99719495,VERIFIED_NEAR_DUPLICATE
refined_ab153b2a449f4dcb7b83,rec_05f6fc7c97da26e30040,2,2,0,Corn healthy,Seasonal Corn Leaf Disease Dataset,direct representative match: dHash<=4 + pHash + geometry + ORB/RANSAC,1,1,0,0,0.88550725,0.88550725,0.99509002,0.99509002,VERIFIED_NEAR_DUPLICATE
refined_3aea0f3a293368832cc8,rec_064d8fe3720af8ea002a,2,2,0,Corn healthy,Seasonal Corn Leaf Disease Dataset,direct representative match: dHash<=4 + pHash + geometry + ORB/RANSAC,0,0,0,0,0.93029491,0.93029491,0.99855908,0.99855908,VERIFIED_NEAR_DUPLICATE
refined_0c7ae3780fd4c7ce2b02,rec_065b8ea8e9e4b69bfe7d,2,2,0,Potato healthy,PLDD-UP,direct representative match: dHash<=4 + pHash + geometry + ORB/RANSAC,0,0,0,0,0.90250000,0.90250000,0.99584488,0.99584488,VERIFIED_NEAR_DUPLICATE
refined_beddef17f2f445f99de1,rec_0660afe5819eeadf978b,2,2,0,Potato Early blight,PLDD-UP,direct representative match: dHash<=4 + pHash + geometry + ORB/RANSAC,1,1,4,4,0.66000000,0.66000000,0.78236915,0.78236915,VERIFIED_NEAR_DUPLICATE
refined_e07f5e448930abbf54a6,rec_06736c238b55b4f4aaf0,2,2,0,Potato healthy,PLDD-UP,direct representative match: dHash<=4 + pHash + geometry + ORB/RANSAC,1,1,0,0,0.75125628,0.75125628,0.93311037,0.93311037,VERIFIED_NEAR_DUPLICATE
refined_9c7fc3314e3f622bec1a,rec_06771d60a9bf291c4786,2,2,0,Potato healthy,PLDD-UP,direct representative match: dHash<=4 + pHash + geometry + ORB/RANSAC,0,0,0,0,0.90528634,0.90528634,0.99513382,0.99513382,VERIFIED_NEAR_DUPLICATE
refined_2589c36d095f6f60b211,rec_067e2bfd73f975063683,2,2,0,Potato healthy,PLDD-UP,direct representative match: dHash<=4 + pHash + geometry + ORB/RANSAC,0,0,0,0,0.91360000,0.91360000,1.00000000,1.00000000,VERIFIED_NEAR_DUPLICATE
refined_f372cb1b34ab7f293697,rec_06845c0d3b58ee4f1110,3,3,0,Potato Early blight,PLDD-UP,direct representative match: dHash<=4 + pHash + geometry + ORB/RANSAC,0,1,0,2,0.58860759,0.68607595,0.83655914,0.93911439,VERIFIED_NEAR_DUPLICATE
refined_c18684cdf9137dd5929c,rec_06876b5e9139750d70cb,3,3,0,Potato healthy,PLDD-UP,direct representative match: dHash<=4 + pHash + geometry + ORB/RANSAC,0,0,0,0,0.95875000,0.96750000,1.00000000,1.00000000,VERIFIED_NEAR_DUPLICATE
refined_11e7a4994887859737e0,rec_068d998678a05ae7dc39,2,2,0,Potato healthy,PLDD-UP,direct representative match: dHash<=4 + pHash + geometry + ORB/RANSAC,0,0,0,0,0.76081081,0.76081081,0.99289520,0.99289520,VERIFIED_NEAR_DUPLICATE
refined_eec9d8ebfe3f60a3e4de,rec_069f38a23c8748235155,2,2,0,Potato healthy,PLDD-UP,direct representative match: dHash<=4 + pHash + geometry + ORB/RANSAC,0,0,0,0,0.82875000,0.82875000,0.99396682,0.99396682,VERIFIED_NEAR_DUPLICATE
refined_2d59afc350f9d9ec8c2e,rec_06aabf4869eba53382e2,2,2,0,Potato healthy,PLDD-UP,direct representative match: dHash<=4 + pHash + geometry + ORB/RANSAC,0,0,0,0,0.99620733,0.99620733,1.00000000,1.00000000,VERIFIED_NEAR_DUPLICATE
refined_9ef813c50c8776b4c0a2,rec_06ac453ca6fc37ad53be,3,3,0,Potato Late blight,PLDD-UP,direct representative match: dHash<=4 + pHash + geometry + ORB/RANSAC,2,4,2,4,0.64509804,0.68421053,0.82905983,0.95744681,VERIFIED_NEAR_DUPLICATE
refined_f72c4ab4cf344b915e14,rec_06b398b9d541c382d8ff,2,2,0,Potato healthy,PLDD-UP,direct representative match: dHash<=4 + pHash + geometry + ORB/RANSAC,0,0,0,0,0.74933333,0.74933333,0.97508897,0.97508897,VERIFIED_NEAR_DUPLICATE
refined_78d3ab27442c88867a92,rec_06b50d6eded0c1fb2ad7,2,2,0,Potato Late blight,PLDD-UP,direct representative match: dHash<=4 + pHash + geometry + ORB/RANSAC,2,2,4,4,0.39000000,0.39000000,0.82371795,0.82371795,VERIFIED_NEAR_DUPLICATE
refined_a69b27f30c675f7477c1,rec_06c3fb6e3c06b07c3675,2,2,0,Potato healthy,PLDD-UP,direct representative match: dHash<=4 + pHash + geometry + ORB/RANSAC,0,0,2,2,0.83375000,0.83375000,0.99100450,0.99100450,VERIFIED_NEAR_DUPLICATE
refined_aaedb1d167e965de218a,rec_06c6dba1b8450f8469d3,5,5,0,Potato healthy,PLDD-UP,direct representative match: dHash<=4 + pHash + geometry + ORB/RANSAC,1,3,2,4,0.54614412,0.78940731,0.88275862,0.99361022,VERIFIED_NEAR_DUPLICATE
refined_525ee65be072a2314e05,rec_06cf95b43e91d0172780,2,2,0,Potato Early blight,PLDD-UP,direct representative match: dHash<=4 + pHash + geometry + ORB/RANSAC,4,4,4,4,0.27750000,0.27750000,0.79729730,0.79729730,VERIFIED_NEAR_DUPLICATE
refined_cca399c29fccdb48e276,rec_06d2a8c8e608da18a931,2,2,0,Potato healthy,PLDD-UP,direct representative match: dHash<=4 + pHash + geometry + ORB/RANSAC,1,1,0,0,0.94625000,0.94625000,0.99735799,0.99735799,VERIFIED_NEAR_DUPLICATE
refined_9bcc1b09981e1c177b7e,rec_06d4bcb61d236a19cce9,2,2,0,Corn healthy,Seasonal Corn Leaf Disease Dataset,direct representative match: dHash<=4 + pHash + geometry + ORB/RANSAC,0,0,0,0,0.93453145,0.93453145,1.00000000,1.00000000,VERIFIED_NEAR_DUPLICATE
refined_8659018f3fc47ed26bc4,rec_06db284a0f91ead35796,2,2,0,Potato healthy,PLDD-UP,direct representative match: dHash<=4 + pHash + geometry + ORB/RANSAC,0,0,0,0,0.94750000,0.94750000,0.99868074,0.99868074,VERIFIED_NEAR_DUPLICATE
refined_3d290f8065bada3b3a86,rec_06db6aa9a5466409d3ea,2,2,0,Potato healthy,PLDD-UP,direct representative match: dHash<=4 + pHash + geometry + ORB/RANSAC,0,0,0,0,0.99625000,0.99625000,1.00000000,1.00000000,VERIFIED_NEAR_DUPLICATE
refined_8db65b511539fd4443dc,rec_06e12dc92fe7c13179f0,4,4,0,Potato Early blight,PLDD-UP,direct representative match: dHash<=4 + pHash + geometry + ORB/RANSAC,0,0,4,4,0.55051813,0.60590501,0.89411765,0.94279661,VERIFIED_NEAR_DUPLICATE
refined_be346d1b26c97e6f3db7,rec_06eb001d108aa97d4c88,2,2,0,Potato healthy,PLDD-UP,direct representative match: dHash<=4 + pHash + geometry + ORB/RANSAC,0,0,0,0,0.96750000,0.96750000,1.00000000,1.00000000,VERIFIED_NEAR_DUPLICATE
refined_abc68a93ae07addfda95,rec_06fffbb2ab5f2a816310,4,4,0,Potato healthy,PLDD-UP,direct representative match: dHash<=4 + pHash + geometry + ORB/RANSAC,0,1,0,2,0.55000000,0.95500000,0.85371179,0.99738220,VERIFIED_NEAR_DUPLICATE
refined_1d1c3f1b3c653591e3d0,rec_0703936eb32a02135568,2,2,0,Potato healthy,PLDD-UP,direct representative match: dHash<=4 + pHash + geometry + ORB/RANSAC,0,0,0,0,0.89625000,0.89625000,0.99581590,0.99581590,VERIFIED_NEAR_DUPLICATE
refined_2a600a5bbf8e4ece92c8,rec_07066f042499f09373e1,3,3,0,Potato Early blight | Potato Late blight,PLDD-UP,direct representative match: dHash<=4 + pHash + geometry + ORB/RANSAC,3,4,4,8,0.58125000,0.74250000,0.83010753,0.93771044,VERIFIED_LABEL_CONFLICT
refined_25fef7ec489a4850cc03,rec_070a4d6be134aa714811,2,2,0,Potato healthy,PLDD-UP,direct representative match: dHash<=4 + pHash + geometry + ORB/RANSAC,0,0,0,0,0.97500000,0.97500000,0.99615385,0.99615385,VERIFIED_NEAR_DUPLICATE
refined_91a19f0c0cd3e2b5a663,rec_071a6accd5dc74d76e07,2,2,0,Potato healthy,PLDD-UP,direct representative match: dHash<=4 + pHash + geometry + ORB/RANSAC,3,3,2,2,0.73045822,0.73045822,0.99261993,0.99261993,VERIFIED_NEAR_DUPLICATE
refined_50dc0ba7aa8afe10812b,rec_0726fceba4bcea7aaa8d,2,2,0,Potato healthy,PLDD-UP,direct representative match: dHash<=4 + pHash + geometry + ORB/RANSAC,1,1,0,0,0.76375000,0.76375000,0.99181669,0.99181669,VERIFIED_NEAR_DUPLICATE
refined_45b766b31c813f670fb2,rec_0731daaaffa735fd23d2,4,4,0,Corn Cercospora leaf spot,Seasonal Corn Leaf Disease Dataset,direct representative match: dHash<=4 + pHash + geometry + ORB/RANSAC,0,2,0,2,0.61320755,0.92751678,0.89890110,1.00000000,VERIFIED_NEAR_DUPLICATE
refined_1c5943a6c1615cfc67a1,rec_0733351298983b818d00,2,2,0,Potato healthy,PLDD-UP,direct representative match: dHash<=4 + pHash + geometry + ORB/RANSAC,0,0,0,0,0.85000000,0.85000000,0.99705882,0.99705882,VERIFIED_NEAR_DUPLICATE
refined_5f3584e2d40f980a1f72,rec_073846521d082fe34169,6,6,0,Potato healthy,PLDD-UP,direct representative match: dHash<=4 + pHash + geometry + ORB/RANSAC,0,4,0,4,0.70000000,0.85125000,0.85328836,0.99559471,VERIFIED_NEAR_DUPLICATE
refined_20ccfbe4bfa58317d8b1,rec_07439386ad3b2e789b6b,2,2,0,Potato healthy,PLDD-UP,direct representative match: dHash<=4 + pHash + geometry + ORB/RANSAC,0,0,0,0,0.79827089,0.79827089,0.99638989,0.99638989,VERIFIED_NEAR_DUPLICATE
refined_a32a4449195e5505047b,rec_0748ee98f3e78c5d3041,2,2,0,Potato healthy,PLDD-UP,direct representative match: dHash<=4 + pHash + geometry + ORB/RANSAC,0,0,0,0,0.94875000,0.94875000,1.00000000,1.00000000,VERIFIED_NEAR_DUPLICATE
refined_12b12b46bc8c4c2c54f3,rec_074baa63a78b14f044e9,2,2,0,Corn healthy,Seasonal Corn Leaf Disease Dataset,direct representative match: dHash<=4 + pHash + geometry + ORB/RANSAC,0,0,0,0,0.93915344,0.93915344,0.99859155,0.99859155,VERIFIED_NEAR_DUPLICATE
refined_5e2d99ecc0fe51d76638,rec_0751d8300da3703652e5,4,4,0,Potato Early blight,PLDD-UP,direct representative match: dHash<=4 + pHash + geometry + ORB/RANSAC,0,2,0,4,0.54470426,0.71467026,0.78907721,0.98106061,VERIFIED_NEAR_DUPLICATE
refined_44fb074d881510f35c04,rec_076ded507efabd6f5899,2,2,0,Corn healthy,Seasonal Corn Leaf Disease Dataset,direct representative match: dHash<=4 + pHash + geometry + ORB/RANSAC,0,0,0,0,0.92447552,0.92447552,0.99848714,0.99848714,VERIFIED_NEAR_DUPLICATE
refined_1e7a99fd51530c06e92f,rec_076f1a63665e5bf9c2e4,2,2,0,Potato healthy,PLDD-UP,direct representative match: dHash<=4 + pHash + geometry + ORB/RANSAC,2,2,0,0,0.76375000,0.76375000,0.99181669,0.99181669,VERIFIED_NEAR_DUPLICATE
refined_0ed4f5ed8a7557fd5f01,rec_077da36e8720cf09d2b1,2,2,0,Potato healthy,PLDD-UP,direct representative match: dHash<=4 + pHash + geometry + ORB/RANSAC,0,0,0,0,0.99750000,0.99750000,1.00000000,1.00000000,VERIFIED_NEAR_DUPLICATE
refined_a9e9f7083d6911e9f85d,rec_077fd89758c4cfff6382,3,3,0,Potato Early blight | Potato healthy,PLDD-UP,direct representative match: dHash<=4 + pHash + geometry + ORB/RANSAC,0,1,0,0,0.89250000,0.91500000,0.99726776,1.00000000,VERIFIED_LABEL_CONFLICT
refined_a46a9c868c5a7b51d672,rec_078223edeb5be6956cde,2,2,0,Corn healthy,Seasonal Corn Leaf Disease Dataset,direct representative match: dHash<=4 + pHash + geometry + ORB/RANSAC,0,0,0,0,0.89955022,0.89955022,0.98666667,0.98666667,VERIFIED_NEAR_DUPLICATE
refined_4a97497cc9dd9eb847d9,rec_078db4b575a6d9f896e3,2,2,0,Potato Late blight,PLDD-UP,direct representative match: dHash<=4 + pHash + geometry + ORB/RANSAC,2,2,2,2,0.58846154,0.58846154,0.96296296,0.96296296,VERIFIED_NEAR_DUPLICATE
refined_3ebbc8b6bdab7b3114e3,rec_0792af8e4d6e57d56db0,2,2,0,Corn Cercospora leaf spot,Seasonal Corn Leaf Disease Dataset,direct representative match: dHash<=4 + pHash + geometry + ORB/RANSAC,0,0,0,0,0.98840206,0.98840206,0.99869622,0.99869622,VERIFIED_NEAR_DUPLICATE
refined_1121b64ebf8bcc0b4030,rec_07a763ce9f423b8db48a,2,2,0,Potato healthy,PLDD-UP,direct representative match: dHash<=4 + pHash + geometry + ORB/RANSAC,0,0,2,2,0.96089385,0.96089385,0.99854651,0.99854651,VERIFIED_NEAR_DUPLICATE
refined_84ca77cf87ceddb51868,rec_07a962fb164c8ea4e52a,2,2,0,Potato healthy,PLDD-UP,direct representative match: dHash<=4 + pHash + geometry + ORB/RANSAC,0,0,0,0,0.78846154,0.78846154,1.00000000,1.00000000,VERIFIED_NEAR_DUPLICATE
refined_a29c2a87e03d98c595af,rec_07acfa7dbc878eae7e8b,2,2,0,Potato healthy,PLDD-UP,direct representative match: dHash<=4 + pHash + geometry + ORB/RANSAC,0,0,0,0,0.95625000,0.95625000,0.99738562,0.99738562,VERIFIED_NEAR_DUPLICATE
refined_7d86674c11b25efb92ec,rec_07bc01439ffca38d0b9f,2,2,0,Potato healthy,PLDD-UP,direct representative match: dHash<=4 + pHash + geometry + ORB/RANSAC,0,0,0,0,0.90464241,0.90464241,0.99861304,0.99861304,VERIFIED_NEAR_DUPLICATE
refined_1c6f314eee56f97a7246,rec_07c130f31b6fdf947066,2,2,0,Potato healthy,PLDD-UP,direct representative match: dHash<=4 + pHash + geometry + ORB/RANSAC,0,0,2,2,0.82000000,0.82000000,0.99390244,0.99390244,VERIFIED_NEAR_DUPLICATE
refined_7bcab190ac3c519cb689,rec_07c67ca5de956c6ba250,2,2,0,Potato Late blight,PLDD-UP,direct representative match: dHash<=4 + pHash + geometry + ORB/RANSAC,0,0,4,4,0.61441441,0.61441441,0.97653959,0.97653959,VERIFIED_NEAR_DUPLICATE
refined_7b0604dda6d8808bb8bc,rec_07c6e3d67c6271c88127,2,2,0,Potato healthy,PLDD-UP,direct representative match: dHash<=4 + pHash + geometry + ORB/RANSAC,0,0,0,0,0.96375000,0.96375000,0.99740597,0.99740597,VERIFIED_NEAR_DUPLICATE
refined_93ab26879c95398ac749,rec_07dd92c42ca9bf0a7f01,2,2,0,Potato healthy,PLDD-UP,direct representative match: dHash<=4 + pHash + geometry + ORB/RANSAC,0,0,0,0,0.99500000,0.99500000,1.00000000,1.00000000,VERIFIED_NEAR_DUPLICATE
refined_71aa794430eb445e269b,rec_07e040c0ed6897b4c7e3,2,2,0,Potato Early blight,PLDD-UP,direct representative match: dHash<=4 + pHash + geometry + ORB/RANSAC,0,0,4,4,0.59948980,0.59948980,0.96808511,0.96808511,VERIFIED_NEAR_DUPLICATE
refined_5d0d6441267cc30e3b7f,rec_07e5f587e9d7c19576b0,2,2,0,Potato healthy,PLDD-UP,direct representative match: dHash<=4 + pHash + geometry + ORB/RANSAC,0,0,0,0,0.76375000,0.76375000,0.98363339,0.98363339,VERIFIED_NEAR_DUPLICATE
refined_f4fb9e36e9d7c668b53b,rec_07f95bec0a897c141cce,3,3,0,Potato Early blight | Potato Late blight,PLDD-UP,direct representative match: dHash<=4 + pHash + geometry + ORB/RANSAC,1,4,2,16,0.22510232,0.59274194,0.78181818,0.86848073,VERIFIED_LABEL_CONFLICT
refined_4737aa46e70b8682a8dc,rec_080aa7b3c0f21fc2f206,2,2,0,Potato Late blight,PLDD-UP,direct representative match: dHash<=4 + pHash + geometry + ORB/RANSAC,3,3,2,2,0.70188679,0.70188679,0.89247312,0.89247312,VERIFIED_NEAR_DUPLICATE
refined_5f7032b688af3adc317c,rec_080ef18c91876d58cbe8,2,2,0,Potato Early blight,PLDD-UP,direct representative match: dHash<=4 + pHash + geometry + ORB/RANSAC,2,2,4,4,0.57103825,0.57103825,0.93301435,0.93301435,VERIFIED_NEAR_DUPLICATE
refined_f72cee12148197960736,rec_0815600a5b9e4fda3f2d,2,2,0,Corn healthy,Seasonal Corn Leaf Disease Dataset,direct representative match: dHash<=4 + pHash + geometry + ORB/RANSAC,1,1,0,0,0.92374350,0.92374350,0.99812383,0.99812383,VERIFIED_NEAR_DUPLICATE
refined_472227ce1a6baf3848ce,rec_082d1fabe5c193d3c368,2,2,0,Corn healthy,Seasonal Corn Leaf Disease Dataset,direct representative match: dHash<=4 + pHash + geometry + ORB/RANSAC,3,3,0,0,0.89970930,0.89970930,1.00000000,1.00000000,VERIFIED_NEAR_DUPLICATE
refined_5c07d613a7e22f24c147,rec_0833e461aa28b8596586,2,2,0,Corn healthy,Seasonal Corn Leaf Disease Dataset,direct representative match: dHash<=4 + pHash + geometry + ORB/RANSAC,1,1,0,0,0.91492147,0.91492147,0.99856938,0.99856938,VERIFIED_NEAR_DUPLICATE
refined_a1cf570b7831dc15c371,rec_08344419d65bbacd63f2,2,2,0,Potato healthy,PLDD-UP,direct representative match: dHash<=4 + pHash + geometry + ORB/RANSAC,0,0,0,0,0.96437659,0.96437659,0.99736148,0.99736148,VERIFIED_NEAR_DUPLICATE
refined_3164c1876b16fd94048e,rec_083df0ed717d99b946f1,2,2,0,Potato healthy,PLDD-UP,direct representative match: dHash<=4 + pHash + geometry + ORB/RANSAC,0,0,0,0,0.90375000,0.90375000,0.99861687,0.99861687,VERIFIED_NEAR_DUPLICATE
refined_258d627b3d6c38e64bc5,rec_08473f2f2f0005581348,2,2,0,Potato healthy,PLDD-UP,direct representative match: dHash<=4 + pHash + geometry + ORB/RANSAC,0,0,0,0,0.96000000,0.96000000,0.99869792,0.99869792,VERIFIED_NEAR_DUPLICATE
refined_417b5dd4b8de345bd6ce,rec_0851c5a97d6f534e5fc6,2,2,0,Corn healthy,Seasonal Corn Leaf Disease Dataset,direct representative match: dHash<=4 + pHash + geometry + ORB/RANSAC,0,0,0,0,0.93540052,0.93540052,0.99723757,0.99723757,VERIFIED_NEAR_DUPLICATE
refined_0b8cc4fac4c7dab2e8a7,rec_085fa4d8eaf5b850bdda,2,2,0,Potato healthy,PLDD-UP,direct representative match: dHash<=4 + pHash + geometry + ORB/RANSAC,0,0,0,0,0.97000000,0.97000000,1.00000000,1.00000000,VERIFIED_NEAR_DUPLICATE
refined_141fdce373844168b829,rec_087e91f3c4cc4f3299d2,2,2,0,Potato Early blight,PLDD-UP,direct representative match: dHash<=4 + pHash + geometry + ORB/RANSAC,4,4,4,4,0.48000000,0.48000000,0.93750000,0.93750000,VERIFIED_NEAR_DUPLICATE
refined_6a4b23a5c3b93d443ee4,rec_0880f69ed21074c2484f,2,2,0,Potato healthy,PLDD-UP,direct representative match: dHash<=4 + pHash + geometry + ORB/RANSAC,0,0,0,0,0.95750000,0.95750000,1.00000000,1.00000000,VERIFIED_NEAR_DUPLICATE
refined_d99123a86a9964eb82b9,rec_0885b7f8d1bf185ec5e3,2,2,0,Corn healthy,Seasonal Corn Leaf Disease Dataset,direct representative match: dHash<=4 + pHash + geometry + ORB/RANSAC,1,1,0,0,0.85920000,0.85920000,0.99627561,0.99627561,VERIFIED_NEAR_DUPLICATE
refined_3aa8dc427df84a87f25a,rec_088cde4c55940ea77fb1,3,3,0,Potato healthy,PLDD-UP,direct representative match: dHash<=4 + pHash + geometry + ORB/RANSAC,4,4,2,2,0.60206718,0.60335917,0.92274678,0.92933619,VERIFIED_NEAR_DUPLICATE
refined_f57d7383909b91c4bfab,rec_088f67b5fc51b645dc27,2,2,0,Potato Late blight,PLDD-UP,direct representative match: dHash<=4 + pHash + geometry + ORB/RANSAC,0,0,4,4,0.46350832,0.46350832,0.72651934,0.72651934,VERIFIED_NEAR_DUPLICATE
refined_58faf67c3e8b8a44a9e5,rec_0890bf94b7db1d5f760a,2,2,0,Potato healthy,PLDD-UP,direct representative match: dHash<=4 + pHash + geometry + ORB/RANSAC,0,0,2,2,0.80628931,0.80628931,0.99531981,0.99531981,VERIFIED_NEAR_DUPLICATE
refined_294c9f7b2f07b08bd692,rec_0892600f1789a70abf29,3,3,0,Potato Early blight | Potato Late blight,PLDD-UP,direct representative match: dHash<=4 + pHash + geometry + ORB/RANSAC,1,2,4,4,0.51750973,0.60116732,0.87218045,0.92233010,VERIFIED_LABEL_CONFLICT
refined_6c8646a6c1d51f458d6b,rec_08978c8bd569b36ea4f2,2,2,0,Potato healthy,PLDD-UP,direct representative match: dHash<=4 + pHash + geometry + ORB/RANSAC,0,0,0,0,0.86000000,0.86000000,0.99709302,0.99709302,VERIFIED_NEAR_DUPLICATE
refined_c0b5dc6b87c1e9fbbb97,rec_08b3a1cc16c27912f78a,2,2,0,Potato healthy,PLDD-UP,direct representative match: dHash<=4 + pHash + geometry + ORB/RANSAC,0,0,0,0,0.95500000,0.95500000,1.00000000,1.00000000,VERIFIED_NEAR_DUPLICATE
refined_4307f1e233dae01825e4,rec_08b9cdcb8b19b832c7a4,3,3,0,Potato Early blight,PLDD-UP,direct representative match: dHash<=4 + pHash + geometry + ORB/RANSAC,0,0,0,2,0.60869565,0.66542056,0.92977528,0.94099379,VERIFIED_NEAR_DUPLICATE
refined_ac5c7a8ffe6738985ddb,rec_08cf2560c79888277838,2,2,0,Potato healthy,PLDD-UP,direct representative match: dHash<=4 + pHash + geometry + ORB/RANSAC,0,0,0,0,0.99500000,0.99500000,1.00000000,1.00000000,VERIFIED_NEAR_DUPLICATE
refined_27a01153b8c12916b025,rec_08f5199ac66485645996,2,2,0,Potato healthy,PLDD-UP,direct representative match: dHash<=4 + pHash + geometry + ORB/RANSAC,0,0,0,0,0.96750000,0.96750000,0.99870801,0.99870801,VERIFIED_NEAR_DUPLICATE
refined_83f996c66487c74f54c1,rec_08ff15165091a5d72539,2,2,0,Potato healthy,PLDD-UP,direct representative match: dHash<=4 + pHash + geometry + ORB/RANSAC,0,0,0,0,0.99750000,0.99750000,1.00000000,1.00000000,VERIFIED_NEAR_DUPLICATE
refined_ba9e3a66ad207032fb1f,rec_0905b2ec74c7be993372,2,2,0,Potato healthy,PLDD-UP,direct representative match: dHash<=4 + pHash + geometry + ORB/RANSAC,0,0,0,0,0.96803069,0.96803069,0.99867900,0.99867900,VERIFIED_NEAR_DUPLICATE
refined_9992f3de6b84f99194a8,rec_090c19c11c2977439911,2,2,0,Potato healthy,PLDD-UP,direct representative match: dHash<=4 + pHash + geometry + ORB/RANSAC,1,1,0,0,0.75856930,0.75856930,0.99607073,0.99607073,VERIFIED_NEAR_DUPLICATE
refined_05b59e3316800fc4c602,rec_091b75a9e674fb039e47,2,2,0,Potato Late blight,PLDD-UP,direct representative match: dHash<=4 + pHash + geometry + ORB/RANSAC,2,2,4,4,0.69648094,0.69648094,0.98947368,0.98947368,VERIFIED_NEAR_DUPLICATE
refined_2f1127244387c43d2a70,rec_092258d4ba42b4eae356,2,2,0,Potato Late blight,PLDD-UP,direct representative match: dHash<=4 + pHash + geometry + ORB/RANSAC,3,3,2,2,0.58589744,0.58589744,0.96498906,0.96498906,VERIFIED_NEAR_DUPLICATE
refined_804c417ef7ea690469ff,rec_0927952925753d843567,2,2,0,Potato Early blight | Potato healthy,PLDD-UP,direct representative match: dHash<=4 + pHash + geometry + ORB/RANSAC,4,4,2,2,0.54125000,0.54125000,0.83602771,0.83602771,VERIFIED_LABEL_CONFLICT
refined_43a26d1a4e1dd011a3e5,rec_092ef6487a7d83204921,2,2,0,Potato Late blight,PLDD-UP,direct representative match: dHash<=4 + pHash + geometry + ORB/RANSAC,1,1,4,4,0.66277129,0.66277129,0.99496222,0.99496222,VERIFIED_NEAR_DUPLICATE
refined_b045e23f346f6f15db48,rec_094500f92a8c3f35a589,2,2,0,Corn healthy,Seasonal Corn Leaf Disease Dataset,direct representative match: dHash<=4 + pHash + geometry + ORB/RANSAC,0,0,0,0,0.94319683,0.94319683,0.99859944,0.99859944,VERIFIED_NEAR_DUPLICATE
refined_b2b618ca65ed82c9fa69,rec_095b43da8d5e6743961b,2,2,0,Potato healthy,PLDD-UP,direct representative match: dHash<=4 + pHash + geometry + ORB/RANSAC,0,0,0,0,0.99125000,0.99125000,1.00000000,1.00000000,VERIFIED_NEAR_DUPLICATE
refined_78b4b8da03dfa20f783f,rec_095c1d583bb057797f51,2,2,0,Potato healthy,PLDD-UP,direct representative match: dHash<=4 + pHash + geometry + ORB/RANSAC,0,0,0,0,0.83750000,0.83750000,0.99402985,0.99402985,VERIFIED_NEAR_DUPLICATE
refined_e179aab512e19d0a89fc,rec_095e021b3d86f17ff472,2,2,0,Potato Early blight,PLDD-UP,direct representative match: dHash<=4 + pHash + geometry + ORB/RANSAC,3,3,0,0,0.36625000,0.36625000,0.64846416,0.64846416,VERIFIED_NEAR_DUPLICATE
refined_024381ccbc1bd4f826f3,rec_095f7574cecdb1a16a90,2,2,0,Potato healthy,PLDD-UP,direct representative match: dHash<=4 + pHash + geometry + ORB/RANSAC,0,0,0,0,0.82722513,0.82722513,0.99050633,0.99050633,VERIFIED_NEAR_DUPLICATE
refined_020698ca0d252e804e1d,rec_09659c86e61d874c1dd5,3,3,0,Potato Early blight,PLDD-UP,direct representative match: dHash<=4 + pHash + geometry + ORB/RANSAC,0,0,2,4,0.68253968,0.76771654,0.84883721,0.99487179,VERIFIED_NEAR_DUPLICATE
refined_07c165f8189847c0624f,rec_09669e966886289fc7c2,2,2,0,Potato Late blight,PLDD-UP,direct representative match: dHash<=4 + pHash + geometry + ORB/RANSAC,0,0,4,4,0.69066148,0.69066148,0.96056338,0.96056338,VERIFIED_NEAR_DUPLICATE
refined_68e3b28bb1adc934663b,rec_0969fd16ba82fe5b8f41,2,2,0,Potato Late blight,PLDD-UP,direct representative match: dHash<=4 + pHash + geometry + ORB/RANSAC,4,4,2,2,0.31250000,0.31250000,0.69600000,0.69600000,VERIFIED_NEAR_DUPLICATE
refined_168451aa91b980422262,rec_09751e378b5fae5e8a9d,2,2,0,Potato Late blight,PLDD-UP,direct representative match: dHash<=4 + pHash + geometry + ORB/RANSAC,0,0,2,2,0.66758621,0.66758621,0.89669421,0.89669421,VERIFIED_NEAR_DUPLICATE
refined_4f2e33709d2c57ef834a,rec_09a2ddd24481dc72642b,2,2,0,Potato healthy,PLDD-UP,direct representative match: dHash<=4 + pHash + geometry + ORB/RANSAC,0,0,0,0,1.00000000,1.00000000,1.00000000,1.00000000,VERIFIED_NEAR_DUPLICATE
refined_c35134e37b7bd3f8bbbc,rec_09d95523a0a62a31d4d6,2,2,0,Potato healthy,PLDD-UP,direct representative match: dHash<=4 + pHash + geometry + ORB/RANSAC,0,0,0,0,0.80281690,0.80281690,1.00000000,1.00000000,VERIFIED_NEAR_DUPLICATE
refined_7fcfe908d39fc2e7f002,rec_09f1bc4fd370f78acfca,2,2,0,Potato healthy,PLDD-UP,direct representative match: dHash<=4 + pHash + geometry + ORB/RANSAC,0,0,0,0,0.80875000,0.80875000,0.97527048,0.97527048,VERIFIED_NEAR_DUPLICATE
refined_eb291a49c1c0e7a26ccb,rec_0a0e2e21187d6080adf5,2,2,0,Potato Late blight,PLDD-UP,direct representative match: dHash<=4 + pHash + geometry + ORB/RANSAC,0,0,0,0,0.85750000,0.85750000,0.99854227,0.99854227,VERIFIED_NEAR_DUPLICATE
refined_7bd816c924f9839769aa,rec_0a2aa11564f53ee8e024,3,3,0,Potato Early blight,PLDD-UP,direct representative match: dHash<=4 + pHash + geometry + ORB/RANSAC,0,1,2,2,0.68445476,0.74477958,0.86440678,0.99688474,VERIFIED_NEAR_DUPLICATE
refined_7af83c018a94444a9ab5,rec_0a2df3e9acb5700cb181,2,2,0,Potato healthy,PLDD-UP,direct representative match: dHash<=4 + pHash + geometry + ORB/RANSAC,0,0,2,2,0.92821159,0.92821159,0.99457259,0.99457259,VERIFIED_NEAR_DUPLICATE
refined_735a012c8525973e43a4,rec_0a2e21bc50625cbff36a,3,3,0,Potato healthy,PLDD-UP,direct representative match: dHash<=4 + pHash + geometry + ORB/RANSAC,0,0,2,2,0.95250000,0.96750000,0.99868766,1.00000000,VERIFIED_NEAR_DUPLICATE
refined_63bda8b607b4aab09dae,rec_0a405617c65685a074fd,2,2,0,Potato Late blight,PLDD-UP,direct representative match: dHash<=4 + pHash + geometry + ORB/RANSAC,1,1,2,2,0.70631424,0.70631424,0.93555094,0.93555094,VERIFIED_NEAR_DUPLICATE
refined_fa3189a23deffa5dd71b,rec_0a5ee747177bbc87ef20,2,2,0,Potato healthy,PLDD-UP,direct representative match: dHash<=4 + pHash + geometry + ORB/RANSAC,0,0,0,0,0.79050279,0.79050279,0.98939929,0.98939929,VERIFIED_NEAR_DUPLICATE
refined_b125002621f83d4dbfa9,rec_0a5f0d6c1161c588a2ba,2,2,0,Potato healthy,PLDD-UP,direct representative match: dHash<=4 + pHash + geometry + ORB/RANSAC,0,0,0,0,0.81625000,0.81625000,0.98162328,0.98162328,VERIFIED_NEAR_DUPLICATE
refined_5f616660af52523a84bc,rec_0a68b34a506e28f099d3,2,2,0,Potato healthy,PLDD-UP,direct representative match: dHash<=4 + pHash + geometry + ORB/RANSAC,3,3,0,0,0.76732026,0.76732026,0.99659284,0.99659284,VERIFIED_NEAR_DUPLICATE
refined_f09bd1cbdf4b9413e1d4,rec_0a77d03c60390e219895,2,2,0,Potato Early blight,PLDD-UP,direct representative match: dHash<=4 + pHash + geometry + ORB/RANSAC,2,2,2,2,0.53750000,0.53750000,0.90697674,0.90697674,VERIFIED_NEAR_DUPLICATE
refined_e2ea82b36a92cb8fe8d5,rec_0a7d4aae724916adf8ef,2,2,0,Potato Late blight,PLDD-UP,direct representative match: dHash<=4 + pHash + geometry + ORB/RANSAC,2,2,4,4,0.59590793,0.59590793,0.93991416,0.93991416,VERIFIED_NEAR_DUPLICATE
refined_e6ef1419658096e0161c,rec_0a85bfc96d9cecb59069,2,2,0,Corn healthy,Seasonal Corn Leaf Disease Dataset,direct representative match: dHash<=4 + pHash + geometry + ORB/RANSAC,1,1,0,0,0.92857143,0.92857143,0.99854862,0.99854862,VERIFIED_NEAR_DUPLICATE
refined_c76a9a25d80a03d550c2,rec_0a8f9a8ed90ec6066e95,2,2,0,Potato Late blight,PlantDoc,direct representative match: dHash<=4 + pHash + geometry + ORB/RANSAC,0,0,2,2,0.42745098,0.42745098,0.97859327,0.97859327,VERIFIED_NEAR_DUPLICATE
refined_07852bd690f268682312,rec_0aa69e803588e3984460,2,2,0,Potato healthy,PLDD-UP,direct representative match: dHash<=4 + pHash + geometry + ORB/RANSAC,0,0,0,0,0.95375000,0.95375000,0.99868938,0.99868938,VERIFIED_NEAR_DUPLICATE
refined_199f54f2dd08034da76e,rec_0ab1ab2a9d63775e68d4,2,2,0,Potato Early blight,PLDD-UP,direct representative match: dHash<=4 + pHash + geometry + ORB/RANSAC,3,3,2,2,0.53000000,0.53000000,0.80660377,0.80660377,VERIFIED_NEAR_DUPLICATE
refined_307c6ceb2e5f6998d1c7,rec_0ab31d41eec0275375ba,2,2,0,Potato Late blight,PLDD-UP,direct representative match: dHash<=4 + pHash + geometry + ORB/RANSAC,0,0,4,4,0.59675037,0.59675037,0.91831683,0.91831683,VERIFIED_NEAR_DUPLICATE
refined_093f426c09e7a05c3a21,rec_0ae8fa27da5e773f6941,2,2,0,Corn healthy,Seasonal Corn Leaf Disease Dataset,direct representative match: dHash<=4 + pHash + geometry + ORB/RANSAC,1,1,2,2,0.94777070,0.94777070,0.99865591,0.99865591,VERIFIED_NEAR_DUPLICATE
refined_ec54e7b149f519761d08,rec_0afc1967f4fc4c020a6a,2,2,0,Potato Late blight,PLDD-UP,direct representative match: dHash<=4 + pHash + geometry + ORB/RANSAC,3,3,4,4,0.32998745,0.32998745,0.79087452,0.79087452,VERIFIED_NEAR_DUPLICATE
refined_52e6f974659112112f92,rec_0b0118ab0bf5970390b3,2,2,0,Potato healthy,PLDD-UP,direct representative match: dHash<=4 + pHash + geometry + ORB/RANSAC,0,0,0,0,0.99750000,0.99750000,1.00000000,1.00000000,VERIFIED_NEAR_DUPLICATE
refined_2a63ea1c5fa3bd7ad8da,rec_0b077e26624742a239fe,2,2,0,Potato healthy,PLDD-UP,direct representative match: dHash<=4 + pHash + geometry + ORB/RANSAC,0,0,0,0,0.75063939,0.75063939,0.98807496,0.98807496,VERIFIED_NEAR_DUPLICATE
refined_228b587da71824f444cd,rec_0b183da0450acfe23ce7,2,2,0,Potato healthy,PLDD-UP,direct representative match: dHash<=4 + pHash + geometry + ORB/RANSAC,0,0,0,0,0.95375000,0.95375000,0.99737877,0.99737877,VERIFIED_NEAR_DUPLICATE
refined_628aaf055639d450192e,rec_0b1b2fdcf7de89e7f224,8,8,0,Potato healthy,PLDD-UP,direct representative match: dHash<=4 + pHash + geometry + ORB/RANSAC,0,4,0,2,0.69875000,0.84000000,0.83184258,0.98641766,VERIFIED_NEAR_DUPLICATE
refined_c1bc4f093e5d15ae2dd1,rec_0b55a0a59eb6d0c3ca1a,3,3,0,Potato Early blight | Potato healthy,PLDD-UP,direct representative match: dHash<=4 + pHash + geometry + ORB/RANSAC,0,0,0,0,0.94750000,0.99375000,1.00000000,1.00000000,VERIFIED_LABEL_CONFLICT
refined_5077d6eeaa3a4d23ab15,rec_0b6120b04cdfbf05e134,2,2,0,Potato Early blight,PLDD-UP,direct representative match: dHash<=4 + pHash + geometry + ORB/RANSAC,1,1,2,2,0.69281046,0.69281046,0.94811321,0.94811321,VERIFIED_NEAR_DUPLICATE
refined_9abf333719558f5090fa,rec_0b731dbdfe0dc92d27c7,2,1,1,Potato Early blight | Tomato Early blight,PlantDoc,direct representative match: dHash<=4 + pHash + geometry + ORB/RANSAC,0,0,0,0,1.00000000,1.00000000,1.00000000,1.00000000,VERIFIED_BENCHMARK_LEAKAGE
refined_e74d658c546982352ff0,rec_0b830e5cfcba22fbbdbf,4,4,0,Potato Late blight,PLDD-UP,direct representative match: dHash<=4 + pHash + geometry + ORB/RANSAC,4,4,4,4,0.48375000,0.51750000,0.77260982,0.92753623,VERIFIED_NEAR_DUPLICATE
refined_b6de747b8f000b3eb1b5,rec_0b88376b0377ccdff556,3,3,0,Potato Early blight,PLDD-UP,direct representative match: dHash<=4 + pHash + geometry + ORB/RANSAC,1,1,2,4,0.46198830,0.59064327,0.97029703,0.98101266,VERIFIED_NEAR_DUPLICATE
refined_66b7fda843eb0f159693,rec_0b884fa7781cdb498303,2,2,0,Potato Early blight,PLDD-UP,direct representative match: dHash<=4 + pHash + geometry + ORB/RANSAC,0,0,4,4,0.63383838,0.63383838,0.92430279,0.92430279,VERIFIED_NEAR_DUPLICATE
refined_74ce5567bb513d4fa80d,rec_0b89f28df3c5c5e6c79d,2,2,0,Corn Common rust,Seasonal Corn Leaf Disease Dataset,direct representative match: dHash<=4 + pHash + geometry + ORB/RANSAC,0,0,2,2,0.76873385,0.76873385,0.98823529,0.98823529,VERIFIED_NEAR_DUPLICATE
refined_e66ec117527cd844107b,rec_0b8dd2f0ac6a084a40a9,3,3,0,Potato Early blight | Potato Late blight,PLDD-UP,direct representative match: dHash<=4 + pHash + geometry + ORB/RANSAC,1,1,2,14,0.47268107,0.62831858,0.78873239,0.90860215,VERIFIED_LABEL_CONFLICT
refined_646e7778e30d2f7d6766,rec_0b903f0b56b858c29c20,2,2,0,Corn healthy,Seasonal Corn Leaf Disease Dataset,direct representative match: dHash<=4 + pHash + geometry + ORB/RANSAC,1,1,0,0,0.92253521,0.92253521,0.99847328,0.99847328,VERIFIED_NEAR_DUPLICATE
refined_db520d4810eb2e859a32,rec_0b956206ee9b50b350ec,2,2,0,Potato healthy,PLDD-UP,direct representative match: dHash<=4 + pHash + geometry + ORB/RANSAC,0,0,0,0,0.96000000,0.96000000,0.99869792,0.99869792,VERIFIED_NEAR_DUPLICATE
refined_72c0a6383b74e249c788,rec_0bbf8fdb7cf15203695f,2,2,0,Corn healthy,Seasonal Corn Leaf Disease Dataset,direct representative match: dHash<=4 + pHash + geometry + ORB/RANSAC,1,1,0,0,0.91831357,0.91831357,0.99713056,0.99713056,VERIFIED_NEAR_DUPLICATE
refined_d359a706779c613f83ef,rec_0bc2f24b43bc3589868c,2,2,0,Potato healthy,PLDD-UP,direct representative match: dHash<=4 + pHash + geometry + ORB/RANSAC,0,0,0,0,0.96582278,0.96582278,0.99082569,0.99082569,VERIFIED_NEAR_DUPLICATE
refined_463b951d15c28bd47a27,rec_0bcc3f06dd992355acb6,2,2,0,Potato Early blight,PLDD-UP,direct representative match: dHash<=4 + pHash + geometry + ORB/RANSAC,1,1,4,4,0.29276316,0.29276316,0.91011236,0.91011236,VERIFIED_NEAR_DUPLICATE
refined_ac8c44d8c0c490e0eaf6,rec_0be4423781cbcc9f13ec,2,2,0,Corn healthy,Seasonal Corn Leaf Disease Dataset,direct representative match: dHash<=4 + pHash + geometry + ORB/RANSAC,0,0,0,0,0.92572944,0.92572944,0.99570201,0.99570201,VERIFIED_NEAR_DUPLICATE
refined_e32c374c0fba55cd76dd,rec_0be8f3239177e715883c,2,2,0,Potato Early blight,PLDD-UP,direct representative match: dHash<=4 + pHash + geometry + ORB/RANSAC,0,0,4,4,0.59821429,0.59821429,0.97654584,0.97654584,VERIFIED_NEAR_DUPLICATE
refined_ffee8325684174c09ea4,rec_0bedf09cfe686f1cc75b,2,2,0,Corn healthy,Seasonal Corn Leaf Disease Dataset,direct representative match: dHash<=4 + pHash + geometry + ORB/RANSAC,0,0,0,0,0.92848020,0.92848020,0.99724897,0.99724897,VERIFIED_NEAR_DUPLICATE
refined_8fa1c9cfbaf96e700a1a,rec_0c069bf86d95cbe85601,2,2,0,Potato Late blight,PLDD-UP,direct representative match: dHash<=4 + pHash + geometry + ORB/RANSAC,1,1,2,2,0.67886179,0.67886179,0.92814371,0.92814371,VERIFIED_NEAR_DUPLICATE
refined_9ba2e433a2d77068830c,rec_0c15fca8b9a7821ef124,2,2,0,Corn Cercospora leaf spot,Seasonal Corn Leaf Disease Dataset,direct representative match: dHash<=4 + pHash + geometry + ORB/RANSAC,0,0,0,0,0.98457584,0.98457584,1.00000000,1.00000000,VERIFIED_NEAR_DUPLICATE
refined_0b5577d4e154937c5064,rec_0c2b1e3eebfda784fb4b,2,2,0,Corn healthy,Seasonal Corn Leaf Disease Dataset,direct representative match: dHash<=4 + pHash + geometry + ORB/RANSAC,1,1,0,0,0.93667546,0.93667546,0.99859155,0.99859155,VERIFIED_NEAR_DUPLICATE
refined_a014f07b243102f73213,rec_0c3cdbeb59a507a3203a,2,2,0,Corn healthy,Seasonal Corn Leaf Disease Dataset,direct representative match: dHash<=4 + pHash + geometry + ORB/RANSAC,0,0,0,0,0.93026316,0.93026316,0.99292786,0.99292786,VERIFIED_NEAR_DUPLICATE
refined_fc74947da47992a45699,rec_0c45c9729214792bff18,2,2,0,Potato Late blight,PLDD-UP,direct representative match: dHash<=4 + pHash + geometry + ORB/RANSAC,4,4,4,4,0.54180064,0.54180064,0.97626113,0.97626113,VERIFIED_NEAR_DUPLICATE
refined_f408d044db026436b54d,rec_0c4ed931205215bbf315,2,2,0,Potato Early blight,PLDD-UP,direct representative match: dHash<=4 + pHash + geometry + ORB/RANSAC,2,2,2,2,0.63125000,0.63125000,0.85148515,0.85148515,VERIFIED_NEAR_DUPLICATE
refined_0965b5cd57ef0da4750b,rec_0c52fdfa02c2874a73c2,2,2,0,Potato healthy,PLDD-UP,direct representative match: dHash<=4 + pHash + geometry + ORB/RANSAC,0,0,0,0,0.89785624,0.89785624,0.99859551,0.99859551,VERIFIED_NEAR_DUPLICATE
refined_2f6df71c71fb9a3aaece,rec_0c61914c023798559076,2,2,0,Potato Late blight,PLDD-UP,direct representative match: dHash<=4 + pHash + geometry + ORB/RANSAC,1,1,4,4,0.51977401,0.51977401,0.94293478,0.94293478,VERIFIED_NEAR_DUPLICATE
refined_1eb76be45effabe84504,rec_0c65c5df1bbacd0996f3,2,2,0,Potato healthy,PLDD-UP,direct representative match: dHash<=4 + pHash + geometry + ORB/RANSAC,0,0,0,0,0.96125000,0.96125000,0.99869961,0.99869961,VERIFIED_NEAR_DUPLICATE
refined_f10b7a9a1775454bf28d,rec_0c701c760573419542fc,2,2,0,Potato healthy,PLDD-UP,direct representative match: dHash<=4 + pHash + geometry + ORB/RANSAC,0,0,0,0,0.75572519,0.75572519,0.98484848,0.98484848,VERIFIED_NEAR_DUPLICATE
refined_6851187fe95b53504e79,rec_0c77d6663e6dc94803c6,2,2,0,Potato healthy,PLDD-UP,direct representative match: dHash<=4 + pHash + geometry + ORB/RANSAC,0,0,0,0,0.76250000,0.76250000,0.99180328,0.99180328,VERIFIED_NEAR_DUPLICATE
refined_b06c15547e0c832a5b97,rec_0c80f8e293a3870d934d,2,2,0,Potato healthy,PLDD-UP,direct representative match: dHash<=4 + pHash + geometry + ORB/RANSAC,0,0,0,0,0.99250000,0.99250000,1.00000000,1.00000000,VERIFIED_NEAR_DUPLICATE
refined_f86de324fbfc53dc427d,rec_0c838932f2c0602e98d9,2,2,0,Potato healthy,PLDD-UP,direct representative match: dHash<=4 + pHash + geometry + ORB/RANSAC,0,0,0,0,0.95000000,0.95000000,0.99868421,0.99868421,VERIFIED_NEAR_DUPLICATE
refined_bc42f284f1209237c76b,rec_0c85c70a05761710e8f4,2,2,0,Potato healthy,PLDD-UP,direct representative match: dHash<=4 + pHash + geometry + ORB/RANSAC,0,0,2,2,0.83250000,0.83250000,0.99099099,0.99099099,VERIFIED_NEAR_DUPLICATE
refined_2fd1635661b66db1bc63,rec_0c952a33213a7d7c5c05,2,2,0,Corn healthy,Seasonal Corn Leaf Disease Dataset,direct representative match: dHash<=4 + pHash + geometry + ORB/RANSAC,1,1,2,2,0.92137931,0.92137931,0.99850299,0.99850299,VERIFIED_NEAR_DUPLICATE
refined_51f21eceac6b463d8084,rec_0cc0e570825bbd3bb582,2,2,0,Potato healthy,PLDD-UP,direct representative match: dHash<=4 + pHash + geometry + ORB/RANSAC,0,0,0,0,0.95625000,0.95625000,1.00000000,1.00000000,VERIFIED_NEAR_DUPLICATE
refined_54ba7b0ba93ba18280d2,rec_0cc7f0598c22ad79570b,2,2,0,Potato healthy,PLDD-UP,direct representative match: dHash<=4 + pHash + geometry + ORB/RANSAC,0,0,0,0,0.95750000,0.95750000,0.99738903,0.99738903,VERIFIED_NEAR_DUPLICATE
refined_b53a8713e9e487198807,rec_0cccb2e7caa572d97684,2,2,0,Potato healthy,PLDD-UP,direct representative match: dHash<=4 + pHash + geometry + ORB/RANSAC,1,1,4,4,0.74746193,0.74746193,0.98132428,0.98132428,VERIFIED_NEAR_DUPLICATE
refined_5df89231dcb5bc414659,rec_0d10de03dc375a66e37e,2,2,0,Potato healthy,PLDD-UP,direct representative match: dHash<=4 + pHash + geometry + ORB/RANSAC,0,0,0,0,0.95500000,0.95500000,0.99869110,0.99869110,VERIFIED_NEAR_DUPLICATE
refined_93fbe9c27328d90c269c,rec_0d10e4e7740606b0b00d,2,2,0,Corn healthy,Seasonal Corn Leaf Disease Dataset,direct representative match: dHash<=4 + pHash + geometry + ORB/RANSAC,1,1,0,0,0.94329897,0.94329897,0.99590164,0.99590164,VERIFIED_NEAR_DUPLICATE
refined_82526df3b9124fe503b6,rec_0d36fd765e432a9062ee,4,4,0,Potato healthy,PLDD-UP,direct representative match: dHash<=4 + pHash + geometry + ORB/RANSAC,0,0,0,0,0.72200264,1.00000000,0.98357664,1.00000000,VERIFIED_NEAR_DUPLICATE
refined_1bc51622bfbee6350f97,rec_0d38fde2ef1f67afca0c,2,2,0,Potato Early blight | Potato Late blight,PLDD-UP,direct representative match: dHash<=4 + pHash + geometry + ORB/RANSAC,4,4,6,6,0.68702290,0.68702290,0.90277778,0.90277778,VERIFIED_LABEL_CONFLICT
refined_1c82e9243c3ba5ff1cb7,rec_0d436acdee842e10259a,2,2,0,Potato Late blight,PLDD-UP,direct representative match: dHash<=4 + pHash + geometry + ORB/RANSAC,1,1,4,4,0.64072633,0.64072633,0.88663968,0.88663968,VERIFIED_NEAR_DUPLICATE
refined_db0cd56a22deb1c19854,rec_0d51d31eeabdeadda06d,2,2,0,Potato Late blight,PLDD-UP,direct representative match: dHash<=4 + pHash + geometry + ORB/RANSAC,2,2,4,4,0.51500000,0.51500000,0.87378641,0.87378641,VERIFIED_NEAR_DUPLICATE
refined_448883250f0dfb0b4cb7,rec_0d6f7c6479ae50eb5d60,2,2,0,Potato healthy,PLDD-UP,direct representative match: dHash<=4 + pHash + geometry + ORB/RANSAC,0,0,0,0,0.90000000,0.90000000,0.99722222,0.99722222,VERIFIED_NEAR_DUPLICATE
refined_d1666813c54e1b13236c,rec_0d71e36b9db1a267c66e,3,3,0,Potato Late blight,PLDD-UP,direct representative match: dHash<=4 + pHash + geometry + ORB/RANSAC,0,0,2,4,0.58095238,0.70725995,0.97814208,0.99337748,VERIFIED_NEAR_DUPLICATE
refined_2b6c7336a91c9c17bb22,rec_0d80ae041ff184185bfe,2,2,0,Potato healthy,PLDD-UP,direct representative match: dHash<=4 + pHash + geometry + ORB/RANSAC,2,2,0,0,0.82503556,0.82503556,0.94310345,0.94310345,VERIFIED_NEAR_DUPLICATE
refined_93bc7536549f145c9e2e,rec_0da7058946a08a36bb9d,2,2,0,Potato healthy,PLDD-UP,direct representative match: dHash<=4 + pHash + geometry + ORB/RANSAC,0,0,0,0,0.90886076,0.90886076,1.00000000,1.00000000,VERIFIED_NEAR_DUPLICATE
refined_80472213b6b146e2901c,rec_0daf6d0554fd16289719,3,3,0,Potato Early blight,PLDD-UP,direct representative match: dHash<=4 + pHash + geometry + ORB/RANSAC,3,3,4,4,0.57875000,0.60375000,0.87577640,0.89416847,VERIFIED_NEAR_DUPLICATE
refined_fdc3d4b839a5cb58e094,rec_0dccbf2d7f912a6dfa4f,3,3,0,Potato Late blight,PLDD-UP,direct representative match: dHash<=4 + pHash + geometry + ORB/RANSAC,0,2,2,2,0.59269663,0.62640449,0.97309417,0.98578199,VERIFIED_NEAR_DUPLICATE
refined_dc9813c2a1e076830ec7,rec_0dcd957b65390b8a1aeb,2,2,0,Potato healthy,PLDD-UP,direct representative match: dHash<=4 + pHash + geometry + ORB/RANSAC,0,0,0,0,0.96000000,0.96000000,1.00000000,1.00000000,VERIFIED_NEAR_DUPLICATE
refined_55bbd2adf9015572b011,rec_0dd4a58ba78b4fe145ec,2,2,0,Potato healthy,PLDD-UP,direct representative match: dHash<=4 + pHash + geometry + ORB/RANSAC,0,0,0,0,1.00000000,1.00000000,1.00000000,1.00000000,VERIFIED_NEAR_DUPLICATE
refined_66e6a851f3234caf5343,rec_0ddf9cecc92f10d8db08,2,2,0,Potato Early blight,PLDD-UP,direct representative match: dHash<=4 + pHash + geometry + ORB/RANSAC,4,4,2,2,0.37000000,0.37000000,0.74324324,0.74324324,VERIFIED_NEAR_DUPLICATE
refined_9f2c0d7dff00e7534f12,rec_0df193d1276e38635d5f,2,2,0,Potato healthy,PLDD-UP,direct representative match: dHash<=4 + pHash + geometry + ORB/RANSAC,0,0,0,0,0.96500000,0.96500000,1.00000000,1.00000000,VERIFIED_NEAR_DUPLICATE
refined_cbc0992713c0fd481e94,rec_0df294ce21647e6008ad,2,2,0,Corn healthy,Seasonal Corn Leaf Disease Dataset,direct representative match: dHash<=4 + pHash + geometry + ORB/RANSAC,0,0,0,0,0.89265537,0.89265537,0.99841772,0.99841772,VERIFIED_NEAR_DUPLICATE
refined_b915af147d8e53e12d69,rec_0df31f04796c2604a7f1,2,2,0,Tomato Early blight,PlantDoc,direct representative match: dHash<=4 + pHash + geometry + ORB/RANSAC,1,1,0,0,0.88875000,0.88875000,0.99718706,0.99718706,VERIFIED_NEAR_DUPLICATE
refined_145544d5a608b56706b3,rec_0df63b30143f8df3d47c,3,3,0,Potato healthy,PLDD-UP,direct representative match: dHash<=4 + pHash + geometry + ORB/RANSAC,2,4,2,4,0.74809160,0.75959079,0.83333333,0.87244898,VERIFIED_NEAR_DUPLICATE
refined_a1780ffeca927cc92e57,rec_0e04138149acd2b05f09,2,2,0,Potato healthy,PLDD-UP,direct representative match: dHash<=4 + pHash + geometry + ORB/RANSAC,0,0,0,0,0.96954315,0.96954315,1.00000000,1.00000000,VERIFIED_NEAR_DUPLICATE
refined_4ca56b842fe4ec59b776,rec_0e0ca821685209d3a8d1,2,2,0,Corn Cercospora leaf spot,Seasonal Corn Leaf Disease Dataset,direct representative match: dHash<=4 + pHash + geometry + ORB/RANSAC,0,0,0,0,0.93874834,0.93874834,0.99858156,0.99858156,VERIFIED_NEAR_DUPLICATE
refined_1cbc0513a3f6d94dc4a8,rec_0e0d413533d020231237,2,2,0,Potato healthy,PLDD-UP,direct representative match: dHash<=4 + pHash + geometry + ORB/RANSAC,0,0,0,0,0.96375000,0.96375000,1.00000000,1.00000000,VERIFIED_NEAR_DUPLICATE
refined_f0ee18ea422784da6bfa,rec_0e1673eeb2249da147e7,2,2,0,Potato Late blight,PLDD-UP,direct representative match: dHash<=4 + pHash + geometry + ORB/RANSAC,2,2,4,4,0.47125000,0.47125000,0.85145889,0.85145889,VERIFIED_NEAR_DUPLICATE
refined_330dc9836ed405a1eb3b,rec_0e22386c77b38e5c63f5,2,2,0,Corn Cercospora leaf spot,Seasonal Corn Leaf Disease Dataset,direct representative match: dHash<=4 + pHash + geometry + ORB/RANSAC,0,0,0,0,0.98076923,0.98076923,0.99869281,0.99869281,VERIFIED_NEAR_DUPLICATE
refined_8c0e52cfbea834ebb36f,rec_0e23029bd25b59b4f87b,2,2,0,Potato healthy,PLDD-UP,direct representative match: dHash<=4 + pHash + geometry + ORB/RANSAC,0,0,0,0,0.99875000,0.99875000,1.00000000,1.00000000,VERIFIED_NEAR_DUPLICATE
refined_f0c07132d55a0b1baa6d,rec_0e4318f325d867d60b2f,2,2,0,Potato Late blight,PLDD-UP,direct representative match: dHash<=4 + pHash + geometry + ORB/RANSAC,1,1,4,4,0.50500000,0.50500000,0.94554455,0.94554455,VERIFIED_NEAR_DUPLICATE
refined_78e67d76ac878c24d736,rec_0e5749e14bd51ee55312,2,2,0,Potato healthy,PLDD-UP,direct representative match: dHash<=4 + pHash + geometry + ORB/RANSAC,0,0,0,0,0.95526316,0.95526316,1.00000000,1.00000000,VERIFIED_NEAR_DUPLICATE
refined_311999b741eaa26a78b5,rec_0e5ed89ee860018724e8,3,3,0,Potato Late blight,PLDD-UP,direct representative match: dHash<=4 + pHash + geometry + ORB/RANSAC,1,2,2,4,0.42500000,0.46375000,0.71764706,0.71967655,VERIFIED_NEAR_DUPLICATE
refined_403b4319358b386c4980,rec_0e635c9253884b6a49db,2,2,0,Potato healthy,PLDD-UP,direct representative match: dHash<=4 + pHash + geometry + ORB/RANSAC,0,0,0,0,0.95500000,0.95500000,0.99738220,0.99738220,VERIFIED_NEAR_DUPLICATE
refined_299361746a69fcc9f384,rec_0e72e4bbef6d047de760,2,2,0,Potato healthy,PLDD-UP,direct representative match: dHash<=4 + pHash + geometry + ORB/RANSAC,0,0,0,0,0.94000000,0.94000000,0.99867021,0.99867021,VERIFIED_NEAR_DUPLICATE
refined_6d1f00b970984ed0596d,rec_0e7d097aded2c7c6eeb2,2,2,0,Potato healthy,PLDD-UP,direct representative match: dHash<=4 + pHash + geometry + ORB/RANSAC,0,0,0,0,0.99500000,0.99500000,0.99874372,0.99874372,VERIFIED_NEAR_DUPLICATE
refined_a23f454468a20ad5c333,rec_0e81d38f219e4aa4d282,3,3,0,Potato healthy,PLDD-UP,direct representative match: dHash<=4 + pHash + geometry + ORB/RANSAC,0,0,0,0,0.91625000,0.92500000,0.99727149,0.99729730,VERIFIED_NEAR_DUPLICATE
refined_619d999eb8b84fc63bd1,rec_0e933824cdb34097a822,2,2,0,Potato Late blight,PLDD-UP,direct representative match: dHash<=4 + pHash + geometry + ORB/RANSAC,0,0,0,0,0.72607880,0.72607880,0.83720930,0.83720930,VERIFIED_NEAR_DUPLICATE
refined_df09bf73f66b3d5d539e,rec_0ea61f805444ca7ec847,2,2,0,Corn Cercospora leaf spot,Seasonal Corn Leaf Disease Dataset,direct representative match: dHash<=4 + pHash + geometry + ORB/RANSAC,0,0,0,0,0.90740741,0.90740741,0.99829932,0.99829932,VERIFIED_NEAR_DUPLICATE
refined_571347d81f3f8e15c502,rec_0ec6dee0451e944d60ce,2,2,0,Potato healthy,PLDD-UP,direct representative match: dHash<=4 + pHash + geometry + ORB/RANSAC,0,0,0,0,0.94375000,0.94375000,0.99735099,0.99735099,VERIFIED_NEAR_DUPLICATE
refined_c17410261e1ea15febe3,rec_0ed1890d9e56d1e17314,2,2,0,Potato healthy,PLDD-UP,direct representative match: dHash<=4 + pHash + geometry + ORB/RANSAC,0,0,0,0,0.94375000,0.94375000,0.99735099,0.99735099,VERIFIED_NEAR_DUPLICATE
refined_6e86f2cff0edd4fb5207,rec_0ed6ea46d6d4a600fa1a,2,2,0,Potato healthy,PLDD-UP,direct representative match: dHash<=4 + pHash + geometry + ORB/RANSAC,0,0,0,0,0.96500000,0.96500000,1.00000000,1.00000000,VERIFIED_NEAR_DUPLICATE
refined_1547ae6d1ee1e90d90ec,rec_0ed98dd3ec005de06e84,2,2,0,Corn healthy,Seasonal Corn Leaf Disease Dataset,direct representative match: dHash<=4 + pHash + geometry + ORB/RANSAC,0,0,0,0,0.92790387,0.92790387,1.00000000,1.00000000,VERIFIED_NEAR_DUPLICATE
refined_46c2c854c8a2ae7ad2de,rec_0ee4ae1eb4d3286ea71d,2,2,0,Potato Early blight,PLDD-UP,direct representative match: dHash<=4 + pHash + geometry + ORB/RANSAC,0,0,2,2,0.69065657,0.69065657,0.98354662,0.98354662,VERIFIED_NEAR_DUPLICATE
refined_e8a2029f0b5e3750461a,rec_0f03c48746984dc52a39,2,2,0,Potato Late blight,PLDD-UP,direct representative match: dHash<=4 + pHash + geometry + ORB/RANSAC,0,0,0,0,0.66275168,0.66275168,0.94177215,0.94177215,VERIFIED_NEAR_DUPLICATE
refined_ef030ca5a4bf5736c594,rec_0f1dd7c7327d2961944b,2,2,0,Corn healthy,Seasonal Corn Leaf Disease Dataset,direct representative match: dHash<=4 + pHash + geometry + ORB/RANSAC,0,0,0,0,0.89861111,0.89861111,0.98918083,0.98918083,VERIFIED_NEAR_DUPLICATE
refined_f667aff8615df7266e52,rec_0f206e0ed0097b985535,2,2,0,Corn healthy,Seasonal Corn Leaf Disease Dataset,direct representative match: dHash<=4 + pHash + geometry + ORB/RANSAC,1,1,0,0,0.90586630,0.90586630,0.99698795,0.99698795,VERIFIED_NEAR_DUPLICATE
refined_dbd5d0c9e4d590ea966a,rec_0f40ee909df052f9a9a3,2,2,0,Corn Cercospora leaf spot,Seasonal Corn Leaf Disease Dataset,direct representative match: dHash<=4 + pHash + geometry + ORB/RANSAC,0,0,0,0,0.86797386,0.86797386,0.99849398,0.99849398,VERIFIED_NEAR_DUPLICATE
refined_62f11f7796d28d19d57f,rec_0f5f22e47519216120ed,2,2,0,Corn healthy,Seasonal Corn Leaf Disease Dataset,direct representative match: dHash<=4 + pHash + geometry + ORB/RANSAC,2,2,0,0,0.95144357,0.95144357,0.99862069,0.99862069,VERIFIED_NEAR_DUPLICATE
refined_bddc7d80aa2276094ac4,rec_0f805863157f40e54dd4,2,2,0,Potato healthy,PLDD-UP,direct representative match: dHash<=4 + pHash + geometry + ORB/RANSAC,0,0,0,0,0.97125000,0.97125000,0.99871300,0.99871300,VERIFIED_NEAR_DUPLICATE
refined_4c93fb98169effa33451,rec_0f819acacca16920933f,2,2,0,Potato healthy,PLDD-UP,direct representative match: dHash<=4 + pHash + geometry + ORB/RANSAC,0,0,2,2,0.74653216,0.74653216,0.98817568,0.98817568,VERIFIED_NEAR_DUPLICATE
refined_352abc229cf39f75b742,rec_0f852d52df7a2299f08a,2,2,0,Corn healthy,Seasonal Corn Leaf Disease Dataset,direct representative match: dHash<=4 + pHash + geometry + ORB/RANSAC,0,0,0,0,0.94255875,0.94255875,1.00000000,1.00000000,VERIFIED_NEAR_DUPLICATE
refined_9489128a0406ba7d74dd,rec_0f8a66ea63ca14cb04dd,2,2,0,Potato healthy,PLDD-UP,direct representative match: dHash<=4 + pHash + geometry + ORB/RANSAC,0,0,0,0,0.79247911,0.79247911,0.99472759,0.99472759,VERIFIED_NEAR_DUPLICATE
refined_ad09c8361e71882f9ff3,rec_0f908d1f972cf20a0cb4,2,2,0,Corn healthy,Seasonal Corn Leaf Disease Dataset,direct representative match: dHash<=4 + pHash + geometry + ORB/RANSAC,0,0,0,0,0.93161290,0.93161290,0.99861496,0.99861496,VERIFIED_NEAR_DUPLICATE
refined_20afb71968a0ae5b950b,rec_0f9698a8ae62568346d1,4,4,0,Potato Early blight | Potato healthy,PLDD-UP,direct representative match: dHash<=4 + pHash + geometry + ORB/RANSAC,0,2,0,8,0.45875000,0.95500000,0.68392371,1.00000000,VERIFIED_LABEL_CONFLICT
refined_8cb1f82042c9b3c8ee23,rec_0f9c03d1a323555aef68,2,2,0,Potato healthy,PLDD-UP,direct representative match: dHash<=4 + pHash + geometry + ORB/RANSAC,3,3,4,4,0.61702128,0.61702128,0.83164300,0.83164300,VERIFIED_NEAR_DUPLICATE
refined_a1cb233ccfdb233b2b15,rec_0f9c97ef472f2dc0efef,3,3,0,Potato healthy,PLDD-UP,direct representative match: dHash<=4 + pHash + geometry + ORB/RANSAC,0,0,0,0,0.54770318,0.55477032,0.85806452,0.98089172,VERIFIED_NEAR_DUPLICATE
refined_189bcab98aba1b26b0da,rec_0f9d3cf88ff1c3160c71,2,2,0,Potato Late blight,PLDD-UP,direct representative match: dHash<=4 + pHash + geometry + ORB/RANSAC,2,2,4,4,0.64852255,0.64852255,0.94724221,0.94724221,VERIFIED_NEAR_DUPLICATE
refined_157d4125c3f49e9b5ca6,rec_0fa815286034619d153b,2,2,0,Potato healthy,PLDD-UP,direct representative match: dHash<=4 + pHash + geometry + ORB/RANSAC,0,0,0,0,0.94875000,0.94875000,0.99736495,0.99736495,VERIFIED_NEAR_DUPLICATE
refined_ac8be54a4c23fa9e8680,rec_0fab9b17bd487591b4c2,2,2,0,Potato healthy,PLDD-UP,direct representative match: dHash<=4 + pHash + geometry + ORB/RANSAC,0,0,2,2,0.82000000,0.82000000,0.99695122,0.99695122,VERIFIED_NEAR_DUPLICATE
refined_d0a44375d81cacac668f,rec_0fad93d806206a4744b5,2,2,0,Potato healthy,PLDD-UP,direct representative match: dHash<=4 + pHash + geometry + ORB/RANSAC,0,0,0,0,0.99225806,0.99225806,0.99869961,0.99869961,VERIFIED_NEAR_DUPLICATE
refined_f4c40c018141539e6329,rec_0fb568d037ff9f91c58a,2,2,0,Corn healthy,Seasonal Corn Leaf Disease Dataset,direct representative match: dHash<=4 + pHash + geometry + ORB/RANSAC,1,1,0,0,0.87652174,0.87652174,0.98611111,0.98611111,VERIFIED_NEAR_DUPLICATE
refined_605e06b2a9ad8e4dd5e1,rec_0fd911ffe8ad018feee7,2,2,0,Potato Early blight,PLDD-UP,direct representative match: dHash<=4 + pHash + geometry + ORB/RANSAC,1,1,4,4,0.47395172,0.47395172,0.78552279,0.78552279,VERIFIED_NEAR_DUPLICATE
refined_6ac7be9c2438068f0e42,rec_0fdd2bf1a9f8718929ab,3,3,0,Potato Late blight,PLDD-UP,direct representative match: dHash<=4 + pHash + geometry + ORB/RANSAC,0,0,0,0,0.55409836,0.70783848,0.95857988,0.98657718,VERIFIED_NEAR_DUPLICATE
refined_4824c057fd0e8ec31b3c,rec_0fe61bf54e81049ccddb,2,2,0,Potato healthy,PLDD-UP,direct representative match: dHash<=4 + pHash + geometry + ORB/RANSAC,0,0,0,0,0.99472296,0.99472296,1.00000000,1.00000000,VERIFIED_NEAR_DUPLICATE
refined_7ae36b46a8beb8a0347f,rec_0fe6bb9889df675e2089,2,2,0,Potato healthy,PLDD-UP,direct representative match: dHash<=4 + pHash + geometry + ORB/RANSAC,0,0,0,0,0.79625000,0.79625000,0.99058085,0.99058085,VERIFIED_NEAR_DUPLICATE
refined_cfe71608c7b8e4784cc7,rec_0fea24656a89360344d9,2,2,0,Potato healthy,PLDD-UP,direct representative match: dHash<=4 + pHash + geometry + ORB/RANSAC,0,0,0,0,0.90092470,0.90092470,0.99706745,0.99706745,VERIFIED_NEAR_DUPLICATE
refined_05a2958e3f44c2e48d15,rec_0fea690bedbe86c2deb9,2,2,0,Potato healthy,PLDD-UP,direct representative match: dHash<=4 + pHash + geometry + ORB/RANSAC,0,0,2,2,0.94710327,0.94710327,0.99867021,0.99867021,VERIFIED_NEAR_DUPLICATE
refined_9478ac0d4cd086bf41ed,rec_0ffd1f005bd34ce04472,2,2,0,Potato healthy,PLDD-UP,direct representative match: dHash<=4 + pHash + geometry + ORB/RANSAC,0,0,0,0,0.99125000,0.99125000,1.00000000,1.00000000,VERIFIED_NEAR_DUPLICATE
refined_4ccf74ad5057e247dcb8,rec_1005207ebc1725c9ed3e,3,3,0,Potato Early blight | Potato Late blight,PLDD-UP,direct representative match: dHash<=4 + pHash + geometry + ORB/RANSAC,0,0,0,0,0.66666667,0.73180077,0.86781609,0.97382199,VERIFIED_LABEL_CONFLICT
refined_ac9bc9bea9559e993ef3,rec_1008cfb5b764336bb567,2,2,0,Corn healthy,Seasonal Corn Leaf Disease Dataset,direct representative match: dHash<=4 + pHash + geometry + ORB/RANSAC,1,1,0,0,0.90534979,0.90534979,0.99696970,0.99696970,VERIFIED_NEAR_DUPLICATE
refined_6e0464b16685d8fa1136,rec_101352c15288231fa85b,2,2,0,Potato Early blight,PLDD-UP,direct representative match: dHash<=4 + pHash + geometry + ORB/RANSAC,1,1,2,2,0.49933066,0.49933066,0.91420912,0.91420912,VERIFIED_NEAR_DUPLICATE
refined_59461e8b20541b473189,rec_1019c1e3b326a6a7f8a9,2,2,0,Corn healthy,Seasonal Corn Leaf Disease Dataset,direct representative match: dHash<=4 + pHash + geometry + ORB/RANSAC,0,0,0,0,0.94064516,0.94064516,0.99862826,0.99862826,VERIFIED_NEAR_DUPLICATE
refined_86ff924c38eebaebc585,rec_101e3a8fd8b060283854,3,3,0,Potato Early blight | Potato healthy,PLDD-UP,direct representative match: dHash<=4 + pHash + geometry + ORB/RANSAC,0,1,0,16,0.22500000,0.75750000,0.77777778,0.94884488,VERIFIED_LABEL_CONFLICT
refined_f7ac40bfc7790bf4f361,rec_1023ca9d7b59d5147ea8,2,2,0,Potato Late blight,PLDD-UP,direct representative match: dHash<=4 + pHash + geometry + ORB/RANSAC,4,4,4,4,0.57180157,0.57180157,0.82876712,0.82876712,VERIFIED_NEAR_DUPLICATE
refined_db62588d515cc73bac19,rec_102d563f5a8095f6f2cc,3,3,0,Potato Early blight,PLDD-UP,direct representative match: dHash<=4 + pHash + geometry + ORB/RANSAC,1,4,4,4,0.70261438,0.71241830,0.86976744,0.97706422,VERIFIED_NEAR_DUPLICATE
refined_bff46d015253a64cac2a,rec_103b5ee4b890801c1c86,2,2,0,Potato healthy,PLDD-UP,direct representative match: dHash<=4 + pHash + geometry + ORB/RANSAC,0,0,0,0,0.96250000,0.96250000,1.00000000,1.00000000,VERIFIED_NEAR_DUPLICATE
refined_ad777065ba24a8d6e9c2,rec_103f6a635c187e957f09,3,3,0,Potato Late blight,PLDD-UP,direct representative match: dHash<=4 + pHash + geometry + ORB/RANSAC,0,0,4,4,0.69948187,0.71329879,0.98024691,0.98789346,VERIFIED_NEAR_DUPLICATE
refined_45bf0ed1ca6e24ac9cc7,rec_10456f75509ad3c29084,2,2,0,Potato healthy,PLDD-UP,direct representative match: dHash<=4 + pHash + geometry + ORB/RANSAC,0,0,0,0,0.97250000,0.97250000,1.00000000,1.00000000,VERIFIED_NEAR_DUPLICATE
refined_2acf02b415982423a2f9,rec_104f8004ef94c114f00c,2,2,0,Corn healthy,Seasonal Corn Leaf Disease Dataset,direct representative match: dHash<=4 + pHash + geometry + ORB/RANSAC,0,0,2,2,0.91788079,0.91788079,0.99422799,0.99422799,VERIFIED_NEAR_DUPLICATE
refined_740aab28f11c2bb893a6,rec_106ab10ad997185b2390,2,2,0,Potato healthy,PLDD-UP,direct representative match: dHash<=4 + pHash + geometry + ORB/RANSAC,0,0,0,0,0.94566624,0.94566624,1.00000000,1.00000000,VERIFIED_NEAR_DUPLICATE
refined_f7b23ff838d03014716a,rec_107c13b1aba880916f28,2,2,0,Corn healthy,Seasonal Corn Leaf Disease Dataset,direct representative match: dHash<=4 + pHash + geometry + ORB/RANSAC,0,0,0,0,0.92134831,0.92134831,0.99542683,0.99542683,VERIFIED_NEAR_DUPLICATE
refined_0dfb1e57ab8d23c08f95,rec_1086e53267af6649315a,8,8,0,Potato healthy,PLDD-UP,direct representative match: dHash<=4 + pHash + geometry + ORB/RANSAC,0,4,0,2,0.69250000,0.81125000,0.86654804,0.99075501,VERIFIED_NEAR_DUPLICATE
refined_f737a531a2d0a4a65409,rec_10879fc77bcd55a4041d,3,3,0,Potato healthy,PLDD-UP,direct representative match: dHash<=4 + pHash + geometry + ORB/RANSAC,0,0,0,0,0.71541502,0.99737533,0.98342541,1.00000000,VERIFIED_NEAR_DUPLICATE
refined_f9ba1b2bc7d0210cb4ed,rec_10978fe103f859c667ce,2,2,0,Potato healthy,PLDD-UP,direct representative match: dHash<=4 + pHash + geometry + ORB/RANSAC,0,0,0,0,0.99500000,0.99500000,1.00000000,1.00000000,VERIFIED_NEAR_DUPLICATE
refined_59046e2e030cca333ce2,rec_10abb0617012ae33b24d,2,2,0,Potato Late blight | Tomato Early blight,PlantDoc,direct representative match: dHash<=4 + pHash + geometry + ORB/RANSAC,0,0,0,0,0.78625000,0.78625000,0.98569157,0.98569157,VERIFIED_LABEL_CONFLICT
refined_f5dc5a1440b2d710d3c1,rec_10b2f7ff7588b702bd5d,2,2,0,Potato Late blight,PLDD-UP,direct representative match: dHash<=4 + pHash + geometry + ORB/RANSAC,0,0,2,2,0.59163347,0.59163347,0.98653199,0.98653199,VERIFIED_NEAR_DUPLICATE
refined_b1097fa7877c59d98cb0,rec_10d0385a29d6a07695e2,2,2,0,Potato healthy,PLDD-UP,direct representative match: dHash<=4 + pHash + geometry + ORB/RANSAC,0,0,0,0,0.95875000,0.95875000,1.00000000,1.00000000,VERIFIED_NEAR_DUPLICATE
refined_c1eb9a3dad49c6fd2261,rec_10d1c6cb86857a340880,2,2,0,Potato healthy,PLDD-UP,direct representative match: dHash<=4 + pHash + geometry + ORB/RANSAC,0,0,0,0,0.95225464,0.95225464,1.00000000,1.00000000,VERIFIED_NEAR_DUPLICATE
refined_76da1dbec7a9fdef0710,rec_10d49c060ea7b625846b,2,2,0,Potato healthy,PLDD-UP,direct representative match: dHash<=4 + pHash + geometry + ORB/RANSAC,0,0,0,0,0.96010296,0.96010296,0.99865952,0.99865952,VERIFIED_NEAR_DUPLICATE
refined_f6927080f54bf629b68d,rec_10ddbc54f036e9581cd4,3,3,0,Corn Cercospora leaf spot,Seasonal Corn Leaf Disease Dataset,direct representative match: dHash<=4 + pHash + geometry + ORB/RANSAC,0,1,0,0,0.87989204,0.88259109,0.99693252,0.99847095,VERIFIED_NEAR_DUPLICATE
refined_cf09389a352235870720,rec_10f1a954f57acb8a5583,4,4,0,Potato healthy,PLDD-UP,direct representative match: dHash<=4 + pHash + geometry + ORB/RANSAC,0,0,0,2,0.59125000,0.94375000,0.85623679,0.99735099,VERIFIED_NEAR_DUPLICATE
refined_fb84818c0971c6e18ea4,rec_10f7bfa75b18c7a39a3a,2,2,0,Potato Late blight,PLDD-UP,direct representative match: dHash<=4 + pHash + geometry + ORB/RANSAC,3,3,4,4,0.56025641,0.56025641,0.96109840,0.96109840,VERIFIED_NEAR_DUPLICATE
refined_493311181ffa009e0356,rec_10fb0670286e7a113f98,2,2,0,Potato healthy,PLDD-UP,direct representative match: dHash<=4 + pHash + geometry + ORB/RANSAC,0,0,0,0,0.94750000,0.94750000,1.00000000,1.00000000,VERIFIED_NEAR_DUPLICATE
refined_a0c6ed24faba4bc689dc,rec_1100e5963e7f998cc3f1,2,2,0,Potato healthy,PLDD-UP,direct representative match: dHash<=4 + pHash + geometry + ORB/RANSAC,0,0,0,0,0.96375000,0.96375000,1.00000000,1.00000000,VERIFIED_NEAR_DUPLICATE
refined_d30b190f110bdf2187f4,rec_110104fd2c037c05cdcc,2,2,0,Potato healthy,PLDD-UP,direct representative match: dHash<=4 + pHash + geometry + ORB/RANSAC,0,0,0,0,0.93500000,0.93500000,0.99732620,0.99732620,VERIFIED_NEAR_DUPLICATE
refined_2b079059ac005fcd189a,rec_1104bca5b01cc3a10ac3,2,2,0,Potato Early blight,PLDD-UP,direct representative match: dHash<=4 + pHash + geometry + ORB/RANSAC,0,0,2,2,0.70395634,0.70395634,0.98837209,0.98837209,VERIFIED_NEAR_DUPLICATE
refined_bc15a507c019fbd122c4,rec_111cd2a3f241e8d1743c,2,2,0,Potato healthy,PLDD-UP,direct representative match: dHash<=4 + pHash + geometry + ORB/RANSAC,0,0,0,0,0.81303116,0.81303116,0.99825784,0.99825784,VERIFIED_NEAR_DUPLICATE
refined_49cb7a9f5fae964b4029,rec_1121899367e52ec18de9,3,3,0,Potato Late blight,PLDD-UP,direct representative match: dHash<=4 + pHash + geometry + ORB/RANSAC,0,0,2,4,0.55357143,0.59680284,0.81250000,0.86129032,VERIFIED_NEAR_DUPLICATE
refined_5e0f227fa2970bf2bc33,rec_11222d092bb3533d015f,2,2,0,Corn Cercospora leaf spot,Seasonal Corn Leaf Disease Dataset,direct representative match: dHash<=4 + pHash + geometry + ORB/RANSAC,1,1,0,0,0.88390501,0.88390501,0.99701493,0.99701493,VERIFIED_NEAR_DUPLICATE
refined_7074f44439526fe6b999,rec_11389adefd1a248a65d8,2,2,0,Potato healthy,PLDD-UP,direct representative match: dHash<=4 + pHash + geometry + ORB/RANSAC,0,0,0,0,0.95707071,0.95707071,1.00000000,1.00000000,VERIFIED_NEAR_DUPLICATE
refined_a557ba8f2c637269c24b,rec_1146c734b1f1ea384820,2,2,0,Corn healthy,Seasonal Corn Leaf Disease Dataset,direct representative match: dHash<=4 + pHash + geometry + ORB/RANSAC,0,0,0,0,0.93689986,0.93689986,0.99853587,0.99853587,VERIFIED_NEAR_DUPLICATE
refined_746fbfd65ea91a836236,rec_114f58bd4c1d967d6f42,2,2,0,Potato healthy,PLDD-UP,direct representative match: dHash<=4 + pHash + geometry + ORB/RANSAC,0,0,0,0,0.99875000,0.99875000,1.00000000,1.00000000,VERIFIED_NEAR_DUPLICATE
refined_d8fa2a422f6342dd0c76,rec_1165eec04a74cf408884,2,2,0,Potato Late blight,PLDD-UP,direct representative match: dHash<=4 + pHash + geometry + ORB/RANSAC,1,1,2,2,0.50875000,0.50875000,0.87469287,0.87469287,VERIFIED_NEAR_DUPLICATE
refined_92f4832500f84c7a6be2,rec_1179ced46f7e157cdb68,2,2,0,Potato healthy,PLDD-UP,direct representative match: dHash<=4 + pHash + geometry + ORB/RANSAC,0,0,0,0,0.95500000,0.95500000,1.00000000,1.00000000,VERIFIED_NEAR_DUPLICATE
refined_83efff8f9668382eb89d,rec_117e3f6869c9f633f2f3,2,2,0,Corn healthy,Seasonal Corn Leaf Disease Dataset,direct representative match: dHash<=4 + pHash + geometry + ORB/RANSAC,1,1,0,0,0.90142857,0.90142857,1.00000000,1.00000000,VERIFIED_NEAR_DUPLICATE
refined_4ed7ef9e4b86377282ba,rec_11912516bd00af8738ca,2,2,0,Corn Cercospora leaf spot,Seasonal Corn Leaf Disease Dataset,direct representative match: dHash<=4 + pHash + geometry + ORB/RANSAC,0,0,2,2,0.87586207,0.87586207,0.99685039,0.99685039,VERIFIED_NEAR_DUPLICATE
refined_1d104e443eec90424aa0,rec_119dcafab5f3061e8057,2,2,0,Potato healthy,PLDD-UP,direct representative match: dHash<=4 + pHash + geometry + ORB/RANSAC,0,0,2,2,0.80027739,0.80027739,0.98613518,0.98613518,VERIFIED_NEAR_DUPLICATE
refined_2ed3f4053654de26c00b,rec_11a5ef9954be3ac0c6dd,2,2,0,Potato healthy,PLDD-UP,direct representative match: dHash<=4 + pHash + geometry + ORB/RANSAC,0,0,0,0,0.95125000,0.95125000,1.00000000,1.00000000,VERIFIED_NEAR_DUPLICATE
refined_d97957fadd72779c3a9c,rec_11a94e69c4d507d64267,2,2,0,Potato healthy,PLDD-UP,direct representative match: dHash<=4 + pHash + geometry + ORB/RANSAC,0,0,0,0,0.96750000,0.96750000,0.99741602,0.99741602,VERIFIED_NEAR_DUPLICATE
refined_f26d69f9665bc07375fd,rec_11ac4e46bbb1f07a47a8,2,2,0,Corn healthy,Seasonal Corn Leaf Disease Dataset,direct representative match: dHash<=4 + pHash + geometry + ORB/RANSAC,0,0,0,0,0.91888112,0.91888112,1.00000000,1.00000000,VERIFIED_NEAR_DUPLICATE
refined_ed47916cdfe95135928a,rec_11ace858bbbe05785e74,2,2,0,Potato Late blight,PLDD-UP,direct representative match: dHash<=4 + pHash + geometry + ORB/RANSAC,3,3,2,2,0.63625000,0.63625000,0.97249509,0.97249509,VERIFIED_NEAR_DUPLICATE
refined_74a39439470d27c3f3e1,rec_11b151a6fff096de596c,2,2,0,Potato Late blight,Potato Leaf Disease Dataset,direct representative match: dHash<=4 + pHash + geometry + ORB/RANSAC,4,4,4,4,0.40625000,0.40625000,0.94769231,0.94769231,VERIFIED_NEAR_DUPLICATE
refined_540e055cb9f455058305,rec_11b39db5629bdf5248c2,3,3,0,Potato Early blight,PLDD-UP,direct representative match: dHash<=4 + pHash + geometry + ORB/RANSAC,3,4,4,4,0.59500000,0.59750000,0.76359833,0.78781513,VERIFIED_NEAR_DUPLICATE
refined_89cffbc1e95a21cb8b46,rec_11b6f9ff7a28d52e92cf,3,3,0,Potato Late blight,PLDD-UP,direct representative match: dHash<=4 + pHash + geometry + ORB/RANSAC,0,0,2,4,0.58777120,0.66974170,0.97796143,0.98322148,VERIFIED_NEAR_DUPLICATE
refined_4e5cc2c1058b64ace93d,rec_11bb44e399c822f339ab,2,2,0,Potato healthy,PLDD-UP,direct representative match: dHash<=4 + pHash + geometry + ORB/RANSAC,0,0,0,0,0.74258760,0.74258760,0.99455535,0.99455535,VERIFIED_NEAR_DUPLICATE
refined_ab56041e22ef2e880f7f,rec_11de3c887a860fd83c2b,2,2,0,Potato Early blight,PLDD-UP,direct representative match: dHash<=4 + pHash + geometry + ORB/RANSAC,2,2,4,4,0.36875000,0.36875000,0.84745763,0.84745763,VERIFIED_NEAR_DUPLICATE
refined_034408841187661281bb,rec_11e7d2a28b02287805d0,2,2,0,Potato healthy,PLDD-UP,direct representative match: dHash<=4 + pHash + geometry + ORB/RANSAC,0,0,0,0,0.72250000,0.72250000,0.98269896,0.98269896,VERIFIED_NEAR_DUPLICATE
refined_659fa653658142ecc92e,rec_11ff84f7db383c80818a,3,3,0,Potato healthy,PLDD-UP,direct representative match: dHash<=4 + pHash + geometry + ORB/RANSAC,0,0,0,0,0.95250000,0.95375000,0.99868766,1.00000000,VERIFIED_NEAR_DUPLICATE
refined_556a2e88cede05da9ec9,rec_12098cebbd9db6734bc0,2,2,0,Potato healthy,PLDD-UP,direct representative match: dHash<=4 + pHash + geometry + ORB/RANSAC,1,1,0,0,0.85875000,0.85875000,0.99417758,0.99417758,VERIFIED_NEAR_DUPLICATE
refined_25ababf641d5057b27b9,rec_1217625488f0af12c550,2,2,0,Corn healthy,Seasonal Corn Leaf Disease Dataset,direct representative match: dHash<=4 + pHash + geometry + ORB/RANSAC,0,0,0,0,0.93369418,0.93369418,0.99710145,0.99710145,VERIFIED_NEAR_DUPLICATE
refined_f3665196cc5c0a322f5b,rec_12193468dbb768197bbf,2,2,0,Corn healthy,Seasonal Corn Leaf Disease Dataset,direct representative match: dHash<=4 + pHash + geometry + ORB/RANSAC,1,1,0,0,0.90233236,0.90233236,0.99353796,0.99353796,VERIFIED_NEAR_DUPLICATE
refined_a97546eb00dfe907dc11,rec_1221083d600d831c7d38,2,2,0,Potato Early blight | Potato Late blight,PLDD-UP,direct representative match: dHash<=4 + pHash + geometry + ORB/RANSAC,3,3,10,10,0.22500000,0.22500000,0.76111111,0.76111111,VERIFIED_LABEL_CONFLICT
refined_8b942f33aa2cd43b8d87,rec_12215571e7aa952cc4c1,2,2,0,Potato Late blight,PLDD-UP,direct representative match: dHash<=4 + pHash + geometry + ORB/RANSAC,2,2,4,4,0.45939086,0.45939086,0.87845304,0.87845304,VERIFIED_NEAR_DUPLICATE
refined_fd8d8d2b3dd640817272,rec_122e0121b2b211981b95,2,2,0,Corn healthy,Seasonal Corn Leaf Disease Dataset,direct representative match: dHash<=4 + pHash + geometry + ORB/RANSAC,1,1,0,0,0.90858726,0.90858726,1.00000000,1.00000000,VERIFIED_NEAR_DUPLICATE
refined_15f0b9ef32c62ac1d3af,rec_12347d1411e4877b4e05,2,2,0,Corn Cercospora leaf spot,Seasonal Corn Leaf Disease Dataset,direct representative match: dHash<=4 + pHash + geometry + ORB/RANSAC,1,1,0,0,0.93350384,0.93350384,1.00000000,1.00000000,VERIFIED_NEAR_DUPLICATE
refined_134f85dd7e7d73ba8d3a,rec_123f9c70feeb2479efda,2,2,0,Corn healthy,Seasonal Corn Leaf Disease Dataset,direct representative match: dHash<=4 + pHash + geometry + ORB/RANSAC,0,0,0,0,0.89787234,0.89787234,1.00000000,1.00000000,VERIFIED_NEAR_DUPLICATE
refined_fb6538bfcede3ffdc3a2,rec_1246a6c879f528fe3f96,3,3,0,Potato Late blight,PLDD-UP,direct representative match: dHash<=4 + pHash + geometry + ORB/RANSAC,0,1,2,2,0.69764398,0.70680628,0.85553471,0.88333333,VERIFIED_NEAR_DUPLICATE
refined_a7d97b94967679b00ca6,rec_124e1fcfd275f7c88362,3,3,0,Potato Late blight,PLDD-UP,direct representative match: dHash<=4 + pHash + geometry + ORB/RANSAC,0,0,2,4,0.58778626,0.61089494,0.98051948,1.00000000,VERIFIED_NEAR_DUPLICATE
refined_8cbd022bf3eb01ebcdc4,rec_126b44ba1a996e803296,2,2,0,Potato healthy,PLDD-UP,direct representative match: dHash<=4 + pHash + geometry + ORB/RANSAC,0,0,0,0,0.80875000,0.80875000,0.99536321,0.99536321,VERIFIED_NEAR_DUPLICATE
refined_8fe63cba5dc7fd53e0e4,rec_126de24ae0b13d8b129a,2,2,0,Corn healthy,Seasonal Corn Leaf Disease Dataset,direct representative match: dHash<=4 + pHash + geometry + ORB/RANSAC,1,1,0,0,0.88934993,0.88934993,0.99688958,0.99688958,VERIFIED_NEAR_DUPLICATE
refined_085c35973fa5b25c5361,rec_127bcf5dfe2f1deeec85,2,2,0,Potato healthy,PLDD-UP,direct representative match: dHash<=4 + pHash + geometry + ORB/RANSAC,0,0,0,0,0.95500000,0.95500000,1.00000000,1.00000000,VERIFIED_NEAR_DUPLICATE
refined_b839f035c27ab3793a52,rec_1287cfc85fb0eaa98aa7,2,2,0,Corn healthy,Seasonal Corn Leaf Disease Dataset,direct representative match: dHash<=4 + pHash + geometry + ORB/RANSAC,2,2,0,0,0.87608069,0.87608069,0.99671053,0.99671053,VERIFIED_NEAR_DUPLICATE
refined_79d033621974b62bbf1a,rec_12a09805d0516b49e982,2,2,0,Corn Cercospora leaf spot,Seasonal Corn Leaf Disease Dataset,direct representative match: dHash<=4 + pHash + geometry + ORB/RANSAC,0,0,0,0,0.98241206,0.98241206,1.00000000,1.00000000,VERIFIED_NEAR_DUPLICATE
refined_0482d23269692def3615,rec_12a900f6f70ddbb969e1,4,4,0,Potato healthy,PLDD-UP,direct representative match: dHash<=4 + pHash + geometry + ORB/RANSAC,0,4,0,4,0.63750000,1.00000000,0.81764706,1.00000000,VERIFIED_NEAR_DUPLICATE
refined_63c0d37ff0046c3d6ce0,rec_12ac2f923d3ccbdc5beb,2,2,0,Potato Late blight,PLDD-UP,direct representative match: dHash<=4 + pHash + geometry + ORB/RANSAC,3,3,4,4,0.48869347,0.48869347,0.92544987,0.92544987,VERIFIED_NEAR_DUPLICATE
refined_efca3b19c902350823a7,rec_12ae16d3b7c2aadc8b55,3,3,0,Potato healthy,PLDD-UP,direct representative match: dHash<=4 + pHash + geometry + ORB/RANSAC,0,0,0,2,0.92875000,0.94750000,1.00000000,1.00000000,VERIFIED_NEAR_DUPLICATE
refined_f6ba1874cedc7c3daf55,rec_12ae9eb49e989312255a,2,2,0,Potato healthy,PLDD-UP,direct representative match: dHash<=4 + pHash + geometry + ORB/RANSAC,1,1,4,4,0.64467005,0.64467005,0.92519685,0.92519685,VERIFIED_NEAR_DUPLICATE
refined_7073cff50eee1c8738ad,rec_12b3dbd133a0a1010020,2,2,0,Potato healthy,PLDD-UP,direct representative match: dHash<=4 + pHash + geometry + ORB/RANSAC,0,0,0,0,0.99875000,0.99875000,1.00000000,1.00000000,VERIFIED_NEAR_DUPLICATE
refined_66feb00a76954f74498e,rec_12c34aee04132b2a957a,2,2,0,Potato healthy,PLDD-UP,direct representative match: dHash<=4 + pHash + geometry + ORB/RANSAC,0,0,0,0,0.92750000,0.92750000,0.99595687,0.99595687,VERIFIED_NEAR_DUPLICATE
refined_02e0aa7c747f9afe2ede,rec_12c82f9035d6c6b655ab,2,2,0,Corn healthy,Seasonal Corn Leaf Disease Dataset,direct representative match: dHash<=4 + pHash + geometry + ORB/RANSAC,1,1,2,2,0.92912371,0.92912371,0.99583911,0.99583911,VERIFIED_NEAR_DUPLICATE
refined_890694662fe7f2cfc095,rec_12d94004d1f698015975,3,3,0,Potato healthy,PLDD-UP,direct representative match: dHash<=4 + pHash + geometry + ORB/RANSAC,0,1,0,0,0.78800558,0.79213483,0.99823009,1.00000000,VERIFIED_NEAR_DUPLICATE
refined_6a9d4e08abe8baf92bbb,rec_12e080eef89df8ed1a21,2,2,0,Potato healthy,PLDD-UP,direct representative match: dHash<=4 + pHash + geometry + ORB/RANSAC,0,0,0,0,0.95875000,0.95875000,0.99869622,0.99869622,VERIFIED_NEAR_DUPLICATE
refined_427cb02cc2c99408b141,rec_12f72432ee4285890639,4,4,0,Potato healthy,PLDD-UP,direct representative match: dHash<=4 + pHash + geometry + ORB/RANSAC,0,0,0,4,0.39523212,0.95608532,0.93650794,1.00000000,VERIFIED_NEAR_DUPLICATE
refined_461f2f677169ebef7028,rec_12f9008204cc47b65916,2,2,0,Potato healthy,PLDD-UP,direct representative match: dHash<=4 + pHash + geometry + ORB/RANSAC,2,2,2,2,0.73437500,0.73437500,0.99806576,0.99806576,VERIFIED_NEAR_DUPLICATE
refined_d33db33e8317bb110be4,rec_12fa8ec3cd105dc567fc,2,2,0,Potato healthy,PLDD-UP,direct representative match: dHash<=4 + pHash + geometry + ORB/RANSAC,0,0,0,0,0.95750000,0.95750000,1.00000000,1.00000000,VERIFIED_NEAR_DUPLICATE
refined_2036f9ba05ef20f15b82,rec_13005a89c63e4de39af4,2,2,0,Potato healthy,PLDD-UP,direct representative match: dHash<=4 + pHash + geometry + ORB/RANSAC,0,0,2,2,0.74424552,0.74424552,0.93986254,0.93986254,VERIFIED_NEAR_DUPLICATE
refined_00eec2e5407fdde6fd18,rec_130d7142ff16a9d82b12,2,2,0,Potato Late blight,PLDD-UP,direct representative match: dHash<=4 + pHash + geometry + ORB/RANSAC,0,0,0,0,0.86232791,0.86232791,0.98984035,0.98984035,VERIFIED_NEAR_DUPLICATE
refined_49b9ae99945dddf181a0,rec_1310d2c83a95fd871c70,2,2,0,Potato Late blight,PLDD-UP,direct representative match: dHash<=4 + pHash + geometry + ORB/RANSAC,0,0,2,2,0.74345550,0.74345550,0.97887324,0.97887324,VERIFIED_NEAR_DUPLICATE
refined_02731d4ac25b0467e80a,rec_131541337e6a9fb14cb1,2,2,0,Corn healthy,Seasonal Corn Leaf Disease Dataset,direct representative match: dHash<=4 + pHash + geometry + ORB/RANSAC,1,1,0,0,0.92517007,0.92517007,1.00000000,1.00000000,VERIFIED_NEAR_DUPLICATE
refined_9e5e85714f4185cf8c0e,rec_131669fd7590c3335704,2,2,0,Potato Early blight,PLDD-UP,direct representative match: dHash<=4 + pHash + geometry + ORB/RANSAC,1,1,4,4,0.45764855,0.45764855,0.95580110,0.95580110,VERIFIED_NEAR_DUPLICATE
refined_ca2816e8f93020433520,rec_13248228af8ee83619d8,2,2,0,Potato Early blight,PLDD-UP,direct representative match: dHash<=4 + pHash + geometry + ORB/RANSAC,0,0,4,4,0.66478873,0.66478873,0.97881356,0.97881356,VERIFIED_NEAR_DUPLICATE
refined_f1faf11c7115f46f9182,rec_132c4091a6285971b63f,2,2,0,Potato Late blight,PLDD-UP,direct representative match: dHash<=4 + pHash + geometry + ORB/RANSAC,2,2,4,4,0.61997406,0.61997406,0.84728033,0.84728033,VERIFIED_NEAR_DUPLICATE
refined_50543390dae153ae10c9,rec_133033141bae157f7e42,5,5,0,Potato Late blight,PLDD-UP,direct representative match: dHash<=4 + pHash + geometry + ORB/RANSAC,1,4,0,4,0.67254038,0.71595900,0.89052632,0.97341513,VERIFIED_NEAR_DUPLICATE
refined_ef83f48f3cfe949aaf85,rec_1337cc863b05cb0a8126,2,2,0,Potato healthy,PLDD-UP,direct representative match: dHash<=4 + pHash + geometry + ORB/RANSAC,0,0,0,0,0.95232120,0.95232120,0.99604743,0.99604743,VERIFIED_NEAR_DUPLICATE
refined_8c14586e3fcb947c4983,rec_1350daea9b09894c80d8,2,2,0,Corn healthy,Seasonal Corn Leaf Disease Dataset,direct representative match: dHash<=4 + pHash + geometry + ORB/RANSAC,0,0,0,0,0.93213828,0.93213828,1.00000000,1.00000000,VERIFIED_NEAR_DUPLICATE
refined_59fe7fab0fdbf069d25b,rec_13587d4baa81ab38debd,2,2,0,Potato healthy,PLDD-UP,direct representative match: dHash<=4 + pHash + geometry + ORB/RANSAC,0,0,0,0,0.96125000,0.96125000,0.99739922,0.99739922,VERIFIED_NEAR_DUPLICATE
refined_862703ed25b46f524056,rec_135e7a3c970d5908439e,2,2,0,Potato healthy,PLDD-UP,direct representative match: dHash<=4 + pHash + geometry + ORB/RANSAC,0,0,0,0,0.78230337,0.78230337,0.99820467,0.99820467,VERIFIED_NEAR_DUPLICATE
refined_7b78bbd3464b79994674,rec_1374531a4a344bb24d2b,3,3,0,Potato Late blight,PLDD-UP,direct representative match: dHash<=4 + pHash + geometry + ORB/RANSAC,3,4,2,2,0.59825328,0.61215630,0.92198582,0.99026764,VERIFIED_NEAR_DUPLICATE
refined_638ed3d4ec1e24948d9f,rec_137eab1a687df24177ab,2,2,0,Corn healthy,Seasonal Corn Leaf Disease Dataset,direct representative match: dHash<=4 + pHash + geometry + ORB/RANSAC,0,0,0,0,0.91869919,0.91869919,0.99705015,0.99705015,VERIFIED_NEAR_DUPLICATE
refined_6411323dede5939d9f1a,rec_13816e82e091e4203ee9,2,2,0,Corn healthy,Seasonal Corn Leaf Disease Dataset,direct representative match: dHash<=4 + pHash + geometry + ORB/RANSAC,1,1,0,0,0.92231405,0.92231405,0.99462366,0.99462366,VERIFIED_NEAR_DUPLICATE
refined_473c97b97e4dc0693e4a,rec_1384b8a187a30eb09cb2,2,2,0,Corn healthy,Seasonal Corn Leaf Disease Dataset,direct representative match: dHash<=4 + pHash + geometry + ORB/RANSAC,0,0,0,0,0.90275762,0.90275762,0.99356913,0.99356913,VERIFIED_NEAR_DUPLICATE
refined_fccee536924504bf3194,rec_138a9fe843297c6604f4,2,2,0,Potato healthy,PLDD-UP,direct representative match: dHash<=4 + pHash + geometry + ORB/RANSAC,0,0,0,0,0.99104859,0.99104859,0.99870968,0.99870968,VERIFIED_NEAR_DUPLICATE
refined_cb1a2f094313ee31a287,rec_1392c4a462361ec2ac46,4,4,0,Potato healthy,PLDD-UP,direct representative match: dHash<=4 + pHash + geometry + ORB/RANSAC,0,0,0,2,0.40276035,0.97239649,0.85981308,1.00000000,VERIFIED_NEAR_DUPLICATE
refined_97225a002112d5d6a45f,rec_13b30f3bf2938ee8ceba,2,2,0,Potato Late blight,PLDD-UP,direct representative match: dHash<=4 + pHash + geometry + ORB/RANSAC,1,1,2,2,0.71625000,0.71625000,0.96509599,0.96509599,VERIFIED_NEAR_DUPLICATE
refined_f1c128de7c199b0acfdc,rec_13c16f064259d65c5c5f,4,4,0,Potato healthy,PLDD-UP,direct representative match: dHash<=4 + pHash + geometry + ORB/RANSAC,0,0,0,2,0.37766625,0.97114178,0.88372093,0.99870801,VERIFIED_NEAR_DUPLICATE
refined_b3c1f2deb5f4bc410a20,rec_13cd07b0ffdd28a18784,4,4,0,Potato healthy,PLDD-UP,direct representative match: dHash<=4 + pHash + geometry + ORB/RANSAC,0,1,0,2,0.52125000,0.96125000,0.90167866,1.00000000,VERIFIED_NEAR_DUPLICATE
refined_ee702161b591c1036002,rec_13fa7be40b7b125b98da,2,2,0,Potato Early blight,PLDD-UP,direct representative match: dHash<=4 + pHash + geometry + ORB/RANSAC,3,3,4,4,0.56875000,0.56875000,0.85054945,0.85054945,VERIFIED_NEAR_DUPLICATE
refined_558e7e53604cb0225ef0,rec_1414ff7187652899463f,2,2,0,Potato healthy,PLDD-UP,direct representative match: dHash<=4 + pHash + geometry + ORB/RANSAC,1,1,0,0,0.75000000,0.75000000,0.99000000,0.99000000,VERIFIED_NEAR_DUPLICATE
refined_43f5194898450d26ca04,rec_14187835b44905f3851d,3,3,0,Potato healthy,PLDD-UP,direct representative match: dHash<=4 + pHash + geometry + ORB/RANSAC,0,0,0,0,0.94125000,0.95000000,0.99601594,0.99868421,VERIFIED_NEAR_DUPLICATE
refined_c42b8ffd0aaf4c48e778,rec_1427efdd22e52c26c129,2,2,0,Potato healthy,PLDD-UP,direct representative match: dHash<=4 + pHash + geometry + ORB/RANSAC,0,0,0,0,0.99625000,0.99625000,1.00000000,1.00000000,VERIFIED_NEAR_DUPLICATE
refined_e4586948ba93a2e7463d,rec_143a50737e0a82c00aaa,2,2,0,Potato Early blight,PLDD-UP,direct representative match: dHash<=4 + pHash + geometry + ORB/RANSAC,3,3,2,2,0.62267658,0.62267658,0.98805970,0.98805970,VERIFIED_NEAR_DUPLICATE
refined_cdb82320a6808cb080c7,rec_14513bd2bdd0a6adfb56,2,2,0,Corn Cercospora leaf spot,Seasonal Corn Leaf Disease Dataset,direct representative match: dHash<=4 + pHash + geometry + ORB/RANSAC,0,0,0,0,0.97439181,0.97439181,0.99868594,0.99868594,VERIFIED_NEAR_DUPLICATE
refined_263e8b0d55a161e9eee7,rec_145b55411100cd98a143,2,2,0,Potato healthy,PLDD-UP,direct representative match: dHash<=4 + pHash + geometry + ORB/RANSAC,0,0,0,0,0.95625000,0.95625000,0.99738562,0.99738562,VERIFIED_NEAR_DUPLICATE
refined_178835d18fcd53717ae5,rec_1460730d8c7cd110a9d6,2,2,0,Corn healthy,Seasonal Corn Leaf Disease Dataset,direct representative match: dHash<=4 + pHash + geometry + ORB/RANSAC,0,0,0,0,0.93798450,0.93798450,0.99862259,0.99862259,VERIFIED_NEAR_DUPLICATE
refined_ca508d81a4c8877397c5,rec_147817764ef5278150cf,2,2,0,Potato Early blight | Potato Late blight,PLDD-UP,direct representative match: dHash<=4 + pHash + geometry + ORB/RANSAC,4,4,2,2,0.42875000,0.42875000,0.79591837,0.79591837,VERIFIED_LABEL_CONFLICT
refined_8bd52848a8c6f812270d,rec_148c6b032364f2956702,2,2,0,Potato healthy,PLDD-UP,direct representative match: dHash<=4 + pHash + geometry + ORB/RANSAC,0,0,0,0,0.78551913,0.78551913,0.99652174,0.99652174,VERIFIED_NEAR_DUPLICATE
refined_c6e85d955916744577d3,rec_1495e4c460a416269400,2,2,0,Corn healthy,Seasonal Corn Leaf Disease Dataset,direct representative match: dHash<=4 + pHash + geometry + ORB/RANSAC,0,0,0,0,0.92772668,0.92772668,0.99716714,0.99716714,VERIFIED_NEAR_DUPLICATE
refined_418ebdb2e5e19858abfc,rec_1498ef7251beedb362f9,2,2,0,Corn Cercospora leaf spot,Seasonal Corn Leaf Disease Dataset,direct representative match: dHash<=4 + pHash + geometry + ORB/RANSAC,0,0,0,0,0.83248082,0.83248082,0.99692780,0.99692780,VERIFIED_NEAR_DUPLICATE
refined_a0f22fa96bd0c4d51880,rec_149dedb63ec0b834acc0,2,2,0,Potato healthy,PLDD-UP,direct representative match: dHash<=4 + pHash + geometry + ORB/RANSAC,0,0,0,0,0.99750000,0.99750000,1.00000000,1.00000000,VERIFIED_NEAR_DUPLICATE
refined_46892e3579d2ec699f5a,rec_14a15ec0e8c8d8c6be82,2,2,0,Potato healthy,PLDD-UP,direct representative match: dHash<=4 + pHash + geometry + ORB/RANSAC,0,0,0,0,0.78750000,0.78750000,0.98730159,0.98730159,VERIFIED_NEAR_DUPLICATE
refined_4a542013d75419df48c4,rec_14b7d70740dc30b44107,2,2,0,Potato healthy,PLDD-UP,direct representative match: dHash<=4 + pHash + geometry + ORB/RANSAC,0,0,0,0,0.95375000,0.95375000,0.99606815,0.99606815,VERIFIED_NEAR_DUPLICATE
refined_20e74fb60a73d29f323e,rec_14c01ff43135ecafc32b,2,2,0,Potato healthy,PLDD-UP,direct representative match: dHash<=4 + pHash + geometry + ORB/RANSAC,3,3,0,0,0.80654339,0.80654339,0.99647266,0.99647266,VERIFIED_NEAR_DUPLICATE
refined_eae3cb564348fd5e90b9,rec_14c1442736a8ee07f394,3,3,0,Potato Late blight,PLDD-UP,direct representative match: dHash<=4 + pHash + geometry + ORB/RANSAC,1,1,0,4,0.55375000,0.59125000,0.88036117,0.90274841,VERIFIED_NEAR_DUPLICATE
refined_13db7341f0253724ad06,rec_14c51cf294bf74adfd25,3,3,0,Potato healthy,PLDD-UP,direct representative match: dHash<=4 + pHash + geometry + ORB/RANSAC,0,0,0,2,0.70209974,0.99606299,0.99813084,1.00000000,VERIFIED_NEAR_DUPLICATE
refined_041802a7e2c36f9cb851,rec_14c98a390b5365f37a20,2,2,0,Potato healthy,PLDD-UP,direct representative match: dHash<=4 + pHash + geometry + ORB/RANSAC,0,0,0,0,0.76750000,0.76750000,0.99185668,0.99185668,VERIFIED_NEAR_DUPLICATE
refined_f9c128515a55797ed2ab,rec_14cb783f84fa10df8cd3,2,2,0,Potato healthy,PLDD-UP,direct representative match: dHash<=4 + pHash + geometry + ORB/RANSAC,0,0,0,0,0.96125000,0.96125000,1.00000000,1.00000000,VERIFIED_NEAR_DUPLICATE
refined_c1b342c071e57e2fc95c,rec_14cf2870436618c24e19,2,2,0,Potato Early blight,PLDD-UP,direct representative match: dHash<=4 + pHash + geometry + ORB/RANSAC,4,4,4,4,0.57500000,0.57500000,0.89782609,0.89782609,VERIFIED_NEAR_DUPLICATE
refined_e04f12b46f62d9d9aa31,rec_14d80daaba4f63a5790e,6,6,0,Potato healthy,PLDD-UP,direct representative match: dHash<=4 + pHash + geometry + ORB/RANSAC,1,4,0,2,0.70875000,0.81250000,0.95414462,0.99076923,VERIFIED_NEAR_DUPLICATE
refined_70d881b8eb23adaff30a,rec_14f0dab721feb15a0c28,2,2,0,Potato healthy,PLDD-UP,direct representative match: dHash<=4 + pHash + geometry + ORB/RANSAC,0,0,4,4,0.65222930,0.65222930,0.93945312,0.93945312,VERIFIED_NEAR_DUPLICATE
refined_5c4879239d32627fc0fa,rec_150f3b852756cf2cc285,2,2,0,Potato Early blight,PLDD-UP,direct representative match: dHash<=4 + pHash + geometry + ORB/RANSAC,1,1,4,4,0.72500000,0.72500000,0.82241379,0.82241379,VERIFIED_NEAR_DUPLICATE
refined_1c73db4af416fb84d8eb,rec_15186a552be629f0a43a,2,2,0,Potato healthy,PLDD-UP,direct representative match: dHash<=4 + pHash + geometry + ORB/RANSAC,0,0,0,0,0.78125000,0.78125000,0.99040000,0.99040000,VERIFIED_NEAR_DUPLICATE
refined_a38a2882f54c510c44b1,rec_151c98ddd4442553444f,2,2,0,Corn healthy,Seasonal Corn Leaf Disease Dataset,direct representative match: dHash<=4 + pHash + geometry + ORB/RANSAC,0,0,0,0,0.91286307,0.91286307,1.00000000,1.00000000,VERIFIED_NEAR_DUPLICATE
refined_11d1c51621b39575aa6d,rec_1524d9f9ae5709f8054e,4,4,0,Potato healthy,PLDD-UP,direct representative match: dHash<=4 + pHash + geometry + ORB/RANSAC,0,2,2,4,0.68983269,0.72200772,0.97147950,0.98553345,VERIFIED_NEAR_DUPLICATE
refined_191bbf18bd5dfcde5d4f,rec_153d2c8e52c225756b12,2,2,0,Potato healthy,PLDD-UP,direct representative match: dHash<=4 + pHash + geometry + ORB/RANSAC,0,0,0,0,0.80875000,0.80875000,0.98608964,0.98608964,VERIFIED_NEAR_DUPLICATE
refined_a73bd5e611e6e8f5550f,rec_15403319466a466ab625,2,2,0,Potato healthy,PLDD-UP,direct representative match: dHash<=4 + pHash + geometry + ORB/RANSAC,0,0,0,0,0.98750000,0.98750000,1.00000000,1.00000000,VERIFIED_NEAR_DUPLICATE
refined_0129e58af52904dee8b6,rec_154fc82fbabe30c3769a,2,2,0,Potato healthy,PLDD-UP,direct representative match: dHash<=4 + pHash + geometry + ORB/RANSAC,0,0,0,0,0.95750000,0.95750000,0.99869452,0.99869452,VERIFIED_NEAR_DUPLICATE
refined_8c8269e909f7cc7d4a73,rec_156384fd00eb8e61cc34,2,2,0,Potato healthy,PLDD-UP,direct representative match: dHash<=4 + pHash + geometry + ORB/RANSAC,0,0,0,0,0.96125000,0.96125000,0.99869961,0.99869961,VERIFIED_NEAR_DUPLICATE
refined_5937178a1fb20df1534c,rec_1584f8573ca77279c6e8,2,2,0,Potato healthy,PLDD-UP,direct representative match: dHash<=4 + pHash + geometry + ORB/RANSAC,0,0,2,2,0.74250000,0.74250000,0.97811448,0.97811448,VERIFIED_NEAR_DUPLICATE
refined_132a76246fa3bf330e2e,rec_158881bc6bfd495fc763,2,2,0,Potato healthy,PLDD-UP,direct representative match: dHash<=4 + pHash + geometry + ORB/RANSAC,0,0,0,0,0.95875000,0.95875000,0.99608866,0.99608866,VERIFIED_NEAR_DUPLICATE
refined_90e55eea1d74f5fd3e75,rec_15abc01b5a0abf8aff77,2,2,0,Corn healthy,Seasonal Corn Leaf Disease Dataset,direct representative match: dHash<=4 + pHash + geometry + ORB/RANSAC,0,0,0,0,0.94694960,0.94694960,0.99719888,0.99719888,VERIFIED_NEAR_DUPLICATE
refined_af11182ec0e055c788f2,rec_15aee505fd5071e8486c,3,3,0,Potato Late blight,PLDD-UP,direct representative match: dHash<=4 + pHash + geometry + ORB/RANSAC,3,4,4,4,0.62250000,0.66000000,0.79356061,0.80120482,VERIFIED_NEAR_DUPLICATE
refined_462af71dba9c82e7fef8,rec_15d11fcf63fa8a160991,3,3,0,Potato Early blight,PLDD-UP,direct representative match: dHash<=4 + pHash + geometry + ORB/RANSAC,0,0,0,4,0.60486891,0.65613383,0.94736842,0.98583569,VERIFIED_NEAR_DUPLICATE
refined_67862aadcbeea21cf88b,rec_15d286f8fd774336134d,2,2,0,Corn healthy,Seasonal Corn Leaf Disease Dataset,direct representative match: dHash<=4 + pHash + geometry + ORB/RANSAC,0,0,0,0,0.88614801,0.88614801,1.00000000,1.00000000,VERIFIED_NEAR_DUPLICATE
refined_d5193dc3ee5c2c57b8ce,rec_15d5a36265a9ca37bd14,2,2,0,Potato Late blight,PLDD-UP,direct representative match: dHash<=4 + pHash + geometry + ORB/RANSAC,2,2,4,4,0.61250000,0.61250000,0.87142857,0.87142857,VERIFIED_NEAR_DUPLICATE
refined_f733b5d51c5cf044cdeb,rec_15ec715b84057c3e76d1,2,2,0,Potato healthy,PLDD-UP,direct representative match: dHash<=4 + pHash + geometry + ORB/RANSAC,0,0,0,0,0.99125000,0.99125000,1.00000000,1.00000000,VERIFIED_NEAR_DUPLICATE
refined_c15e0542d39196cd0d8c,rec_15fb4c409babb050bd73,4,4,0,Potato healthy,PLDD-UP,direct representative match: dHash<=4 + pHash + geometry + ORB/RANSAC,0,1,0,2,0.54000000,0.95750000,0.87804878,0.99738903,VERIFIED_NEAR_DUPLICATE
refined_92212d4246d8a8c694e4,rec_16075bea81381702582b,2,2,0,Potato healthy,PLDD-UP,direct representative match: dHash<=4 + pHash + geometry + ORB/RANSAC,0,0,0,0,0.94875000,0.94875000,1.00000000,1.00000000,VERIFIED_NEAR_DUPLICATE
refined_b7ed30fb0b7b9f99de6e,rec_161904ec5b2e98f10891,2,2,0,Potato Early blight,PLDD-UP,direct representative match: dHash<=4 + pHash + geometry + ORB/RANSAC,4,4,4,4,0.41624365,0.41624365,0.77439024,0.77439024,VERIFIED_NEAR_DUPLICATE
refined_6b5507e85c00d6d390fb,rec_161c7480635f528c5680,4,4,0,Potato healthy,PLDD-UP,direct representative match: dHash<=4 + pHash + geometry + ORB/RANSAC,0,2,0,2,0.72924649,0.74584930,0.87740806,0.98972603,VERIFIED_NEAR_DUPLICATE
refined_9ec998601aecef7757f6,rec_162db82e17401caaf0ae,2,2,0,Potato Late blight,PLDD-UP,direct representative match: dHash<=4 + pHash + geometry + ORB/RANSAC,0,0,2,2,0.71080670,0.71080670,0.90578158,0.90578158,VERIFIED_NEAR_DUPLICATE
refined_e5e24bc53afc6bf6010e,rec_16412865a454bb02104d,2,2,0,Potato healthy,PLDD-UP,direct representative match: dHash<=4 + pHash + geometry + ORB/RANSAC,0,0,0,0,0.94625000,0.94625000,1.00000000,1.00000000,VERIFIED_NEAR_DUPLICATE
refined_a64c90cf018785e30884,rec_1642675419b4a30d1140,2,2,0,Potato healthy,PLDD-UP,direct representative match: dHash<=4 + pHash + geometry + ORB/RANSAC,0,0,0,0,0.81250000,0.81250000,0.96769231,0.96769231,VERIFIED_NEAR_DUPLICATE
refined_360818b22d86c75fb7d7,rec_165644e5b33c1656a91b,2,2,0,Potato Late blight,PLDD-UP,direct representative match: dHash<=4 + pHash + geometry + ORB/RANSAC,2,2,4,4,0.71153846,0.71153846,0.99639640,0.99639640,VERIFIED_NEAR_DUPLICATE
refined_6b16077d57a4075ecf83,rec_166e8c29678676cb9d41,2,2,0,Potato healthy,PLDD-UP,direct representative match: dHash<=4 + pHash + geometry + ORB/RANSAC,0,0,0,0,0.99750000,0.99750000,1.00000000,1.00000000,VERIFIED_NEAR_DUPLICATE
refined_872d0cb16ad0664fcb21,rec_1670aeec42ea804507f0,2,2,0,Corn healthy,Seasonal Corn Leaf Disease Dataset,direct representative match: dHash<=4 + pHash + geometry + ORB/RANSAC,1,1,0,0,0.92627346,0.92627346,0.99855282,0.99855282,VERIFIED_NEAR_DUPLICATE
refined_6ef1cc6505604f8da093,rec_167c52eba04cf06fdcb0,2,2,0,Potato Late blight,PLDD-UP,direct representative match: dHash<=4 + pHash + geometry + ORB/RANSAC,3,3,0,0,0.26355612,0.26355612,0.70334928,0.70334928,VERIFIED_NEAR_DUPLICATE
refined_2692d35b0a67116aa12e,rec_167ca4338ff3172a7bdf,5,5,0,Potato healthy,PLDD-UP,direct representative match: dHash<=4 + pHash + geometry + ORB/RANSAC,1,4,2,2,0.52525253,0.64303797,0.88539326,0.94291339,VERIFIED_NEAR_DUPLICATE
refined_1cf145ff566663af9443,rec_169ba558cad2a927d0c1,2,2,0,Potato healthy,PLDD-UP,direct representative match: dHash<=4 + pHash + geometry + ORB/RANSAC,0,0,0,0,0.95250000,0.95250000,0.99737533,0.99737533,VERIFIED_NEAR_DUPLICATE
refined_747e0035d68c275df5b6,rec_16a5ba4d635a629f4d2d,2,2,0,Potato healthy,PLDD-UP,direct representative match: dHash<=4 + pHash + geometry + ORB/RANSAC,0,0,0,0,0.96875000,0.96875000,0.99741935,0.99741935,VERIFIED_NEAR_DUPLICATE
refined_8fa3899ef46229d92de7,rec_16a8953347d7cbc398f6,2,2,0,Potato healthy,PLDD-UP,direct representative match: dHash<=4 + pHash + geometry + ORB/RANSAC,0,0,0,0,0.94500000,0.94500000,1.00000000,1.00000000,VERIFIED_NEAR_DUPLICATE
refined_009e41f3b5d4979d6bfb,rec_16b1c37019b5880cd2e9,4,4,0,Potato healthy,PLDD-UP,direct representative match: dHash<=4 + pHash + geometry + ORB/RANSAC,0,1,0,2,0.25573192,0.96153846,0.88965517,1.00000000,VERIFIED_NEAR_DUPLICATE
refined_9c2ff775a6f05827c98b,rec_16c3e34e309af70f5b4d,2,2,0,Potato Late blight,PLDD-UP,direct representative match: dHash<=4 + pHash + geometry + ORB/RANSAC,0,0,0,0,0.65365025,0.65365025,0.85714286,0.85714286,VERIFIED_NEAR_DUPLICATE
refined_c707bd0ce4597d521662,rec_16cb12441684599d0f12,2,2,0,Corn healthy,Seasonal Corn Leaf Disease Dataset,direct representative match: dHash<=4 + pHash + geometry + ORB/RANSAC,0,0,0,0,0.91567852,0.91567852,0.99568345,0.99568345,VERIFIED_NEAR_DUPLICATE
refined_cc2cf904da4271f5928c,rec_16ce2832d6d02942a4bf,2,2,0,Potato healthy,PLDD-UP,direct representative match: dHash<=4 + pHash + geometry + ORB/RANSAC,0,0,2,2,0.71775417,0.71775417,0.99365751,0.99365751,VERIFIED_NEAR_DUPLICATE
refined_250382903887a9838909,rec_16d3fa1881752ea60e01,4,4,0,Potato healthy,PLDD-UP,direct representative match: dHash<=4 + pHash + geometry + ORB/RANSAC,0,4,0,4,0.64500000,0.99875000,0.90697674,1.00000000,VERIFIED_NEAR_DUPLICATE
refined_f10de2b6d7d6da5351a3,rec_16e052b4654ae2e52a41,2,2,0,Corn healthy,Seasonal Corn Leaf Disease Dataset,direct representative match: dHash<=4 + pHash + geometry + ORB/RANSAC,0,0,0,0,0.92751678,0.92751678,0.99710564,0.99710564,VERIFIED_NEAR_DUPLICATE
refined_32cddf58189b7f674330,rec_16f607198dc83244496b,3,3,0,Potato healthy,PLDD-UP,direct representative match: dHash<=4 + pHash + geometry + ORB/RANSAC,0,0,0,0,0.95750000,0.96750000,0.99869452,0.99870801,VERIFIED_NEAR_DUPLICATE
refined_da75901649627174a477,rec_16f694b96d07ba7ee774,2,2,0,Corn healthy,Seasonal Corn Leaf Disease Dataset,direct representative match: dHash<=4 + pHash + geometry + ORB/RANSAC,1,1,0,0,0.92088197,0.92088197,1.00000000,1.00000000,VERIFIED_NEAR_DUPLICATE
refined_dcb13afaed7e5f3360c5,rec_16f76d3a8d0c5844403f,2,2,0,Potato Early blight,PLDD-UP,direct representative match: dHash<=4 + pHash + geometry + ORB/RANSAC,3,3,4,4,0.59750000,0.59750000,0.91213389,0.91213389,VERIFIED_NEAR_DUPLICATE
refined_0e132d345a95f1fc6d4a,rec_16fac39c21d08c70307e,2,2,0,Potato healthy,PLDD-UP,direct representative match: dHash<=4 + pHash + geometry + ORB/RANSAC,0,0,0,0,0.75000000,0.75000000,0.99333333,0.99333333,VERIFIED_NEAR_DUPLICATE
refined_61ad9c96805302f55d10,rec_16fd64fec8d43da1f675,3,3,0,Potato Late blight,PLDD-UP,direct representative match: dHash<=4 + pHash + geometry + ORB/RANSAC,0,1,2,4,0.69502618,0.71073298,0.73634652,0.96316759,VERIFIED_NEAR_DUPLICATE
refined_c42ce8da20f6e252535b,rec_170514d16808a05f5b5e,2,2,0,Potato Late blight,PLDD-UP,direct representative match: dHash<=4 + pHash + geometry + ORB/RANSAC,1,1,2,2,0.62000000,0.62000000,0.84274194,0.84274194,VERIFIED_NEAR_DUPLICATE
refined_a5e685a239a83bb40f9a,rec_17184956bde427d18f53,3,3,0,Potato healthy,PLDD-UP,direct representative match: dHash<=4 + pHash + geometry + ORB/RANSAC,0,0,0,0,0.93625000,0.94875000,0.99866489,1.00000000,VERIFIED_NEAR_DUPLICATE
refined_57417f368dbda7392c14,rec_1723e41cf8af74282d28,2,2,0,Potato healthy,PLDD-UP,direct representative match: dHash<=4 + pHash + geometry + ORB/RANSAC,1,1,0,0,0.97750000,0.97750000,1.00000000,1.00000000,VERIFIED_NEAR_DUPLICATE
refined_ffd54adfe93ac79e58eb,rec_173395b485bab2f24c9c,2,2,0,Corn healthy,Seasonal Corn Leaf Disease Dataset,direct representative match: dHash<=4 + pHash + geometry + ORB/RANSAC,0,0,0,0,0.91902314,0.91902314,0.99720280,0.99720280,VERIFIED_NEAR_DUPLICATE
refined_17cfd0e59b0052bc2d1d,rec_1740405f54d12173ae39,2,2,0,Potato healthy,PLDD-UP,direct representative match: dHash<=4 + pHash + geometry + ORB/RANSAC,0,0,0,0,0.99620733,0.99620733,1.00000000,1.00000000,VERIFIED_NEAR_DUPLICATE
refined_21a6207976ee745111f4,rec_175f4a97cb529639fa55,2,2,0,Corn healthy,Seasonal Corn Leaf Disease Dataset,direct representative match: dHash<=4 + pHash + geometry + ORB/RANSAC,0,0,0,0,0.93427835,0.93427835,1.00000000,1.00000000,VERIFIED_NEAR_DUPLICATE
refined_89db4eeb2ad34518da5c,rec_176e621dec170870446a,2,2,0,Potato healthy,PLDD-UP,direct representative match: dHash<=4 + pHash + geometry + ORB/RANSAC,0,0,0,0,0.95875000,0.95875000,0.99869622,0.99869622,VERIFIED_NEAR_DUPLICATE
refined_f229d12006bf0d7e4b0e,rec_177f6d8d7c3b71dff380,2,2,0,Potato Early blight,PLDD-UP,direct representative match: dHash<=4 + pHash + geometry + ORB/RANSAC,2,2,0,0,0.46125000,0.46125000,0.78861789,0.78861789,VERIFIED_NEAR_DUPLICATE
refined_77869cae90895c64b34a,rec_1782af02d17354ef0c1b,3,3,0,Potato Late blight,PLDD-UP,direct representative match: dHash<=4 + pHash + geometry + ORB/RANSAC,0,0,4,4,0.66588785,0.71261682,0.80327869,0.84210526,VERIFIED_NEAR_DUPLICATE
refined_317272eec6148db29a69,rec_1786905a551194684268,2,2,0,Potato healthy,PLDD-UP,direct representative match: dHash<=4 + pHash + geometry + ORB/RANSAC,0,0,0,0,0.78750000,0.78750000,0.98412698,0.98412698,VERIFIED_NEAR_DUPLICATE
refined_5652f833dab26425489b,rec_17895d042831f9309ce8,2,2,0,Potato Late blight,PLDD-UP,direct representative match: dHash<=4 + pHash + geometry + ORB/RANSAC,0,0,2,2,0.67164179,0.67164179,0.92222222,0.92222222,VERIFIED_NEAR_DUPLICATE
refined_19441bec04a554937e6c,rec_17963e662258770cce89,2,2,0,Potato Early blight | Potato Late blight,PLDD-UP,direct representative match: dHash<=4 + pHash + geometry + ORB/RANSAC,1,1,12,12,0.52030457,0.52030457,0.96097561,0.96097561,VERIFIED_LABEL_CONFLICT
refined_bf8c95e8ef4cfb6114b0,rec_17aa4cf3028a3ae38aca,2,2,0,Potato healthy,PLDD-UP,direct representative match: dHash<=4 + pHash + geometry + ORB/RANSAC,0,0,0,0,0.99375000,0.99375000,1.00000000,1.00000000,VERIFIED_NEAR_DUPLICATE
refined_7e4924ae33f1e1be7ef5,rec_17b462fa9c31af6377b2,2,2,0,Potato healthy,PLDD-UP,direct representative match: dHash<=4 + pHash + geometry + ORB/RANSAC,0,0,0,0,0.91633466,0.91633466,0.99565217,0.99565217,VERIFIED_NEAR_DUPLICATE
refined_ddaf768629a92b1dfc7d,rec_17b674d06374cbba17d9,2,2,0,Potato healthy,PLDD-UP,direct representative match: dHash<=4 + pHash + geometry + ORB/RANSAC,0,0,0,0,0.78125000,0.78125000,0.98880000,0.98880000,VERIFIED_NEAR_DUPLICATE
refined_b4528e641c597482d9c9,rec_17ccf0f3a393addb2cbe,2,2,0,Potato healthy,PLDD-UP,direct representative match: dHash<=4 + pHash + geometry + ORB/RANSAC,0,0,0,0,0.99472296,0.99472296,1.00000000,1.00000000,VERIFIED_NEAR_DUPLICATE
refined_dc9e79837993bd4e7c5d,rec_17d3a38567375e764c46,2,2,0,Potato healthy,PLDD-UP,direct representative match: dHash<=4 + pHash + geometry + ORB/RANSAC,0,0,0,0,0.92750000,0.92750000,1.00000000,1.00000000,VERIFIED_NEAR_DUPLICATE
refined_321592853bc4558e9b4d,rec_17e798bbf2acc57ddd1f,2,2,0,Potato healthy,PLDD-UP,direct representative match: dHash<=4 + pHash + geometry + ORB/RANSAC,0,0,0,0,0.95375000,0.95375000,1.00000000,1.00000000,VERIFIED_NEAR_DUPLICATE
refined_8b8ed260fbfe18e896e5,rec_17f38c32ba68d7616bc9,2,2,0,Potato healthy,PLDD-UP,direct representative match: dHash<=4 + pHash + geometry + ORB/RANSAC,0,0,0,0,0.99875000,0.99875000,1.00000000,1.00000000,VERIFIED_NEAR_DUPLICATE
refined_d5ec9c68583021d0a7ee,rec_17fbce1a7c55d83d3b52,2,2,0,Potato healthy,PLDD-UP,direct representative match: dHash<=4 + pHash + geometry + ORB/RANSAC,0,0,0,0,0.94915254,0.94915254,0.99725275,0.99725275,VERIFIED_NEAR_DUPLICATE
refined_7db853300177ebca09c9,rec_1860312b575d1322ea17,2,2,0,Potato Late blight,PLDD-UP,direct representative match: dHash<=4 + pHash + geometry + ORB/RANSAC,0,0,4,4,0.67450980,0.67450980,0.96220930,0.96220930,VERIFIED_NEAR_DUPLICATE
refined_4a2269c13aa87102b26c,rec_18635851ae4a5f6d810e,2,2,0,Potato Early blight,PLDD-UP,direct representative match: dHash<=4 + pHash + geometry + ORB/RANSAC,0,0,2,2,0.52125000,0.52125000,0.91366906,0.91366906,VERIFIED_NEAR_DUPLICATE
refined_d1b2ec2e61afeed48295,rec_1871086798b3e4ec60d2,2,2,0,Corn healthy,Seasonal Corn Leaf Disease Dataset,direct representative match: dHash<=4 + pHash + geometry + ORB/RANSAC,2,2,0,0,0.92133333,0.92133333,0.99710564,0.99710564,VERIFIED_NEAR_DUPLICATE
refined_369ae57e1ebc9a5b3366,rec_187459998b612eaa7429,2,2,0,Potato healthy,PLDD-UP,direct representative match: dHash<=4 + pHash + geometry + ORB/RANSAC,0,0,0,0,0.99625000,0.99625000,1.00000000,1.00000000,VERIFIED_NEAR_DUPLICATE
refined_ed80b32a5bd9046388a9,rec_187ff218fb6e89bf3cbc,2,2,0,Potato Early blight,PLDD-UP,direct representative match: dHash<=4 + pHash + geometry + ORB/RANSAC,0,0,4,4,0.64854614,0.64854614,0.93762183,0.93762183,VERIFIED_NEAR_DUPLICATE
refined_a673ae0497bfad274750,rec_189a6a39d21995b7d9e8,2,2,0,Potato healthy,PLDD-UP,direct representative match: dHash<=4 + pHash + geometry + ORB/RANSAC,0,0,0,0,0.95125000,0.95125000,0.99868594,0.99868594,VERIFIED_NEAR_DUPLICATE
refined_d10f8dbf393794d8e4ca,rec_189f52ad23af985f0e74,2,2,0,Potato healthy,PLDD-UP,direct representative match: dHash<=4 + pHash + geometry + ORB/RANSAC,0,0,0,0,0.99838449,0.99838449,1.00000000,1.00000000,VERIFIED_NEAR_DUPLICATE
refined_df535452f1c00a6c6aef,rec_18a69a8989fc7e72daaa,2,2,0,Potato Late blight,PLDD-UP,direct representative match: dHash<=4 + pHash + geometry + ORB/RANSAC,2,2,0,0,0.59375000,0.59375000,0.73263158,0.73263158,VERIFIED_NEAR_DUPLICATE
refined_7cd79a6bf4a0d1979cbf,rec_18c3824ed3fca9340695,2,2,0,Potato healthy,PLDD-UP,direct representative match: dHash<=4 + pHash + geometry + ORB/RANSAC,0,0,0,0,0.96500000,0.96500000,0.99870466,0.99870466,VERIFIED_NEAR_DUPLICATE
refined_10cd65be302ef716c2fb,rec_18c816a806aa8b7a84e1,4,4,0,Potato healthy,PLDD-UP,direct representative match: dHash<=4 + pHash + geometry + ORB/RANSAC,0,3,0,2,0.69625000,0.95125000,0.94316163,1.00000000,VERIFIED_NEAR_DUPLICATE
refined_5f7ca580c77e178abb64,rec_18c8ddcad9e799cbfb3b,2,2,0,Potato Early blight,PLDD-UP,direct representative match: dHash<=4 + pHash + geometry + ORB/RANSAC,2,2,4,4,0.52813299,0.52813299,0.87167070,0.87167070,VERIFIED_NEAR_DUPLICATE
refined_02ee40d8c175824b3aa1,rec_18d1648177790cf4df5e,2,2,0,Potato healthy,PLDD-UP,direct representative match: dHash<=4 + pHash + geometry + ORB/RANSAC,0,0,0,0,0.94375000,0.94375000,1.00000000,1.00000000,VERIFIED_NEAR_DUPLICATE
refined_413cf2d04434d4c60383,rec_18e6ed833380517cc0d3,2,2,0,Potato healthy,PLDD-UP,direct representative match: dHash<=4 + pHash + geometry + ORB/RANSAC,0,0,0,0,0.95375000,0.95375000,1.00000000,1.00000000,VERIFIED_NEAR_DUPLICATE
refined_6b8d59ffd0d66a23c12c,rec_18f26734e7dfd01095e3,2,2,0,Potato Late blight,PLDD-UP,direct representative match: dHash<=4 + pHash + geometry + ORB/RANSAC,0,0,0,0,0.86625000,0.86625000,0.99422799,0.99422799,VERIFIED_NEAR_DUPLICATE
refined_3aa2854997a3cac1b641,rec_190f935fc501826649af,2,2,0,Corn healthy,Seasonal Corn Leaf Disease Dataset,direct representative match: dHash<=4 + pHash + geometry + ORB/RANSAC,2,2,0,0,0.91527778,0.91527778,0.99544765,0.99544765,VERIFIED_NEAR_DUPLICATE
refined_7d678dc583fbc726a11b,rec_191f638a27c991b9c797,2,2,0,Corn healthy,Seasonal Corn Leaf Disease Dataset,direct representative match: dHash<=4 + pHash + geometry + ORB/RANSAC,1,1,0,0,0.90820584,0.90820584,1.00000000,1.00000000,VERIFIED_NEAR_DUPLICATE
refined_694df8a61d7313da9d1a,rec_1924781632b7f67bdbc8,2,2,0,Potato Early blight,PLDD-UP,direct representative match: dHash<=4 + pHash + geometry + ORB/RANSAC,0,0,4,4,0.28618421,0.28618421,0.78735632,0.78735632,VERIFIED_NEAR_DUPLICATE
refined_461cceabb03e68ca6476,rec_1944ff2a49f59ac29bfa,2,2,0,Potato healthy,PLDD-UP,direct representative match: dHash<=4 + pHash + geometry + ORB/RANSAC,0,0,0,0,0.96500000,0.96500000,1.00000000,1.00000000,VERIFIED_NEAR_DUPLICATE
refined_3a4d2ce00e49c7112778,rec_194fd13c39473f39e5f1,2,2,0,Potato Late blight,PLDD-UP,direct representative match: dHash<=4 + pHash + geometry + ORB/RANSAC,3,3,2,2,0.44250000,0.44250000,0.79943503,0.79943503,VERIFIED_NEAR_DUPLICATE
refined_b9deabfacd1eabc2b176,rec_19517d94f463e661cf00,2,2,0,Potato Early blight | Potato Late blight,PLDD-UP,direct representative match: dHash<=4 + pHash + geometry + ORB/RANSAC,4,4,8,8,0.44000000,0.44000000,0.84943182,0.84943182,VERIFIED_LABEL_CONFLICT
refined_56464385e21d1b34aa4f,rec_1965bb9fdc1652c1252d,2,2,0,Potato healthy,PLDD-UP,direct representative match: dHash<=4 + pHash + geometry + ORB/RANSAC,0,0,0,0,0.96625000,0.96625000,0.99870634,0.99870634,VERIFIED_NEAR_DUPLICATE
refined_5bf1c64c17b7544beca5,rec_1968e8f7547a85251144,3,3,0,Potato Early blight,PLDD-UP,direct representative match: dHash<=4 + pHash + geometry + ORB/RANSAC,0,0,4,4,0.55290611,0.72131148,0.97520661,0.97574124,VERIFIED_NEAR_DUPLICATE
refined_d8e55278c784b59e21de,rec_19761d16c0a2145da159,2,2,0,Potato healthy,PLDD-UP,direct representative match: dHash<=4 + pHash + geometry + ORB/RANSAC,0,0,0,0,0.96375000,0.96375000,0.99870298,0.99870298,VERIFIED_NEAR_DUPLICATE
refined_986052ee2c0c3d429a28,rec_197f9323cba7f488eb8f,2,2,0,Potato healthy,PLDD-UP,direct representative match: dHash<=4 + pHash + geometry + ORB/RANSAC,0,0,0,0,0.96137931,0.96137931,0.99856528,0.99856528,VERIFIED_NEAR_DUPLICATE
refined_0aed6db8ddaa39b2a18c,rec_19826e88c1370fa11448,2,2,0,Potato Late blight,PLDD-UP,direct representative match: dHash<=4 + pHash + geometry + ORB/RANSAC,3,3,4,4,0.71000000,0.71000000,0.97359155,0.97359155,VERIFIED_NEAR_DUPLICATE
refined_065259be8ab74c7d67f7,rec_19acb8df8a82cf6374c4,2,2,0,Corn Cercospora leaf spot,Seasonal Corn Leaf Disease Dataset,direct representative match: dHash<=4 + pHash + geometry + ORB/RANSAC,0,0,0,0,0.99109415,0.99109415,0.99871630,0.99871630,VERIFIED_NEAR_DUPLICATE
refined_17d61cc0643a14592222,rec_19ae69131c6a4c581a93,2,2,0,Potato healthy,PLDD-UP,direct representative match: dHash<=4 + pHash + geometry + ORB/RANSAC,0,0,0,0,0.95875000,0.95875000,1.00000000,1.00000000,VERIFIED_NEAR_DUPLICATE
refined_08cce0e6d69577ad9aba,rec_19b9ff1a1bc4132261df,2,2,0,Corn healthy,Seasonal Corn Leaf Disease Dataset,direct representative match: dHash<=4 + pHash + geometry + ORB/RANSAC,1,1,0,0,0.90620690,0.90620690,0.98934551,0.98934551,VERIFIED_NEAR_DUPLICATE
refined_7e42e917f721259fe7c3,rec_19c5d9f02b2f5d2f5534,2,2,0,Potato healthy,PLDD-UP,direct representative match: dHash<=4 + pHash + geometry + ORB/RANSAC,0,0,0,0,0.95375000,0.95375000,1.00000000,1.00000000,VERIFIED_NEAR_DUPLICATE
refined_7b89646a58f93bfde653,rec_19c7cfb2d4821ae0afe8,2,2,0,Potato healthy,PLDD-UP,direct representative match: dHash<=4 + pHash + geometry + ORB/RANSAC,0,0,0,0,0.76633166,0.76633166,0.99180328,0.99180328,VERIFIED_NEAR_DUPLICATE
refined_a681e8b862596b55d522,rec_19ccce82fff6fc80a115,2,2,0,Potato Late blight,PLDD-UP,direct representative match: dHash<=4 + pHash + geometry + ORB/RANSAC,0,0,0,0,0.68372093,0.68372093,0.98299320,0.98299320,VERIFIED_NEAR_DUPLICATE
refined_aab79acb3304b4e45a97,rec_19d20f9f4c5a4fb624ec,2,2,0,Potato healthy,PLDD-UP,direct representative match: dHash<=4 + pHash + geometry + ORB/RANSAC,0,0,0,0,0.99375000,0.99375000,1.00000000,1.00000000,VERIFIED_NEAR_DUPLICATE
refined_f1dcb9ed77aaf00cf221,rec_19df6aace2cb48f3ba25,3,3,0,Potato Early blight,PLDD-UP,direct representative match: dHash<=4 + pHash + geometry + ORB/RANSAC,0,1,2,4,0.55500000,0.61625000,0.92342342,0.95131846,VERIFIED_NEAR_DUPLICATE
refined_e20f8087567bbeb59078,rec_19e2bcbf00e84e0efa46,2,2,0,Potato healthy,PLDD-UP,direct representative match: dHash<=4 + pHash + geometry + ORB/RANSAC,0,0,0,0,0.80500000,0.80500000,0.99378882,0.99378882,VERIFIED_NEAR_DUPLICATE
refined_a946faa8fdaaacb0ba44,rec_19f1c7859610623df354,6,6,0,Potato healthy,PLDD-UP,direct representative match: dHash<=4 + pHash + geometry + ORB/RANSAC,0,4,0,4,0.69375000,0.95750000,0.96396396,1.00000000,VERIFIED_NEAR_DUPLICATE
refined_b89c69f859e9a1c0a489,rec_1a0c154f33c21835985c,2,2,0,Potato healthy,PLDD-UP,direct representative match: dHash<=4 + pHash + geometry + ORB/RANSAC,1,1,0,0,0.77500000,0.77500000,0.94838710,0.94838710,VERIFIED_NEAR_DUPLICATE
refined_109fcc68acb3a23fddaf,rec_1a0d24e28062860d4b40,2,2,0,Corn Cercospora leaf spot,Seasonal Corn Leaf Disease Dataset,direct representative match: dHash<=4 + pHash + geometry + ORB/RANSAC,0,0,0,0,0.86979167,0.86979167,0.99550898,0.99550898,VERIFIED_NEAR_DUPLICATE
refined_7323b97ebee7b0b2b770,rec_1a1943838ba9dc59a9f2,2,2,0,Corn healthy,Seasonal Corn Leaf Disease Dataset,direct representative match: dHash<=4 + pHash + geometry + ORB/RANSAC,0,0,0,0,0.90109890,0.90109890,0.99542683,0.99542683,VERIFIED_NEAR_DUPLICATE
refined_4beb1e81261670b95342,rec_1a4f4e3b0d8189f79303,2,2,0,Potato healthy,PLDD-UP,direct representative match: dHash<=4 + pHash + geometry + ORB/RANSAC,0,0,0,0,0.83357041,0.83357041,0.99317406,0.99317406,VERIFIED_NEAR_DUPLICATE
refined_242e8424471b84e82cc6,rec_1a51edb3c13049f2af15,2,2,0,Potato healthy,PLDD-UP,direct representative match: dHash<=4 + pHash + geometry + ORB/RANSAC,0,0,0,0,0.96500000,0.96500000,0.99611399,0.99611399,VERIFIED_NEAR_DUPLICATE
refined_2713d49922373480c4a6,rec_1a7b8a3dc7f3d0a9d197,2,2,0,Potato Late blight,PLDD-UP,direct representative match: dHash<=4 + pHash + geometry + ORB/RANSAC,1,1,2,2,0.63570392,0.63570392,0.97031963,0.97031963,VERIFIED_NEAR_DUPLICATE
refined_de2271e876b238962641,rec_1a84d893a2b64c4838a0,2,2,0,Potato Late blight,PLDD-UP,direct representative match: dHash<=4 + pHash + geometry + ORB/RANSAC,0,0,2,2,0.60375000,0.60375000,0.88612836,0.88612836,VERIFIED_NEAR_DUPLICATE
refined_02ae303fa3a7274dc8ef,rec_1a8677e094b96f2cca14,2,2,0,Corn healthy,Seasonal Corn Leaf Disease Dataset,direct representative match: dHash<=4 + pHash + geometry + ORB/RANSAC,0,0,0,0,0.91776799,0.91776799,0.99840000,0.99840000,VERIFIED_NEAR_DUPLICATE
refined_9d46408b1c666b2880df,rec_1a9f8657b3edc05d9bd6,2,2,0,Potato Late blight,PLDD-UP,direct representative match: dHash<=4 + pHash + geometry + ORB/RANSAC,0,0,0,0,0.86875000,0.86875000,0.99136691,0.99136691,VERIFIED_NEAR_DUPLICATE
refined_5f4c56707cb45fceada9,rec_1ab408c809787f786758,4,4,0,Potato Early blight,PLDD-UP,direct representative match: dHash<=4 + pHash + geometry + ORB/RANSAC,1,4,2,4,0.41625000,0.65000000,0.82582583,0.90576923,VERIFIED_NEAR_DUPLICATE
refined_e86ba7b1df7de035006b,rec_1ace46ad66b649024467,2,2,0,Potato Early blight,PLDD-UP,direct representative match: dHash<=4 + pHash + geometry + ORB/RANSAC,2,2,2,2,0.67659574,0.67659574,0.98951782,0.98951782,VERIFIED_NEAR_DUPLICATE
refined_4bae8e79364fab1f5dff,rec_1afbd14e567bbfed4c27,2,2,0,Potato Late blight,PLDD-UP,direct representative match: dHash<=4 + pHash + geometry + ORB/RANSAC,0,0,2,2,0.64825581,0.64825581,0.93497758,0.93497758,VERIFIED_NEAR_DUPLICATE
refined_66301201e15afb32be6e,rec_1b014d028b37d1833f43,2,2,0,Potato healthy,PLDD-UP,direct representative match: dHash<=4 + pHash + geometry + ORB/RANSAC,0,0,0,0,0.95328283,0.95328283,0.99867550,0.99867550,VERIFIED_NEAR_DUPLICATE
refined_3bb990142ee8c3766441,rec_1b1f02e875fb153860e2,2,2,0,Tomato Bacterial spot | Tomato Septoria leaf spot,PlantDoc,direct representative match: dHash<=4 + pHash + geometry + ORB/RANSAC,1,1,0,0,0.41000000,0.41000000,0.81707317,0.81707317,VERIFIED_LABEL_CONFLICT
refined_67e9361e27576e984adc,rec_1b2a9e589f8051cfa99a,3,3,0,Potato Late blight,PLDD-UP,direct representative match: dHash<=4 + pHash + geometry + ORB/RANSAC,0,0,0,2,0.69283276,0.72354949,0.97405660,0.99014778,VERIFIED_NEAR_DUPLICATE
refined_ea043cb68b89488bb2a3,rec_1b3c787c5656b9f3495d,2,2,0,Potato Late blight,PLDD-UP,direct representative match: dHash<=4 + pHash + geometry + ORB/RANSAC,2,2,2,2,0.60250000,0.60250000,0.94190871,0.94190871,VERIFIED_NEAR_DUPLICATE
refined_f865e53947f61fe52224,rec_1b3c94d07350f8b8fff8,2,2,0,Potato healthy,PLDD-UP,direct representative match: dHash<=4 + pHash + geometry + ORB/RANSAC,2,2,2,2,0.76416337,0.76416337,0.96034483,0.96034483,VERIFIED_NEAR_DUPLICATE
refined_375260643a210a6cdac4,rec_1b441e46518cf813e171,2,2,0,Potato healthy,PLDD-UP,direct representative match: dHash<=4 + pHash + geometry + ORB/RANSAC,4,4,4,4,0.67750000,0.67750000,0.97416974,0.97416974,VERIFIED_NEAR_DUPLICATE
refined_d8295857f199c4e912f0,rec_1b5530a0d0a24ed3991d,2,2,0,Potato Early blight | Potato Late blight,PLDD-UP,direct representative match: dHash<=4 + pHash + geometry + ORB/RANSAC,1,1,6,6,0.59445844,0.59445844,0.98728814,0.98728814,VERIFIED_LABEL_CONFLICT
refined_f6b1954ddfe5792e0ebc,rec_1b5e4b8a2ab8d9d07133,2,2,0,Potato Early blight,PLDD-UP,direct representative match: dHash<=4 + pHash + geometry + ORB/RANSAC,0,0,2,2,0.36625000,0.36625000,0.86689420,0.86689420,VERIFIED_NEAR_DUPLICATE
refined_53c59d88a5ca41c4134f,rec_1b66fe4e4b796de0d1e0,2,2,0,Potato healthy,PLDD-UP,direct representative match: dHash<=4 + pHash + geometry + ORB/RANSAC,0,0,0,0,0.96464646,0.96464646,1.00000000,1.00000000,VERIFIED_NEAR_DUPLICATE
refined_1c5ed061e8f3590ad2a8,rec_1b726167f194f3936c34,2,2,0,Potato healthy,PLDD-UP,direct representative match: dHash<=4 + pHash + geometry + ORB/RANSAC,0,0,0,0,0.94625000,0.94625000,0.99867900,0.99867900,VERIFIED_NEAR_DUPLICATE
refined_6b40e7593b19c507ce7a,rec_1b79e56df9d9f58a490e,2,2,0,Potato Early blight,PLDD-UP,direct representative match: dHash<=4 + pHash + geometry + ORB/RANSAC,3,3,4,4,0.66099476,0.66099476,0.95445545,0.95445545,VERIFIED_NEAR_DUPLICATE
refined_798c2442e0b471b832f2,rec_1b7a9f2c4813e4551704,2,2,0,Potato healthy,PLDD-UP,direct representative match: dHash<=4 + pHash + geometry + ORB/RANSAC,0,0,0,0,0.95171537,0.95171537,1.00000000,1.00000000,VERIFIED_NEAR_DUPLICATE
refined_a86acd4d969e632cc99b,rec_1b7ab0e9932dd86a01f9,2,2,0,Potato healthy,PLDD-UP,direct representative match: dHash<=4 + pHash + geometry + ORB/RANSAC,0,0,0,0,0.96875000,0.96875000,1.00000000,1.00000000,VERIFIED_NEAR_DUPLICATE
refined_ae27e528e79e8daec69d,rec_1b7e2b20b79c7604c91c,2,2,0,Potato healthy,PLDD-UP,direct representative match: dHash<=4 + pHash + geometry + ORB/RANSAC,0,0,0,0,0.90589711,0.90589711,0.99861496,0.99861496,VERIFIED_NEAR_DUPLICATE
refined_af56ae42b5064aa373ac,rec_1b92e6d044580aa812dd,3,3,0,Potato Late blight,PLDD-UP,direct representative match: dHash<=4 + pHash + geometry + ORB/RANSAC,3,3,0,4,0.42375000,0.66625000,0.69043152,0.92920354,VERIFIED_NEAR_DUPLICATE
refined_ce9ed7c274e9d8eaa79b,rec_1b9818ac8cd7ddbd2994,2,2,0,Potato Late blight,PLDD-UP,direct representative match: dHash<=4 + pHash + geometry + ORB/RANSAC,4,4,4,4,0.71500000,0.71500000,0.78321678,0.78321678,VERIFIED_NEAR_DUPLICATE
refined_df47d6d251cacf8c4a58,rec_1b9da16543e351c68412,2,2,0,Potato healthy,PLDD-UP,direct representative match: dHash<=4 + pHash + geometry + ORB/RANSAC,0,0,0,0,0.95875000,0.95875000,0.99739244,0.99739244,VERIFIED_NEAR_DUPLICATE
refined_92b43ce1ad7b3f69a73c,rec_1ba6eb58bdc48b5c335c,2,2,0,Potato Late blight,PLDD-UP,direct representative match: dHash<=4 + pHash + geometry + ORB/RANSAC,0,0,4,4,0.64252336,0.64252336,0.98181818,0.98181818,VERIFIED_NEAR_DUPLICATE
refined_0fdfa8508a1e018cf61c,rec_1ba8457522541391e34b,2,2,0,Potato healthy,PLDD-UP,direct representative match: dHash<=4 + pHash + geometry + ORB/RANSAC,0,0,0,0,0.81500000,0.81500000,0.99539877,0.99539877,VERIFIED_NEAR_DUPLICATE
refined_0b673977bdfb97b968d1,rec_1bac8332cf1d85167ddc,3,3,0,Potato Early blight | Potato Late blight,PLDD-UP,direct representative match: dHash<=4 + pHash + geometry + ORB/RANSAC,3,4,4,8,0.60171306,0.69593148,0.95692308,0.97508897,VERIFIED_LABEL_CONFLICT
refined_46c30d3b149cb4be3aee,rec_1bb088110cfecfae7fe3,2,2,0,Potato Early blight,PLDD-UP,direct representative match: dHash<=4 + pHash + geometry + ORB/RANSAC,0,0,2,2,0.68481013,0.68481013,0.90942699,0.90942699,VERIFIED_NEAR_DUPLICATE
refined_56a10d5d55ee81fc3c95,rec_1bb18119fe7616851339,2,2,0,Potato healthy,PLDD-UP,direct representative match: dHash<=4 + pHash + geometry + ORB/RANSAC,1,1,0,0,0.79250000,0.79250000,0.99053628,0.99053628,VERIFIED_NEAR_DUPLICATE
refined_47dccbe5a8b4d2aec2bc,rec_1bb358b9bde911ba04a4,2,2,0,Potato healthy,PLDD-UP,direct representative match: dHash<=4 + pHash + geometry + ORB/RANSAC,0,0,2,2,0.68406593,0.68406593,0.99196787,0.99196787,VERIFIED_NEAR_DUPLICATE
refined_0f3ebcc769049dfa66ff,rec_1bb82d9a7179d3ff7bc2,2,2,0,Potato healthy,PLDD-UP,direct representative match: dHash<=4 + pHash + geometry + ORB/RANSAC,0,0,0,0,0.96125000,0.96125000,0.99739922,0.99739922,VERIFIED_NEAR_DUPLICATE
refined_bf804a9a3b6d865435fa,rec_1be4d60c74192b880680,2,2,0,Potato healthy,PLDD-UP,direct representative match: dHash<=4 + pHash + geometry + ORB/RANSAC,0,0,0,0,0.95875000,0.95875000,1.00000000,1.00000000,VERIFIED_NEAR_DUPLICATE
refined_5a037e17d5717014e9b6,rec_1bfa67c5a2dfad156cb6,4,4,0,Potato healthy,PLDD-UP,direct representative match: dHash<=4 + pHash + geometry + ORB/RANSAC,0,3,0,4,0.64750000,0.99625000,0.79807692,1.00000000,VERIFIED_NEAR_DUPLICATE
refined_12b5178a45332e303d0c,rec_1c07e7e38ec959569297,2,2,0,Potato Early blight,PLDD-UP,direct representative match: dHash<=4 + pHash + geometry + ORB/RANSAC,0,0,4,4,0.53250000,0.53250000,0.91549296,0.91549296,VERIFIED_NEAR_DUPLICATE
refined_fb091e80579dcae30d69,rec_1c17ce5f105e484d317f,2,2,0,Potato Early blight,PLDD-UP,direct representative match: dHash<=4 + pHash + geometry + ORB/RANSAC,1,1,4,4,0.46075949,0.46075949,0.87087912,0.87087912,VERIFIED_NEAR_DUPLICATE
refined_a79cff811e133aba88e6,rec_1c1b03f1a0d513ccab63,2,2,0,Potato healthy,PLDD-UP,direct representative match: dHash<=4 + pHash + geometry + ORB/RANSAC,0,0,0,0,0.95425667,0.95425667,1.00000000,1.00000000,VERIFIED_NEAR_DUPLICATE
refined_e3fbe14e24f770a5bb37,rec_1c20925f204f99fd0524,2,2,0,Corn healthy,Seasonal Corn Leaf Disease Dataset,direct representative match: dHash<=4 + pHash + geometry + ORB/RANSAC,1,1,0,0,0.93051771,0.93051771,1.00000000,1.00000000,VERIFIED_NEAR_DUPLICATE
refined_16318aaca2e2879f0b79,rec_1c3a826385563ebbc42f,3,3,0,Corn Cercospora leaf spot | Corn healthy,Seasonal Corn Leaf Disease Dataset,direct representative match: dHash<=4 + pHash + geometry + ORB/RANSAC,0,0,0,0,0.81654676,0.85886403,0.99118943,0.99398798,VERIFIED_LABEL_CONFLICT
refined_56a67125a61b858db3d3,rec_1c4e8fa1b4240c7cd689,2,2,0,Corn healthy,Seasonal Corn Leaf Disease Dataset,direct representative match: dHash<=4 + pHash + geometry + ORB/RANSAC,1,1,0,0,0.93097345,0.93097345,0.99809886,0.99809886,VERIFIED_NEAR_DUPLICATE
refined_088b6cedbf645464982f,rec_1c5844ae7dbbd0e6b1ae,2,2,0,Potato healthy,PLDD-UP,direct representative match: dHash<=4 + pHash + geometry + ORB/RANSAC,0,0,0,0,0.95804196,0.95804196,0.99635036,0.99635036,VERIFIED_NEAR_DUPLICATE
refined_af12b081040a5896f25c,rec_1c7b60cb5d8dac2e7d32,3,3,0,Potato Early blight | Potato healthy,PLDD-UP,direct representative match: dHash<=4 + pHash + geometry + ORB/RANSAC,0,0,0,0,0.95875000,0.96000000,0.99739244,0.99739583,VERIFIED_LABEL_CONFLICT
refined_4df71d5ccc07f63b6e92,rec_1c870b5cfd0bb30812c1,2,2,0,Potato healthy,PLDD-UP,direct representative match: dHash<=4 + pHash + geometry + ORB/RANSAC,0,0,0,0,0.99500000,0.99500000,1.00000000,1.00000000,VERIFIED_NEAR_DUPLICATE
refined_25c5c6e971b20a2e37b1,rec_1c9eec7572a0754eaeff,2,2,0,Corn healthy,Seasonal Corn Leaf Disease Dataset,direct representative match: dHash<=4 + pHash + geometry + ORB/RANSAC,2,2,0,0,0.88418079,0.88418079,0.99840256,0.99840256,VERIFIED_NEAR_DUPLICATE
refined_72146a8aea1214ffd8ca,rec_1ca69300beeaa96ae77a,2,2,0,Potato healthy,PLDD-UP,direct representative match: dHash<=4 + pHash + geometry + ORB/RANSAC,0,0,0,0,0.95625000,0.95625000,0.99869281,0.99869281,VERIFIED_NEAR_DUPLICATE
refined_d663c77be8a7c2763106,rec_1ca87dd004541d8764a0,2,2,0,Potato healthy,PLDD-UP,direct representative match: dHash<=4 + pHash + geometry + ORB/RANSAC,0,0,0,0,0.93625000,0.93625000,0.99332443,0.99332443,VERIFIED_NEAR_DUPLICATE
refined_a2f4176d3bd86f0dae84,rec_1cad4e8bc2e923c699b6,3,3,0,Potato healthy,PLDD-UP,direct representative match: dHash<=4 + pHash + geometry + ORB/RANSAC,0,0,0,0,0.95625000,0.96375000,0.99870298,1.00000000,VERIFIED_NEAR_DUPLICATE
refined_c463bbc9f97ae6706667,rec_1caf98eaf3b73e1e0389,2,2,0,Potato healthy,PLDD-UP,direct representative match: dHash<=4 + pHash + geometry + ORB/RANSAC,0,0,0,0,0.97125000,0.97125000,1.00000000,1.00000000,VERIFIED_NEAR_DUPLICATE
refined_b4b9bed2336caf6b4319,rec_1cc28870ae683929d4ee,3,3,0,Potato healthy,PLDD-UP,direct representative match: dHash<=4 + pHash + geometry + ORB/RANSAC,0,0,0,0,0.94500000,0.95375000,0.99606815,0.99867725,VERIFIED_NEAR_DUPLICATE
refined_9a2ca29bc392b60f006b,rec_1cc295c69fb815eca3e4,2,2,0,Potato Late blight,PLDD-UP,direct representative match: dHash<=4 + pHash + geometry + ORB/RANSAC,4,4,2,2,0.71500000,0.71500000,0.96153846,0.96153846,VERIFIED_NEAR_DUPLICATE
refined_d468f50db5771dbbcbfe,rec_1cda20efbab9c62d67cb,2,2,0,Potato healthy,PLDD-UP,direct representative match: dHash<=4 + pHash + geometry + ORB/RANSAC,0,0,0,0,0.94500000,0.94500000,0.99867725,0.99867725,VERIFIED_NEAR_DUPLICATE
refined_d139100d31163f66d649,rec_1cf20168815ceb0ea342,2,2,0,Potato healthy,PLDD-UP,direct representative match: dHash<=4 + pHash + geometry + ORB/RANSAC,0,0,0,0,0.96183206,0.96183206,1.00000000,1.00000000,VERIFIED_NEAR_DUPLICATE
refined_e16df621b81b58d21be5,rec_1cf4de80c651c02ff35b,2,2,0,Potato healthy,PLDD-UP,direct representative match: dHash<=4 + pHash + geometry + ORB/RANSAC,0,0,0,0,0.97250000,0.97250000,1.00000000,1.00000000,VERIFIED_NEAR_DUPLICATE
refined_05a95c19e0ea4e78c06a,rec_1d0505e2232dc704c743,2,2,0,Potato Early blight,PLDD-UP,direct representative match: dHash<=4 + pHash + geometry + ORB/RANSAC,0,0,2,2,0.59347181,0.59347181,0.95500000,0.95500000,VERIFIED_NEAR_DUPLICATE
refined_9ca8b3305dfae661acbd,rec_1d06e8cf8bbebf17743b,2,2,0,Potato healthy,PLDD-UP,direct representative match: dHash<=4 + pHash + geometry + ORB/RANSAC,0,0,0,0,0.96250000,0.96250000,0.99870130,0.99870130,VERIFIED_NEAR_DUPLICATE
refined_d9fa91e139404906fed1,rec_1d0b1a75a4c7de4e0709,2,2,0,Potato Early blight,PLDD-UP,direct representative match: dHash<=4 + pHash + geometry + ORB/RANSAC,4,4,0,0,0.57500000,0.57500000,0.90869565,0.90869565,VERIFIED_NEAR_DUPLICATE
refined_6009fbb758c27b0db07b,rec_1d37b4923abc65238470,2,2,0,Potato healthy,PLDD-UP,direct representative match: dHash<=4 + pHash + geometry + ORB/RANSAC,0,0,0,0,0.97361478,0.97361478,0.99864499,0.99864499,VERIFIED_NEAR_DUPLICATE
refined_977e9cf40493b2850f85,rec_1d4b698f5159ba52052c,2,2,0,Potato healthy,PLDD-UP,direct representative match: dHash<=4 + pHash + geometry + ORB/RANSAC,0,0,0,0,0.95454545,0.95454545,1.00000000,1.00000000,VERIFIED_NEAR_DUPLICATE
refined_90b99ac9a474da00b26e,rec_1d56906f1ba2c0e8d615,3,3,0,Potato Early blight | Potato Late blight,PLDD-UP,direct representative match: dHash<=4 + pHash + geometry + ORB/RANSAC,2,4,2,8,0.58047945,0.61764706,0.93510324,0.98319328,VERIFIED_LABEL_CONFLICT
refined_99f5e683d56a2df1882e,rec_1d77333c4ab066ee508e,2,2,0,Potato healthy,PLDD-UP,direct representative match: dHash<=4 + pHash + geometry + ORB/RANSAC,1,1,0,0,0.81818182,0.81818182,0.99004975,0.99004975,VERIFIED_NEAR_DUPLICATE
refined_0027f0b63d4d76afeb2b,rec_1d7c8b43134ccb0aafa3,2,2,0,Potato healthy,PLDD-UP,direct representative match: dHash<=4 + pHash + geometry + ORB/RANSAC,0,0,0,0,0.99375000,0.99375000,1.00000000,1.00000000,VERIFIED_NEAR_DUPLICATE
refined_b2404e617a4fb74e642e,rec_1d8121bf9ddd5b613104,2,2,0,Potato healthy,PLDD-UP,direct representative match: dHash<=4 + pHash + geometry + ORB/RANSAC,2,2,2,2,0.60594315,0.60594315,0.86567164,0.86567164,VERIFIED_NEAR_DUPLICATE
refined_b50e478e33569caf1540,rec_1d8d9620f197e7ba6b0d,2,2,0,Potato healthy,PLDD-UP,direct representative match: dHash<=4 + pHash + geometry + ORB/RANSAC,0,0,0,0,0.94875000,0.94875000,1.00000000,1.00000000,VERIFIED_NEAR_DUPLICATE
refined_b7b757b3e89aace5face,rec_1d9567e2e719f72cba2e,2,2,0,Corn healthy,Seasonal Corn Leaf Disease Dataset,direct representative match: dHash<=4 + pHash + geometry + ORB/RANSAC,1,1,2,2,0.92532943,0.92532943,0.99841772,0.99841772,VERIFIED_NEAR_DUPLICATE
refined_632e13250a72d6f4a10d,rec_1da79358b41e109b790c,2,2,0,Potato Late blight,PLDD-UP,direct representative match: dHash<=4 + pHash + geometry + ORB/RANSAC,1,1,0,0,0.57250000,0.57250000,0.97161572,0.97161572,VERIFIED_NEAR_DUPLICATE
refined_e60f5ec43372f5a1f143,rec_1dbcacc243170ca4f26c,2,2,0,Corn Cercospora leaf spot,Seasonal Corn Leaf Disease Dataset,direct representative match: dHash<=4 + pHash + geometry + ORB/RANSAC,1,1,0,0,0.92977893,0.92977893,1.00000000,1.00000000,VERIFIED_NEAR_DUPLICATE
refined_df4c5cac3910392df8d6,rec_1dc5301d5b5a5064c61b,2,2,0,Potato healthy,PLDD-UP,direct representative match: dHash<=4 + pHash + geometry + ORB/RANSAC,0,0,0,0,0.76396648,0.76396648,0.99268739,0.99268739,VERIFIED_NEAR_DUPLICATE
refined_d54ec644c61bbf8c1eac,rec_1dc9b9153785d6977ac5,2,2,0,Corn healthy,Seasonal Corn Leaf Disease Dataset,direct representative match: dHash<=4 + pHash + geometry + ORB/RANSAC,1,1,0,0,0.93566434,0.93566434,0.99850523,0.99850523,VERIFIED_NEAR_DUPLICATE
refined_470fe50b942dbc6bb9dd,rec_1dd5ef8ae1b0a44a1e81,2,2,0,Potato Late blight,PLDD-UP,direct representative match: dHash<=4 + pHash + geometry + ORB/RANSAC,2,2,4,4,0.67096774,0.67096774,0.98717949,0.98717949,VERIFIED_NEAR_DUPLICATE
refined_d63b7aa0ec76953c2518,rec_1e08a7886c90a156b247,2,2,0,Potato healthy,PLDD-UP,direct representative match: dHash<=4 + pHash + geometry + ORB/RANSAC,0,0,0,0,0.99625000,0.99625000,0.99874529,0.99874529,VERIFIED_NEAR_DUPLICATE
refined_a14b71fba8479b481221,rec_1e0cb47f7440b1cb4474,2,2,0,Potato Early blight | Potato Late blight,PLDD-UP,direct representative match: dHash<=4 + pHash + geometry + ORB/RANSAC,4,4,6,6,0.65631068,0.65631068,0.92899408,0.92899408,VERIFIED_LABEL_CONFLICT
refined_ac31af9750fed5c440de,rec_1e12e713331e3fbc2760,2,2,0,Potato healthy,PLDD-UP,direct representative match: dHash<=4 + pHash + geometry + ORB/RANSAC,0,0,0,0,0.95875000,0.95875000,1.00000000,1.00000000,VERIFIED_NEAR_DUPLICATE
refined_50664475cc7d8ad2bf88,rec_1e165505bb08a2f2c81a,2,2,0,Potato healthy,PLDD-UP,direct representative match: dHash<=4 + pHash + geometry + ORB/RANSAC,0,0,0,0,0.96875000,0.96875000,1.00000000,1.00000000,VERIFIED_NEAR_DUPLICATE
refined_6ea57e9d318084ec47dc,rec_1e2c1592067ebd7dae7d,2,2,0,Potato healthy,PLDD-UP,direct representative match: dHash<=4 + pHash + geometry + ORB/RANSAC,0,0,0,0,0.96250000,0.96250000,1.00000000,1.00000000,VERIFIED_NEAR_DUPLICATE
refined_f835b36e02fef3040ff6,rec_1e3e64a5255ac958e5c7,2,2,0,Potato healthy,PLDD-UP,direct representative match: dHash<=4 + pHash + geometry + ORB/RANSAC,0,0,0,0,0.94500000,0.94500000,0.99735450,0.99735450,VERIFIED_NEAR_DUPLICATE
refined_eda69496ba220c78e884,rec_1e52b63e9d956ad7f38f,4,4,0,Corn Cercospora leaf spot | Corn healthy,Seasonal Corn Leaf Disease Dataset,direct representative match: dHash<=4 + pHash + geometry + ORB/RANSAC,0,0,0,0,0.78209459,0.88603531,0.98488121,0.99094203,VERIFIED_LABEL_CONFLICT
refined_0de7b6588924ecd54d7f,rec_1e7a276c413a21ce16d2,2,2,0,Potato healthy,PLDD-UP,direct representative match: dHash<=4 + pHash + geometry + ORB/RANSAC,2,2,0,0,0.74625000,0.74625000,0.98827471,0.98827471,VERIFIED_NEAR_DUPLICATE
refined_cf29b4c36d890e25ef66,rec_1e7a5a522192344085d4,2,2,0,Potato healthy,PLDD-UP,direct representative match: dHash<=4 + pHash + geometry + ORB/RANSAC,0,0,0,0,0.93250000,0.93250000,0.99865952,0.99865952,VERIFIED_NEAR_DUPLICATE
refined_daa2202451b491189cda,rec_1e7b5622cd856f6f7d1b,2,2,0,Potato Early blight,PLDD-UP,direct representative match: dHash<=4 + pHash + geometry + ORB/RANSAC,3,3,4,4,0.40000000,0.40000000,0.97741935,0.97741935,VERIFIED_NEAR_DUPLICATE
refined_5c6b1e2b286db781d8b3,rec_1e8d3c7400d539565e80,3,3,0,Potato Early blight,PLDD-UP,direct representative match: dHash<=4 + pHash + geometry + ORB/RANSAC,1,2,4,4,0.39125000,0.43500000,0.81896552,0.88817891,VERIFIED_NEAR_DUPLICATE
refined_59c11bd6af16f79cdf1e,rec_1e9fcf7699e143cb4849,2,2,0,Corn healthy,Seasonal Corn Leaf Disease Dataset,direct representative match: dHash<=4 + pHash + geometry + ORB/RANSAC,0,0,0,0,0.89449541,0.89449541,0.99316239,0.99316239,VERIFIED_NEAR_DUPLICATE
refined_f1b022f5bc45648a6b8e,rec_1ea52d9739c148c7b307,2,2,0,Potato healthy,PLDD-UP,direct representative match: dHash<=4 + pHash + geometry + ORB/RANSAC,0,0,0,0,0.95125000,0.95125000,0.99868594,0.99868594,VERIFIED_NEAR_DUPLICATE
refined_4098986734d726077d4e,rec_1eb25cdcf6c29bb7f362,2,2,0,Potato Early blight,PLDD-UP,direct representative match: dHash<=4 + pHash + geometry + ORB/RANSAC,1,1,2,2,0.72776770,0.72776770,0.98503741,0.98503741,VERIFIED_NEAR_DUPLICATE
refined_4390cd86fe76d850f307,rec_1eb360691e22ab0e0dfb,2,2,0,Corn healthy,Seasonal Corn Leaf Disease Dataset,direct representative match: dHash<=4 + pHash + geometry + ORB/RANSAC,3,3,0,0,0.94087404,0.94087404,0.99863388,0.99863388,VERIFIED_NEAR_DUPLICATE
refined_071f557c439c33740696,rec_1ec3d491cc34e6c25f53,2,2,0,Potato healthy,PLDD-UP,direct representative match: dHash<=4 + pHash + geometry + ORB/RANSAC,0,0,0,0,0.78711485,0.78711485,0.99288256,0.99288256,VERIFIED_NEAR_DUPLICATE
refined_d796186982dd9b1dc82b,rec_1ed16480768fcdd3f3dd,2,2,0,Potato Late blight,PLDD-UP,direct representative match: dHash<=4 + pHash + geometry + ORB/RANSAC,1,1,2,2,0.74625000,0.74625000,0.98659966,0.98659966,VERIFIED_NEAR_DUPLICATE
refined_2e983957b458666dfe4d,rec_1ed6fa5ed0133d47714d,2,2,0,Potato Early blight | Potato Late blight,PLDD-UP,direct representative match: dHash<=4 + pHash + geometry + ORB/RANSAC,3,3,14,14,0.19645293,0.19645293,0.85416667,0.85416667,VERIFIED_LABEL_CONFLICT
refined_47bceda886bfb0608d2b,rec_1edb453fd24f6742ab9a,2,2,0,Potato Late blight,PLDD-UP,direct representative match: dHash<=4 + pHash + geometry + ORB/RANSAC,4,4,4,4,0.68258860,0.68258860,0.95033860,0.95033860,VERIFIED_NEAR_DUPLICATE
refined_9bfee16d3f0eeba26775,rec_1ede6f4759cc68168a65,2,2,0,Potato healthy,PLDD-UP,direct representative match: dHash<=4 + pHash + geometry + ORB/RANSAC,0,0,0,0,0.95789474,0.95789474,1.00000000,1.00000000,VERIFIED_NEAR_DUPLICATE
refined_10579a34809117eb9c0b,rec_1ef660e16519d21121ea,2,2,0,Corn healthy,Seasonal Corn Leaf Disease Dataset,direct representative match: dHash<=4 + pHash + geometry + ORB/RANSAC,0,0,0,0,0.92727273,0.92727273,0.99396682,0.99396682,VERIFIED_NEAR_DUPLICATE
refined_9b32eccbe21a428108c4,rec_1f0c8cb118faf5fe3284,2,2,0,Corn healthy,Seasonal Corn Leaf Disease Dataset,direct representative match: dHash<=4 + pHash + geometry + ORB/RANSAC,2,2,0,0,0.93197279,0.93197279,0.99562044,0.99562044,VERIFIED_NEAR_DUPLICATE
refined_4e5b140afdea2544b017,rec_1f20000b6b749cc53540,2,2,0,Potato healthy,PLDD-UP,direct representative match: dHash<=4 + pHash + geometry + ORB/RANSAC,0,0,0,0,0.96375000,0.96375000,1.00000000,1.00000000,VERIFIED_NEAR_DUPLICATE
refined_fc9ae8dc19d23022bdd5,rec_1f2c768fb0134ab72724,3,3,0,Potato Late blight,PLDD-UP,direct representative match: dHash<=4 + pHash + geometry + ORB/RANSAC,0,0,2,4,0.68348624,0.69724771,0.95973154,0.96052632,VERIFIED_NEAR_DUPLICATE
refined_aac3ce8c7304f84a60eb,rec_1f2f5a37cc4010156daf,2,2,0,Potato healthy,PLDD-UP,direct representative match: dHash<=4 + pHash + geometry + ORB/RANSAC,0,0,2,2,0.79750000,0.79750000,0.98746082,0.98746082,VERIFIED_NEAR_DUPLICATE
refined_db91a92be582a67beae5,rec_1f948a6d3b0a2b339718,2,2,0,Potato healthy,PLDD-UP,direct representative match: dHash<=4 + pHash + geometry + ORB/RANSAC,0,0,0,0,0.77625000,0.77625000,0.92109501,0.92109501,VERIFIED_NEAR_DUPLICATE
refined_3f0ff2469339464ffc3e,rec_1f9b3200e098ea17acd1,3,3,0,Potato Late blight,PLDD-UP,direct representative match: dHash<=4 + pHash + geometry + ORB/RANSAC,2,2,2,4,0.63843648,0.71661238,0.90227273,0.98469388,VERIFIED_NEAR_DUPLICATE
refined_27677a01c2c47da0fe26,rec_1fad5d9f219820c5df70,2,2,0,Potato healthy,PLDD-UP,direct representative match: dHash<=4 + pHash + geometry + ORB/RANSAC,0,0,0,0,0.97000000,0.97000000,1.00000000,1.00000000,VERIFIED_NEAR_DUPLICATE
refined_8c456255ce693d6e576d,rec_1fb55465f3dbd89116c4,2,2,0,Potato healthy,PLDD-UP,direct representative match: dHash<=4 + pHash + geometry + ORB/RANSAC,1,1,2,2,0.93984962,0.93984962,0.99733333,0.99733333,VERIFIED_NEAR_DUPLICATE
refined_9bdebad676caaf3d1624,rec_1fbe57794b6064f159f0,2,2,0,Potato healthy,PLDD-UP,direct representative match: dHash<=4 + pHash + geometry + ORB/RANSAC,0,0,0,0,0.95750000,0.95750000,0.99608355,0.99608355,VERIFIED_NEAR_DUPLICATE
refined_06924b5e09eb684668eb,rec_1fc0c3ee011890dfcf30,2,2,0,Potato healthy,PLDD-UP,direct representative match: dHash<=4 + pHash + geometry + ORB/RANSAC,1,1,0,0,0.92578616,0.92578616,0.99864130,0.99864130,VERIFIED_NEAR_DUPLICATE
refined_eb31d124d6fe4b1d7247,rec_1fc5c23225d5260247f2,2,2,0,Tomato Late blight,PlantDoc,direct representative match: dHash<=4 + pHash + geometry + ORB/RANSAC,0,0,0,0,1.00000000,1.00000000,1.00000000,1.00000000,VERIFIED_NEAR_DUPLICATE
refined_5f6bc7a476e6f49ace3e,rec_1fd7d2bf93d71a432b51,2,2,0,Corn healthy,Seasonal Corn Leaf Disease Dataset,direct representative match: dHash<=4 + pHash + geometry + ORB/RANSAC,0,0,0,0,0.92789116,0.92789116,1.00000000,1.00000000,VERIFIED_NEAR_DUPLICATE
refined_b31a18406a39030d0c94,rec_1fe7fd60b4c7702217e4,2,2,0,Potato healthy,PLDD-UP,direct representative match: dHash<=4 + pHash + geometry + ORB/RANSAC,1,1,0,0,0.92750000,0.92750000,0.99730458,0.99730458,VERIFIED_NEAR_DUPLICATE
refined_41162f48297fca8a6955,rec_2018baf0a7d977d9987c,2,2,0,Potato healthy,PLDD-UP,direct representative match: dHash<=4 + pHash + geometry + ORB/RANSAC,0,0,0,0,0.72442019,0.72442019,0.98681733,0.98681733,VERIFIED_NEAR_DUPLICATE
refined_cbdb5a421282029550fd,rec_20190641fc7abc477d7c,2,2,0,Potato healthy,PLDD-UP,direct representative match: dHash<=4 + pHash + geometry + ORB/RANSAC,1,1,2,2,0.66243655,0.66243655,0.91187739,0.91187739,VERIFIED_NEAR_DUPLICATE
refined_65396db693eb7d08a4c2,rec_20373e4a53bf84df48d5,2,2,0,Potato healthy,PLDD-UP,direct representative match: dHash<=4 + pHash + geometry + ORB/RANSAC,0,0,4,4,0.81843972,0.81843972,0.99306759,0.99306759,VERIFIED_NEAR_DUPLICATE
refined_1a8021c8c03a5be2974f,rec_2047086ace5d1c12e9c0,2,2,0,Potato healthy,PLDD-UP,direct representative match: dHash<=4 + pHash + geometry + ORB/RANSAC,0,0,0,0,0.96305732,0.96305732,1.00000000,1.00000000,VERIFIED_NEAR_DUPLICATE
refined_ce2c775803e1515d1db7,rec_20476b6943603c6b087e,2,2,0,Potato Early blight,PLDD-UP,direct representative match: dHash<=4 + pHash + geometry + ORB/RANSAC,2,2,2,2,0.65911950,0.65911950,0.92748092,0.92748092,VERIFIED_NEAR_DUPLICATE
refined_51d8e948ec5f246a4550,rec_20512101e998641fda21,3,3,0,Potato healthy,PLDD-UP,direct representative match: dHash<=4 + pHash + geometry + ORB/RANSAC,0,0,0,0,0.94625000,0.95875000,1.00000000,1.00000000,VERIFIED_NEAR_DUPLICATE
refined_c69b6d61f40ca873d084,rec_205cbe7ef8415afa9b8a,2,2,0,Potato Late blight,PLDD-UP,direct representative match: dHash<=4 + pHash + geometry + ORB/RANSAC,4,4,4,4,0.26641414,0.26641414,0.62559242,0.62559242,VERIFIED_NEAR_DUPLICATE
refined_d75591be853797368f4d,rec_207656e47260801d0ee6,2,2,0,Potato Late blight,PLDD-UP,direct representative match: dHash<=4 + pHash + geometry + ORB/RANSAC,1,1,4,4,0.66366366,0.66366366,0.97058824,0.97058824,VERIFIED_NEAR_DUPLICATE
refined_3bccaaa0bcdb59e4bb47,rec_20778c43020590b82748,2,2,0,Potato healthy,PLDD-UP,direct representative match: dHash<=4 + pHash + geometry + ORB/RANSAC,0,0,0,0,0.75032010,0.75032010,0.97610922,0.97610922,VERIFIED_NEAR_DUPLICATE
refined_2dbc27559934dc82020b,rec_207fa745cc7d8984d251,2,2,0,Tomato Early blight | Tomato Septoria leaf spot,PlantDoc,direct representative match: dHash<=4 + pHash + geometry + ORB/RANSAC,0,0,0,0,0.41375000,0.41375000,0.90634441,0.90634441,VERIFIED_LABEL_CONFLICT
refined_b138dbf75a60399450f0,rec_2086efab77e51d82ea9c,2,2,0,Potato healthy,PLDD-UP,direct representative match: dHash<=4 + pHash + geometry + ORB/RANSAC,0,0,2,2,0.78250000,0.78250000,0.98562300,0.98562300,VERIFIED_NEAR_DUPLICATE
refined_2a5f122a1a4d7b340273,rec_2087de012f0cf75ecbe7,2,2,0,Potato healthy,PLDD-UP,direct representative match: dHash<=4 + pHash + geometry + ORB/RANSAC,0,0,2,2,0.95564005,0.95564005,1.00000000,1.00000000,VERIFIED_NEAR_DUPLICATE
refined_f38dd560c96246291544,rec_20a1be7d8a1c75426406,2,2,0,Potato Late blight,PLDD-UP,direct representative match: dHash<=4 + pHash + geometry + ORB/RANSAC,0,0,4,4,0.56625000,0.56625000,0.94260486,0.94260486,VERIFIED_NEAR_DUPLICATE
refined_0590f1b2eb5e6aff3867,rec_20a4b4b21a175e3d316a,2,2,0,Potato healthy,PLDD-UP,direct representative match: dHash<=4 + pHash + geometry + ORB/RANSAC,0,0,0,0,0.99625000,0.99625000,1.00000000,1.00000000,VERIFIED_NEAR_DUPLICATE
refined_0483d6d7131339b0124a,rec_20c613366f4b8663fc6c,2,2,0,Corn Cercospora leaf spot,Seasonal Corn Leaf Disease Dataset,direct representative match: dHash<=4 + pHash + geometry + ORB/RANSAC,0,0,0,0,0.95268542,0.95268542,0.99865772,0.99865772,VERIFIED_NEAR_DUPLICATE
refined_b6cdf84abb9ec1088f67,rec_20ca8151ae9750a5ec9a,2,2,0,Corn healthy,Seasonal Corn Leaf Disease Dataset,direct representative match: dHash<=4 + pHash + geometry + ORB/RANSAC,1,1,2,2,0.92676431,0.92676431,1.00000000,1.00000000,VERIFIED_NEAR_DUPLICATE
refined_a8804bac1cc1d84e597f,rec_20cee021479bc6a71131,3,3,0,Potato healthy,PLDD-UP,direct representative match: dHash<=4 + pHash + geometry + ORB/RANSAC,0,0,0,0,0.95250000,0.95375000,0.99868766,0.99868938,VERIFIED_NEAR_DUPLICATE
refined_7c16f80dea5ebc040271,rec_20f66fac069892aa090a,2,2,0,Potato Early blight | Potato Late blight,PLDD-UP,direct representative match: dHash<=4 + pHash + geometry + ORB/RANSAC,1,1,4,4,0.53500000,0.53500000,0.75934579,0.75934579,VERIFIED_LABEL_CONFLICT
refined_891c02be01c7eb422545,rec_21077e4dafe0537c0004,2,2,0,Potato healthy,PLDD-UP,direct representative match: dHash<=4 + pHash + geometry + ORB/RANSAC,0,0,0,0,0.77625000,0.77625000,0.99516908,0.99516908,VERIFIED_NEAR_DUPLICATE
refined_2ae3335709300f3fdff5,rec_210dac40daac78644eb2,2,2,0,Potato healthy,PLDD-UP,direct representative match: dHash<=4 + pHash + geometry + ORB/RANSAC,0,0,0,0,0.95500000,0.95500000,0.99738220,0.99738220,VERIFIED_NEAR_DUPLICATE
refined_c5c4b684e0fea1e7189f,rec_21131a00642caa96362b,2,2,0,Potato healthy,PLDD-UP,direct representative match: dHash<=4 + pHash + geometry + ORB/RANSAC,0,0,0,0,0.97000000,0.97000000,1.00000000,1.00000000,VERIFIED_NEAR_DUPLICATE
refined_26e7a4a65ec9ffa82882,rec_21222ee96c17145929dd,2,2,0,Potato healthy,PLDD-UP,direct representative match: dHash<=4 + pHash + geometry + ORB/RANSAC,0,0,0,0,0.98625000,0.98625000,1.00000000,1.00000000,VERIFIED_NEAR_DUPLICATE
refined_51e53f3bb4dd35dc5c13,rec_21327a19717c5bef3ccb,2,2,0,Potato Late blight | Tomato Late blight,PlantDoc,direct representative match: dHash<=4 + pHash + geometry + ORB/RANSAC,1,1,0,0,0.95375000,0.95375000,1.00000000,1.00000000,VERIFIED_LABEL_CONFLICT
refined_24fa558749b79bbf880d,rec_213e43b1efbcbc57e1f8,2,2,0,Potato healthy,PLDD-UP,direct representative match: dHash<=4 + pHash + geometry + ORB/RANSAC,0,0,0,0,0.96212121,0.96212121,0.99737533,0.99737533,VERIFIED_NEAR_DUPLICATE
refined_81b1c6d565493379ef61,rec_214c5c678c0ffd7b5467,2,2,0,Potato healthy,PLDD-UP,direct representative match: dHash<=4 + pHash + geometry + ORB/RANSAC,1,1,0,0,0.97125000,0.97125000,0.99742600,0.99742600,VERIFIED_NEAR_DUPLICATE
refined_7c2c63ea18eb2b9383ae,rec_215a28357bedc47f975b,2,2,0,Potato healthy,PLDD-UP,direct representative match: dHash<=4 + pHash + geometry + ORB/RANSAC,0,0,0,0,0.96375000,0.96375000,1.00000000,1.00000000,VERIFIED_NEAR_DUPLICATE
refined_7e683bd66f199f7cb162,rec_217119d7e2fcd3589a5e,2,2,0,Potato Early blight,PLDD-UP,direct representative match: dHash<=4 + pHash + geometry + ORB/RANSAC,0,0,2,2,0.63943662,0.63943662,0.96475771,0.96475771,VERIFIED_NEAR_DUPLICATE
refined_4dabef46a0cbbdea2bf1,rec_21742a9003885692af4a,2,2,0,Potato healthy,PLDD-UP,direct representative match: dHash<=4 + pHash + geometry + ORB/RANSAC,0,0,0,0,0.95500000,0.95500000,0.99738220,0.99738220,VERIFIED_NEAR_DUPLICATE
refined_af81d49139c3a436ceb2,rec_217775da299708010f42,2,2,0,Potato healthy,PLDD-UP,direct representative match: dHash<=4 + pHash + geometry + ORB/RANSAC,1,1,0,0,0.96875000,0.96875000,0.99741935,0.99741935,VERIFIED_NEAR_DUPLICATE
refined_2741debb25e48843ee95,rec_2186ff4d22c5a9ce29e4,2,2,0,Potato Late blight,PLDD-UP,direct representative match: dHash<=4 + pHash + geometry + ORB/RANSAC,3,3,4,4,0.61338798,0.61338798,0.86414254,0.86414254,VERIFIED_NEAR_DUPLICATE
refined_a206f843f9f572679518,rec_219a78adb46b2a92c750,3,3,0,Potato Late blight,PLDD-UP,direct representative match: dHash<=4 + pHash + geometry + ORB/RANSAC,2,3,2,2,0.66000000,0.67875000,0.93560606,0.95948435,VERIFIED_NEAR_DUPLICATE
refined_2bf74e270c7d7f4ff407,rec_21a3ce41b0c36e139d12,2,2,0,Potato healthy,PLDD-UP,direct representative match: dHash<=4 + pHash + geometry + ORB/RANSAC,0,0,0,0,0.99875000,0.99875000,1.00000000,1.00000000,VERIFIED_NEAR_DUPLICATE
refined_00f3008ffa3425c97f64,rec_21aa5ece51543addb98c,2,2,0,Potato healthy,PLDD-UP,direct representative match: dHash<=4 + pHash + geometry + ORB/RANSAC,0,0,0,0,0.99500000,0.99500000,1.00000000,1.00000000,VERIFIED_NEAR_DUPLICATE
refined_6c2efcba922824104ae0,rec_21adc07d47830d50bf14,2,2,0,Corn healthy,Seasonal Corn Leaf Disease Dataset,direct representative match: dHash<=4 + pHash + geometry + ORB/RANSAC,0,0,2,2,0.87175325,0.87175325,0.99627561,0.99627561,VERIFIED_NEAR_DUPLICATE
refined_61167f4fb371fdda0bf7,rec_21ae121b858b92e9950f,2,2,0,Potato Late blight,PLDD-UP,direct representative match: dHash<=4 + pHash + geometry + ORB/RANSAC,1,1,2,2,0.72324723,0.72324723,0.90306122,0.90306122,VERIFIED_NEAR_DUPLICATE
refined_e1fb7133f190397796a0,rec_21b72dfa5aab316009f4,2,2,0,Potato healthy,PLDD-UP,direct representative match: dHash<=4 + pHash + geometry + ORB/RANSAC,0,0,0,0,0.99500000,0.99500000,1.00000000,1.00000000,VERIFIED_NEAR_DUPLICATE
refined_b0d5e3f01dcc483e2bde,rec_21c022420b2b1f9d876d,2,2,0,Potato healthy,PLDD-UP,direct representative match: dHash<=4 + pHash + geometry + ORB/RANSAC,0,0,0,0,0.96704689,0.96704689,1.00000000,1.00000000,VERIFIED_NEAR_DUPLICATE
refined_a856aa4c7bdbbb8b312d,rec_21c635239102718d45ef,2,2,0,Corn healthy,Seasonal Corn Leaf Disease Dataset,direct representative match: dHash<=4 + pHash + geometry + ORB/RANSAC,1,1,0,0,0.91480447,0.91480447,1.00000000,1.00000000,VERIFIED_NEAR_DUPLICATE
refined_21f6a17574f3f94eb34d,rec_21c90a30f5469eaadb5a,2,2,0,Potato healthy,PLDD-UP,direct representative match: dHash<=4 + pHash + geometry + ORB/RANSAC,0,0,0,0,0.80250000,0.80250000,0.98909657,0.98909657,VERIFIED_NEAR_DUPLICATE
refined_2088f1f6d600ef0bbecd,rec_21cb40ff8ee1f619ddc3,3,3,0,Potato healthy,PLDD-UP,direct representative match: dHash<=4 + pHash + geometry + ORB/RANSAC,0,0,0,0,0.92125000,0.94125000,0.99728630,0.99734396,VERIFIED_NEAR_DUPLICATE
refined_ff00f4b2faa7ce642f32,rec_21ce630ac37b8d91b5c9,2,2,0,Potato healthy,PLDD-UP,direct representative match: dHash<=4 + pHash + geometry + ORB/RANSAC,0,0,0,0,0.94625000,0.94625000,0.99867900,0.99867900,VERIFIED_NEAR_DUPLICATE
refined_2274a62d6eda94dd390f,rec_21e11d9951c69975f063,2,2,0,Corn healthy,Seasonal Corn Leaf Disease Dataset,direct representative match: dHash<=4 + pHash + geometry + ORB/RANSAC,0,0,0,0,0.91644562,0.91644562,1.00000000,1.00000000,VERIFIED_NEAR_DUPLICATE
refined_50b1e34f8b3a61d1a101,rec_21e60604e6ae9738de11,2,2,0,Potato Late blight,PLDD-UP,direct representative match: dHash<=4 + pHash + geometry + ORB/RANSAC,3,3,4,4,0.76500000,0.76500000,0.94281046,0.94281046,VERIFIED_NEAR_DUPLICATE
refined_d7a24cc13d748e3ac11e,rec_21eb4cfb6fdb60b3ceea,2,2,0,Potato Late blight,PLDD-UP,direct representative match: dHash<=4 + pHash + geometry + ORB/RANSAC,1,1,2,2,0.66037736,0.66037736,0.91619048,0.91619048,VERIFIED_NEAR_DUPLICATE
refined_849a3c4f904fd30c29fd,rec_2221e92bd41a3a0337dc,2,2,0,Potato healthy,PLDD-UP,direct representative match: dHash<=4 + pHash + geometry + ORB/RANSAC,0,0,0,0,0.95500000,0.95500000,1.00000000,1.00000000,VERIFIED_NEAR_DUPLICATE
refined_d5a982df9039c5e0504d,rec_2223a5db3f6a6cfc337f,2,2,0,Potato healthy,PLDD-UP,direct representative match: dHash<=4 + pHash + geometry + ORB/RANSAC,0,0,0,0,0.92750000,0.92750000,0.99865229,0.99865229,VERIFIED_NEAR_DUPLICATE
refined_43fe0f07fe038245c8c2,rec_225d6b7415cc6876cd67,3,3,0,Potato Early blight | Potato healthy,PLDD-UP,direct representative match: dHash<=4 + pHash + geometry + ORB/RANSAC,0,0,0,0,0.92375000,0.92875000,0.99730821,0.99864682,VERIFIED_LABEL_CONFLICT
refined_ea1341586afc4f4f5ffb,rec_227798504a5d4103ec0c,2,2,0,Potato healthy,PLDD-UP,direct representative match: dHash<=4 + pHash + geometry + ORB/RANSAC,0,0,0,0,0.92625000,0.92625000,1.00000000,1.00000000,VERIFIED_NEAR_DUPLICATE
refined_efd6d0af6b0909288b22,rec_227b66806e85d798d042,2,2,0,Potato healthy,PLDD-UP,direct representative match: dHash<=4 + pHash + geometry + ORB/RANSAC,0,0,0,0,0.95750000,0.95750000,1.00000000,1.00000000,VERIFIED_NEAR_DUPLICATE
refined_520e6997ce9a03c69013,rec_2284ca18d598bbea5fbe,2,2,0,Potato healthy,PLDD-UP,direct representative match: dHash<=4 + pHash + geometry + ORB/RANSAC,0,0,0,0,0.95106650,0.95106650,0.99736148,0.99736148,VERIFIED_NEAR_DUPLICATE
refined_625f813980428aec579b,rec_22891106ae9772d3770c,2,2,0,Corn healthy,Seasonal Corn Leaf Disease Dataset,direct representative match: dHash<=4 + pHash + geometry + ORB/RANSAC,1,1,0,0,0.91877497,0.91877497,0.99855072,0.99855072,VERIFIED_NEAR_DUPLICATE
refined_4eba21df46a1f0359a58,rec_22981a0d5f0ed6651500,2,2,0,Potato healthy,PLDD-UP,direct representative match: dHash<=4 + pHash + geometry + ORB/RANSAC,0,0,0,0,0.99500000,0.99500000,1.00000000,1.00000000,VERIFIED_NEAR_DUPLICATE
refined_cf18d9b233257934e19c,rec_2299007e66b27276f38e,2,2,0,Potato Late blight,PLDD-UP,direct representative match: dHash<=4 + pHash + geometry + ORB/RANSAC,0,0,2,2,0.48431619,0.48431619,0.88082902,0.88082902,VERIFIED_NEAR_DUPLICATE
refined_2a001d289b5f0c6fdbbd,rec_22a3ae75625018c859de,2,2,0,Potato healthy,PLDD-UP,direct representative match: dHash<=4 + pHash + geometry + ORB/RANSAC,0,0,0,0,0.80750000,0.80750000,0.99535604,0.99535604,VERIFIED_NEAR_DUPLICATE
refined_2e8fbb58b4c5fb2ea876,rec_22c9236ccaf9c7be895a,3,3,0,Potato healthy,PLDD-UP,direct representative match: dHash<=4 + pHash + geometry + ORB/RANSAC,4,4,0,0,0.56303972,0.56303972,0.99693252,0.99693252,VERIFIED_NEAR_DUPLICATE
refined_d392aeb728eb59cc4062,rec_22d4f572c300a299a4ac,2,1,1,Tomato Bacterial spot,PlantDoc,direct representative match: dHash<=4 + pHash + geometry + ORB/RANSAC,0,0,2,2,0.43375000,0.43375000,0.94236311,0.94236311,VERIFIED_BENCHMARK_LEAKAGE
refined_448469d34bd1602fe684,rec_22d796ff4beafcbca4bf,2,2,0,Potato healthy,PLDD-UP,direct representative match: dHash<=4 + pHash + geometry + ORB/RANSAC,1,1,2,2,0.73770492,0.73770492,0.98632479,0.98632479,VERIFIED_NEAR_DUPLICATE
refined_67619fe5895f3f2d285f,rec_22facbf0a67656b25253,2,2,0,Potato healthy,PLDD-UP,direct representative match: dHash<=4 + pHash + geometry + ORB/RANSAC,0,0,0,0,0.96125000,0.96125000,0.99869961,0.99869961,VERIFIED_NEAR_DUPLICATE
refined_7fc73dbd040873caeac6,rec_22fbface59e3a2997467,2,2,0,Corn healthy,Seasonal Corn Leaf Disease Dataset,direct representative match: dHash<=4 + pHash + geometry + ORB/RANSAC,0,0,0,0,0.92980132,0.92980132,0.99287749,0.99287749,VERIFIED_NEAR_DUPLICATE
refined_460725555f4b3a852213,rec_23063165d515a41b12c6,2,2,0,Potato healthy,PLDD-UP,direct representative match: dHash<=4 + pHash + geometry + ORB/RANSAC,0,0,0,0,0.95875000,0.95875000,0.99869622,0.99869622,VERIFIED_NEAR_DUPLICATE
refined_49a702ca00327fc4e21e,rec_230d659b6036bcf66b0e,4,4,0,Potato healthy,PLDD-UP,direct representative match: dHash<=4 + pHash + geometry + ORB/RANSAC,0,0,0,2,0.58375000,0.94625000,0.84796574,0.99867900,VERIFIED_NEAR_DUPLICATE
refined_b7ac89d7a865c47e8356,rec_2329c8d73f951da2b742,2,2,0,Potato healthy,PLDD-UP,direct representative match: dHash<=4 + pHash + geometry + ORB/RANSAC,0,0,0,0,0.95750000,0.95750000,0.99738903,0.99738903,VERIFIED_NEAR_DUPLICATE
refined_7313a808e8125516ed0a,rec_2366e4f66483ddafc083,2,2,0,Potato healthy,PLDD-UP,direct representative match: dHash<=4 + pHash + geometry + ORB/RANSAC,0,0,0,0,0.94750000,0.94750000,0.99868074,0.99868074,VERIFIED_NEAR_DUPLICATE
refined_2ee5e5d06e44ce3db6d4,rec_23846c49023fab6d00c3,2,2,0,Potato healthy,PLDD-UP,direct representative match: dHash<=4 + pHash + geometry + ORB/RANSAC,1,1,0,0,0.80287206,0.80287206,0.99349593,0.99349593,VERIFIED_NEAR_DUPLICATE
refined_cb320a266770cedfd107,rec_238c62a43e50ca338f83,2,2,0,Corn healthy,Seasonal Corn Leaf Disease Dataset,direct representative match: dHash<=4 + pHash + geometry + ORB/RANSAC,3,3,2,2,0.86159170,0.86159170,0.99799197,0.99799197,VERIFIED_NEAR_DUPLICATE
refined_e9a4d242f8325c4b5f5a,rec_239d50a0cbee6c5789fb,2,2,0,Potato Late blight,PLDD-UP,direct representative match: dHash<=4 + pHash + geometry + ORB/RANSAC,3,3,2,2,0.66666667,0.66666667,0.84469697,0.84469697,VERIFIED_NEAR_DUPLICATE
refined_3444b57abba5c4f59119,rec_23a9fde110e9acca04db,2,2,0,Corn Cercospora leaf spot,Seasonal Corn Leaf Disease Dataset,direct representative match: dHash<=4 + pHash + geometry + ORB/RANSAC,0,0,0,0,0.87579214,0.87579214,0.99855282,0.99855282,VERIFIED_NEAR_DUPLICATE
refined_f7c340b4acce1001152e,rec_23d8348cbafe2f78461b,2,2,0,Corn healthy,Seasonal Corn Leaf Disease Dataset,direct representative match: dHash<=4 + pHash + geometry + ORB/RANSAC,0,0,0,0,0.94518717,0.94518717,0.99858557,0.99858557,VERIFIED_NEAR_DUPLICATE
refined_96ff31c01a3a5cfe6385,rec_23da52af1a72927633d4,2,2,0,Tomato Septoria leaf spot,PlantDoc,direct representative match: dHash<=4 + pHash + geometry + ORB/RANSAC,2,2,0,0,0.75250000,0.75250000,0.95348837,0.95348837,VERIFIED_NEAR_DUPLICATE
refined_9371bee1519b6de9aa2d,rec_23e0f956f51a5533333c,2,2,0,Potato healthy,PLDD-UP,direct representative match: dHash<=4 + pHash + geometry + ORB/RANSAC,0,0,0,0,0.94000000,0.94000000,0.99468085,0.99468085,VERIFIED_NEAR_DUPLICATE
refined_333eef5c9b22afe720da,rec_24142c1a92c17a86fe11,3,3,0,Potato healthy,PLDD-UP,direct representative match: dHash<=4 + pHash + geometry + ORB/RANSAC,4,4,4,4,0.53886926,0.56183746,0.98688525,0.99056604,VERIFIED_NEAR_DUPLICATE
refined_9ec2a8dc44c78dca11be,rec_24177a3c618ba9b730da,2,2,0,Potato healthy,PLDD-UP,direct representative match: dHash<=4 + pHash + geometry + ORB/RANSAC,0,0,0,0,0.77000000,0.77000000,0.99188312,0.99188312,VERIFIED_NEAR_DUPLICATE
refined_0ed2ceabdbaffb9778d4,rec_241ed91d3f7dbfb4343d,2,2,0,Potato healthy,PLDD-UP,direct representative match: dHash<=4 + pHash + geometry + ORB/RANSAC,0,0,0,0,0.99875000,0.99875000,1.00000000,1.00000000,VERIFIED_NEAR_DUPLICATE
refined_55daaf02daf2e8369eb9,rec_24389f0fe720917676ed,2,2,0,Potato healthy,PLDD-UP,direct representative match: dHash<=4 + pHash + geometry + ORB/RANSAC,2,2,0,0,0.80250000,0.80250000,0.98442368,0.98442368,VERIFIED_NEAR_DUPLICATE
refined_3bd49da20355e4cedd49,rec_24541e0e627048d99916,2,2,0,Potato healthy,PLDD-UP,direct representative match: dHash<=4 + pHash + geometry + ORB/RANSAC,0,0,0,0,0.94875000,0.94875000,0.99604743,0.99604743,VERIFIED_NEAR_DUPLICATE
refined_8fe8c3377d02fb805a54,rec_24617c9cca50d8ec5962,2,2,0,Corn healthy,Seasonal Corn Leaf Disease Dataset,direct representative match: dHash<=4 + pHash + geometry + ORB/RANSAC,2,2,0,0,0.92763158,0.92763158,0.99858156,0.99858156,VERIFIED_NEAR_DUPLICATE
refined_70efe92f96738b18f9a6,rec_2465e4a370f500d142d5,2,2,0,Corn Cercospora leaf spot,Seasonal Corn Leaf Disease Dataset,direct representative match: dHash<=4 + pHash + geometry + ORB/RANSAC,0,0,0,0,0.98362720,0.98362720,1.00000000,1.00000000,VERIFIED_NEAR_DUPLICATE
refined_2357c59321b896589e83,rec_249022c13cbd0705cead,2,2,0,Potato healthy,PLDD-UP,direct representative match: dHash<=4 + pHash + geometry + ORB/RANSAC,0,0,0,0,0.96625000,0.96625000,0.99870634,0.99870634,VERIFIED_NEAR_DUPLICATE
refined_2f6d71ed4d4894c5c063,rec_249c9a49d00916a1811e,2,2,0,Corn healthy,Seasonal Corn Leaf Disease Dataset,direct representative match: dHash<=4 + pHash + geometry + ORB/RANSAC,1,1,0,0,0.92751678,0.92751678,0.99855282,0.99855282,VERIFIED_NEAR_DUPLICATE
refined_526b030f90efb1fb9857,rec_24b4c2b73fbc5c620e9d,2,2,0,Corn healthy,Seasonal Corn Leaf Disease Dataset,direct representative match: dHash<=4 + pHash + geometry + ORB/RANSAC,1,1,0,0,0.78936605,0.78936605,0.97409326,0.97409326,VERIFIED_NEAR_DUPLICATE
refined_0184422f3e72a6be52da,rec_24da7a0d3bd5d23ce456,2,2,0,Potato healthy,PLDD-UP,direct representative match: dHash<=4 + pHash + geometry + ORB/RANSAC,0,0,0,0,0.82375000,0.82375000,0.97572079,0.97572079,VERIFIED_NEAR_DUPLICATE
refined_4f2c83d7b3fc40aee90e,rec_24ddd45b527e896b65d0,2,2,0,Potato healthy,PLDD-UP,direct representative match: dHash<=4 + pHash + geometry + ORB/RANSAC,0,0,0,0,0.93875000,0.93875000,0.99866844,0.99866844,VERIFIED_NEAR_DUPLICATE
refined_6fe920ae3f4e331528d7,rec_24e1b86890e7c19f2303,2,2,0,Potato healthy,PLDD-UP,direct representative match: dHash<=4 + pHash + geometry + ORB/RANSAC,0,0,0,0,0.82250000,0.82250000,0.99544073,0.99544073,VERIFIED_NEAR_DUPLICATE
refined_e49b5208a13d17b43b5c,rec_24e51befe6796efa3873,2,2,0,Potato healthy,PLDD-UP,direct representative match: dHash<=4 + pHash + geometry + ORB/RANSAC,0,0,0,0,0.95875000,0.95875000,1.00000000,1.00000000,VERIFIED_NEAR_DUPLICATE
refined_c292cf110b71768d7fd1,rec_24eff294087eeb6856a3,2,2,0,Potato Late blight,PLDD-UP,direct representative match: dHash<=4 + pHash + geometry + ORB/RANSAC,3,3,0,0,0.69125000,0.69125000,0.98915009,0.98915009,VERIFIED_NEAR_DUPLICATE
refined_291a8252acb1fca9eb23,rec_24f21c98ff9122e755f9,3,3,0,Potato Early blight,PLDD-UP,direct representative match: dHash<=4 + pHash + geometry + ORB/RANSAC,0,0,4,4,0.66932271,0.77165354,0.97023810,0.98979592,VERIFIED_NEAR_DUPLICATE
refined_e09d465b95731b589946,rec_24f439162e6b09ef1433,2,2,0,Potato Late blight,PLDD-UP,direct representative match: dHash<=4 + pHash + geometry + ORB/RANSAC,1,1,2,2,0.45000000,0.45000000,0.86666667,0.86666667,VERIFIED_NEAR_DUPLICATE
refined_73f0df6f4c8ddc383710,rec_251e275cd74cdea481c1,2,2,0,Potato Early blight,PLDD-UP,direct representative match: dHash<=4 + pHash + geometry + ORB/RANSAC,1,1,4,4,0.61750000,0.61750000,0.91295547,0.91295547,VERIFIED_NEAR_DUPLICATE
refined_1d198a4f460ee24a271e,rec_25299872f5a33e71fe79,2,2,0,Potato healthy,PLDD-UP,direct representative match: dHash<=4 + pHash + geometry + ORB/RANSAC,0,0,0,0,0.95500000,0.95500000,0.99738220,0.99738220,VERIFIED_NEAR_DUPLICATE
refined_8be384574061a436eea7,rec_252fa169448c4df49959,2,2,0,Potato healthy,PLDD-UP,direct representative match: dHash<=4 + pHash + geometry + ORB/RANSAC,0,0,0,0,0.93875000,0.93875000,1.00000000,1.00000000,VERIFIED_NEAR_DUPLICATE
refined_086574a33c61684d05fa,rec_25349d6d4a83990c2f7d,2,2,0,Potato Early blight,PLDD-UP,direct representative match: dHash<=4 + pHash + geometry + ORB/RANSAC,2,2,2,2,0.58000000,0.58000000,0.91724138,0.91724138,VERIFIED_NEAR_DUPLICATE
refined_4e0243bb26f303ee9e34,rec_2550ee0dde14e62060ff,2,2,0,Potato healthy,PLDD-UP,direct representative match: dHash<=4 + pHash + geometry + ORB/RANSAC,1,1,0,0,0.83125000,0.83125000,0.99699248,0.99699248,VERIFIED_NEAR_DUPLICATE
refined_9c7858622cb1a7234eba,rec_2555f1b419df58f5515a,2,2,0,Corn Cercospora leaf spot,Seasonal Corn Leaf Disease Dataset,direct representative match: dHash<=4 + pHash + geometry + ORB/RANSAC,0,0,0,0,0.87919463,0.87919463,0.99541985,0.99541985,VERIFIED_NEAR_DUPLICATE
refined_c9edc7aca4614f6a0921,rec_25563d7f9b1c400b17c6,2,2,0,Potato healthy,PLDD-UP,direct representative match: dHash<=4 + pHash + geometry + ORB/RANSAC,0,0,0,0,0.97500000,0.97500000,1.00000000,1.00000000,VERIFIED_NEAR_DUPLICATE
refined_dd05591b56682539ae13,rec_255714e851bb5b8e3cc7,3,3,0,Potato Early blight | Potato Late blight,PLDD-UP,direct representative match: dHash<=4 + pHash + geometry + ORB/RANSAC,1,1,4,16,0.49492386,0.62579014,0.90505051,0.93076923,VERIFIED_LABEL_CONFLICT
refined_757f66308a3bb093b116,rec_258acae146eb3b892194,2,2,0,Potato healthy,PLDD-UP,direct representative match: dHash<=4 + pHash + geometry + ORB/RANSAC,0,0,0,0,0.95375000,0.95375000,0.99868938,0.99868938,VERIFIED_NEAR_DUPLICATE
refined_b24d8edcff8e8d592389,rec_259b275d1446fdfe5cf7,2,2,0,Potato healthy,PLDD-UP,direct representative match: dHash<=4 + pHash + geometry + ORB/RANSAC,0,0,0,0,0.94500000,0.94500000,1.00000000,1.00000000,VERIFIED_NEAR_DUPLICATE
refined_12ec4d8eb7c0ba96deee,rec_259b4b2ceb6299cc9343,2,2,0,Corn healthy,Seasonal Corn Leaf Disease Dataset,direct representative match: dHash<=4 + pHash + geometry + ORB/RANSAC,1,1,0,0,0.93433653,0.93433653,0.99414348,0.99414348,VERIFIED_NEAR_DUPLICATE
refined_b6f121c7dd503fcc8bbd,rec_259bcaacf098241afcd8,4,4,0,Potato healthy,PLDD-UP,direct representative match: dHash<=4 + pHash + geometry + ORB/RANSAC,0,4,0,2,0.54375000,0.72625000,0.79405520,0.97934596,VERIFIED_NEAR_DUPLICATE
refined_dcebfcff1471fcb9911c,rec_259e08e178c49f7a8f60,2,2,0,Potato healthy,PLDD-UP,direct representative match: dHash<=4 + pHash + geometry + ORB/RANSAC,0,0,0,0,0.96125000,0.96125000,0.99869961,0.99869961,VERIFIED_NEAR_DUPLICATE
refined_af1c0e28cf2204b362de,rec_259f15e8b6d97af8ada5,2,2,0,Potato healthy,PLDD-UP,direct representative match: dHash<=4 + pHash + geometry + ORB/RANSAC,0,0,0,0,0.95796848,0.95796848,0.99817185,0.99817185,VERIFIED_NEAR_DUPLICATE
refined_80afe2b6ce1542cf3281,rec_25e4fc6865ed57ccff45,2,2,0,Corn healthy,Seasonal Corn Leaf Disease Dataset,direct representative match: dHash<=4 + pHash + geometry + ORB/RANSAC,0,0,0,0,0.90704225,0.90704225,0.99689441,0.99689441,VERIFIED_NEAR_DUPLICATE
refined_b58aa55254dc217a316e,rec_25f0faf4a772411fd774,2,2,0,Potato healthy,PLDD-UP,direct representative match: dHash<=4 + pHash + geometry + ORB/RANSAC,0,0,0,0,0.92722710,0.92722710,0.99729364,0.99729364,VERIFIED_NEAR_DUPLICATE
refined_55b2f6c51875b73f8dd9,rec_260ffab12fbf5375d06d,2,2,0,Potato healthy,PLDD-UP,direct representative match: dHash<=4 + pHash + geometry + ORB/RANSAC,0,0,0,0,0.92500000,0.92500000,0.99594595,0.99594595,VERIFIED_NEAR_DUPLICATE
refined_b818041f8d7ae7f633fb,rec_26127ebdb9a485951b42,2,2,0,Potato healthy,PLDD-UP,direct representative match: dHash<=4 + pHash + geometry + ORB/RANSAC,0,0,0,0,0.93000000,0.93000000,0.99865591,0.99865591,VERIFIED_NEAR_DUPLICATE
refined_4253c22b4467fed52894,rec_263564377acad286d21a,3,3,0,Potato Late blight,PLDD-UP,direct representative match: dHash<=4 + pHash + geometry + ORB/RANSAC,0,0,0,0,0.86750000,0.87500000,0.98991354,0.99142857,VERIFIED_NEAR_DUPLICATE
refined_2614a3746c19919e6480,rec_2641f2aeec6c0f2653f0,2,2,0,Corn healthy,Seasonal Corn Leaf Disease Dataset,direct representative match: dHash<=4 + pHash + geometry + ORB/RANSAC,0,0,0,0,0.94552529,0.94552529,0.99725652,0.99725652,VERIFIED_NEAR_DUPLICATE
refined_1612efbbc47a616de82a,rec_2643289f4b5a07f4aa06,2,2,0,Potato healthy,PLDD-UP,direct representative match: dHash<=4 + pHash + geometry + ORB/RANSAC,0,0,0,0,0.95640327,0.95640327,1.00000000,1.00000000,VERIFIED_NEAR_DUPLICATE
refined_c63111d7c32bea188391,rec_2668fb3a513670debb52,2,2,0,Potato Late blight,PLDD-UP,direct representative match: dHash<=4 + pHash + geometry + ORB/RANSAC,3,3,4,4,0.65250000,0.65250000,0.74904215,0.74904215,VERIFIED_NEAR_DUPLICATE
refined_0be8b35b170f0d086ef7,rec_2673bb1e77183e402fcb,2,2,0,Potato healthy,PLDD-UP,direct representative match: dHash<=4 + pHash + geometry + ORB/RANSAC,0,0,0,0,0.96500000,0.96500000,1.00000000,1.00000000,VERIFIED_NEAR_DUPLICATE
refined_dd9af2078efa2a959e92,rec_26996023ec52d7c7bbfb,3,3,0,Potato healthy,PLDD-UP,direct representative match: dHash<=4 + pHash + geometry + ORB/RANSAC,0,4,0,2,0.61171662,0.83356071,0.95090016,0.95768374,VERIFIED_NEAR_DUPLICATE
refined_d68ddf8fe669df7c1049,rec_26a8f4e5306641711b36,2,2,0,Corn healthy,Seasonal Corn Leaf Disease Dataset,direct representative match: dHash<=4 + pHash + geometry + ORB/RANSAC,0,0,0,0,0.91409396,0.91409396,0.99706314,0.99706314,VERIFIED_NEAR_DUPLICATE
refined_bf0bc7dc1243dbbeb6cd,rec_26ea6d9d04276f5b63d2,2,2,0,Potato healthy,PLDD-UP,direct representative match: dHash<=4 + pHash + geometry + ORB/RANSAC,0,0,0,0,0.96713021,0.96713021,0.99084967,0.99084967,VERIFIED_NEAR_DUPLICATE
refined_86a0ff9de248573ddbee,rec_26ffcefa4cb9153f3164,2,2,0,Potato Early blight,PLDD-UP,direct representative match: dHash<=4 + pHash + geometry + ORB/RANSAC,2,2,2,2,0.40125000,0.40125000,0.74766355,0.74766355,VERIFIED_NEAR_DUPLICATE
refined_a259943a7e313cff5935,rec_270378483e104a246ba8,2,2,0,Potato healthy,PLDD-UP,direct representative match: dHash<=4 + pHash + geometry + ORB/RANSAC,0,0,0,0,0.99494311,0.99494311,1.00000000,1.00000000,VERIFIED_NEAR_DUPLICATE
refined_475b1517abf0873a4e2a,rec_270442fef2598b754f94,2,2,0,Potato Late blight,PLDD-UP,direct representative match: dHash<=4 + pHash + geometry + ORB/RANSAC,3,3,4,4,0.77005348,0.77005348,0.95486111,0.95486111,VERIFIED_NEAR_DUPLICATE
refined_182b0074bee5ee7d6980,rec_2709db308448956ecce7,2,2,0,Corn healthy,Seasonal Corn Leaf Disease Dataset,direct representative match: dHash<=4 + pHash + geometry + ORB/RANSAC,1,1,0,0,0.88955224,0.88955224,0.99328859,0.99328859,VERIFIED_NEAR_DUPLICATE
refined_f2fd808adced3624705a,rec_270e54b57e7c439a4fcf,2,2,0,Corn healthy,Seasonal Corn Leaf Disease Dataset,direct representative match: dHash<=4 + pHash + geometry + ORB/RANSAC,2,2,0,0,0.91994382,0.91994382,0.99847328,0.99847328,VERIFIED_NEAR_DUPLICATE
refined_64cbcf9e5a1d45224e60,rec_271510e10f8a470e7937,4,4,0,Potato healthy,PLDD-UP,direct representative match: dHash<=4 + pHash + geometry + ORB/RANSAC,0,0,0,2,0.60625000,0.95125000,0.83711340,1.00000000,VERIFIED_NEAR_DUPLICATE
refined_d4671d9fc945509cf342,rec_271b411e3abb7fedb144,3,3,0,Potato Early blight | Potato healthy,PLDD-UP,direct representative match: dHash<=4 + pHash + geometry + ORB/RANSAC,0,0,0,0,0.95500000,0.95625000,0.99738220,1.00000000,VERIFIED_LABEL_CONFLICT
refined_f0dae116cda1f1b7ccdc,rec_2721b35d547021825e71,3,3,0,Potato healthy,PLDD-UP,direct representative match: dHash<=4 + pHash + geometry + ORB/RANSAC,0,0,0,2,0.93250000,0.95125000,1.00000000,1.00000000,VERIFIED_NEAR_DUPLICATE
refined_a5065a9d476c3b4fd94a,rec_275f5937a37f06103346,2,2,0,Potato healthy,PLDD-UP,direct representative match: dHash<=4 + pHash + geometry + ORB/RANSAC,2,2,2,2,0.75129534,0.75129534,0.99137931,0.99137931,VERIFIED_NEAR_DUPLICATE
refined_dd3047af41af9d236236,rec_2766d1657c4a05aa02b1,2,2,0,Potato healthy,PLDD-UP,direct representative match: dHash<=4 + pHash + geometry + ORB/RANSAC,0,0,0,0,0.78500000,0.78500000,0.99522293,0.99522293,VERIFIED_NEAR_DUPLICATE
refined_ed21b9389be99b75f019,rec_276a6f7f86ed3d406625,2,2,0,Potato healthy,PLDD-UP,direct representative match: dHash<=4 + pHash + geometry + ORB/RANSAC,1,1,0,0,0.76375000,0.76375000,0.97872340,0.97872340,VERIFIED_NEAR_DUPLICATE
refined_b1abaa2a318b51d1d7e0,rec_2777ba911db3b7177a41,2,2,0,Corn healthy,Seasonal Corn Leaf Disease Dataset,direct representative match: dHash<=4 + pHash + geometry + ORB/RANSAC,0,0,0,0,0.90836653,0.90836653,0.98830409,0.98830409,VERIFIED_NEAR_DUPLICATE
refined_dd01248db4fe1eae79cf,rec_277dad76f619f930b4c1,2,2,0,Corn healthy,Seasonal Corn Leaf Disease Dataset,direct representative match: dHash<=4 + pHash + geometry + ORB/RANSAC,0,0,0,0,0.91834003,0.91834003,0.99562682,0.99562682,VERIFIED_NEAR_DUPLICATE
refined_781a7cb650a9c3986aa4,rec_279f6c74a8e7276c4a39,2,2,0,Potato healthy,PLDD-UP,direct representative match: dHash<=4 + pHash + geometry + ORB/RANSAC,0,0,0,0,0.96000000,0.96000000,1.00000000,1.00000000,VERIFIED_NEAR_DUPLICATE
refined_e41a9176db8a09157f7d,rec_279faeaf44a52a1dc9d1,2,2,0,Potato healthy,PLDD-UP,direct representative match: dHash<=4 + pHash + geometry + ORB/RANSAC,3,3,0,0,0.78625000,0.78625000,0.98251192,0.98251192,VERIFIED_NEAR_DUPLICATE
refined_8d3d4a6950bbadf59072,rec_27b9c5c5d54a9c376f52,2,2,0,Potato healthy,PLDD-UP,direct representative match: dHash<=4 + pHash + geometry + ORB/RANSAC,0,0,2,2,0.82000000,0.82000000,0.99085366,0.99085366,VERIFIED_NEAR_DUPLICATE
refined_2baaee1792982949283b,rec_27c24df8aa8922ae1821,2,2,0,Potato healthy,PLDD-UP,direct representative match: dHash<=4 + pHash + geometry + ORB/RANSAC,0,0,0,0,0.99366286,0.99366286,1.00000000,1.00000000,VERIFIED_NEAR_DUPLICATE
refined_63710dc16d83fcfd3f67,rec_27c89f14731568862389,2,2,0,Corn healthy,Seasonal Corn Leaf Disease Dataset,direct representative match: dHash<=4 + pHash + geometry + ORB/RANSAC,1,1,0,0,0.92608089,0.92608089,0.99849398,0.99849398,VERIFIED_NEAR_DUPLICATE
refined_c0dc1918fed3e19421a1,rec_27ce7968ba08e9c7f89e,2,2,0,Potato Late blight,PLDD-UP,direct representative match: dHash<=4 + pHash + geometry + ORB/RANSAC,2,2,4,4,0.72868217,0.72868217,0.98758865,0.98758865,VERIFIED_NEAR_DUPLICATE
refined_68b14549c3631792e049,rec_27d069c3c4a42a09d099,2,2,0,Potato Late blight,PLDD-UP,direct representative match: dHash<=4 + pHash + geometry + ORB/RANSAC,2,2,4,4,0.55250000,0.55250000,0.82126697,0.82126697,VERIFIED_NEAR_DUPLICATE
refined_02105d6961c9be435ad3,rec_27d814868f7f6cf69a40,2,2,0,Potato Late blight,PLDD-UP,direct representative match: dHash<=4 + pHash + geometry + ORB/RANSAC,0,0,0,0,0.72093023,0.72093023,0.96572581,0.96572581,VERIFIED_NEAR_DUPLICATE
refined_e46edbf6215a4c0b6a55,rec_27e468536bcc95c2a901,2,2,0,Potato Early blight | Potato Late blight,PLDD-UP,direct representative match: dHash<=4 + pHash + geometry + ORB/RANSAC,0,0,8,8,0.47478992,0.47478992,0.96460177,0.96460177,VERIFIED_LABEL_CONFLICT
refined_4a7825554a40b4712edd,rec_27f09a478f6a1781dd2f,2,2,0,Potato healthy,PLDD-UP,direct representative match: dHash<=4 + pHash + geometry + ORB/RANSAC,0,0,0,0,0.92625000,0.92625000,0.99730094,0.99730094,VERIFIED_NEAR_DUPLICATE
refined_91349453b6d3bbca2fd6,rec_281347d45d4bcadc7609,2,2,0,Potato Early blight,PLDD-UP,direct representative match: dHash<=4 + pHash + geometry + ORB/RANSAC,0,0,2,2,0.56314433,0.56314433,0.82837529,0.82837529,VERIFIED_NEAR_DUPLICATE
refined_02bf5ca725633b8f367c,rec_28164fa339988fa87684,2,2,0,Potato healthy,PLDD-UP,direct representative match: dHash<=4 + pHash + geometry + ORB/RANSAC,0,0,0,0,0.96750000,0.96750000,1.00000000,1.00000000,VERIFIED_NEAR_DUPLICATE
refined_fc0cda0e6b257c39f3e6,rec_28369f4d0853e2080c15,2,2,0,Potato healthy,PLDD-UP,direct representative match: dHash<=4 + pHash + geometry + ORB/RANSAC,0,0,0,0,0.96328671,0.96328671,0.99818512,0.99818512,VERIFIED_NEAR_DUPLICATE
refined_c3145032d34a4e32cca6,rec_2836adad13684a62f424,2,2,0,Potato healthy,PLDD-UP,direct representative match: dHash<=4 + pHash + geometry + ORB/RANSAC,0,0,0,0,0.90125000,0.90125000,0.99722607,0.99722607,VERIFIED_NEAR_DUPLICATE
refined_e81a65c885b933820864,rec_28427ae319aee4aef116,2,2,0,Potato healthy,PLDD-UP,direct representative match: dHash<=4 + pHash + geometry + ORB/RANSAC,2,2,2,2,0.77000000,0.77000000,0.99512987,0.99512987,VERIFIED_NEAR_DUPLICATE
refined_73f61efc289dd81f8c9e,rec_285a95f0c9170c234bf7,2,2,0,Potato healthy,PLDD-UP,direct representative match: dHash<=4 + pHash + geometry + ORB/RANSAC,0,0,0,0,0.94500000,0.94500000,0.99735450,0.99735450,VERIFIED_NEAR_DUPLICATE
refined_6c92171c1a6e3aea42b1,rec_286cf2f5740d9ca3b4fb,2,2,0,Potato Early blight,PLDD-UP,direct representative match: dHash<=4 + pHash + geometry + ORB/RANSAC,0,0,2,2,0.70290771,0.70290771,0.95683453,0.95683453,VERIFIED_NEAR_DUPLICATE
refined_6c4120849e0047e40236,rec_286e33da11986161308e,2,2,0,Potato Early blight | Potato Late blight,PLDD-UP,direct representative match: dHash<=4 + pHash + geometry + ORB/RANSAC,1,1,4,4,0.53980583,0.53980583,0.85251799,0.85251799,VERIFIED_LABEL_CONFLICT
refined_7bd206464327fe38fd9a,rec_286e52492e3fd08a6c40,2,2,0,Potato healthy,PLDD-UP,direct representative match: dHash<=4 + pHash + geometry + ORB/RANSAC,1,1,0,0,0.70800000,0.70800000,0.99058380,0.99058380,VERIFIED_NEAR_DUPLICATE
refined_32e98bb45f2df03d5526,rec_2879253682ef17447c62,2,2,0,Corn healthy,Seasonal Corn Leaf Disease Dataset,direct representative match: dHash<=4 + pHash + geometry + ORB/RANSAC,0,0,0,0,0.91264668,0.91264668,0.99714286,0.99714286,VERIFIED_NEAR_DUPLICATE
refined_f332771b6643bcb75095,rec_28a0d611cf25404c0a28,2,2,0,Potato healthy,PLDD-UP,direct representative match: dHash<=4 + pHash + geometry + ORB/RANSAC,0,0,2,2,0.96125000,0.96125000,0.99739922,0.99739922,VERIFIED_NEAR_DUPLICATE
refined_a7a1e031ff959a94fa1c,rec_28a801afbc5ffb6632be,2,2,0,Potato healthy,PLDD-UP,direct representative match: dHash<=4 + pHash + geometry + ORB/RANSAC,0,0,0,0,0.95454545,0.95454545,1.00000000,1.00000000,VERIFIED_NEAR_DUPLICATE
refined_80966270a8ddc4d66919,rec_28b0c6650ddc42b23aba,2,2,0,Potato healthy,PLDD-UP,direct representative match: dHash<=4 + pHash + geometry + ORB/RANSAC,1,1,2,2,0.77125000,0.77125000,0.96920583,0.96920583,VERIFIED_NEAR_DUPLICATE
refined_dad35920c5aca119e069,rec_28bef20be866e0502168,2,2,0,Corn healthy,Seasonal Corn Leaf Disease Dataset,direct representative match: dHash<=4 + pHash + geometry + ORB/RANSAC,0,0,0,0,0.95822454,0.95822454,0.99863760,0.99863760,VERIFIED_NEAR_DUPLICATE
refined_7bd28241fe223894b8e6,rec_28c357a356d6a5d74005,2,2,0,Potato healthy,PLDD-UP,direct representative match: dHash<=4 + pHash + geometry + ORB/RANSAC,0,0,0,0,0.99750000,0.99750000,1.00000000,1.00000000,VERIFIED_NEAR_DUPLICATE
refined_df0181ab400029b84477,rec_28cb5fb7e7cb927b669e,2,2,0,Corn healthy,Seasonal Corn Leaf Disease Dataset,direct representative match: dHash<=4 + pHash + geometry + ORB/RANSAC,2,2,0,0,0.93758300,0.93758300,0.99716714,0.99716714,VERIFIED_NEAR_DUPLICATE
refined_6d1a6284d311275536e5,rec_28d2a481fe05513e1ce4,2,2,0,Potato Late blight,PLDD-UP,direct representative match: dHash<=4 + pHash + geometry + ORB/RANSAC,0,0,4,4,0.69889503,0.69889503,0.98616601,0.98616601,VERIFIED_NEAR_DUPLICATE
refined_2e92a6f241d226d979b4,rec_28e61f60c3b9fb8f571e,2,2,0,Corn healthy,Seasonal Corn Leaf Disease Dataset,direct representative match: dHash<=4 + pHash + geometry + ORB/RANSAC,0,0,0,0,0.91079137,0.91079137,0.99684044,0.99684044,VERIFIED_NEAR_DUPLICATE
refined_1854da15880a7f7577b3,rec_28e76dca1397cabe7604,2,2,0,Corn healthy,Seasonal Corn Leaf Disease Dataset,direct representative match: dHash<=4 + pHash + geometry + ORB/RANSAC,1,1,0,0,0.93793103,0.93793103,0.99852941,0.99852941,VERIFIED_NEAR_DUPLICATE
refined_a39a4a154958323e5ba9,rec_290089fe6edca6cb1a88,2,2,0,Potato healthy,PLDD-UP,direct representative match: dHash<=4 + pHash + geometry + ORB/RANSAC,0,0,0,0,0.95375000,0.95375000,1.00000000,1.00000000,VERIFIED_NEAR_DUPLICATE
refined_dddc10ef992374fcd57f,rec_290ae3773da4a095b67f,3,3,0,Corn Cercospora leaf spot | Corn healthy,Seasonal Corn Leaf Disease Dataset,direct representative match: dHash<=4 + pHash + geometry + ORB/RANSAC,0,2,0,0,0.88268156,0.88268156,0.99841772,1.00000000,VERIFIED_LABEL_CONFLICT
refined_1be2c4201a1e5c02ebe5,rec_290f5f63d229bbe1f46a,2,2,0,Potato healthy,PLDD-UP,direct representative match: dHash<=4 + pHash + geometry + ORB/RANSAC,0,0,0,0,0.95419847,0.95419847,1.00000000,1.00000000,VERIFIED_NEAR_DUPLICATE
refined_59bffabb22269d1b7db8,rec_2913bc291e132c983f44,2,2,0,Potato healthy,PLDD-UP,direct representative match: dHash<=4 + pHash + geometry + ORB/RANSAC,0,0,0,0,0.99375000,0.99375000,1.00000000,1.00000000,VERIFIED_NEAR_DUPLICATE
refined_2b07d0a342d06e5125cc,rec_29229d9ca17694424e0d,2,2,0,Potato healthy,PLDD-UP,direct representative match: dHash<=4 + pHash + geometry + ORB/RANSAC,0,0,0,0,0.94522293,0.94522293,0.99730458,0.99730458,VERIFIED_NEAR_DUPLICATE
refined_110eaec67dcbef100436,rec_294560117b4d346d5bba,3,3,0,Potato healthy,PLDD-UP,direct representative match: dHash<=4 + pHash + geometry + ORB/RANSAC,0,0,0,0,0.78800558,0.80872011,0.99478261,0.99646018,VERIFIED_NEAR_DUPLICATE
refined_9704a8066891769de49f,rec_294edd88d796d1f0cded,2,2,0,Potato Late blight,PLDD-UP,direct representative match: dHash<=4 + pHash + geometry + ORB/RANSAC,1,1,4,4,0.51836158,0.51836158,0.85831063,0.85831063,VERIFIED_NEAR_DUPLICATE
refined_b24ce14ad94e05917d69,rec_297d3b9e3fb52d9a0cea,2,2,0,Potato healthy,PLDD-UP,direct representative match: dHash<=4 + pHash + geometry + ORB/RANSAC,0,0,0,0,0.95750000,0.95750000,0.99738903,0.99738903,VERIFIED_NEAR_DUPLICATE
refined_089377d4db0ee674653f,rec_2987e1b839cfbe006169,2,2,0,Corn healthy,Seasonal Corn Leaf Disease Dataset,direct representative match: dHash<=4 + pHash + geometry + ORB/RANSAC,1,1,0,0,0.89494163,0.89494163,0.99130435,0.99130435,VERIFIED_NEAR_DUPLICATE
refined_d6db869789ca1a9c41c6,rec_298b18bc8b763d9a5650,3,3,0,Potato healthy,PLDD-UP,direct representative match: dHash<=4 + pHash + geometry + ORB/RANSAC,0,0,0,0,0.72178478,0.99606299,0.99454545,1.00000000,VERIFIED_NEAR_DUPLICATE
refined_ed2c7fd514b7bbec2a29,rec_298d36490978ba35a3c1,2,2,0,Corn healthy,Seasonal Corn Leaf Disease Dataset,direct representative match: dHash<=4 + pHash + geometry + ORB/RANSAC,0,0,0,0,0.92266667,0.92266667,0.99566474,0.99566474,VERIFIED_NEAR_DUPLICATE
refined_2f3c875bba3efb75ad3b,rec_29a291e042e0bae37985,3,3,0,Potato Late blight,PLDD-UP,direct representative match: dHash<=4 + pHash + geometry + ORB/RANSAC,3,3,2,2,0.64305177,0.66760563,0.96202532,0.97033898,VERIFIED_NEAR_DUPLICATE
refined_6accfb17459755b9827b,rec_29b51d2bad3125b95d10,2,2,0,Potato Late blight,PLDD-UP,direct representative match: dHash<=4 + pHash + geometry + ORB/RANSAC,3,3,4,4,0.68658892,0.68658892,0.96178344,0.96178344,VERIFIED_NEAR_DUPLICATE
refined_acb680167de5aca4d132,rec_29e8266ce2d265147c39,2,2,0,Potato Early blight,PLDD-UP,direct representative match: dHash<=4 + pHash + geometry + ORB/RANSAC,2,2,4,4,0.42575558,0.42575558,0.82407407,0.82407407,VERIFIED_NEAR_DUPLICATE
refined_df78472f4ceea4ee7642,rec_29ebc754657f7353d41c,2,2,0,Corn healthy,Seasonal Corn Leaf Disease Dataset,direct representative match: dHash<=4 + pHash + geometry + ORB/RANSAC,0,0,0,0,0.86370597,0.86370597,0.99468085,0.99468085,VERIFIED_NEAR_DUPLICATE
refined_b435b5de038732f689c3,rec_29fb3e1b5e7c4c74c4e4,2,2,0,Potato healthy,PLDD-UP,direct representative match: dHash<=4 + pHash + geometry + ORB/RANSAC,0,0,0,0,0.99375000,0.99375000,1.00000000,1.00000000,VERIFIED_NEAR_DUPLICATE
refined_8c8443e3392ab055eab3,rec_2a19bf6477ed5839e175,2,2,0,Corn healthy,Seasonal Corn Leaf Disease Dataset,direct representative match: dHash<=4 + pHash + geometry + ORB/RANSAC,0,0,0,0,0.87951807,0.87951807,0.99608611,0.99608611,VERIFIED_NEAR_DUPLICATE
refined_bc5dc4378454e536c801,rec_2a28656d87a39d237e24,3,3,0,Potato healthy,PLDD-UP,direct representative match: dHash<=4 + pHash + geometry + ORB/RANSAC,0,0,0,0,0.95375000,0.95500000,0.99868938,1.00000000,VERIFIED_NEAR_DUPLICATE
refined_3fc396d7f92f284a1f0b,rec_2a2c28565463493a6579,2,2,0,Corn healthy,Seasonal Corn Leaf Disease Dataset,direct representative match: dHash<=4 + pHash + geometry + ORB/RANSAC,1,1,0,0,0.92602041,0.92602041,1.00000000,1.00000000,VERIFIED_NEAR_DUPLICATE
refined_49f9b70c49785fdfe319,rec_2a34fa603ab4defb3af4,2,2,0,Corn healthy,Seasonal Corn Leaf Disease Dataset,direct representative match: dHash<=4 + pHash + geometry + ORB/RANSAC,1,1,0,0,0.92941176,0.92941176,1.00000000,1.00000000,VERIFIED_NEAR_DUPLICATE
refined_a1473499c70d17273925,rec_2a412513cb9c4981153b,6,6,0,Potato healthy,PLDD-UP,direct representative match: dHash<=4 + pHash + geometry + ORB/RANSAC,1,2,0,2,0.78125000,0.97125000,0.77093207,0.99742600,VERIFIED_NEAR_DUPLICATE
refined_a9bc8d8dde9dc297106d,rec_2a4e8963f7f2de4860fd,2,2,0,Potato healthy,PLDD-UP,direct representative match: dHash<=4 + pHash + geometry + ORB/RANSAC,0,0,0,0,0.95220126,0.95220126,0.99471598,0.99471598,VERIFIED_NEAR_DUPLICATE
refined_e80c9dd49dfc4007e21a,rec_2a5acc15fd3327666564,2,2,0,Potato healthy,PLDD-UP,direct representative match: dHash<=4 + pHash + geometry + ORB/RANSAC,0,0,0,0,0.95500000,0.95500000,0.99345550,0.99345550,VERIFIED_NEAR_DUPLICATE
refined_4a48717060b2b960b6cc,rec_2a5e60980056c0fcfb2d,2,2,0,Potato Early blight,PLDD-UP,direct representative match: dHash<=4 + pHash + geometry + ORB/RANSAC,0,0,2,2,0.65364583,0.65364583,0.88446215,0.88446215,VERIFIED_NEAR_DUPLICATE
refined_1fd1cbfcfa077b527c66,rec_2a64ad8b5fac140584dd,2,2,0,Corn healthy,Seasonal Corn Leaf Disease Dataset,direct representative match: dHash<=4 + pHash + geometry + ORB/RANSAC,1,1,0,0,0.94780220,0.94780220,0.99855072,0.99855072,VERIFIED_NEAR_DUPLICATE
refined_4c84e4ce78a0e9c326c7,rec_2a71b40798dd71cf26ad,2,2,0,Potato Late blight,PLDD-UP,direct representative match: dHash<=4 + pHash + geometry + ORB/RANSAC,1,1,4,4,0.68478261,0.68478261,0.98639456,0.98639456,VERIFIED_NEAR_DUPLICATE
refined_e022444220db1e6e7e3d,rec_2aa46c2db9f9fcb4002d,2,2,0,Potato Early blight,PLDD-UP,direct representative match: dHash<=4 + pHash + geometry + ORB/RANSAC,4,4,4,4,0.58125000,0.58125000,0.87526882,0.87526882,VERIFIED_NEAR_DUPLICATE
refined_dc575badca95560b142d,rec_2af79e8716b47f64be47,2,2,0,Potato Early blight,PLDD-UP,direct representative match: dHash<=4 + pHash + geometry + ORB/RANSAC,3,3,4,4,0.53925354,0.53925354,0.85918854,0.85918854,VERIFIED_NEAR_DUPLICATE
refined_4f73bffb65ea62b81aed,rec_2b0192eee7d7e371b139,2,2,0,Corn healthy,Seasonal Corn Leaf Disease Dataset,direct representative match: dHash<=4 + pHash + geometry + ORB/RANSAC,0,0,0,0,0.91409396,0.91409396,1.00000000,1.00000000,VERIFIED_NEAR_DUPLICATE
refined_5c67fa63a8370c4e69d1,rec_2b12a3db4e7847830fba,2,2,0,Potato healthy,PLDD-UP,direct representative match: dHash<=4 + pHash + geometry + ORB/RANSAC,0,0,0,0,1.00000000,1.00000000,1.00000000,1.00000000,VERIFIED_NEAR_DUPLICATE
refined_71161c4b75f62d1eee55,rec_2b24708917f2c6db9891,2,2,0,Corn healthy,Seasonal Corn Leaf Disease Dataset,direct representative match: dHash<=4 + pHash + geometry + ORB/RANSAC,1,1,0,0,0.92827586,0.92827586,0.99851412,0.99851412,VERIFIED_NEAR_DUPLICATE
refined_bdacf7317e0fc900845e,rec_2b27228dd87e63f5b4fc,2,2,0,Potato healthy,PLDD-UP,direct representative match: dHash<=4 + pHash + geometry + ORB/RANSAC,0,0,0,0,0.96625000,0.96625000,1.00000000,1.00000000,VERIFIED_NEAR_DUPLICATE
refined_adc367d9c5cb70f894ef,rec_2b2b324cbd20eaaecd6c,2,2,0,Potato healthy,PLDD-UP,direct representative match: dHash<=4 + pHash + geometry + ORB/RANSAC,0,0,0,0,0.98875000,0.98875000,0.99873578,0.99873578,VERIFIED_NEAR_DUPLICATE
refined_db4a792c975821d040a4,rec_2b359eb08a8426c02b29,2,2,0,Potato healthy,PLDD-UP,direct representative match: dHash<=4 + pHash + geometry + ORB/RANSAC,0,0,0,0,0.95375000,0.95375000,1.00000000,1.00000000,VERIFIED_NEAR_DUPLICATE
refined_3cd37414ceb027a14872,rec_2b4e448e58ba8733469e,2,2,0,Potato Late blight,PLDD-UP,direct representative match: dHash<=4 + pHash + geometry + ORB/RANSAC,1,1,4,4,0.64497041,0.64497041,0.90137615,0.90137615,VERIFIED_NEAR_DUPLICATE
refined_c470439de00da8c7ad5d,rec_2b53bcea679c188f87e0,2,2,0,Corn Cercospora leaf spot,Seasonal Corn Leaf Disease Dataset,direct representative match: dHash<=4 + pHash + geometry + ORB/RANSAC,0,0,0,0,0.93717277,0.93717277,1.00000000,1.00000000,VERIFIED_NEAR_DUPLICATE
refined_0639408af2bf76ce027c,rec_2b58462fab734703da54,2,2,0,Potato Early blight,PLDD-UP,direct representative match: dHash<=4 + pHash + geometry + ORB/RANSAC,0,0,4,4,0.64625000,0.64625000,0.94390716,0.94390716,VERIFIED_NEAR_DUPLICATE
refined_ab5f16a354c654be662d,rec_2b651595edc913b29020,2,2,0,Potato healthy,PLDD-UP,direct representative match: dHash<=4 + pHash + geometry + ORB/RANSAC,0,0,0,0,0.99746193,0.99746193,1.00000000,1.00000000,VERIFIED_NEAR_DUPLICATE
refined_0b0b540da1664884c321,rec_2b65cefd6cadca784b6e,2,2,0,Potato healthy,PLDD-UP,direct representative match: dHash<=4 + pHash + geometry + ORB/RANSAC,0,0,0,0,1.00000000,1.00000000,0.99875000,0.99875000,VERIFIED_NEAR_DUPLICATE
refined_28a8f0d205f744831259,rec_2b6a7a0ac75ff269402e,2,2,0,Potato healthy,PLDD-UP,direct representative match: dHash<=4 + pHash + geometry + ORB/RANSAC,0,0,0,0,0.98750000,0.98750000,1.00000000,1.00000000,VERIFIED_NEAR_DUPLICATE
refined_6df487f7d0ce87de4e1f,rec_2b74358a8ce5d2d2a4a8,2,2,0,Potato Late blight,PLDD-UP,direct representative match: dHash<=4 + pHash + geometry + ORB/RANSAC,2,2,2,2,0.70411985,0.70411985,0.86702128,0.86702128,VERIFIED_NEAR_DUPLICATE
refined_f43a1dbc329eebd6b48a,rec_2b7cad9fbdd7516c001f,2,2,0,Potato healthy,PLDD-UP,direct representative match: dHash<=4 + pHash + geometry + ORB/RANSAC,0,0,0,0,0.90794451,0.90794451,0.99583333,0.99583333,VERIFIED_NEAR_DUPLICATE
refined_74a873ecc531d5301591,rec_2b9d594e7bd51f685089,2,2,0,Potato healthy,PLDD-UP,direct representative match: dHash<=4 + pHash + geometry + ORB/RANSAC,1,1,2,2,0.81818182,0.81818182,1.00000000,1.00000000,VERIFIED_NEAR_DUPLICATE
refined_8f71cd7cdafe5b5dbca4,rec_2b9e4210feb99d300334,2,2,0,Potato healthy,PLDD-UP,direct representative match: dHash<=4 + pHash + geometry + ORB/RANSAC,0,0,0,0,0.95750000,0.95750000,0.99869452,0.99869452,VERIFIED_NEAR_DUPLICATE
refined_c675b037d17aea168336,rec_2ba4b5c70b5c4ac4d1dd,2,2,0,Potato healthy,PLDD-UP,direct representative match: dHash<=4 + pHash + geometry + ORB/RANSAC,0,0,0,0,0.95750000,0.95750000,1.00000000,1.00000000,VERIFIED_NEAR_DUPLICATE
refined_a5b3fd6b4ccfcd4ce04d,rec_2ba82ce465ed72d7bb17,4,4,0,Potato healthy,PLDD-UP,direct representative match: dHash<=4 + pHash + geometry + ORB/RANSAC,0,2,2,4,0.72646310,0.74201788,0.75731497,0.91593695,VERIFIED_NEAR_DUPLICATE
refined_c9daef551503355ebdad,rec_2bad6d983dbb8c24b971,2,2,0,Potato healthy,PLDD-UP,direct representative match: dHash<=4 + pHash + geometry + ORB/RANSAC,0,0,0,0,0.97750000,0.97750000,0.99744246,0.99744246,VERIFIED_NEAR_DUPLICATE
refined_ee4732582ec89c5a8d67,rec_2bbf5ad21dac058df17a,2,2,0,Corn healthy,Seasonal Corn Leaf Disease Dataset,direct representative match: dHash<=4 + pHash + geometry + ORB/RANSAC,0,0,0,0,0.88931298,0.88931298,0.99570815,0.99570815,VERIFIED_NEAR_DUPLICATE
refined_1f5ddf8fe4c9fe678d26,rec_2bc6f6c502179550134f,2,2,0,Potato healthy,PLDD-UP,direct representative match: dHash<=4 + pHash + geometry + ORB/RANSAC,0,0,0,0,0.77099237,0.77099237,0.98349835,0.98349835,VERIFIED_NEAR_DUPLICATE
refined_40dc94053d615b2d9ef5,rec_2bf61e062fd9b660e246,2,2,0,Potato healthy,PLDD-UP,direct representative match: dHash<=4 + pHash + geometry + ORB/RANSAC,0,0,0,0,0.95250000,0.95250000,0.99868766,0.99868766,VERIFIED_NEAR_DUPLICATE
refined_7f34eb343fa69cab192c,rec_2bfd9385f9414106d83b,2,2,0,Potato healthy,PLDD-UP,direct representative match: dHash<=4 + pHash + geometry + ORB/RANSAC,0,0,0,0,0.94750000,0.94750000,0.99736148,0.99736148,VERIFIED_NEAR_DUPLICATE
refined_6cd598641ab2735c894d,rec_2c07caec8272f676ad15,2,2,0,Potato Late blight,PLDD-UP,direct representative match: dHash<=4 + pHash + geometry + ORB/RANSAC,0,0,2,2,0.65100671,0.65100671,0.90463918,0.90463918,VERIFIED_NEAR_DUPLICATE
refined_d955ed4eda50d48be1b6,rec_2c160b0068ce48393eac,2,2,0,Potato Early blight,PLDD-UP,direct representative match: dHash<=4 + pHash + geometry + ORB/RANSAC,0,0,0,0,0.70435967,0.70435967,0.98065764,0.98065764,VERIFIED_NEAR_DUPLICATE
refined_76350fe51a765fe48eec,rec_2c267bfaa9b8bbe91b9b,2,2,0,Corn healthy,Seasonal Corn Leaf Disease Dataset,direct representative match: dHash<=4 + pHash + geometry + ORB/RANSAC,2,2,0,0,0.92720307,0.92720307,0.99311295,0.99311295,VERIFIED_NEAR_DUPLICATE
refined_6588eec33f9104a0bfce,rec_2c3f48a2bc4b7dcf807e,2,2,0,Potato healthy,PLDD-UP,direct representative match: dHash<=4 + pHash + geometry + ORB/RANSAC,0,0,0,0,0.95761589,0.95761589,0.99585062,0.99585062,VERIFIED_NEAR_DUPLICATE
refined_2971bcf2ea54551b59ae,rec_2c44d708f28d6b1ee68a,2,2,0,Potato Late blight,PLDD-UP,direct representative match: dHash<=4 + pHash + geometry + ORB/RANSAC,3,3,2,2,0.57125000,0.57125000,0.78555799,0.78555799,VERIFIED_NEAR_DUPLICATE
refined_361ee7b969ac43da814a,rec_2c54c8df904957490db6,2,2,0,Potato Late blight,PLDD-UP,direct representative match: dHash<=4 + pHash + geometry + ORB/RANSAC,4,4,2,2,0.71625000,0.71625000,0.96160558,0.96160558,VERIFIED_NEAR_DUPLICATE
refined_567f11c39377d4351446,rec_2c751355301ca228b8cb,2,2,0,Potato healthy,PLDD-UP,direct representative match: dHash<=4 + pHash + geometry + ORB/RANSAC,0,0,0,0,0.96055980,0.96055980,0.99867550,0.99867550,VERIFIED_NEAR_DUPLICATE
refined_901ced6c76ed987f21ea,rec_2c7a55ec2ffdefe055e0,2,2,0,Potato healthy,PLDD-UP,direct representative match: dHash<=4 + pHash + geometry + ORB/RANSAC,0,0,0,0,0.81125000,0.81125000,0.99075501,0.99075501,VERIFIED_NEAR_DUPLICATE
refined_d4c518ac15beaa82715e,rec_2c85b7ecbbab8dd829c6,2,2,0,Potato healthy,PLDD-UP,direct representative match: dHash<=4 + pHash + geometry + ORB/RANSAC,0,0,0,0,0.96875000,0.96875000,0.99870968,0.99870968,VERIFIED_NEAR_DUPLICATE
refined_199a3c770cc40353f4c1,rec_2c874d50e3ae4f3ab384,2,2,0,Potato healthy,PLDD-UP,direct representative match: dHash<=4 + pHash + geometry + ORB/RANSAC,0,0,0,0,0.94875000,0.94875000,1.00000000,1.00000000,VERIFIED_NEAR_DUPLICATE
refined_569eafa55599ba11e9e7,rec_2ca8896b59d03b482003,2,2,0,Potato Late blight,PLDD-UP,direct representative match: dHash<=4 + pHash + geometry + ORB/RANSAC,1,1,2,2,0.52875000,0.52875000,0.80614657,0.80614657,VERIFIED_NEAR_DUPLICATE
refined_e4686047c6314a8d7033,rec_2cba71526794abba3c85,2,2,0,Potato Early blight,PLDD-UP,direct representative match: dHash<=4 + pHash + geometry + ORB/RANSAC,4,4,2,2,0.45248227,0.45248227,0.83699060,0.83699060,VERIFIED_NEAR_DUPLICATE
refined_895d3356a24556393837,rec_2cbeccbe6964d3e498af,2,2,0,Potato Early blight,PLDD-UP,direct representative match: dHash<=4 + pHash + geometry + ORB/RANSAC,2,2,4,4,0.51767677,0.51767677,0.82195122,0.82195122,VERIFIED_NEAR_DUPLICATE
refined_d1b3f75e1274256e3b98,rec_2cbfcf4c90393ef5cc10,4,4,0,Potato healthy,PLDD-UP,direct representative match: dHash<=4 + pHash + geometry + ORB/RANSAC,0,0,0,2,0.27065026,0.95462478,0.84415584,1.00000000,VERIFIED_NEAR_DUPLICATE
refined_b2b634d4d65e51d70041,rec_2cc87b267e14c2aaf7e3,2,2,0,Corn healthy,Seasonal Corn Leaf Disease Dataset,direct representative match: dHash<=4 + pHash + geometry + ORB/RANSAC,1,1,0,0,0.93428571,0.93428571,1.00000000,1.00000000,VERIFIED_NEAR_DUPLICATE
refined_c07c180eabc559f6868b,rec_2cda868df19bd8f0ebb0,7,7,0,Potato healthy,PLDD-UP,direct representative match: dHash<=4 + pHash + geometry + ORB/RANSAC,0,3,2,4,0.48045397,0.78661616,0.82907662,0.99197432,VERIFIED_NEAR_DUPLICATE
refined_695156c05824cd84b90c,rec_2ce8658dbf471f53af39,2,2,0,Potato Early blight,PLDD-UP,direct representative match: dHash<=4 + pHash + geometry + ORB/RANSAC,2,2,2,2,0.43625000,0.43625000,0.75931232,0.75931232,VERIFIED_NEAR_DUPLICATE
refined_a7b659dd15ee2ff756f1,rec_2ceaf89e3bb9627d4dfe,3,3,0,Potato Late blight,PLDD-UP,direct representative match: dHash<=4 + pHash + geometry + ORB/RANSAC,0,1,0,2,0.65538462,0.73404255,0.97887324,0.99792961,VERIFIED_NEAR_DUPLICATE
refined_54fc412c375c5ebf4473,rec_2ced2d55f2492652bbfc,2,2,0,Potato healthy,PLDD-UP,direct representative match: dHash<=4 + pHash + geometry + ORB/RANSAC,0,0,0,0,0.80500000,0.80500000,0.96894410,0.96894410,VERIFIED_NEAR_DUPLICATE
refined_d3cc14f8dfb2317251d1,rec_2cef44c98db4640329f8,2,2,0,Corn healthy,Seasonal Corn Leaf Disease Dataset,direct representative match: dHash<=4 + pHash + geometry + ORB/RANSAC,1,1,0,0,0.94202899,0.94202899,0.99580420,0.99580420,VERIFIED_NEAR_DUPLICATE
refined_66976cbfb432bee65514,rec_2cf1a2f2a6b1a44528bc,4,4,0,Potato healthy,PLDD-UP,direct representative match: dHash<=4 + pHash + geometry + ORB/RANSAC,1,4,0,4,0.58500000,0.79375000,0.91596639,0.98897638,VERIFIED_NEAR_DUPLICATE
refined_2ae7b7957b0ec774c097,rec_2d03246198efd0ba7162,2,2,0,Corn Cercospora leaf spot,Seasonal Corn Leaf Disease Dataset,direct representative match: dHash<=4 + pHash + geometry + ORB/RANSAC,0,0,0,0,0.86556927,0.86556927,0.99841521,0.99841521,VERIFIED_NEAR_DUPLICATE
refined_672e8e66165c5c69c44e,rec_2d19189ebe8568d6989b,2,2,0,Potato healthy,PLDD-UP,direct representative match: dHash<=4 + pHash + geometry + ORB/RANSAC,1,1,0,0,0.81875000,0.81875000,0.99236641,0.99236641,VERIFIED_NEAR_DUPLICATE
refined_f12a54ad0cb428a2c543,rec_2d1a759e9d54f9cf8244,2,2,0,Potato healthy,PLDD-UP,direct representative match: dHash<=4 + pHash + geometry + ORB/RANSAC,0,0,0,0,0.95628415,0.95628415,0.99857143,0.99857143,VERIFIED_NEAR_DUPLICATE
refined_ea4bdb5fa4834e5ef3e7,rec_2d3715d91d19ec64af01,3,3,0,Potato Late blight,PLDD-UP,direct representative match: dHash<=4 + pHash + geometry + ORB/RANSAC,2,2,2,4,0.66539440,0.70483461,0.90072202,0.92734226,VERIFIED_NEAR_DUPLICATE
refined_322110a2008bfa2f6e7e,rec_2d4e8a701a44301fdce9,2,2,0,Potato healthy,PLDD-UP,direct representative match: dHash<=4 + pHash + geometry + ORB/RANSAC,2,2,0,0,0.80180180,0.80180180,0.98394864,0.98394864,VERIFIED_NEAR_DUPLICATE
refined_c77b559cfe7d54189938,rec_2d5295b624b20f4cf91d,2,2,0,Potato healthy,PLDD-UP,direct representative match: dHash<=4 + pHash + geometry + ORB/RANSAC,1,1,0,0,0.96000000,0.96000000,0.99479167,0.99479167,VERIFIED_NEAR_DUPLICATE
refined_ab55d5c8448048ee9db1,rec_2d5952857c10da1be85f,3,3,0,Potato Late blight,PLDD-UP,direct representative match: dHash<=4 + pHash + geometry + ORB/RANSAC,0,0,2,4,0.58412698,0.63809524,0.96019900,0.96739130,VERIFIED_NEAR_DUPLICATE
refined_21b1735665bdf1e70e02,rec_2d67844ef03d38087d66,2,2,0,Potato Late blight,PLDD-UP,direct representative match: dHash<=4 + pHash + geometry + ORB/RANSAC,3,3,2,2,0.64601770,0.64601770,0.73776908,0.73776908,VERIFIED_NEAR_DUPLICATE
refined_d6720507767de95ce641,rec_2d740f0344a154b09439,2,2,0,Potato Late blight,PLDD-UP,direct representative match: dHash<=4 + pHash + geometry + ORB/RANSAC,1,1,2,2,0.71375000,0.71375000,0.93345009,0.93345009,VERIFIED_NEAR_DUPLICATE
refined_9e446135004a5d0554b0,rec_2d88b8ae726815c21220,2,2,0,Potato healthy,PLDD-UP,direct representative match: dHash<=4 + pHash + geometry + ORB/RANSAC,0,0,0,0,0.95250000,0.95250000,1.00000000,1.00000000,VERIFIED_NEAR_DUPLICATE
refined_0372ef28d788889daaff,rec_2dd0269657e0b6d66a48,2,2,0,Potato healthy,PLDD-UP,direct representative match: dHash<=4 + pHash + geometry + ORB/RANSAC,0,0,0,0,0.94000000,0.94000000,0.99867021,0.99867021,VERIFIED_NEAR_DUPLICATE
refined_3bcb8c91e91359ad041c,rec_2dd5d55ff6f6bf191c40,2,2,0,Potato healthy,PLDD-UP,direct representative match: dHash<=4 + pHash + geometry + ORB/RANSAC,1,1,0,0,0.80500000,0.80500000,0.98757764,0.98757764,VERIFIED_NEAR_DUPLICATE
refined_736b9a0c1701bb6693f3,rec_2ddfbfcdc245b6d2d053,2,2,0,Potato healthy,PLDD-UP,direct representative match: dHash<=4 + pHash + geometry + ORB/RANSAC,0,0,0,0,0.96000000,0.96000000,0.99739583,0.99739583,VERIFIED_NEAR_DUPLICATE
refined_69fa29da96165884744f,rec_2df339efc4ccf5e29997,2,2,0,Potato healthy,PLDD-UP,direct representative match: dHash<=4 + pHash + geometry + ORB/RANSAC,0,0,0,0,0.86125000,0.86125000,0.99274311,0.99274311,VERIFIED_NEAR_DUPLICATE
refined_778913a8a4e59751affc,rec_2df4e12d7ddda074c8e8,2,2,0,Potato Late blight,PLDD-UP,direct representative match: dHash<=4 + pHash + geometry + ORB/RANSAC,3,3,4,4,0.63500000,0.63500000,0.90551181,0.90551181,VERIFIED_NEAR_DUPLICATE
refined_5c655a2c59f4c0f2c7d0,rec_2dfb84143b2227971b58,3,3,0,Potato Early blight,PLDD-UP,direct representative match: dHash<=4 + pHash + geometry + ORB/RANSAC,3,4,4,4,0.57000000,0.61375000,0.97148676,0.97587719,VERIFIED_NEAR_DUPLICATE
refined_a51581cc7988bb04aeb9,rec_2e248d3e3038afcfc4ed,2,2,0,Potato healthy,PLDD-UP,direct representative match: dHash<=4 + pHash + geometry + ORB/RANSAC,0,0,0,0,0.75500000,0.75500000,0.98675497,0.98675497,VERIFIED_NEAR_DUPLICATE
refined_189c20db8d9b30497d49,rec_2e30136ff112b27fe90a,2,2,0,Potato Early blight | Potato Late blight,PlantDoc,direct representative match: dHash<=4 + pHash + geometry + ORB/RANSAC,2,2,0,0,0.77500000,0.77500000,0.99677419,0.99677419,VERIFIED_LABEL_CONFLICT
refined_830df54c18fa3ebb6c7a,rec_2e39c08210e9519e4291,2,2,0,Potato healthy,PLDD-UP,direct representative match: dHash<=4 + pHash + geometry + ORB/RANSAC,0,0,0,0,0.96875000,0.96875000,1.00000000,1.00000000,VERIFIED_NEAR_DUPLICATE
refined_9a169e7c3627fb4363b5,rec_2e3ab0fef1522ac6cf79,3,3,0,Potato healthy,PLDD-UP,direct representative match: dHash<=4 + pHash + geometry + ORB/RANSAC,0,0,0,0,0.94375000,0.94875000,0.99602649,1.00000000,VERIFIED_NEAR_DUPLICATE
refined_17b368ac9a218cc7af4e,rec_2e480dacf1f0b54a48a6,2,2,0,Potato healthy,PLDD-UP,direct representative match: dHash<=4 + pHash + geometry + ORB/RANSAC,0,0,0,0,0.93375796,0.93375796,0.99863574,0.99863574,VERIFIED_NEAR_DUPLICATE
refined_56a182dc54372d5d34df,rec_2e5df593b49b17b0c73d,5,5,0,Potato Early blight,PLDD-UP,direct representative match: dHash<=4 + pHash + geometry + ORB/RANSAC,0,0,2,4,0.55440415,0.63082902,0.90022676,0.97946612,VERIFIED_NEAR_DUPLICATE
refined_9a90f7510e4a226bd2a1,rec_2e60cbf9db853d62efb4,2,2,0,Potato healthy,PLDD-UP,direct representative match: dHash<=4 + pHash + geometry + ORB/RANSAC,1,1,0,0,0.75035063,0.75035063,0.99439252,0.99439252,VERIFIED_NEAR_DUPLICATE
refined_016e5618aaf82e67cf48,rec_2e61591791df751b5d78,2,2,0,Corn healthy,Seasonal Corn Leaf Disease Dataset,direct representative match: dHash<=4 + pHash + geometry + ORB/RANSAC,0,0,0,0,0.93035480,0.93035480,1.00000000,1.00000000,VERIFIED_NEAR_DUPLICATE
refined_437d8105c1f575c09648,rec_2e655656c876ffcd4d19,2,2,0,Potato healthy,PLDD-UP,direct representative match: dHash<=4 + pHash + geometry + ORB/RANSAC,0,0,0,0,0.96000000,0.96000000,1.00000000,1.00000000,VERIFIED_NEAR_DUPLICATE
refined_6c86a8f316c18821ddb1,rec_2e85a52635265e3bd996,2,2,0,Potato healthy,PLDD-UP,direct representative match: dHash<=4 + pHash + geometry + ORB/RANSAC,0,0,2,2,0.77750000,0.77750000,0.99035370,0.99035370,VERIFIED_NEAR_DUPLICATE
refined_ca1c008ab98aa20d17e7,rec_2eb0028a2f2f33bc7434,2,2,0,Corn healthy,Seasonal Corn Leaf Disease Dataset,direct representative match: dHash<=4 + pHash + geometry + ORB/RANSAC,0,0,0,0,0.92996109,0.92996109,0.99581590,0.99581590,VERIFIED_NEAR_DUPLICATE
refined_1ead5a6c31be65131de0,rec_2ec695efbd4739951687,2,2,0,Potato healthy,PLDD-UP,direct representative match: dHash<=4 + pHash + geometry + ORB/RANSAC,0,0,0,0,0.95625000,0.95625000,0.99738562,0.99738562,VERIFIED_NEAR_DUPLICATE
refined_754d2e29065df30b89fd,rec_2ee781c56ba036598d40,2,2,0,Corn healthy,Seasonal Corn Leaf Disease Dataset,direct representative match: dHash<=4 + pHash + geometry + ORB/RANSAC,1,1,0,0,0.91468531,0.91468531,0.99847095,0.99847095,VERIFIED_NEAR_DUPLICATE
refined_d3405a2cc61f15bd7c70,rec_2ee9ae70003fd45b996d,2,2,0,Potato healthy,PLDD-UP,direct representative match: dHash<=4 + pHash + geometry + ORB/RANSAC,0,0,0,0,0.76375000,0.76375000,0.91162029,0.91162029,VERIFIED_NEAR_DUPLICATE
refined_325fd58b9d0c50af00b4,rec_2ef968aee1883275a0c0,2,2,0,Potato healthy,PLDD-UP,direct representative match: dHash<=4 + pHash + geometry + ORB/RANSAC,3,3,0,0,0.72513812,0.72513812,0.99619048,0.99619048,VERIFIED_NEAR_DUPLICATE
refined_4685b864e0a9805ecfb5,rec_2f02eb3aec9c29453edf,2,2,0,Potato Late blight,PLDD-UP,direct representative match: dHash<=4 + pHash + geometry + ORB/RANSAC,2,2,2,2,0.58970976,0.58970976,0.93512304,0.93512304,VERIFIED_NEAR_DUPLICATE
refined_a60b17d499d388d50015,rec_2f0b5c36f16d29fb9a7d,2,2,0,Corn healthy,Seasonal Corn Leaf Disease Dataset,direct representative match: dHash<=4 + pHash + geometry + ORB/RANSAC,0,0,0,0,0.90704225,0.90704225,0.99689441,0.99689441,VERIFIED_NEAR_DUPLICATE
refined_38b0938807f4bf85a967,rec_2f0d1a35a3bd72ef33d9,2,2,0,Potato healthy,PLDD-UP,direct representative match: dHash<=4 + pHash + geometry + ORB/RANSAC,0,0,0,0,0.99625000,0.99625000,1.00000000,1.00000000,VERIFIED_NEAR_DUPLICATE
refined_6f694ae65ff1540061a7,rec_2f1ac4274a01757b7ac6,2,2,0,Potato healthy,PLDD-UP,direct representative match: dHash<=4 + pHash + geometry + ORB/RANSAC,0,0,2,2,0.79222520,0.79222520,0.98138748,0.98138748,VERIFIED_NEAR_DUPLICATE
refined_fde41f356b07a7016841,rec_2f1ae6c85e4f9ebcf5c8,2,2,0,Potato Early blight,PLDD-UP,direct representative match: dHash<=4 + pHash + geometry + ORB/RANSAC,3,3,4,4,0.44125000,0.44125000,0.84985836,0.84985836,VERIFIED_NEAR_DUPLICATE
refined_765d7b64ea7b5a04b703,rec_2f395e797a8cd805d1c8,2,2,0,Potato healthy,PLDD-UP,direct representative match: dHash<=4 + pHash + geometry + ORB/RANSAC,0,0,0,0,0.95875000,0.95875000,1.00000000,1.00000000,VERIFIED_NEAR_DUPLICATE
refined_b873bb5c00cccb4cc5ef,rec_2f4bfe58a072e8333291,2,2,0,Potato healthy,PLDD-UP,direct representative match: dHash<=4 + pHash + geometry + ORB/RANSAC,0,0,0,0,0.96125000,0.96125000,0.99739922,0.99739922,VERIFIED_NEAR_DUPLICATE
refined_451fd73fc044c64b546f,rec_2f4eb49123189cb33cf7,2,2,0,Potato Late blight,PLDD-UP,direct representative match: dHash<=4 + pHash + geometry + ORB/RANSAC,4,4,4,4,0.43500000,0.43500000,0.81609195,0.81609195,VERIFIED_NEAR_DUPLICATE
refined_ee0fd6f91c5f37967c81,rec_2f65c05f4dc505c863ac,2,2,0,Corn healthy,Seasonal Corn Leaf Disease Dataset,direct representative match: dHash<=4 + pHash + geometry + ORB/RANSAC,1,1,0,0,0.93594771,0.93594771,0.99720670,0.99720670,VERIFIED_NEAR_DUPLICATE
refined_67adc34d70db75c076fc,rec_2f6b2f5c11721336dc6e,2,2,0,Corn healthy,Seasonal Corn Leaf Disease Dataset,direct representative match: dHash<=4 + pHash + geometry + ORB/RANSAC,1,1,0,0,0.91215227,0.91215227,0.99678973,0.99678973,VERIFIED_NEAR_DUPLICATE
refined_646c887f7b87bd3dd1ee,rec_2f74f35321814af8aa3e,2,2,0,Potato healthy,PLDD-UP,direct representative match: dHash<=4 + pHash + geometry + ORB/RANSAC,0,0,0,0,0.75750000,0.75750000,0.98184818,0.98184818,VERIFIED_NEAR_DUPLICATE
refined_02657faec7436d9b7420,rec_2f89567ca4bb2db8beed,3,3,0,Potato Early blight | Potato Late blight,PLDD-UP,direct representative match: dHash<=4 + pHash + geometry + ORB/RANSAC,0,0,2,4,0.58106169,0.68413598,0.81573499,0.95555556,VERIFIED_LABEL_CONFLICT
refined_dc9538c83e3b208561b7,rec_2fac9a7210ec19d4dd06,2,2,0,Potato Late blight,PLDD-UP,direct representative match: dHash<=4 + pHash + geometry + ORB/RANSAC,4,4,2,2,0.52411576,0.52411576,0.98466258,0.98466258,VERIFIED_NEAR_DUPLICATE
refined_fd0c84dd4f8443a836f9,rec_2fb98d78270f3cb4e768,2,2,0,Potato healthy,PLDD-UP,direct representative match: dHash<=4 + pHash + geometry + ORB/RANSAC,1,1,0,0,0.81750000,0.81750000,0.99235474,0.99235474,VERIFIED_NEAR_DUPLICATE
refined_4eb8cf6857be8bb61b7c,rec_2fc598a4122564b6b918,2,2,0,Potato healthy,PLDD-UP,direct representative match: dHash<=4 + pHash + geometry + ORB/RANSAC,0,0,0,0,0.99750000,0.99750000,1.00000000,1.00000000,VERIFIED_NEAR_DUPLICATE
refined_650e2110fcafaed2f059,rec_2fd8e8eded28e678156a,2,2,0,Potato Late blight,PLDD-UP,direct representative match: dHash<=4 + pHash + geometry + ORB/RANSAC,2,2,4,4,0.58375000,0.58375000,0.73661670,0.73661670,VERIFIED_NEAR_DUPLICATE
refined_e2e2dced141e50454782,rec_2fdd7a762797f69bc7ec,2,2,0,Potato healthy,PLDD-UP,direct representative match: dHash<=4 + pHash + geometry + ORB/RANSAC,0,0,2,2,0.95000000,0.95000000,0.99736842,0.99736842,VERIFIED_NEAR_DUPLICATE
refined_a792c350f7424b8ee808,rec_2ff4522fa9826979eb9f,2,2,0,Potato Early blight,PLDD-UP,direct representative match: dHash<=4 + pHash + geometry + ORB/RANSAC,0,0,4,4,0.72229465,0.72229465,0.91516245,0.91516245,VERIFIED_NEAR_DUPLICATE
refined_684c209543440a4bd4b3,rec_3000ac8b148883c75b88,2,2,0,Corn healthy,Seasonal Corn Leaf Disease Dataset,direct representative match: dHash<=4 + pHash + geometry + ORB/RANSAC,1,1,0,0,0.92626132,0.92626132,0.99720670,0.99720670,VERIFIED_NEAR_DUPLICATE
refined_8d3bab3cdd4f759651bd,rec_300b44e28862676b5979,2,2,0,Potato Early blight,PLDD-UP,direct representative match: dHash<=4 + pHash + geometry + ORB/RANSAC,3,3,4,4,0.53000000,0.53000000,0.79716981,0.79716981,VERIFIED_NEAR_DUPLICATE
refined_0d21ff142796a1d93e1d,rec_30142a6769946ee91fc7,2,2,0,Potato Late blight,PLDD-UP,direct representative match: dHash<=4 + pHash + geometry + ORB/RANSAC,4,4,0,0,0.55375000,0.55375000,0.89841986,0.89841986,VERIFIED_NEAR_DUPLICATE
refined_b6362951b790fea02203,rec_301cdf3bcd4484d3a2a2,2,2,0,Potato healthy,PLDD-UP,direct representative match: dHash<=4 + pHash + geometry + ORB/RANSAC,0,0,0,0,0.94625000,0.94625000,0.99867900,0.99867900,VERIFIED_NEAR_DUPLICATE
refined_8438de8e24c2ea4f9b9f,rec_30209bccb80ec5c210d9,2,2,0,Potato healthy,PLDD-UP,direct representative match: dHash<=4 + pHash + geometry + ORB/RANSAC,0,0,0,0,0.79125000,0.79125000,0.99684044,0.99684044,VERIFIED_NEAR_DUPLICATE
refined_9a75ece979cb110bf836,rec_3030f2203e42ad9cf86b,2,2,0,Potato healthy,PLDD-UP,direct representative match: dHash<=4 + pHash + geometry + ORB/RANSAC,1,1,0,0,0.94750656,0.94750656,0.99861496,0.99861496,VERIFIED_NEAR_DUPLICATE
refined_1cb872f3c995bd8c4d17,rec_3033a26ed5d548bf34e3,2,2,0,Potato Late blight,PLDD-UP,direct representative match: dHash<=4 + pHash + geometry + ORB/RANSAC,0,0,4,4,0.49811321,0.49811321,0.96969697,0.96969697,VERIFIED_NEAR_DUPLICATE
refined_c69fbdc169dc219d56f6,rec_3034ca8117ebd2dc198b,2,2,0,Potato healthy,PLDD-UP,direct representative match: dHash<=4 + pHash + geometry + ORB/RANSAC,0,0,0,0,0.95625000,0.95625000,0.99869281,0.99869281,VERIFIED_NEAR_DUPLICATE
refined_f5031810258781245ae2,rec_303a73c5b64a4cf91c34,3,3,0,Potato Late blight,PLDD-UP,direct representative match: dHash<=4 + pHash + geometry + ORB/RANSAC,1,1,4,4,0.65905383,0.66612642,0.93316832,0.95377129,VERIFIED_NEAR_DUPLICATE
refined_baa69bc3fab0ceaf9581,rec_3046af75631fef394833,2,2,0,Potato healthy,PLDD-UP,direct representative match: dHash<=4 + pHash + geometry + ORB/RANSAC,0,0,0,0,0.96310433,0.96310433,0.99867900,0.99867900,VERIFIED_NEAR_DUPLICATE
refined_409ec5acdb2e6ed30515,rec_304906a47fea4c2666d7,2,2,0,Potato healthy,PLDD-UP,direct representative match: dHash<=4 + pHash + geometry + ORB/RANSAC,0,0,0,0,0.78284182,0.78284182,0.98801370,0.98801370,VERIFIED_NEAR_DUPLICATE
refined_16c257902c5ab17bf8fb,rec_304fbe86e77d65525182,2,2,0,Potato healthy,PLDD-UP,direct representative match: dHash<=4 + pHash + geometry + ORB/RANSAC,0,0,0,0,0.99875000,0.99875000,1.00000000,1.00000000,VERIFIED_NEAR_DUPLICATE
refined_b24540a52dfaf49e3edf,rec_305378b65c7b83d40c24,2,2,0,Potato healthy,PLDD-UP,direct representative match: dHash<=4 + pHash + geometry + ORB/RANSAC,0,0,0,0,0.99750000,0.99750000,1.00000000,1.00000000,VERIFIED_NEAR_DUPLICATE
refined_a2e939dc6b369cfeeb23,rec_306f3954e06f8f987fb1,2,2,0,Corn healthy,Seasonal Corn Leaf Disease Dataset,direct representative match: dHash<=4 + pHash + geometry + ORB/RANSAC,0,0,2,2,0.91468531,0.91468531,0.99694190,0.99694190,VERIFIED_NEAR_DUPLICATE
refined_8e689f801b2b064c856f,rec_307c2db9477b462f4d22,2,2,0,Potato healthy,PLDD-UP,direct representative match: dHash<=4 + pHash + geometry + ORB/RANSAC,0,0,2,2,0.80500000,0.80500000,0.98913043,0.98913043,VERIFIED_NEAR_DUPLICATE
refined_37bbe804149bc7f4bade,rec_308bb6e0a2a56ef09e16,2,2,0,Potato healthy,PLDD-UP,direct representative match: dHash<=4 + pHash + geometry + ORB/RANSAC,0,0,0,0,0.72000000,0.72000000,0.98924731,0.98924731,VERIFIED_NEAR_DUPLICATE
refined_41adf6943d18a37a64bc,rec_3095775fe672d0dd7de3,2,2,0,Potato healthy,PLDD-UP,direct representative match: dHash<=4 + pHash + geometry + ORB/RANSAC,0,0,0,0,0.99622166,0.99622166,1.00000000,1.00000000,VERIFIED_NEAR_DUPLICATE
refined_76e489357372f8455452,rec_309c83d5397181e783d4,3,3,0,Potato Late blight,PLDD-UP,direct representative match: dHash<=4 + pHash + geometry + ORB/RANSAC,0,0,0,0,0.63497453,0.71157168,0.85828877,0.98786408,VERIFIED_NEAR_DUPLICATE
refined_a02f97d95b97b0fa7cb5,rec_30a540d65da9cf8fdab5,2,2,0,Potato Late blight,PLDD-UP,direct representative match: dHash<=4 + pHash + geometry + ORB/RANSAC,4,4,4,4,0.60000000,0.60000000,0.91875000,0.91875000,VERIFIED_NEAR_DUPLICATE
refined_06b998b6c03ea406badb,rec_30b9bbcee1bc7da86abc,2,2,0,Potato Late blight,PLDD-UP,direct representative match: dHash<=4 + pHash + geometry + ORB/RANSAC,2,2,4,4,0.62625000,0.62625000,0.86626747,0.86626747,VERIFIED_NEAR_DUPLICATE
refined_1d2ed6198d20120142c1,rec_30cc60b7748cbabd3dfb,2,2,0,Potato healthy,PLDD-UP,direct representative match: dHash<=4 + pHash + geometry + ORB/RANSAC,0,0,0,0,0.99750000,0.99750000,1.00000000,1.00000000,VERIFIED_NEAR_DUPLICATE
refined_53ed01d86d205843084c,rec_30d3bc8794cf7b343ef1,3,3,0,Potato Early blight,PLDD-UP,direct representative match: dHash<=4 + pHash + geometry + ORB/RANSAC,0,1,0,2,0.68445476,0.70765661,0.83050847,0.98032787,VERIFIED_NEAR_DUPLICATE
refined_36707c95c56eef505d40,rec_30d43917256270e61588,2,2,0,Potato healthy,PLDD-UP,direct representative match: dHash<=4 + pHash + geometry + ORB/RANSAC,0,0,0,0,0.79794080,0.79794080,0.98225806,0.98225806,VERIFIED_NEAR_DUPLICATE
refined_6c93ec8b47e0e324ec10,rec_30f619278f6a84b6443d,2,2,0,Corn healthy,Seasonal Corn Leaf Disease Dataset,direct representative match: dHash<=4 + pHash + geometry + ORB/RANSAC,1,1,0,0,0.86445783,0.86445783,0.99303136,0.99303136,VERIFIED_NEAR_DUPLICATE
refined_6c2523edd79f11bdd786,rec_31121680792165d91956,2,2,0,Potato healthy,PLDD-UP,direct representative match: dHash<=4 + pHash + geometry + ORB/RANSAC,0,0,2,2,0.96750000,0.96750000,0.99870801,0.99870801,VERIFIED_NEAR_DUPLICATE
refined_da8911705d32ecae85cc,rec_3119fe240a4c66814ccf,2,2,0,Potato Early blight | Potato Late blight,PLDD-UP,direct representative match: dHash<=4 + pHash + geometry + ORB/RANSAC,3,3,10,10,0.63583815,0.63583815,0.99318182,0.99318182,VERIFIED_LABEL_CONFLICT
refined_57ca0e8e42e9643a6db1,rec_313178afd480f4b4bfd7,2,2,0,Potato healthy,PLDD-UP,direct representative match: dHash<=4 + pHash + geometry + ORB/RANSAC,0,0,0,0,0.73625000,0.73625000,0.98302207,0.98302207,VERIFIED_NEAR_DUPLICATE
refined_3b8e8fe693a3b2ea4a63,rec_3154afc3caa6436c691c,2,2,0,Potato healthy,PLDD-UP,direct representative match: dHash<=4 + pHash + geometry + ORB/RANSAC,1,1,0,0,0.95625000,0.95625000,0.99738562,0.99738562,VERIFIED_NEAR_DUPLICATE
refined_6ce5333c76e427e981f2,rec_316893ea5693c5bc1934,2,2,0,Potato Late blight,PLDD-UP,direct representative match: dHash<=4 + pHash + geometry + ORB/RANSAC,1,1,0,0,0.71220930,0.71220930,0.98979592,0.98979592,VERIFIED_NEAR_DUPLICATE
refined_14ae64bc5e56b7ecd493,rec_316c2b06c96a47c9ac13,2,2,0,Corn healthy,Seasonal Corn Leaf Disease Dataset,direct representative match: dHash<=4 + pHash + geometry + ORB/RANSAC,1,1,0,0,0.94608472,0.94608472,1.00000000,1.00000000,VERIFIED_NEAR_DUPLICATE
refined_8a57e88b7bbc39cb1510,rec_3176266829afc25fcfc7,2,2,0,Potato Early blight,PLDD-UP,direct representative match: dHash<=4 + pHash + geometry + ORB/RANSAC,4,4,4,4,0.41405270,0.41405270,0.66666667,0.66666667,VERIFIED_NEAR_DUPLICATE
refined_1718e0085a50cf8a6253,rec_318e38d19ce7dfde8538,2,2,0,Potato Late blight,PLDD-UP,direct representative match: dHash<=4 + pHash + geometry + ORB/RANSAC,0,0,2,2,0.59960159,0.59960159,0.97342193,0.97342193,VERIFIED_NEAR_DUPLICATE
refined_1abd95165c3293a01213,rec_31a606923d7c2d23e585,2,2,0,Potato Early blight,PLDD-UP,direct representative match: dHash<=4 + pHash + geometry + ORB/RANSAC,3,3,2,2,0.53750000,0.53750000,0.73488372,0.73488372,VERIFIED_NEAR_DUPLICATE
refined_3dec9fa14ef0d81bdc18,rec_31d8c3003b5e3cf7f7bd,2,2,0,Potato healthy,PLDD-UP,direct representative match: dHash<=4 + pHash + geometry + ORB/RANSAC,0,0,0,0,0.95375000,0.95375000,0.99737877,0.99737877,VERIFIED_NEAR_DUPLICATE
refined_89b8ed0f891258ea7044,rec_31e3305be6d87a5b6386,2,2,0,Corn healthy,Seasonal Corn Leaf Disease Dataset,direct representative match: dHash<=4 + pHash + geometry + ORB/RANSAC,0,0,0,0,0.91275168,0.91275168,0.99558824,0.99558824,VERIFIED_NEAR_DUPLICATE
refined_ba65c21aac45e2194435,rec_31eba0d380cff2ef1e70,2,2,0,Potato healthy,PLDD-UP,direct representative match: dHash<=4 + pHash + geometry + ORB/RANSAC,2,2,0,0,0.76500639,0.76500639,0.99666110,0.99666110,VERIFIED_NEAR_DUPLICATE
refined_7a43ea669c4197031975,rec_320a2806ce514899af22,2,2,0,Potato healthy,PLDD-UP,direct representative match: dHash<=4 + pHash + geometry + ORB/RANSAC,0,0,0,0,0.95949721,0.95949721,1.00000000,1.00000000,VERIFIED_NEAR_DUPLICATE
refined_8136a02ab18aec256036,rec_321aab875b5d2c210664,2,2,0,Potato Early blight,PLDD-UP,direct representative match: dHash<=4 + pHash + geometry + ORB/RANSAC,4,4,2,2,0.65500000,0.65500000,0.95610687,0.95610687,VERIFIED_NEAR_DUPLICATE
refined_383eb9193fbaffaf606f,rec_321f25e9094de99ae7f4,2,2,0,Corn healthy,Seasonal Corn Leaf Disease Dataset,direct representative match: dHash<=4 + pHash + geometry + ORB/RANSAC,0,0,0,0,0.91149273,0.91149273,0.99420290,0.99420290,VERIFIED_NEAR_DUPLICATE
refined_7aab94b6abc86faf75e3,rec_323f9c393efedfaa50d6,2,2,0,Potato Early blight,PLDD-UP,direct representative match: dHash<=4 + pHash + geometry + ORB/RANSAC,0,0,2,2,0.63927856,0.63927856,0.98432602,0.98432602,VERIFIED_NEAR_DUPLICATE
refined_65153de5f384923ebe46,rec_325dc2840da4e3b24f9b,2,2,0,Corn healthy,Seasonal Corn Leaf Disease Dataset,direct representative match: dHash<=4 + pHash + geometry + ORB/RANSAC,1,1,0,0,0.94117647,0.94117647,0.99728261,0.99728261,VERIFIED_NEAR_DUPLICATE
refined_f1b0b5e7b0dbaa37bf8f,rec_3268584f3f3946cc8695,2,2,0,Potato Early blight,PLDD-UP,direct representative match: dHash<=4 + pHash + geometry + ORB/RANSAC,0,0,0,0,0.63383838,0.63383838,0.97211155,0.97211155,VERIFIED_NEAR_DUPLICATE
refined_d734792bfcc805d8916d,rec_32850cdf53e4f19532e1,2,2,0,Corn healthy,Seasonal Corn Leaf Disease Dataset,direct representative match: dHash<=4 + pHash + geometry + ORB/RANSAC,0,0,0,0,0.90560876,0.90560876,0.99848943,0.99848943,VERIFIED_NEAR_DUPLICATE
refined_23edfe61b802e64e0241,rec_328c60c979cb5d4d9d97,2,2,0,Potato healthy,PLDD-UP,direct representative match: dHash<=4 + pHash + geometry + ORB/RANSAC,0,0,0,0,0.77250000,0.77250000,0.99676375,0.99676375,VERIFIED_NEAR_DUPLICATE
refined_91575f57309088a11e9e,rec_329e9ea3c052ed1077ff,2,2,0,Potato healthy,PLDD-UP,direct representative match: dHash<=4 + pHash + geometry + ORB/RANSAC,0,0,0,0,0.96000000,0.96000000,0.99869792,0.99869792,VERIFIED_NEAR_DUPLICATE
refined_1914222a862564110572,rec_32a2e5b21ab5baf033e6,2,2,0,Potato healthy,PLDD-UP,direct representative match: dHash<=4 + pHash + geometry + ORB/RANSAC,0,0,0,0,0.96363636,0.96363636,1.00000000,1.00000000,VERIFIED_NEAR_DUPLICATE
refined_b38db18515a44dd591e2,rec_32ab45987256e464770c,3,3,0,Potato Late blight,PLDD-UP,direct representative match: dHash<=4 + pHash + geometry + ORB/RANSAC,0,0,2,4,0.60788863,0.69302326,0.97709924,0.98657718,VERIFIED_NEAR_DUPLICATE
refined_22d113c183d83df36f9f,rec_32ad6d5e709f2c4d9d61,4,4,0,Potato healthy,PLDD-UP,direct representative match: dHash<=4 + pHash + geometry + ORB/RANSAC,0,0,0,0,0.71391076,1.00000000,0.98345588,1.00000000,VERIFIED_NEAR_DUPLICATE
refined_dd18a4caa1cc33b7f8fa,rec_32bcb5a8c0b847af8dad,6,6,0,Potato healthy,PLDD-UP,direct representative match: dHash<=4 + pHash + geometry + ORB/RANSAC,0,0,0,2,0.77375000,0.95625000,0.85196850,1.00000000,VERIFIED_NEAR_DUPLICATE
refined_1a041466c97b74f7868c,rec_32c04de1c84b5acaf7fa,2,2,0,Potato healthy,PLDD-UP,direct representative match: dHash<=4 + pHash + geometry + ORB/RANSAC,0,0,0,0,0.96950445,0.96950445,0.99475754,0.99475754,VERIFIED_NEAR_DUPLICATE
refined_f62031bc6bf9ff5b5a1a,rec_32e2c56fd91494541232,3,3,0,Potato healthy,PLDD-UP,direct representative match: dHash<=4 + pHash + geometry + ORB/RANSAC,2,4,0,4,0.54000000,0.60625000,0.85773196,0.90972222,VERIFIED_NEAR_DUPLICATE
refined_c9ba16670eb75cb93eaa,rec_32fe8c97531d0a6fa6c6,2,2,0,Corn healthy,Seasonal Corn Leaf Disease Dataset,direct representative match: dHash<=4 + pHash + geometry + ORB/RANSAC,0,0,0,0,0.88235294,0.88235294,1.00000000,1.00000000,VERIFIED_NEAR_DUPLICATE
refined_3ec42b647dafb5529942,rec_330be6f21f4bb9f63aef,2,2,0,Potato Late blight,PLDD-UP,direct representative match: dHash<=4 + pHash + geometry + ORB/RANSAC,2,2,4,4,0.67780749,0.67780749,0.98619329,0.98619329,VERIFIED_NEAR_DUPLICATE
refined_0a88dd13a5d0fe4c2704,rec_331e9d2ca638be118e63,2,2,0,Potato Late blight,PLDD-UP,direct representative match: dHash<=4 + pHash + geometry + ORB/RANSAC,3,3,2,2,0.64375000,0.64375000,0.86019417,0.86019417,VERIFIED_NEAR_DUPLICATE
refined_f9d4bebb2bc392fa36aa,rec_333176bec90123e2df66,2,2,0,Corn healthy,Seasonal Corn Leaf Disease Dataset,direct representative match: dHash<=4 + pHash + geometry + ORB/RANSAC,0,0,2,2,0.93478261,0.93478261,1.00000000,1.00000000,VERIFIED_NEAR_DUPLICATE
refined_713c50da23d977513aa5,rec_336e3ba4c7bcf1fb2d90,2,2,0,Potato healthy,PLDD-UP,direct representative match: dHash<=4 + pHash + geometry + ORB/RANSAC,1,1,0,0,0.73125000,0.73125000,0.99487179,0.99487179,VERIFIED_NEAR_DUPLICATE
refined_dfebb804ef26a30264c2,rec_3375fd77c201bc918101,2,2,0,Potato healthy,PLDD-UP,direct representative match: dHash<=4 + pHash + geometry + ORB/RANSAC,0,0,0,0,0.96875000,0.96875000,1.00000000,1.00000000,VERIFIED_NEAR_DUPLICATE
refined_5e171a9ab9a748068465,rec_3384da6a372366e3080a,3,3,0,Potato Late blight | Potato healthy,PLDD-UP,direct representative match: dHash<=4 + pHash + geometry + ORB/RANSAC,0,0,6,6,0.29040404,0.30050505,0.69565217,0.78151261,VERIFIED_LABEL_CONFLICT
refined_2e8163f173a1ea61eed0,rec_3396091bd47506d3eaf9,2,2,0,Potato healthy,PLDD-UP,direct representative match: dHash<=4 + pHash + geometry + ORB/RANSAC,0,0,0,0,0.97750000,0.97750000,1.00000000,1.00000000,VERIFIED_NEAR_DUPLICATE
refined_fdb6d7230ee8b15f555e,rec_339efcbdd441f4d5e663,4,4,0,Potato healthy,PLDD-UP,direct representative match: dHash<=4 + pHash + geometry + ORB/RANSAC,0,0,0,4,0.38393977,0.96110414,0.81045752,0.99869452,VERIFIED_NEAR_DUPLICATE
refined_05475053a6a806289a80,rec_33a9398c5972f133d43c,2,2,0,Potato healthy,PLDD-UP,direct representative match: dHash<=4 + pHash + geometry + ORB/RANSAC,0,0,0,0,0.98750000,0.98750000,1.00000000,1.00000000,VERIFIED_NEAR_DUPLICATE
refined_af8fb5b3a2ef48b79911,rec_33b960277490c2928581,2,2,0,Grape Black rot,PlantDoc,direct representative match: dHash<=4 + pHash + geometry + ORB/RANSAC,2,2,2,2,0.25548387,0.25548387,0.85858586,0.85858586,VERIFIED_NEAR_DUPLICATE
refined_4d318907318ae608b9c4,rec_33e0c875812f067043dd,2,2,0,Potato healthy,PLDD-UP,direct representative match: dHash<=4 + pHash + geometry + ORB/RANSAC,0,0,0,0,0.94375000,0.94375000,1.00000000,1.00000000,VERIFIED_NEAR_DUPLICATE
refined_cd179255bd615275e8d8,rec_33f84228e4d1a137eb31,2,2,0,Corn healthy,Seasonal Corn Leaf Disease Dataset,direct representative match: dHash<=4 + pHash + geometry + ORB/RANSAC,0,0,0,0,0.93307087,0.93307087,0.99859353,0.99859353,VERIFIED_NEAR_DUPLICATE
refined_d6e815a0e19d8b806e6e,rec_33fd46402a36958667f3,2,2,0,Potato healthy,PLDD-UP,direct representative match: dHash<=4 + pHash + geometry + ORB/RANSAC,0,0,0,0,0.80497382,0.80497382,0.99186992,0.99186992,VERIFIED_NEAR_DUPLICATE
refined_db8f87a3f13d300a1d4f,rec_340fa002416ffdddde4e,2,2,0,Potato healthy,PLDD-UP,direct representative match: dHash<=4 + pHash + geometry + ORB/RANSAC,0,0,0,0,0.99125000,0.99125000,1.00000000,1.00000000,VERIFIED_NEAR_DUPLICATE
refined_1c7d32727c8825e330a9,rec_3416afef278e95f88027,2,2,0,Corn Cercospora leaf spot,Seasonal Corn Leaf Disease Dataset,direct representative match: dHash<=4 + pHash + geometry + ORB/RANSAC,1,1,0,0,0.92676056,0.92676056,0.99088146,0.99088146,VERIFIED_NEAR_DUPLICATE
refined_2965bfb187fcf5d91a5e,rec_3428cbf41a48318f1b36,2,2,0,Potato healthy,PLDD-UP,direct representative match: dHash<=4 + pHash + geometry + ORB/RANSAC,0,0,0,0,0.95765027,0.95765027,0.99857347,0.99857347,VERIFIED_NEAR_DUPLICATE
refined_42bd93d7738f214ef5de,rec_343d97de1c1db3b1173f,2,2,0,Potato Early blight,PLDD-UP,direct representative match: dHash<=4 + pHash + geometry + ORB/RANSAC,2,2,2,2,0.60000000,0.60000000,0.82291667,0.82291667,VERIFIED_NEAR_DUPLICATE
refined_7528471d9cbda8739656,rec_344ee84b932c55c410c0,2,2,0,Corn healthy,Seasonal Corn Leaf Disease Dataset,direct representative match: dHash<=4 + pHash + geometry + ORB/RANSAC,1,1,0,0,0.94007989,0.94007989,0.99716714,0.99716714,VERIFIED_NEAR_DUPLICATE
refined_8e17508c6bf07a0d9969,rec_34693a846f9a7aebe31b,2,2,0,Potato healthy,PLDD-UP,direct representative match: dHash<=4 + pHash + geometry + ORB/RANSAC,0,0,0,0,0.99736842,0.99736842,1.00000000,1.00000000,VERIFIED_NEAR_DUPLICATE
refined_4905b0eaf1dae680aca1,rec_34869fa9415f263bf056,2,2,0,Potato healthy,PLDD-UP,direct representative match: dHash<=4 + pHash + geometry + ORB/RANSAC,0,0,0,0,0.95053004,0.95053004,1.00000000,1.00000000,VERIFIED_NEAR_DUPLICATE
refined_19d34f475b6e87968eca,rec_349564fcea49bbc58cdf,4,4,0,Potato Early blight,PLDD-UP,direct representative match: dHash<=4 + pHash + geometry + ORB/RANSAC,2,2,2,2,0.49118046,0.54952510,0.88397790,0.95696203,VERIFIED_NEAR_DUPLICATE
refined_cd8f8138c826f98f9a04,rec_34b39cd8cdc6d5608af7,2,2,0,Corn healthy,Seasonal Corn Leaf Disease Dataset,direct representative match: dHash<=4 + pHash + geometry + ORB/RANSAC,1,1,0,0,0.95032680,0.95032680,1.00000000,1.00000000,VERIFIED_NEAR_DUPLICATE
refined_9ed255077b1eb5daf781,rec_34d4999aec519c5e7e06,2,2,0,Potato Early blight,PLDD-UP,direct representative match: dHash<=4 + pHash + geometry + ORB/RANSAC,3,3,4,4,0.57071339,0.57071339,0.91666667,0.91666667,VERIFIED_NEAR_DUPLICATE
refined_74d2836119734339a97a,rec_34df61ae5fa7dd63c7ea,2,2,0,Corn healthy,Seasonal Corn Leaf Disease Dataset,direct representative match: dHash<=4 + pHash + geometry + ORB/RANSAC,0,0,0,0,0.93157895,0.93157895,0.99576271,0.99576271,VERIFIED_NEAR_DUPLICATE
refined_da91b89df1333ec3dc80,rec_34ea6ec3528c55ecbf16,2,2,0,Corn healthy,Seasonal Corn Leaf Disease Dataset,direct representative match: dHash<=4 + pHash + geometry + ORB/RANSAC,0,0,0,0,0.92567568,0.92567568,1.00000000,1.00000000,VERIFIED_NEAR_DUPLICATE
refined_12bc69cc4deb01129699,rec_350190c0e9a83750736b,2,2,0,Potato Late blight,PLDD-UP,direct representative match: dHash<=4 + pHash + geometry + ORB/RANSAC,0,0,0,0,0.68533773,0.68533773,0.88221154,0.88221154,VERIFIED_NEAR_DUPLICATE
refined_e35143debacfd92f18e6,rec_350b44b5af3068b642fa,2,2,0,Potato healthy,PLDD-UP,direct representative match: dHash<=4 + pHash + geometry + ORB/RANSAC,0,0,0,0,0.74125000,0.74125000,0.98988196,0.98988196,VERIFIED_NEAR_DUPLICATE
refined_330934b646719e942b91,rec_350cd585292db154a946,2,2,0,Potato Early blight,PLDD-UP,direct representative match: dHash<=4 + pHash + geometry + ORB/RANSAC,0,0,4,4,0.59875000,0.59875000,0.97912317,0.97912317,VERIFIED_NEAR_DUPLICATE
refined_0b3d9797ab7bf5f315a8,rec_3512d57ce0f11567be5c,2,2,0,Corn healthy,Seasonal Corn Leaf Disease Dataset,direct representative match: dHash<=4 + pHash + geometry + ORB/RANSAC,0,0,2,2,0.93535620,0.93535620,0.99717913,0.99717913,VERIFIED_NEAR_DUPLICATE
refined_c239900b4b079e2862b6,rec_3520c46514e73323ff47,2,2,0,Potato healthy,PLDD-UP,direct representative match: dHash<=4 + pHash + geometry + ORB/RANSAC,1,1,0,0,0.73091364,0.73091364,0.98801370,0.98801370,VERIFIED_NEAR_DUPLICATE
refined_886d37f5ec6099b47463,rec_352757dc2ddae0281830,2,2,0,Potato healthy,PLDD-UP,direct representative match: dHash<=4 + pHash + geometry + ORB/RANSAC,0,0,0,0,0.79625000,0.79625000,0.89638932,0.89638932,VERIFIED_NEAR_DUPLICATE
refined_57cd5568e304658f1e25,rec_353913e9532c0132cb1a,2,2,0,Potato healthy,PLDD-UP,direct representative match: dHash<=4 + pHash + geometry + ORB/RANSAC,0,0,0,0,0.95856354,0.95856354,0.99855908,0.99855908,VERIFIED_NEAR_DUPLICATE
refined_1b064033db4098cdb096,rec_353a139df268ab71dc8e,2,2,0,Potato healthy,PLDD-UP,direct representative match: dHash<=4 + pHash + geometry + ORB/RANSAC,0,0,0,0,0.96250000,0.96250000,0.99610390,0.99610390,VERIFIED_NEAR_DUPLICATE
refined_1b4887a759385836e0c6,rec_353a666a102a5e65af9a,2,2,0,Potato Late blight,PLDD-UP,direct representative match: dHash<=4 + pHash + geometry + ORB/RANSAC,0,0,0,0,0.65195246,0.65195246,0.91927083,0.91927083,VERIFIED_NEAR_DUPLICATE
refined_4c367e97cc14a9cbc0fd,rec_3562d0015ae737d05a17,2,2,0,Potato Late blight,PLDD-UP,direct representative match: dHash<=4 + pHash + geometry + ORB/RANSAC,1,1,2,2,0.57375000,0.57375000,0.92592593,0.92592593,VERIFIED_NEAR_DUPLICATE
refined_4c65442d525c7cb9e51f,rec_358e876c4a3af5726f35,2,2,0,Potato healthy,PLDD-UP,direct representative match: dHash<=4 + pHash + geometry + ORB/RANSAC,2,2,2,2,0.77250000,0.77250000,0.99029126,0.99029126,VERIFIED_NEAR_DUPLICATE
refined_a8ce8e971a321a9916d3,rec_35a4cce3273725641ffd,2,2,0,Potato healthy,PLDD-UP,direct representative match: dHash<=4 + pHash + geometry + ORB/RANSAC,0,0,2,2,0.93875000,0.93875000,1.00000000,1.00000000,VERIFIED_NEAR_DUPLICATE
refined_6d1b383914214e2ec367,rec_35cc5318aa0d44893b42,2,2,0,Corn Common rust,Seasonal Corn Leaf Disease Dataset,direct representative match: dHash<=4 + pHash + geometry + ORB/RANSAC,4,4,4,4,0.65306122,0.65306122,0.90625000,0.90625000,VERIFIED_NEAR_DUPLICATE
refined_6687846753be6cf83a55,rec_35d1c8e8a603aaa87a7a,2,2,0,Potato Early blight,PLDD-UP,direct representative match: dHash<=4 + pHash + geometry + ORB/RANSAC,2,2,4,4,0.73750000,0.73750000,0.95423729,0.95423729,VERIFIED_NEAR_DUPLICATE
refined_db4e0a3179baeb21acc6,rec_35f44fbfce0ddef44d6d,2,2,0,Potato healthy,PLDD-UP,direct representative match: dHash<=4 + pHash + geometry + ORB/RANSAC,0,0,0,0,0.99625000,0.99625000,1.00000000,1.00000000,VERIFIED_NEAR_DUPLICATE
refined_2d82fb750123cd36f68e,rec_3611d47dc3de2a5e92f1,2,2,0,Potato healthy,PLDD-UP,direct representative match: dHash<=4 + pHash + geometry + ORB/RANSAC,0,0,0,0,0.92250000,0.92250000,0.99728997,0.99728997,VERIFIED_NEAR_DUPLICATE
refined_b07ee89deae4d465fbca,rec_36227ab1c1167b761d62,2,2,0,Potato healthy,PLDD-UP,direct representative match: dHash<=4 + pHash + geometry + ORB/RANSAC,0,0,0,0,0.95125000,0.95125000,0.99868594,0.99868594,VERIFIED_NEAR_DUPLICATE
refined_48c0ab1dbbdc42789c8e,rec_36308a76c297839ea2b4,4,4,0,Potato Early blight,PLDD-UP,direct representative match: dHash<=4 + pHash + geometry + ORB/RANSAC,0,1,2,4,0.41250000,0.60625000,0.72371134,0.85234899,VERIFIED_NEAR_DUPLICATE
refined_ffcd56c7042d8c9ee261,rec_363f91ef0f927b4ed903,2,2,0,Potato healthy,PLDD-UP,direct representative match: dHash<=4 + pHash + geometry + ORB/RANSAC,0,0,0,0,0.93438320,0.93438320,0.99859551,0.99859551,VERIFIED_NEAR_DUPLICATE
refined_a5bdd207ce0876e48c76,rec_3643db6451bd97478ec5,2,2,0,Potato healthy,PLDD-UP,direct representative match: dHash<=4 + pHash + geometry + ORB/RANSAC,0,0,0,0,0.99750000,0.99750000,1.00000000,1.00000000,VERIFIED_NEAR_DUPLICATE
refined_094bbddb759c94a071f9,rec_36503c12fd2fec903291,3,3,0,Potato Early blight | Potato Late blight,PLDD-UP,direct representative match: dHash<=4 + pHash + geometry + ORB/RANSAC,0,4,4,14,0.24125000,0.53875000,0.78238342,0.91415313,VERIFIED_LABEL_CONFLICT
refined_faed123bc6205484e80b,rec_3668763677a0e99bc2a4,3,3,0,Potato Early blight | Potato Late blight,PLDD-UP,direct representative match: dHash<=4 + pHash + geometry + ORB/RANSAC,0,2,4,12,0.56401384,0.63878327,0.92857143,0.98159509,VERIFIED_LABEL_CONFLICT
refined_4bfd57f11652c6a3bc6e,rec_366d37fc80c8585d132a,2,2,0,Potato Late blight,PLDD-UP,direct representative match: dHash<=4 + pHash + geometry + ORB/RANSAC,0,0,2,2,0.72346369,0.72346369,0.91698842,0.91698842,VERIFIED_NEAR_DUPLICATE
refined_87020d03536a637948ef,rec_3680089f49d3c10c5c5b,3,3,0,Potato Late blight | Potato healthy,PLDD-UP,direct representative match: dHash<=4 + pHash + geometry + ORB/RANSAC,0,0,4,4,0.31178707,0.32826362,0.66260163,0.71042471,VERIFIED_LABEL_CONFLICT
refined_8e93cf968211597e7f85,rec_368eac052fbd4f8ce97c,2,2,0,Potato healthy,PLDD-UP,direct representative match: dHash<=4 + pHash + geometry + ORB/RANSAC,0,0,0,0,0.95750000,0.95750000,0.99869452,0.99869452,VERIFIED_NEAR_DUPLICATE
refined_d068998584c770b1ea17,rec_36a0790ec89ac9c4d48a,2,2,0,Potato healthy,PLDD-UP,direct representative match: dHash<=4 + pHash + geometry + ORB/RANSAC,0,0,0,0,0.78750000,0.78750000,0.98888889,0.98888889,VERIFIED_NEAR_DUPLICATE
refined_6d2309623127647faabb,rec_36a09806900ae483fbfa,2,2,0,Potato Early blight,PLDD-UP,direct representative match: dHash<=4 + pHash + geometry + ORB/RANSAC,0,0,4,4,0.69604087,0.69604087,0.98715596,0.98715596,VERIFIED_NEAR_DUPLICATE
refined_664373e6b815a4d8ec6c,rec_36a7b3141a14093cd3f7,4,4,0,Potato healthy,PLDD-UP,direct representative match: dHash<=4 + pHash + geometry + ORB/RANSAC,0,0,0,2,0.24604569,0.93485915,0.85526316,0.99811676,VERIFIED_NEAR_DUPLICATE
refined_710133a42b01510e685f,rec_36b6727453c623f1aca2,2,2,0,Potato healthy,PLDD-UP,direct representative match: dHash<=4 + pHash + geometry + ORB/RANSAC,0,0,0,0,0.94125000,0.94125000,0.99867198,0.99867198,VERIFIED_NEAR_DUPLICATE
refined_cfac2f01b0df4cf40126,rec_36c5ed3bb7d2779fcf41,2,2,0,Potato healthy,PLDD-UP,direct representative match: dHash<=4 + pHash + geometry + ORB/RANSAC,0,0,0,0,0.79875000,0.79875000,0.99374022,0.99374022,VERIFIED_NEAR_DUPLICATE
refined_bba252d91221271475eb,rec_36d163239db3363fd0e3,3,3,0,Potato healthy,PLDD-UP,direct representative match: dHash<=4 + pHash + geometry + ORB/RANSAC,0,0,0,0,0.94875000,0.96500000,1.00000000,1.00000000,VERIFIED_NEAR_DUPLICATE
refined_44164d2053d953dc025e,rec_36e8ee060c3896cfa049,2,2,0,Potato healthy,PLDD-UP,direct representative match: dHash<=4 + pHash + geometry + ORB/RANSAC,0,0,0,0,0.94375000,0.94375000,1.00000000,1.00000000,VERIFIED_NEAR_DUPLICATE
refined_314495ad241e0f78cf4b,rec_3711e490d9e06bd89574,2,2,0,Corn healthy,Seasonal Corn Leaf Disease Dataset,direct representative match: dHash<=4 + pHash + geometry + ORB/RANSAC,0,0,2,2,0.93840105,0.93840105,0.99860335,0.99860335,VERIFIED_NEAR_DUPLICATE
refined_1c56756fac882775f97e,rec_37349acb76fc1df2a482,2,2,0,Corn Cercospora leaf spot,Seasonal Corn Leaf Disease Dataset,direct representative match: dHash<=4 + pHash + geometry + ORB/RANSAC,0,0,0,0,0.91211718,0.91211718,0.99854015,0.99854015,VERIFIED_NEAR_DUPLICATE
refined_ea8c87487da7abc3d369,rec_3734a8bfd3a680fbe1b6,2,2,0,Potato healthy,PLDD-UP,direct representative match: dHash<=4 + pHash + geometry + ORB/RANSAC,0,0,0,0,0.95875000,0.95875000,0.99869622,0.99869622,VERIFIED_NEAR_DUPLICATE
refined_ba9fbcd2f4076a2ee56a,rec_3748c6ff3a37661a986c,3,3,0,Potato Late blight,PLDD-UP,direct representative match: dHash<=4 + pHash + geometry + ORB/RANSAC,2,2,2,4,0.58000000,0.70250000,0.86422414,0.94483986,VERIFIED_NEAR_DUPLICATE
refined_e99966b0d3bb115c67bc,rec_3749b26b4cc5545d47dd,2,2,0,Corn Cercospora leaf spot,Seasonal Corn Leaf Disease Dataset,direct representative match: dHash<=4 + pHash + geometry + ORB/RANSAC,0,0,0,0,0.98378378,0.98378378,0.99725275,0.99725275,VERIFIED_NEAR_DUPLICATE
refined_f4fc284174add9822ab1,rec_3783bdf481d0740342b8,2,2,0,Potato healthy,PLDD-UP,direct representative match: dHash<=4 + pHash + geometry + ORB/RANSAC,3,3,2,2,0.79500000,0.79500000,0.99213836,0.99213836,VERIFIED_NEAR_DUPLICATE
refined_34b6e7901652d80ecb14,rec_379171fbe92614cba796,2,2,0,Potato healthy,PLDD-UP,direct representative match: dHash<=4 + pHash + geometry + ORB/RANSAC,0,0,0,0,0.99496222,0.99496222,0.99873418,0.99873418,VERIFIED_NEAR_DUPLICATE
refined_bce57d779ab6f0e095d3,rec_37ad0b4c5beb0c3879a3,2,2,0,Potato healthy,PLDD-UP,direct representative match: dHash<=4 + pHash + geometry + ORB/RANSAC,0,0,0,0,0.96125000,0.96125000,1.00000000,1.00000000,VERIFIED_NEAR_DUPLICATE
refined_8c50f93a111c3994896e,rec_37adfec60e32652a45d1,2,2,0,Potato healthy,PLDD-UP,direct representative match: dHash<=4 + pHash + geometry + ORB/RANSAC,0,0,0,0,0.99497487,0.99497487,1.00000000,1.00000000,VERIFIED_NEAR_DUPLICATE
refined_4ba95ec1443311c06b0b,rec_37b48ac2929a005013c3,2,2,0,Potato Late blight,PLDD-UP,direct representative match: dHash<=4 + pHash + geometry + ORB/RANSAC,0,0,4,4,0.63515755,0.63515755,0.91383812,0.91383812,VERIFIED_NEAR_DUPLICATE
refined_499e8d7d4ecf2dd3f241,rec_37c7bef8b8e124929a03,2,2,0,Potato healthy,PLDD-UP,direct representative match: dHash<=4 + pHash + geometry + ORB/RANSAC,0,0,0,0,0.90125000,0.90125000,0.99722607,0.99722607,VERIFIED_NEAR_DUPLICATE
refined_4e3ab1d3ce6f1d76bcb0,rec_37ca4cc0a48b04e0475f,2,2,0,Potato healthy,PLDD-UP,direct representative match: dHash<=4 + pHash + geometry + ORB/RANSAC,0,0,0,0,0.94041451,0.94041451,0.99862259,0.99862259,VERIFIED_NEAR_DUPLICATE
refined_24e1ca49797473892071,rec_37cb990d62c530c87368,2,2,0,Corn healthy,Seasonal Corn Leaf Disease Dataset,direct representative match: dHash<=4 + pHash + geometry + ORB/RANSAC,1,1,0,0,0.93057410,0.93057410,1.00000000,1.00000000,VERIFIED_NEAR_DUPLICATE
refined_6dd43881bc86710cb802,rec_37e05b78633afc110206,2,2,0,Potato healthy,PLDD-UP,direct representative match: dHash<=4 + pHash + geometry + ORB/RANSAC,0,0,0,0,0.95747423,0.95747423,0.99865410,0.99865410,VERIFIED_NEAR_DUPLICATE
refined_b408a8ad9ad8caee773a,rec_37eaa19d8afd0748f971,2,2,0,Potato Early blight,PLDD-UP,direct representative match: dHash<=4 + pHash + geometry + ORB/RANSAC,4,4,4,4,0.58250000,0.58250000,0.90557940,0.90557940,VERIFIED_NEAR_DUPLICATE
refined_c94c6174a4712f732878,rec_37fba7f223f93f00d1c2,2,2,0,Corn Cercospora leaf spot,Seasonal Corn Leaf Disease Dataset,direct representative match: dHash<=4 + pHash + geometry + ORB/RANSAC,0,0,0,0,0.98202824,0.98202824,1.00000000,1.00000000,VERIFIED_NEAR_DUPLICATE
refined_4ddc6dcb14e3b1c704e5,rec_381412f24fda90006513,2,2,0,Potato Late blight,PLDD-UP,direct representative match: dHash<=4 + pHash + geometry + ORB/RANSAC,4,4,4,4,0.70750000,0.70750000,0.91519435,0.91519435,VERIFIED_NEAR_DUPLICATE
refined_44dca7676b7c7564a5e1,rec_3814d3f31e07438ee986,2,2,0,Potato healthy,PLDD-UP,direct representative match: dHash<=4 + pHash + geometry + ORB/RANSAC,0,0,0,0,0.80750000,0.80750000,0.99380805,0.99380805,VERIFIED_NEAR_DUPLICATE
refined_367e559ba3618bc96b71,rec_38281ab6e86cedc6cd25,2,2,0,Potato healthy,PLDD-UP,direct representative match: dHash<=4 + pHash + geometry + ORB/RANSAC,0,0,0,0,0.81625000,0.81625000,0.99387443,0.99387443,VERIFIED_NEAR_DUPLICATE
refined_f94faf1b183eea2f699c,rec_3829106549148a4a15bf,2,2,0,Potato healthy,PLDD-UP,direct representative match: dHash<=4 + pHash + geometry + ORB/RANSAC,0,0,0,0,0.99625000,0.99625000,1.00000000,1.00000000,VERIFIED_NEAR_DUPLICATE
refined_37b2ad940a437f949655,rec_384ad1149f07dcbcea4a,2,2,0,Potato healthy,PLDD-UP,direct representative match: dHash<=4 + pHash + geometry + ORB/RANSAC,0,0,0,0,0.91000000,0.91000000,0.99313187,0.99313187,VERIFIED_NEAR_DUPLICATE
refined_f285bf4ca3f25f4f38ed,rec_384dff54ece47bb02608,3,3,0,Potato Late blight | Potato healthy,PLDD-UP,direct representative match: dHash<=4 + pHash + geometry + ORB/RANSAC,0,0,0,4,0.31178707,0.75157629,0.67886179,0.99496644,VERIFIED_LABEL_CONFLICT
refined_29737a15aad72108d6e9,rec_385972664a0c703bf918,2,2,0,Corn healthy,Seasonal Corn Leaf Disease Dataset,direct representative match: dHash<=4 + pHash + geometry + ORB/RANSAC,1,1,0,0,0.92847125,0.92847125,0.99697885,0.99697885,VERIFIED_NEAR_DUPLICATE
refined_02593e8ea7c73e1363fc,rec_38654d059f34cc8d6219,2,2,0,Potato healthy,PLDD-UP,direct representative match: dHash<=4 + pHash + geometry + ORB/RANSAC,1,1,0,0,0.78000000,0.78000000,0.96955128,0.96955128,VERIFIED_NEAR_DUPLICATE
refined_66d7212eb26cedbebb65,rec_386b2d7bae79687d6528,2,2,0,Potato Early blight,PLDD-UP,direct representative match: dHash<=4 + pHash + geometry + ORB/RANSAC,3,3,2,2,0.59750000,0.59750000,0.73430962,0.73430962,VERIFIED_NEAR_DUPLICATE
refined_0a8cdfec57982770dc20,rec_387d50d9988e6a1af5ff,2,2,0,Potato healthy,PLDD-UP,direct representative match: dHash<=4 + pHash + geometry + ORB/RANSAC,0,0,0,0,0.80750000,0.80750000,0.99071207,0.99071207,VERIFIED_NEAR_DUPLICATE
refined_9b319fb855cbfea9af77,rec_38824d1f5331000b705e,2,2,0,Potato healthy,PLDD-UP,direct representative match: dHash<=4 + pHash + geometry + ORB/RANSAC,0,0,0,0,0.94625000,0.94625000,1.00000000,1.00000000,VERIFIED_NEAR_DUPLICATE
refined_21a23bbcc6c94337c672,rec_38a9ca273c1eadda5d4e,3,3,0,Potato Late blight,PLDD-UP,direct representative match: dHash<=4 + pHash + geometry + ORB/RANSAC,3,3,2,4,0.62460568,0.66561514,0.97156398,0.99494949,VERIFIED_NEAR_DUPLICATE
refined_67172bc970638afb12a7,rec_38b3b518aa625a864508,2,2,0,Potato healthy,PLDD-UP,direct representative match: dHash<=4 + pHash + geometry + ORB/RANSAC,0,0,0,0,0.96625000,0.96625000,0.99870634,0.99870634,VERIFIED_NEAR_DUPLICATE
refined_2039be51f3995a9d6e90,rec_38b72fae793c8ddd1e92,2,2,0,Potato healthy,PLDD-UP,direct representative match: dHash<=4 + pHash + geometry + ORB/RANSAC,0,0,0,0,0.95229682,0.95229682,1.00000000,1.00000000,VERIFIED_NEAR_DUPLICATE
refined_d80660894fb105840703,rec_38be2f3a087c7a9ec270,6,6,0,Potato healthy,PLDD-UP,direct representative match: dHash<=4 + pHash + geometry + ORB/RANSAC,0,4,0,2,0.69000000,0.95500000,0.93478261,0.99868938,VERIFIED_NEAR_DUPLICATE
refined_5d11f288a5811b6dbb7b,rec_38c057e67df9b7501b10,2,2,0,Corn Cercospora leaf spot,Seasonal Corn Leaf Disease Dataset,direct representative match: dHash<=4 + pHash + geometry + ORB/RANSAC,0,0,0,0,0.98712999,0.98712999,0.99869622,0.99869622,VERIFIED_NEAR_DUPLICATE
refined_cc6b73a9f163140bad66,rec_38d7733007ca32ce9d3e,2,2,0,Potato healthy,PLDD-UP,direct representative match: dHash<=4 + pHash + geometry + ORB/RANSAC,0,0,0,0,0.94968553,0.94968553,0.99470199,0.99470199,VERIFIED_NEAR_DUPLICATE
refined_721eebbf1ba8f188e90a,rec_38db434c49cf713c081b,2,2,0,Corn healthy,Seasonal Corn Leaf Disease Dataset,direct representative match: dHash<=4 + pHash + geometry + ORB/RANSAC,0,0,0,0,0.89714286,0.89714286,0.99681529,0.99681529,VERIFIED_NEAR_DUPLICATE
refined_25885c26eedf36c87d51,rec_3902d1c5052443b73ae7,2,2,0,Potato healthy,PLDD-UP,direct representative match: dHash<=4 + pHash + geometry + ORB/RANSAC,0,0,0,0,0.96375000,0.96375000,1.00000000,1.00000000,VERIFIED_NEAR_DUPLICATE
refined_a397be93b3e067cfae2f,rec_3904ac6007c26fb59566,2,2,0,Potato Late blight,PLDD-UP,direct representative match: dHash<=4 + pHash + geometry + ORB/RANSAC,1,1,4,4,0.64155844,0.64155844,0.94331984,0.94331984,VERIFIED_NEAR_DUPLICATE
refined_781c51785c34f78dabc5,rec_391b00a1b84e999d53f1,2,2,0,Potato healthy,PLDD-UP,direct representative match: dHash<=4 + pHash + geometry + ORB/RANSAC,0,0,0,0,0.73466476,0.73466476,0.99611650,0.99611650,VERIFIED_NEAR_DUPLICATE
refined_a312ebba2782e4bd1478,rec_39390e057e98098f8e3c,2,2,0,Corn healthy,Seasonal Corn Leaf Disease Dataset,direct representative match: dHash<=4 + pHash + geometry + ORB/RANSAC,0,0,0,0,0.92837466,0.92837466,0.99703264,0.99703264,VERIFIED_NEAR_DUPLICATE
refined_b8313fbea7b5d4ef287d,rec_393d9a69122d3df58de9,2,2,0,Potato healthy,PLDD-UP,direct representative match: dHash<=4 + pHash + geometry + ORB/RANSAC,0,0,0,0,0.74125000,0.74125000,0.98482293,0.98482293,VERIFIED_NEAR_DUPLICATE
refined_60095f0839d6fb7f8faa,rec_3943633342242aaa78c0,2,2,0,Potato healthy,PLDD-UP,direct representative match: dHash<=4 + pHash + geometry + ORB/RANSAC,0,0,0,0,0.95625000,0.95625000,1.00000000,1.00000000,VERIFIED_NEAR_DUPLICATE
refined_2dc6d9c04a1e79c0b294,rec_39497563085580294516,2,2,0,Potato Late blight,PLDD-UP,direct representative match: dHash<=4 + pHash + geometry + ORB/RANSAC,1,1,4,4,0.46500000,0.46500000,0.86290323,0.86290323,VERIFIED_NEAR_DUPLICATE
refined_64707671ae94740ff089,rec_3953bea8e70d39430dad,2,2,0,Potato healthy,PLDD-UP,direct representative match: dHash<=4 + pHash + geometry + ORB/RANSAC,0,0,0,0,0.99375000,0.99375000,1.00000000,1.00000000,VERIFIED_NEAR_DUPLICATE
refined_bfbb2090f711dc341e6b,rec_3964524059c97ab1dba7,2,2,0,Corn healthy,Seasonal Corn Leaf Disease Dataset,direct representative match: dHash<=4 + pHash + geometry + ORB/RANSAC,2,2,0,0,0.91235060,0.91235060,0.99417758,0.99417758,VERIFIED_NEAR_DUPLICATE
refined_31767c8f610a1c2d8811,rec_39825e4d989235a37ba9,2,2,0,Potato healthy,PLDD-UP,direct representative match: dHash<=4 + pHash + geometry + ORB/RANSAC,0,0,0,0,0.99250000,0.99250000,1.00000000,1.00000000,VERIFIED_NEAR_DUPLICATE
refined_3fa8eddb73e18565093b,rec_39855d94c3f22ec868e9,2,2,0,Corn healthy,Seasonal Corn Leaf Disease Dataset,direct representative match: dHash<=4 + pHash + geometry + ORB/RANSAC,1,1,0,0,0.92203898,0.92203898,0.99512195,0.99512195,VERIFIED_NEAR_DUPLICATE
refined_b45e9e133d36fffd9861,rec_398b423f2b36fafb6f1a,2,2,0,Potato healthy,PLDD-UP,direct representative match: dHash<=4 + pHash + geometry + ORB/RANSAC,1,1,0,0,0.78500000,0.78500000,0.99363057,0.99363057,VERIFIED_NEAR_DUPLICATE
refined_ec03f5e8d12b1847acd3,rec_399561ea8deb937558eb,2,2,0,Potato Late blight,PlantDoc,direct representative match: dHash<=4 + pHash + geometry + ORB/RANSAC,0,0,0,0,0.88250000,0.88250000,0.99291785,0.99291785,VERIFIED_NEAR_DUPLICATE
refined_e845a0fe566dc680cd84,rec_39aad47d6e6c1e37071c,2,2,0,Potato healthy,PLDD-UP,direct representative match: dHash<=4 + pHash + geometry + ORB/RANSAC,0,0,0,0,0.99250000,0.99250000,0.99874055,0.99874055,VERIFIED_NEAR_DUPLICATE
refined_bfc50474a6744ebba862,rec_39c50ac4b3f5e858ee5e,2,2,0,Potato healthy,PLDD-UP,direct representative match: dHash<=4 + pHash + geometry + ORB/RANSAC,0,0,0,0,0.76000000,0.76000000,0.99671053,0.99671053,VERIFIED_NEAR_DUPLICATE
refined_5b21f2d46216c5710f96,rec_39cac9c6f3c296bc6ab7,2,2,0,Potato healthy,PLDD-UP,direct representative match: dHash<=4 + pHash + geometry + ORB/RANSAC,1,1,0,0,0.79750000,0.79750000,0.99373041,0.99373041,VERIFIED_NEAR_DUPLICATE
refined_95ce219b1c0ce8921db5,rec_39dc80b0e313efda229a,2,2,0,Potato healthy,PLDD-UP,direct representative match: dHash<=4 + pHash + geometry + ORB/RANSAC,0,0,0,0,0.95625000,0.95625000,0.99869281,0.99869281,VERIFIED_NEAR_DUPLICATE
refined_87e2920a4234de564f4d,rec_3a054f3cd696ec433eb6,2,2,0,Potato healthy,PLDD-UP,direct representative match: dHash<=4 + pHash + geometry + ORB/RANSAC,0,0,0,0,0.97375000,0.97375000,0.99871630,0.99871630,VERIFIED_NEAR_DUPLICATE
refined_5f5fb014585b10a2b675,rec_3a2313b7afa4efeec584,2,2,0,Potato healthy,PLDD-UP,direct representative match: dHash<=4 + pHash + geometry + ORB/RANSAC,0,0,0,0,0.95000000,0.95000000,1.00000000,1.00000000,VERIFIED_NEAR_DUPLICATE
refined_d71b715277c876b84be9,rec_3a3107a5d7df904f074e,2,2,0,Potato healthy,PLDD-UP,direct representative match: dHash<=4 + pHash + geometry + ORB/RANSAC,0,0,0,0,0.95500000,0.95500000,1.00000000,1.00000000,VERIFIED_NEAR_DUPLICATE
refined_0fba3658d7d7aee990eb,rec_3a4c8090e00c62dba088,2,2,0,Potato Late blight,PLDD-UP,direct representative match: dHash<=4 + pHash + geometry + ORB/RANSAC,1,1,2,2,0.45125000,0.45125000,0.79778393,0.79778393,VERIFIED_NEAR_DUPLICATE
refined_ad072188514a0a3b195d,rec_3a8b9deea24a93df58fb,2,2,0,Potato Late blight,PLDD-UP,direct representative match: dHash<=4 + pHash + geometry + ORB/RANSAC,4,4,2,2,0.54125000,0.54125000,0.87066975,0.87066975,VERIFIED_NEAR_DUPLICATE
refined_6a90355108abcf05ece9,rec_3a8d1eb3bc162431be79,2,2,0,Potato healthy,PLDD-UP,direct representative match: dHash<=4 + pHash + geometry + ORB/RANSAC,0,0,2,2,0.79769526,0.79769526,0.99678973,0.99678973,VERIFIED_NEAR_DUPLICATE
refined_a148fb3daf2bd0c420ae,rec_3a9b159a2ecbe3c7b937,2,2,0,Potato healthy,PLDD-UP,direct representative match: dHash<=4 + pHash + geometry + ORB/RANSAC,0,0,0,0,0.99622166,0.99622166,1.00000000,1.00000000,VERIFIED_NEAR_DUPLICATE
refined_00853f883e87cb06c208,rec_3a9baa1671a7235f3a54,2,2,0,Potato healthy,PLDD-UP,direct representative match: dHash<=4 + pHash + geometry + ORB/RANSAC,0,0,0,0,0.79250000,0.79250000,0.99369085,0.99369085,VERIFIED_NEAR_DUPLICATE
refined_f29c1d65c30d5e8d163e,rec_3ab3eab9282d4dc9f1f7,2,2,0,Corn healthy,Seasonal Corn Leaf Disease Dataset,direct representative match: dHash<=4 + pHash + geometry + ORB/RANSAC,0,0,0,0,0.91498559,0.91498559,1.00000000,1.00000000,VERIFIED_NEAR_DUPLICATE
refined_951af683f9baf73c8d38,rec_3ac37b00170233d72d13,2,2,0,Potato Early blight,PLDD-UP,direct representative match: dHash<=4 + pHash + geometry + ORB/RANSAC,0,0,2,2,0.68801090,0.68801090,0.98217822,0.98217822,VERIFIED_NEAR_DUPLICATE
refined_2a409348407b2bf814c4,rec_3ac395e9308d9ea4770c,2,2,0,Potato healthy,PLDD-UP,direct representative match: dHash<=4 + pHash + geometry + ORB/RANSAC,0,0,0,0,1.00000000,1.00000000,1.00000000,1.00000000,VERIFIED_NEAR_DUPLICATE
refined_007587cf041dd1e551b6,rec_3ae9f2273106bcab0aad,2,2,0,Potato healthy,PLDD-UP,direct representative match: dHash<=4 + pHash + geometry + ORB/RANSAC,0,0,0,0,0.99875000,0.99875000,1.00000000,1.00000000,VERIFIED_NEAR_DUPLICATE
refined_70fa468dacb9819a6bb2,rec_3aeed5727082c8cf935e,2,2,0,Potato Early blight,PLDD-UP,direct representative match: dHash<=4 + pHash + geometry + ORB/RANSAC,0,0,4,4,0.49000000,0.49000000,0.87500000,0.87500000,VERIFIED_NEAR_DUPLICATE
refined_63f5365ad0fcb13b6b75,rec_3afb372099e117757bae,2,2,0,Potato Late blight,PLDD-UP,direct representative match: dHash<=4 + pHash + geometry + ORB/RANSAC,3,3,0,0,0.72083879,0.72083879,0.97454545,0.97454545,VERIFIED_NEAR_DUPLICATE
refined_c90b6c1aecd204fbd20b,rec_3afcd31b11d144a19203,3,3,0,Potato Early blight,PLDD-UP,direct representative match: dHash<=4 + pHash + geometry + ORB/RANSAC,0,1,2,4,0.60875000,0.61000000,0.93237705,0.93839836,VERIFIED_NEAR_DUPLICATE
refined_779f450aacc6fc9aa47b,rec_3b144d112055812bbfa8,2,2,0,Potato healthy,PLDD-UP,direct representative match: dHash<=4 + pHash + geometry + ORB/RANSAC,1,1,0,0,0.74639769,0.74639769,0.99613900,0.99613900,VERIFIED_NEAR_DUPLICATE
refined_fa0df37b1a8cdbf694d7,rec_3b4b028fefe5974832ec,2,2,0,Corn healthy,Seasonal Corn Leaf Disease Dataset,direct representative match: dHash<=4 + pHash + geometry + ORB/RANSAC,1,1,0,0,0.95073236,0.95073236,0.99859944,0.99859944,VERIFIED_NEAR_DUPLICATE
refined_2afefd97d9585a4b9f0d,rec_3b5c95946d4784ab3e04,3,3,0,Potato Early blight,PLDD-UP,direct representative match: dHash<=4 + pHash + geometry + ORB/RANSAC,0,0,0,0,0.58601134,0.60113422,0.99032258,0.99685535,VERIFIED_NEAR_DUPLICATE
refined_c8cba8cb7bab06ca9093,rec_3ba00ef70e674428d69e,2,2,0,Potato healthy,PLDD-UP,direct representative match: dHash<=4 + pHash + geometry + ORB/RANSAC,0,0,0,0,0.97875000,0.97875000,1.00000000,1.00000000,VERIFIED_NEAR_DUPLICATE
refined_8d4d6190a140224bffb4,rec_3ba5f0b17f3e16395792,3,3,0,Potato healthy,PLDD-UP,direct representative match: dHash<=4 + pHash + geometry + ORB/RANSAC,0,0,0,0,0.93875000,0.95375000,1.00000000,1.00000000,VERIFIED_NEAR_DUPLICATE
refined_5f7d61707d5123234fc5,rec_3ba642c52b8bb1f50f86,2,2,0,Corn healthy,Seasonal Corn Leaf Disease Dataset,direct representative match: dHash<=4 + pHash + geometry + ORB/RANSAC,1,1,0,0,0.94289509,0.94289509,1.00000000,1.00000000,VERIFIED_NEAR_DUPLICATE
refined_9e612a4121516e680f5d,rec_3bb090a04d9ef1891dd2,2,2,0,Potato healthy,PLDD-UP,direct representative match: dHash<=4 + pHash + geometry + ORB/RANSAC,0,0,0,0,0.96750000,0.96750000,0.99870801,0.99870801,VERIFIED_NEAR_DUPLICATE
refined_2932eaea8f6bf2257a5d,rec_3bcfaab14327fe06c83e,2,2,0,Potato Late blight,PLDD-UP,direct representative match: dHash<=4 + pHash + geometry + ORB/RANSAC,0,0,0,0,0.51875000,0.51875000,0.78795181,0.78795181,VERIFIED_NEAR_DUPLICATE
refined_1d48140ce2b06b9a00f2,rec_3c163c6396bba70be8b4,2,2,0,Potato healthy,PLDD-UP,direct representative match: dHash<=4 + pHash + geometry + ORB/RANSAC,0,0,0,0,0.94625000,0.94625000,0.99867900,0.99867900,VERIFIED_NEAR_DUPLICATE
refined_3de1736084d8d2fe5af1,rec_3c23148a2ab94d7ae765,2,2,0,Potato healthy,PLDD-UP,direct representative match: dHash<=4 + pHash + geometry + ORB/RANSAC,0,0,0,0,0.95500000,0.95500000,0.99738220,0.99738220,VERIFIED_NEAR_DUPLICATE
refined_1c0494e1028a599a9741,rec_3c2c7aaa5b706cd8df74,2,2,0,Potato healthy,PLDD-UP,direct representative match: dHash<=4 + pHash + geometry + ORB/RANSAC,0,0,0,0,0.99875000,0.99875000,1.00000000,1.00000000,VERIFIED_NEAR_DUPLICATE
refined_6b8f90e596ce6e677829,rec_3c362f768214850dd312,2,2,0,Potato Late blight,PLDD-UP,direct representative match: dHash<=4 + pHash + geometry + ORB/RANSAC,3,3,4,4,0.66019417,0.66019417,0.90196078,0.90196078,VERIFIED_NEAR_DUPLICATE
refined_9d246cfe8581194b503c,rec_3c3ba14d1e2025bead66,3,3,0,Potato Late blight,PLDD-UP,direct representative match: dHash<=4 + pHash + geometry + ORB/RANSAC,0,3,0,4,0.60517799,0.66666667,0.96097561,0.98128342,VERIFIED_NEAR_DUPLICATE
refined_7c39435acc65688f90bb,rec_3c5a4daed54f6b0dab8b,2,2,0,Corn healthy,Seasonal Corn Leaf Disease Dataset,direct representative match: dHash<=4 + pHash + geometry + ORB/RANSAC,0,0,0,0,0.90224571,0.90224571,0.99707174,0.99707174,VERIFIED_NEAR_DUPLICATE
refined_5438bbb9314b9fa8a90f,rec_3c81a4f84300376de55a,2,2,0,Potato healthy,PLDD-UP,direct representative match: dHash<=4 + pHash + geometry + ORB/RANSAC,0,0,0,0,0.96291560,0.96291560,1.00000000,1.00000000,VERIFIED_NEAR_DUPLICATE
refined_0594024591df27e91696,rec_3c8924ddfc56d4171bf0,2,2,0,Potato healthy,PLDD-UP,direct representative match: dHash<=4 + pHash + geometry + ORB/RANSAC,3,3,0,0,0.75732218,0.75732218,0.93922652,0.93922652,VERIFIED_NEAR_DUPLICATE
refined_5ece6f9717e287cc7519,rec_3c987840c149b476bb87,2,2,0,Potato healthy,PLDD-UP,direct representative match: dHash<=4 + pHash + geometry + ORB/RANSAC,0,0,0,0,0.73250000,0.73250000,0.99488055,0.99488055,VERIFIED_NEAR_DUPLICATE
refined_811fd23b72cf5ae3aecb,rec_3c9e84954c042de199c4,2,2,0,Potato Early blight,PLDD-UP,direct representative match: dHash<=4 + pHash + geometry + ORB/RANSAC,0,0,4,4,0.38250000,0.38250000,0.90196078,0.90196078,VERIFIED_NEAR_DUPLICATE
refined_619c7c83eb39a1e8ac0e,rec_3cbca139cc33b3c562a2,3,3,0,Potato healthy,PLDD-UP,direct representative match: dHash<=4 + pHash + geometry + ORB/RANSAC,0,0,0,0,0.95375000,0.96000000,0.99868938,0.99869792,VERIFIED_NEAR_DUPLICATE
refined_829a76bbbbddf8de740f,rec_3cdf09c92d1a25a94973,3,3,0,Potato Late blight,PLDD-UP,direct representative match: dHash<=4 + pHash + geometry + ORB/RANSAC,0,2,2,4,0.56739130,0.62554113,0.95847751,0.98467433,VERIFIED_NEAR_DUPLICATE
refined_9a285e1d19b2503f6923,rec_3cf6107b2d82e99cf89c,2,2,0,Potato Early blight,PLDD-UP,direct representative match: dHash<=4 + pHash + geometry + ORB/RANSAC,1,1,2,2,0.50560224,0.50560224,0.77562327,0.77562327,VERIFIED_NEAR_DUPLICATE
refined_72045256903f95f1f851,rec_3cf83028f05564a4c426,4,4,0,Potato healthy,PLDD-UP,direct representative match: dHash<=4 + pHash + geometry + ORB/RANSAC,0,3,0,4,0.63000000,0.91625000,0.73913043,0.99727149,VERIFIED_NEAR_DUPLICATE
refined_46e58175130356f90dae,rec_3d1e3276de022e2812d1,2,2,0,Potato Early blight,PLDD-UP,direct representative match: dHash<=4 + pHash + geometry + ORB/RANSAC,0,0,4,4,0.62611276,0.62611276,0.96919431,0.96919431,VERIFIED_NEAR_DUPLICATE
refined_b000c43466faaee9ff74,rec_3d2e93657ac2602f8493,4,4,0,Potato healthy,PLDD-UP,direct representative match: dHash<=4 + pHash + geometry + ORB/RANSAC,0,0,0,0,0.71936759,0.72068511,0.96336996,0.96526508,VERIFIED_NEAR_DUPLICATE
refined_19815b9bd39b2a44f7a4,rec_3d309c2b325b749c7e05,2,2,0,Potato Late blight,PLDD-UP,direct representative match: dHash<=4 + pHash + geometry + ORB/RANSAC,1,1,4,4,0.29000000,0.29000000,0.81896552,0.81896552,VERIFIED_NEAR_DUPLICATE
refined_7dcf8079627d51b945ee,rec_3d3db04d2e48a04e0be7,2,2,0,Potato Early blight,PLDD-UP,direct representative match: dHash<=4 + pHash + geometry + ORB/RANSAC,1,1,4,4,0.65530303,0.65530303,0.94797688,0.94797688,VERIFIED_NEAR_DUPLICATE
refined_67499bd8a4bd25d9fc65,rec_3d4412baff37f11222c1,2,2,0,Potato healthy,PLDD-UP,direct representative match: dHash<=4 + pHash + geometry + ORB/RANSAC,0,0,0,0,0.93500000,0.93500000,0.99598930,0.99598930,VERIFIED_NEAR_DUPLICATE
refined_849af46bc2c53d87971b,rec_3d4c934d0ddf7be592d3,2,2,0,Potato healthy,PLDD-UP,direct representative match: dHash<=4 + pHash + geometry + ORB/RANSAC,0,0,0,0,0.91235955,0.91235955,0.99507389,0.99507389,VERIFIED_NEAR_DUPLICATE
refined_a03975e8e9dd70ae3096,rec_3d4e8472d34339070446,2,2,0,Corn healthy,Seasonal Corn Leaf Disease Dataset,direct representative match: dHash<=4 + pHash + geometry + ORB/RANSAC,0,0,0,0,0.92824427,0.92824427,0.99671053,0.99671053,VERIFIED_NEAR_DUPLICATE
refined_1b9fbbeedcc78daec4d4,rec_3d59a709bff6250c5b3a,2,2,0,Potato healthy,PLDD-UP,direct representative match: dHash<=4 + pHash + geometry + ORB/RANSAC,0,0,0,0,0.95625000,0.95625000,0.99869281,0.99869281,VERIFIED_NEAR_DUPLICATE
refined_3b4587d217b79905b830,rec_3d5fc063b416f814859d,2,2,0,Potato healthy,PLDD-UP,direct representative match: dHash<=4 + pHash + geometry + ORB/RANSAC,0,0,0,0,0.97250000,0.97250000,1.00000000,1.00000000,VERIFIED_NEAR_DUPLICATE
refined_35b691508b5fa1008c63,rec_3d61b1826a6bf5e3bd0b,2,2,0,Corn healthy,Seasonal Corn Leaf Disease Dataset,direct representative match: dHash<=4 + pHash + geometry + ORB/RANSAC,1,1,0,0,0.91690141,0.91690141,0.99539171,0.99539171,VERIFIED_NEAR_DUPLICATE
refined_6327ab24c7d58f3d5846,rec_3d6b307c3d44736325e9,2,2,0,Corn healthy,Seasonal Corn Leaf Disease Dataset,direct representative match: dHash<=4 + pHash + geometry + ORB/RANSAC,1,1,0,0,0.88851351,0.88851351,1.00000000,1.00000000,VERIFIED_NEAR_DUPLICATE
refined_4cb5389d9d1d0f4fdc10,rec_3d6f89fb86410b8650b7,2,2,0,Potato healthy,PLDD-UP,direct representative match: dHash<=4 + pHash + geometry + ORB/RANSAC,0,0,0,0,0.96192893,0.96192893,1.00000000,1.00000000,VERIFIED_NEAR_DUPLICATE
refined_c174ab49054dbbcaa6a5,rec_3d873df81de0ace91c6c,2,2,0,Potato healthy,PLDD-UP,direct representative match: dHash<=4 + pHash + geometry + ORB/RANSAC,0,0,0,0,0.99867900,0.99867900,1.00000000,1.00000000,VERIFIED_NEAR_DUPLICATE
refined_8ef2fc7cdd5ebb750b57,rec_3d8aec047c41179e6fec,2,2,0,Corn healthy,Seasonal Corn Leaf Disease Dataset,direct representative match: dHash<=4 + pHash + geometry + ORB/RANSAC,0,0,2,2,0.93818681,0.93818681,0.99707174,0.99707174,VERIFIED_NEAR_DUPLICATE
refined_43c040282e357f13d519,rec_3da1f9984e0d3d36917f,2,2,0,Potato Late blight,PLDD-UP,direct representative match: dHash<=4 + pHash + geometry + ORB/RANSAC,0,0,2,2,0.59527121,0.59527121,0.98598131,0.98598131,VERIFIED_NEAR_DUPLICATE
refined_c01b0e0e53d5d430a2f2,rec_3dab971b1d590872ab6c,2,2,0,Potato healthy,PLDD-UP,direct representative match: dHash<=4 + pHash + geometry + ORB/RANSAC,0,0,0,0,0.99500000,0.99500000,1.00000000,1.00000000,VERIFIED_NEAR_DUPLICATE
refined_c0a1dc829de0eb2b8d80,rec_3daeb5fc6d281bc15d81,2,2,0,Potato healthy,PLDD-UP,direct representative match: dHash<=4 + pHash + geometry + ORB/RANSAC,0,0,0,0,0.94625000,0.94625000,1.00000000,1.00000000,VERIFIED_NEAR_DUPLICATE
refined_a6099bae88853a5af1be,rec_3dd0c6a98585b43d5380,2,2,0,Potato Early blight,PLDD-UP,direct representative match: dHash<=4 + pHash + geometry + ORB/RANSAC,0,0,0,0,0.63257576,0.63257576,0.97005988,0.97005988,VERIFIED_NEAR_DUPLICATE
refined_e1f14f3552eb0e48503c,rec_3dd49f5275b1db815270,2,2,0,Corn healthy,Seasonal Corn Leaf Disease Dataset,direct representative match: dHash<=4 + pHash + geometry + ORB/RANSAC,0,0,0,0,0.87820513,0.87820513,0.99817518,0.99817518,VERIFIED_NEAR_DUPLICATE
refined_3ec1190d16f3e121658f,rec_3de82d91fdf85a818959,2,2,0,Potato healthy,PLDD-UP,direct representative match: dHash<=4 + pHash + geometry + ORB/RANSAC,1,1,2,2,0.71172414,0.71172414,0.99418605,0.99418605,VERIFIED_NEAR_DUPLICATE
refined_a33c75ee2f0a2305e353,rec_3deaceaadbd61dfa8410,2,2,0,Corn healthy,Seasonal Corn Leaf Disease Dataset,direct representative match: dHash<=4 + pHash + geometry + ORB/RANSAC,0,0,0,0,0.92022008,0.92022008,1.00000000,1.00000000,VERIFIED_NEAR_DUPLICATE
refined_7f7c80eb33ce511556ec,rec_3def100e390e84b58363,2,2,0,Potato Late blight,PLDD-UP,direct representative match: dHash<=4 + pHash + geometry + ORB/RANSAC,2,2,2,2,0.66597077,0.66597077,0.98119122,0.98119122,VERIFIED_NEAR_DUPLICATE
refined_822329c9d6b53834183e,rec_3df9946a9a030b6de51c,2,2,0,Potato healthy,PLDD-UP,direct representative match: dHash<=4 + pHash + geometry + ORB/RANSAC,0,0,0,0,0.94500000,0.94500000,0.99867725,0.99867725,VERIFIED_NEAR_DUPLICATE
refined_119c7ed09f726d9d733b,rec_3e134b82d386355d54b1,2,2,0,Potato Early blight,PLDD-UP,direct representative match: dHash<=4 + pHash + geometry + ORB/RANSAC,0,0,0,0,0.48500000,0.48500000,0.69329897,0.69329897,VERIFIED_NEAR_DUPLICATE
refined_9895ec4b60e9eb00be1f,rec_3e307ff1a8ca0e0f75b3,3,3,0,Potato Early blight,PLDD-UP,direct representative match: dHash<=4 + pHash + geometry + ORB/RANSAC,1,1,2,2,0.65681234,0.71336761,0.94129159,0.98558559,VERIFIED_NEAR_DUPLICATE
refined_79dc84a6e803628e6cf3,rec_3e347665e8d83d11f282,2,2,0,Potato healthy,PLDD-UP,direct representative match: dHash<=4 + pHash + geometry + ORB/RANSAC,0,0,0,0,0.95250000,0.95250000,0.99868766,0.99868766,VERIFIED_NEAR_DUPLICATE
refined_258646d172ce48112516,rec_3e44914ff6bc17a223f0,2,2,0,Corn healthy,Seasonal Corn Leaf Disease Dataset,direct representative match: dHash<=4 + pHash + geometry + ORB/RANSAC,0,0,0,0,0.93975904,0.93975904,0.99857550,0.99857550,VERIFIED_NEAR_DUPLICATE
refined_7144c4cc4337e1ff25ac,rec_3e5ef0d551a85a2d54b7,2,2,0,Potato healthy,PLDD-UP,direct representative match: dHash<=4 + pHash + geometry + ORB/RANSAC,1,1,2,2,0.84625000,0.84625000,0.99556869,0.99556869,VERIFIED_NEAR_DUPLICATE
refined_6eb9511382e87350d30e,rec_3e79b751858c8fd4ff8b,3,3,0,Potato Late blight,PLDD-UP,direct representative match: dHash<=4 + pHash + geometry + ORB/RANSAC,3,4,2,2,0.72543353,0.73448773,0.98821218,0.99402390,VERIFIED_NEAR_DUPLICATE
refined_6e7f191bcecec45dd154,rec_3e79e96e2c318bdf5a04,2,2,0,Corn healthy,Seasonal Corn Leaf Disease Dataset,direct representative match: dHash<=4 + pHash + geometry + ORB/RANSAC,0,0,0,0,0.92744063,0.92744063,0.99857752,0.99857752,VERIFIED_NEAR_DUPLICATE
refined_3b7280b81a834c2cb57e,rec_3e859bfeffab20f60aa1,2,2,0,Corn healthy,Seasonal Corn Leaf Disease Dataset,direct representative match: dHash<=4 + pHash + geometry + ORB/RANSAC,0,0,0,0,0.91847826,0.91847826,0.99704142,0.99704142,VERIFIED_NEAR_DUPLICATE
refined_f19865e34733d835e2df,rec_3e916b0dd7e248cb3ca3,2,2,0,Potato healthy,PLDD-UP,direct representative match: dHash<=4 + pHash + geometry + ORB/RANSAC,0,0,0,0,0.99868421,0.99868421,1.00000000,1.00000000,VERIFIED_NEAR_DUPLICATE
refined_cb9e9dc9592a0291f9b7,rec_3ebb08266f1243aeb625,3,3,0,Potato Late blight,PLDD-UP,direct representative match: dHash<=4 + pHash + geometry + ORB/RANSAC,3,4,4,4,0.61721068,0.65735294,0.86538462,0.89485459,VERIFIED_NEAR_DUPLICATE
refined_36ff85b0ca1ade2167f7,rec_3ebc010e55df79efcecc,2,2,0,Potato healthy,PLDD-UP,direct representative match: dHash<=4 + pHash + geometry + ORB/RANSAC,0,0,2,2,0.96250000,0.96250000,1.00000000,1.00000000,VERIFIED_NEAR_DUPLICATE
refined_7f6624440daabf6034d8,rec_3ebf27bee032042716dc,2,2,0,Potato healthy,PLDD-UP,direct representative match: dHash<=4 + pHash + geometry + ORB/RANSAC,0,0,0,0,0.92500000,0.92500000,0.99729730,0.99729730,VERIFIED_NEAR_DUPLICATE
refined_33a859a266003e4aebe9,rec_3ec737a5ce2859f2add8,2,2,0,Potato healthy,PLDD-UP,direct representative match: dHash<=4 + pHash + geometry + ORB/RANSAC,0,0,2,2,0.76453055,0.76453055,0.99805068,0.99805068,VERIFIED_NEAR_DUPLICATE
refined_eed2fcd5f4e21a399c2f,rec_3edbdf5d445e602d723d,2,2,0,Potato healthy,PLDD-UP,direct representative match: dHash<=4 + pHash + geometry + ORB/RANSAC,0,0,0,0,0.99750000,0.99750000,1.00000000,1.00000000,VERIFIED_NEAR_DUPLICATE
refined_8c46e847d7255ffc776f,rec_3edded3cd0c1afb613d8,2,2,0,Potato Early blight,PLDD-UP,direct representative match: dHash<=4 + pHash + geometry + ORB/RANSAC,1,1,2,2,0.72250000,0.72250000,0.85986159,0.85986159,VERIFIED_NEAR_DUPLICATE
refined_c37759838d9bd30c2671,rec_3ee31b88b18342e96ea3,2,2,0,Potato healthy,PLDD-UP,direct representative match: dHash<=4 + pHash + geometry + ORB/RANSAC,0,0,0,0,0.80323450,0.80323450,0.99496644,0.99496644,VERIFIED_NEAR_DUPLICATE
refined_f8f8e97975889af88b9c,rec_3ef59b18cedb84e41cea,3,3,0,Potato Early blight | Potato healthy,PLDD-UP,direct representative match: dHash<=4 + pHash + geometry + ORB/RANSAC,0,2,2,4,0.44000000,0.94625000,0.74431818,1.00000000,VERIFIED_LABEL_CONFLICT
refined_d963272419b6a02fa642,rec_3efe7dabc4252213d3ea,2,2,0,Potato healthy,PLDD-UP,direct representative match: dHash<=4 + pHash + geometry + ORB/RANSAC,0,0,0,0,0.96070976,0.96070976,0.99604222,0.99604222,VERIFIED_NEAR_DUPLICATE
refined_3c858e8f35d413ef0393,rec_3f018e2b7e3d0d54ec56,2,2,0,Potato healthy,PLDD-UP,direct representative match: dHash<=4 + pHash + geometry + ORB/RANSAC,0,0,0,0,0.99375000,0.99375000,1.00000000,1.00000000,VERIFIED_NEAR_DUPLICATE
refined_6643afa1cc25b1013e85,rec_3f072e2ba87c96be3ad5,2,2,0,Corn healthy,Seasonal Corn Leaf Disease Dataset,direct representative match: dHash<=4 + pHash + geometry + ORB/RANSAC,0,0,0,0,0.92957746,0.92957746,0.99545455,0.99545455,VERIFIED_NEAR_DUPLICATE
refined_74a6c98db848a9b300e8,rec_3f213007f85d18526f6b,2,2,0,Potato Late blight,PLDD-UP,direct representative match: dHash<=4 + pHash + geometry + ORB/RANSAC,1,1,0,0,0.67713568,0.67713568,0.84044527,0.84044527,VERIFIED_NEAR_DUPLICATE
refined_c77e7483d84841c61d81,rec_3f27cd7d529880efd062,4,4,0,Potato Early blight,PLDD-UP,direct representative match: dHash<=4 + pHash + geometry + ORB/RANSAC,0,1,2,2,0.65379665,0.72656250,0.88037383,0.96057348,VERIFIED_NEAR_DUPLICATE
refined_27287c76a081d2187441,rec_3f30e9e937ae3229159c,2,2,0,Corn healthy,Seasonal Corn Leaf Disease Dataset,direct representative match: dHash<=4 + pHash + geometry + ORB/RANSAC,0,0,0,0,0.89531680,0.89531680,0.99692308,0.99692308,VERIFIED_NEAR_DUPLICATE
refined_f82af10c63d0ac3b2070,rec_3f5b9c30bf873f426d2f,2,2,0,Potato Early blight,PLDD-UP,direct representative match: dHash<=4 + pHash + geometry + ORB/RANSAC,1,1,4,4,0.58375000,0.58375000,0.93790150,0.93790150,VERIFIED_NEAR_DUPLICATE
refined_b84dd0e767f09edf6eba,rec_3f5c770809b8ba90e26d,2,2,0,Potato healthy,PLDD-UP,direct representative match: dHash<=4 + pHash + geometry + ORB/RANSAC,0,0,0,0,0.95375000,0.95375000,1.00000000,1.00000000,VERIFIED_NEAR_DUPLICATE
refined_33443e0c05d28b6064ab,rec_3f71e9b0e56f003758bd,2,2,0,Potato healthy,PLDD-UP,direct representative match: dHash<=4 + pHash + geometry + ORB/RANSAC,0,0,0,0,0.94875000,0.94875000,0.99868248,0.99868248,VERIFIED_NEAR_DUPLICATE
refined_8cd53d3a3207c6f74a3b,rec_3f7cde8d77f9c166a472,2,2,0,Corn healthy,Seasonal Corn Leaf Disease Dataset,direct representative match: dHash<=4 + pHash + geometry + ORB/RANSAC,2,2,0,0,0.93062827,0.93062827,0.99718706,0.99718706,VERIFIED_NEAR_DUPLICATE
refined_52399b9db86b75d20eb3,rec_3f9693615df01abc6bea,2,2,0,Potato Early blight,PLDD-UP,direct representative match: dHash<=4 + pHash + geometry + ORB/RANSAC,3,3,2,2,0.44500000,0.44500000,0.81179775,0.81179775,VERIFIED_NEAR_DUPLICATE
refined_dcabd3abc7db9cac1882,rec_3f9df48022da2034dedd,4,4,0,Potato healthy,PLDD-UP,direct representative match: dHash<=4 + pHash + geometry + ORB/RANSAC,0,1,0,2,0.27240773,0.95121951,0.85806452,1.00000000,VERIFIED_NEAR_DUPLICATE
refined_e99a2bc320e6b24470a7,rec_3fa9df4eca2969fbf616,2,2,0,Potato Late blight,PLDD-UP,direct representative match: dHash<=4 + pHash + geometry + ORB/RANSAC,0,0,4,4,0.69496403,0.69496403,0.91097308,0.91097308,VERIFIED_NEAR_DUPLICATE
refined_ed05545377a283d528f5,rec_3fb12e0549be5b7fe9b5,2,2,0,Potato healthy,PLDD-UP,direct representative match: dHash<=4 + pHash + geometry + ORB/RANSAC,0,0,0,0,0.93625498,0.93625498,0.99858156,0.99858156,VERIFIED_NEAR_DUPLICATE
refined_06aabc15fada4d1cb691,rec_3fb1e26485b8d836be72,2,2,0,Potato Late blight,PLDD-UP,direct representative match: dHash<=4 + pHash + geometry + ORB/RANSAC,1,1,2,2,0.54625000,0.54625000,0.84210526,0.84210526,VERIFIED_NEAR_DUPLICATE
refined_ffb577f26f933b051fe8,rec_3fc7a82df7e518ed37a5,2,2,0,Potato healthy,PLDD-UP,direct representative match: dHash<=4 + pHash + geometry + ORB/RANSAC,0,0,0,0,0.92947103,0.92947103,0.99322493,0.99322493,VERIFIED_NEAR_DUPLICATE
refined_4bb97baa2c5d54fd21a3,rec_3fc91836286a11338e38,2,2,0,Potato Late blight,PLDD-UP,direct representative match: dHash<=4 + pHash + geometry + ORB/RANSAC,2,2,4,4,0.62375000,0.62375000,0.83366733,0.83366733,VERIFIED_NEAR_DUPLICATE
refined_9ac4fd3073680954202f,rec_3fef3c39ef9d7a53f0c3,2,2,0,Potato healthy,PLDD-UP,direct representative match: dHash<=4 + pHash + geometry + ORB/RANSAC,0,0,0,0,0.91125000,0.91125000,0.99451303,0.99451303,VERIFIED_NEAR_DUPLICATE
refined_10d7ba1da06712d6fc19,rec_3ff083c7e7c46c591c6e,2,2,0,Potato Early blight,PLDD-UP,direct representative match: dHash<=4 + pHash + geometry + ORB/RANSAC,0,0,4,4,0.53000000,0.53000000,0.97169811,0.97169811,VERIFIED_NEAR_DUPLICATE
refined_677541af1fc24833c422,rec_4018e4c0879f18da61e8,2,2,0,Potato healthy,PLDD-UP,direct representative match: dHash<=4 + pHash + geometry + ORB/RANSAC,0,0,0,0,0.94274301,0.94274301,1.00000000,1.00000000,VERIFIED_NEAR_DUPLICATE
refined_ca9baf71347e20fa0c81,rec_401bea18698abded2aa8,2,2,0,Potato healthy,PLDD-UP,direct representative match: dHash<=4 + pHash + geometry + ORB/RANSAC,3,3,0,0,0.77500000,0.77500000,0.98387097,0.98387097,VERIFIED_NEAR_DUPLICATE
refined_a0a4f917205c59bad086,rec_40318de2d0e8beda31a4,2,2,0,Potato Late blight,PLDD-UP,direct representative match: dHash<=4 + pHash + geometry + ORB/RANSAC,2,2,4,4,0.74160207,0.74160207,0.95296167,0.95296167,VERIFIED_NEAR_DUPLICATE
refined_288304c0558b26ccc188,rec_4037c7c6f36152f83229,2,2,0,Potato healthy,PLDD-UP,direct representative match: dHash<=4 + pHash + geometry + ORB/RANSAC,0,0,0,0,0.94750000,0.94750000,0.99868074,0.99868074,VERIFIED_NEAR_DUPLICATE
refined_b1df45ee43c485a7811c,rec_403db8ee47fac8fa2b57,2,2,0,Potato healthy,PLDD-UP,direct representative match: dHash<=4 + pHash + geometry + ORB/RANSAC,0,0,0,0,0.94125000,0.94125000,0.99601594,0.99601594,VERIFIED_NEAR_DUPLICATE
refined_649b21c0dabb89a6adf3,rec_40662e1087db4ca7ac4f,2,2,0,Potato healthy,PLDD-UP,direct representative match: dHash<=4 + pHash + geometry + ORB/RANSAC,0,0,2,2,0.86093552,0.86093552,0.97356828,0.97356828,VERIFIED_NEAR_DUPLICATE
refined_b455768b912c8f541cf5,rec_406f819510eb9630e555,2,2,0,Potato healthy,PLDD-UP,direct representative match: dHash<=4 + pHash + geometry + ORB/RANSAC,4,4,2,2,0.75459098,0.75459098,0.99115044,0.99115044,VERIFIED_NEAR_DUPLICATE
refined_d6f66cf29df1e9618116,rec_407721346d1592715136,2,2,0,Corn healthy,Seasonal Corn Leaf Disease Dataset,direct representative match: dHash<=4 + pHash + geometry + ORB/RANSAC,0,0,2,2,0.91939891,0.91939891,1.00000000,1.00000000,VERIFIED_NEAR_DUPLICATE
refined_36ba08b47e32248a8a5a,rec_4077a2417fc980d4a1c3,2,2,0,Potato Early blight,PLDD-UP,direct representative match: dHash<=4 + pHash + geometry + ORB/RANSAC,2,2,4,4,0.69581749,0.69581749,0.94899818,0.94899818,VERIFIED_NEAR_DUPLICATE
refined_9d418a5dd2a9f18c7ff2,rec_4078f8ab58bbca7b07a6,2,2,0,Potato healthy,PLDD-UP,direct representative match: dHash<=4 + pHash + geometry + ORB/RANSAC,1,1,0,0,0.76537585,0.76537585,0.97321429,0.97321429,VERIFIED_NEAR_DUPLICATE
refined_40bc940bd15687f21e10,rec_4092d3742e1af8173a14,2,2,0,Potato healthy,PLDD-UP,direct representative match: dHash<=4 + pHash + geometry + ORB/RANSAC,0,0,0,0,0.94625000,0.94625000,1.00000000,1.00000000,VERIFIED_NEAR_DUPLICATE
refined_bf7440a6e1b4e8e4ca38,rec_4095568ee1f0f239a540,2,2,0,Potato healthy,PLDD-UP,direct representative match: dHash<=4 + pHash + geometry + ORB/RANSAC,0,0,0,0,0.83750000,0.83750000,0.99552239,0.99552239,VERIFIED_NEAR_DUPLICATE
refined_3f57c803033aaa628c5c,rec_409e17d00ed931ebb28b,2,2,0,Potato healthy,PLDD-UP,direct representative match: dHash<=4 + pHash + geometry + ORB/RANSAC,0,0,0,0,0.96625000,0.96625000,1.00000000,1.00000000,VERIFIED_NEAR_DUPLICATE
refined_ab65a9661eeec1194a7f,rec_409e779be53f746c11d9,2,2,0,Potato healthy,PLDD-UP,direct representative match: dHash<=4 + pHash + geometry + ORB/RANSAC,0,0,0,0,0.95250000,0.95250000,0.99606299,0.99606299,VERIFIED_NEAR_DUPLICATE
refined_0a3075811ffea2110861,rec_40ab118a628729a7d3ea,3,3,0,Potato Early blight,PLDD-UP,direct representative match: dHash<=4 + pHash + geometry + ORB/RANSAC,2,2,4,4,0.58187135,0.61111111,0.88995215,0.97487437,VERIFIED_NEAR_DUPLICATE
refined_62fb6f43196ce3548769,rec_40abee4bd1dbde2be264,2,2,0,Potato Early blight,PLDD-UP,direct representative match: dHash<=4 + pHash + geometry + ORB/RANSAC,0,0,4,4,0.71614583,0.71614583,0.97636364,0.97636364,VERIFIED_NEAR_DUPLICATE
refined_f7d72cd63ee10e9a5a29,rec_40be5cace33e98a1ce79,2,2,0,Corn healthy,Seasonal Corn Leaf Disease Dataset,direct representative match: dHash<=4 + pHash + geometry + ORB/RANSAC,2,2,2,2,0.90014684,0.90014684,0.99836868,0.99836868,VERIFIED_NEAR_DUPLICATE
refined_68f9303039da3ec3c66d,rec_40be7f3d1fb84a2ae10e,3,3,0,Potato Late blight,PLDD-UP,direct representative match: dHash<=4 + pHash + geometry + ORB/RANSAC,2,2,2,4,0.59375000,0.66000000,0.84659091,0.90736842,VERIFIED_NEAR_DUPLICATE
refined_cf8e9c09fe67c317ee45,rec_40c9f74cb6baf2b36345,2,2,0,Potato healthy,PLDD-UP,direct representative match: dHash<=4 + pHash + geometry + ORB/RANSAC,0,0,0,0,0.99457995,0.99457995,1.00000000,1.00000000,VERIFIED_NEAR_DUPLICATE
refined_9b8fff7893c56df584aa,rec_40cc5967e436936c0617,2,2,0,Potato Early blight,PLDD-UP,direct representative match: dHash<=4 + pHash + geometry + ORB/RANSAC,3,3,4,4,0.62875000,0.62875000,0.92445328,0.92445328,VERIFIED_NEAR_DUPLICATE
refined_67de7eabe5d597dc25c3,rec_40f768ac55049e1a64da,2,2,0,Potato healthy,PLDD-UP,direct representative match: dHash<=4 + pHash + geometry + ORB/RANSAC,0,0,0,0,0.95875000,0.95875000,0.99869622,0.99869622,VERIFIED_NEAR_DUPLICATE
refined_37b4b6f74646f535fcd4,rec_410706f3e922425ccdfa,2,2,0,Potato healthy,PLDD-UP,direct representative match: dHash<=4 + pHash + geometry + ORB/RANSAC,0,0,0,0,0.96029412,0.96029412,0.99846861,0.99846861,VERIFIED_NEAR_DUPLICATE
refined_b886ba2be6203b963f23,rec_414fcc02c637f2fd01d3,2,2,0,Potato healthy,PLDD-UP,direct representative match: dHash<=4 + pHash + geometry + ORB/RANSAC,1,1,2,2,0.76952625,0.76952625,0.98003328,0.98003328,VERIFIED_NEAR_DUPLICATE
refined_2d3f93ce36d030182221,rec_41734d83baf7a5c6bb39,2,2,0,Potato healthy,PLDD-UP,direct representative match: dHash<=4 + pHash + geometry + ORB/RANSAC,0,0,0,0,0.95500000,0.95500000,0.99869110,0.99869110,VERIFIED_NEAR_DUPLICATE
refined_73b406da199d1763d93f,rec_4184666a273ba758e40f,2,2,0,Potato healthy,PLDD-UP,direct representative match: dHash<=4 + pHash + geometry + ORB/RANSAC,0,0,0,0,0.99625000,0.99625000,1.00000000,1.00000000,VERIFIED_NEAR_DUPLICATE
refined_5d2fc134da0136bdd5fb,rec_418ba6a9848075ce84bb,2,2,0,Potato healthy,PLDD-UP,direct representative match: dHash<=4 + pHash + geometry + ORB/RANSAC,1,1,0,0,0.80658436,0.80658436,0.99659864,0.99659864,VERIFIED_NEAR_DUPLICATE
refined_296b0b75aa2880f4a0ee,rec_41a5fc8c3ea1b0f54f02,2,2,0,Potato healthy,PLDD-UP,direct representative match: dHash<=4 + pHash + geometry + ORB/RANSAC,0,0,0,0,0.96625000,0.96625000,1.00000000,1.00000000,VERIFIED_NEAR_DUPLICATE
refined_dae1b8a5e614e0af39da,rec_41ad5ccb65aefd68c4a0,2,2,0,Potato healthy,PLDD-UP,direct representative match: dHash<=4 + pHash + geometry + ORB/RANSAC,1,1,0,0,0.79375000,0.79375000,0.99212598,0.99212598,VERIFIED_NEAR_DUPLICATE
refined_53a462700b22cb121536,rec_41ae74720d5692bc087a,2,2,0,Potato healthy,PLDD-UP,direct representative match: dHash<=4 + pHash + geometry + ORB/RANSAC,0,0,0,0,0.95250000,0.95250000,0.99868766,0.99868766,VERIFIED_NEAR_DUPLICATE
refined_a547b13f19d1ed3d6407,rec_41b57abffc213ad5e90f,2,2,0,Potato healthy,PLDD-UP,direct representative match: dHash<=4 + pHash + geometry + ORB/RANSAC,0,0,0,0,0.96250000,0.96250000,1.00000000,1.00000000,VERIFIED_NEAR_DUPLICATE
refined_5ea95faf0c35235b0482,rec_41d6853b4a6990ed7413,2,2,0,Corn healthy,Seasonal Corn Leaf Disease Dataset,direct representative match: dHash<=4 + pHash + geometry + ORB/RANSAC,0,0,0,0,0.90409027,0.90409027,0.99531981,0.99531981,VERIFIED_NEAR_DUPLICATE
refined_a8370b3d916399f91c55,rec_41d7a68aca756a025ece,2,2,0,Potato Early blight,PLDD-UP,direct representative match: dHash<=4 + pHash + geometry + ORB/RANSAC,2,2,2,2,0.57375000,0.57375000,0.87581699,0.87581699,VERIFIED_NEAR_DUPLICATE
refined_7e5b11711584ad890e20,rec_41f158d07c8e8b264b0b,2,2,0,Corn healthy,Seasonal Corn Leaf Disease Dataset,direct representative match: dHash<=4 + pHash + geometry + ORB/RANSAC,1,1,0,0,0.94101877,0.94101877,1.00000000,1.00000000,VERIFIED_NEAR_DUPLICATE
refined_f3ac1932726d8272827f,rec_42139c3c0c4db7b3c6d7,2,2,0,Potato healthy,PLDD-UP,direct representative match: dHash<=4 + pHash + geometry + ORB/RANSAC,0,0,0,0,0.96625000,0.96625000,0.99741268,0.99741268,VERIFIED_NEAR_DUPLICATE
refined_abf55e3c512bf16f9b44,rec_42228f7694f396a0ac1b,2,2,0,Potato healthy,PLDD-UP,direct representative match: dHash<=4 + pHash + geometry + ORB/RANSAC,2,2,0,0,0.84250000,0.84250000,0.99406528,0.99406528,VERIFIED_NEAR_DUPLICATE
refined_93a4847bf7642468fac4,rec_4236bebafe2ada1e9b50,2,2,0,Potato Early blight,PLDD-UP,direct representative match: dHash<=4 + pHash + geometry + ORB/RANSAC,0,0,4,4,0.52000000,0.52000000,0.95673077,0.95673077,VERIFIED_NEAR_DUPLICATE
refined_5fd717719d53e8562247,rec_423e5e5d4e400c2e65bd,2,2,0,Potato healthy,PLDD-UP,direct representative match: dHash<=4 + pHash + geometry + ORB/RANSAC,0,0,0,0,0.75866852,0.75866852,0.97257770,0.97257770,VERIFIED_NEAR_DUPLICATE
refined_f8440dc403c7c61ecaa3,rec_4250da37d2a556e7db58,2,2,0,Potato healthy,PLDD-UP,direct representative match: dHash<=4 + pHash + geometry + ORB/RANSAC,0,0,0,0,0.93630573,0.93630573,1.00000000,1.00000000,VERIFIED_NEAR_DUPLICATE
refined_10a190a3169b15b750f0,rec_426044a563bc0b13ff6b,2,2,0,Potato healthy,PLDD-UP,direct representative match: dHash<=4 + pHash + geometry + ORB/RANSAC,0,0,0,0,0.95000000,0.95000000,1.00000000,1.00000000,VERIFIED_NEAR_DUPLICATE
refined_dfe2e789be2b50c40975,rec_426ad5cd59f8896b5436,2,2,0,Potato Late blight,PLDD-UP,direct representative match: dHash<=4 + pHash + geometry + ORB/RANSAC,2,2,4,4,0.58839050,0.58839050,0.95067265,0.95067265,VERIFIED_NEAR_DUPLICATE
refined_b7d6408e6e08876fc97d,rec_42724b66ff78fb11ce42,2,2,0,Potato healthy,PLDD-UP,direct representative match: dHash<=4 + pHash + geometry + ORB/RANSAC,0,0,0,0,0.95250000,0.95250000,0.99868766,0.99868766,VERIFIED_NEAR_DUPLICATE
refined_b45cb532e6ee90bb899b,rec_427dcdd7221577c4158c,2,2,0,Potato healthy,PLDD-UP,direct representative match: dHash<=4 + pHash + geometry + ORB/RANSAC,0,0,0,0,0.92982456,0.92982456,0.99730458,0.99730458,VERIFIED_NEAR_DUPLICATE
refined_49e973db708be16a57a5,rec_427ebd9698fc26242ed7,2,2,0,Potato healthy,PLDD-UP,direct representative match: dHash<=4 + pHash + geometry + ORB/RANSAC,2,2,0,0,0.79125000,0.79125000,0.98736177,0.98736177,VERIFIED_NEAR_DUPLICATE
refined_e57ce7d329bd950209fd,rec_42f9cc2464caf11b8b1e,2,2,0,Corn healthy,Seasonal Corn Leaf Disease Dataset,direct representative match: dHash<=4 + pHash + geometry + ORB/RANSAC,0,0,0,0,0.95182292,0.95182292,0.99863201,0.99863201,VERIFIED_NEAR_DUPLICATE
refined_cf6dc6fb68eba0a3f868,rec_42fa357e5fe7ee8cd6ef,2,2,0,Potato healthy,PLDD-UP,direct representative match: dHash<=4 + pHash + geometry + ORB/RANSAC,0,0,0,0,0.99500000,0.99500000,1.00000000,1.00000000,VERIFIED_NEAR_DUPLICATE
refined_fe6b5a434dea1c624e26,rec_430f488dfebac9bdd4f1,2,2,0,Corn healthy,Seasonal Corn Leaf Disease Dataset,direct representative match: dHash<=4 + pHash + geometry + ORB/RANSAC,0,0,0,0,0.93872229,0.93872229,0.99722222,0.99722222,VERIFIED_NEAR_DUPLICATE
refined_225f89e40a32d9699c1c,rec_43136a8332d36055f414,2,2,0,Potato healthy,PLDD-UP,direct representative match: dHash<=4 + pHash + geometry + ORB/RANSAC,0,0,0,0,0.95750000,0.95750000,0.99869452,0.99869452,VERIFIED_NEAR_DUPLICATE
refined_0f6dbcec77f778c42ae3,rec_4314fedc8819ca41652b,2,2,0,Potato Late blight,PLDD-UP,direct representative match: dHash<=4 + pHash + geometry + ORB/RANSAC,3,3,4,4,0.64509804,0.64509804,0.95440729,0.95440729,VERIFIED_NEAR_DUPLICATE
refined_bc7f37f3f59b2ce7735f,rec_43276295e203dd534bbe,2,2,0,Potato healthy,PLDD-UP,direct representative match: dHash<=4 + pHash + geometry + ORB/RANSAC,0,0,0,0,0.97000000,0.97000000,0.99871134,0.99871134,VERIFIED_NEAR_DUPLICATE
refined_9aa6657a7540bf09ae3f,rec_4351a395287148a988c9,2,2,0,Potato healthy,PLDD-UP,direct representative match: dHash<=4 + pHash + geometry + ORB/RANSAC,4,4,0,0,0.71250000,0.71250000,0.98245614,0.98245614,VERIFIED_NEAR_DUPLICATE
refined_a6bbe491693e05b92cd3,rec_4367587cb369117c0d8f,2,2,0,Potato healthy,PLDD-UP,direct representative match: dHash<=4 + pHash + geometry + ORB/RANSAC,0,0,0,0,0.94375000,0.94375000,0.99867550,0.99867550,VERIFIED_NEAR_DUPLICATE
refined_e1c0a2c9478b883b968d,rec_437b6941f6baccfc651b,2,2,0,Potato healthy,PLDD-UP,direct representative match: dHash<=4 + pHash + geometry + ORB/RANSAC,0,0,0,0,0.99375000,0.99375000,1.00000000,1.00000000,VERIFIED_NEAR_DUPLICATE
refined_1026292b3ef83ca9ab44,rec_437c0ee1db15b62c627e,2,2,0,Potato Late blight,PLDD-UP,direct representative match: dHash<=4 + pHash + geometry + ORB/RANSAC,1,1,2,2,0.59250000,0.59250000,0.83544304,0.83544304,VERIFIED_NEAR_DUPLICATE
refined_b14eaf24970ec638b732,rec_439089288ff33fd2b3d9,2,2,0,Potato healthy,PLDD-UP,direct representative match: dHash<=4 + pHash + geometry + ORB/RANSAC,0,0,0,0,0.82875000,0.82875000,0.99396682,0.99396682,VERIFIED_NEAR_DUPLICATE
refined_87a9c7d1db9e8446ec98,rec_43a1d37d8c88ffc8b193,2,2,0,Potato healthy,PLDD-UP,direct representative match: dHash<=4 + pHash + geometry + ORB/RANSAC,0,0,0,0,0.97000000,0.97000000,0.99871134,0.99871134,VERIFIED_NEAR_DUPLICATE
refined_0cb8d7e0a7b9f560236f,rec_43c6e1c4b2aa18779fe4,2,2,0,Corn healthy,Seasonal Corn Leaf Disease Dataset,direct representative match: dHash<=4 + pHash + geometry + ORB/RANSAC,0,0,0,0,0.92339261,0.92339261,0.99703704,0.99703704,VERIFIED_NEAR_DUPLICATE
refined_07c971202f53b61c5121,rec_43cd74d88b0143bcf347,2,2,0,Potato healthy,PLDD-UP,direct representative match: dHash<=4 + pHash + geometry + ORB/RANSAC,0,0,0,0,0.96375000,0.96375000,0.99610895,0.99610895,VERIFIED_NEAR_DUPLICATE
refined_af4f3254d5916b7137e0,rec_43f1002e3b8fe106f167,2,2,0,Corn healthy,Seasonal Corn Leaf Disease Dataset,direct representative match: dHash<=4 + pHash + geometry + ORB/RANSAC,0,0,0,0,0.93446920,0.93446920,0.99859748,0.99859748,VERIFIED_NEAR_DUPLICATE
refined_99b7b01051cb564d5499,rec_43f39be504b5a9133183,3,3,0,Potato healthy,PLDD-UP,direct representative match: dHash<=4 + pHash + geometry + ORB/RANSAC,0,1,0,0,0.92625000,0.93000000,0.99865591,1.00000000,VERIFIED_NEAR_DUPLICATE
refined_9d021df2d6dd3f51f8ae,rec_4406805df360cc8654a8,3,3,0,Potato Late blight,PLDD-UP,direct representative match: dHash<=4 + pHash + geometry + ORB/RANSAC,3,4,2,4,0.54400000,0.66921899,0.93592677,0.93823529,VERIFIED_NEAR_DUPLICATE
refined_6309bdc238de872aa17d,rec_440b9fd184f9d1f094e2,2,2,0,Potato healthy,PLDD-UP,direct representative match: dHash<=4 + pHash + geometry + ORB/RANSAC,0,0,0,0,0.95625000,0.95625000,0.99738562,0.99738562,VERIFIED_NEAR_DUPLICATE
refined_0dc3ce1a610b8173ef00,rec_440bc8fa48edfb09d1b1,2,2,0,Potato Late blight,PLDD-UP,direct representative match: dHash<=4 + pHash + geometry + ORB/RANSAC,3,3,2,2,0.69501466,0.69501466,0.98734177,0.98734177,VERIFIED_NEAR_DUPLICATE
refined_57a4d238739c9a198117,rec_441847820140fe28c8f5,2,2,0,Corn healthy,Seasonal Corn Leaf Disease Dataset,direct representative match: dHash<=4 + pHash + geometry + ORB/RANSAC,0,0,0,0,0.93963255,0.93963255,1.00000000,1.00000000,VERIFIED_NEAR_DUPLICATE
refined_ac192486ec6dc78ed883,rec_44289cd2c9eebaedba1c,2,2,0,Potato Late blight,PLDD-UP,direct representative match: dHash<=4 + pHash + geometry + ORB/RANSAC,1,1,4,4,0.71733668,0.71733668,0.96672504,0.96672504,VERIFIED_NEAR_DUPLICATE
refined_96503a0392f5f7fbea53,rec_443844048083d9e7c85d,2,2,0,Corn healthy,Seasonal Corn Leaf Disease Dataset,direct representative match: dHash<=4 + pHash + geometry + ORB/RANSAC,1,1,0,0,0.92277992,0.92277992,0.99860530,0.99860530,VERIFIED_NEAR_DUPLICATE
refined_697a51abeb891a45fe12,rec_44437da2a3da9fc412eb,2,2,0,Potato healthy,PLDD-UP,direct representative match: dHash<=4 + pHash + geometry + ORB/RANSAC,0,0,0,0,0.95250000,0.95250000,0.99737533,0.99737533,VERIFIED_NEAR_DUPLICATE
refined_f5a345241c75db820a00,rec_4491ed7fa412cb6f452f,3,3,0,Potato Late blight,PLDD-UP,direct representative match: dHash<=4 + pHash + geometry + ORB/RANSAC,0,1,2,4,0.61557789,0.68261965,0.96530612,0.97970480,VERIFIED_NEAR_DUPLICATE
refined_5c114d60f9ec6b116f45,rec_44afd9ecf3933a48f00b,2,2,0,Potato healthy,PLDD-UP,direct representative match: dHash<=4 + pHash + geometry + ORB/RANSAC,1,1,0,0,0.80216802,0.80216802,0.99155405,0.99155405,VERIFIED_NEAR_DUPLICATE
refined_0933e438fba120b92a06,rec_44ca23d7e02db7a2b67f,2,2,0,Potato healthy,PLDD-UP,direct representative match: dHash<=4 + pHash + geometry + ORB/RANSAC,0,0,2,2,0.80362117,0.80362117,0.99480069,0.99480069,VERIFIED_NEAR_DUPLICATE
refined_6c4bd8b4e7936c22af20,rec_44e65402a3f63aec9868,2,2,0,Potato healthy,PLDD-UP,direct representative match: dHash<=4 + pHash + geometry + ORB/RANSAC,0,0,0,0,0.95668790,0.95668790,1.00000000,1.00000000,VERIFIED_NEAR_DUPLICATE
refined_51ef89616a6efadc0695,rec_44eb2a2b2705b6d49623,2,2,0,Potato healthy,PLDD-UP,direct representative match: dHash<=4 + pHash + geometry + ORB/RANSAC,0,0,0,0,0.96375000,0.96375000,0.99740597,0.99740597,VERIFIED_NEAR_DUPLICATE
refined_e8a2b5604af8a080e917,rec_44edaf4b22025e593c1e,2,2,0,Potato healthy,PLDD-UP,direct representative match: dHash<=4 + pHash + geometry + ORB/RANSAC,0,0,0,0,0.99625000,0.99625000,1.00000000,1.00000000,VERIFIED_NEAR_DUPLICATE
refined_57b03e97db7635ce7a13,rec_4505aeb85bd1610e5490,2,2,0,Potato Late blight,PLDD-UP,direct representative match: dHash<=4 + pHash + geometry + ORB/RANSAC,4,4,4,4,0.50375000,0.50375000,0.83374690,0.83374690,VERIFIED_NEAR_DUPLICATE
refined_4c8ceb94b4622569a115,rec_4519461314d27fef687c,2,2,0,Potato Late blight,PLDD-UP,direct representative match: dHash<=4 + pHash + geometry + ORB/RANSAC,3,3,2,2,0.44125000,0.44125000,0.83286119,0.83286119,VERIFIED_NEAR_DUPLICATE
refined_0dd9fdb1502b5cbe1df0,rec_451dc1dfc469bc23dfd2,2,2,0,Potato healthy,PLDD-UP,direct representative match: dHash<=4 + pHash + geometry + ORB/RANSAC,0,0,0,0,0.95750000,0.95750000,0.99738903,0.99738903,VERIFIED_NEAR_DUPLICATE
refined_afe334834b7d43fd4595,rec_45277e710b407443314a,2,2,0,Potato healthy,PLDD-UP,direct representative match: dHash<=4 + pHash + geometry + ORB/RANSAC,0,0,0,0,0.95875000,0.95875000,1.00000000,1.00000000,VERIFIED_NEAR_DUPLICATE
refined_830de17f4f84bb0c1ad4,rec_452a0fb5ee6e7eb29fd3,2,2,0,Corn healthy,Seasonal Corn Leaf Disease Dataset,direct representative match: dHash<=4 + pHash + geometry + ORB/RANSAC,0,0,0,0,0.92959583,0.92959583,1.00000000,1.00000000,VERIFIED_NEAR_DUPLICATE
refined_9bb7a30fc5ba062f76b4,rec_4535a415f11196d57b5d,3,3,0,Potato Early blight,PLDD-UP,direct representative match: dHash<=4 + pHash + geometry + ORB/RANSAC,3,4,4,4,0.48000000,0.55375000,0.67708333,0.72009029,VERIFIED_NEAR_DUPLICATE
refined_b83d1adcd494cfc992e3,rec_454cf635f37dd897b360,2,2,0,Corn healthy,Seasonal Corn Leaf Disease Dataset,direct representative match: dHash<=4 + pHash + geometry + ORB/RANSAC,0,0,0,0,0.92771084,0.92771084,0.99855700,0.99855700,VERIFIED_NEAR_DUPLICATE
refined_e5bda71842575421174a,rec_454e9e5a65cbc08ae697,2,2,0,Potato healthy,PLDD-UP,direct representative match: dHash<=4 + pHash + geometry + ORB/RANSAC,0,0,0,0,0.96625000,0.96625000,0.99741268,0.99741268,VERIFIED_NEAR_DUPLICATE
refined_e094cf7765be1f177e84,rec_45588eb7d9e9a01d40cf,2,2,0,Potato healthy,PLDD-UP,direct representative match: dHash<=4 + pHash + geometry + ORB/RANSAC,2,2,0,0,0.78489117,0.78489117,0.99347471,0.99347471,VERIFIED_NEAR_DUPLICATE
refined_d8ff39e5bcb16617baf6,rec_456245ba3d51fb8e4d16,2,2,0,Potato Early blight,PLDD-UP,direct representative match: dHash<=4 + pHash + geometry + ORB/RANSAC,3,3,2,2,0.61616162,0.61616162,0.90163934,0.90163934,VERIFIED_NEAR_DUPLICATE
refined_d0b642bdde3086d1d5d0,rec_4579278166abc2965152,2,2,0,Potato healthy,PLDD-UP,direct representative match: dHash<=4 + pHash + geometry + ORB/RANSAC,0,0,0,0,0.96250000,0.96250000,0.99870130,0.99870130,VERIFIED_NEAR_DUPLICATE
refined_69e66758484bcd88dc0c,rec_457ce4e9277425a6afcd,2,2,0,Corn healthy,Seasonal Corn Leaf Disease Dataset,direct representative match: dHash<=4 + pHash + geometry + ORB/RANSAC,0,0,0,0,0.90857947,0.90857947,0.99845201,0.99845201,VERIFIED_NEAR_DUPLICATE
refined_102eee8b4a550479b33f,rec_458a5be8f988b8c78520,2,2,0,Potato healthy,PLDD-UP,direct representative match: dHash<=4 + pHash + geometry + ORB/RANSAC,0,0,2,2,0.96847415,0.96847415,0.99479167,0.99479167,VERIFIED_NEAR_DUPLICATE
refined_757615c249cd5325782b,rec_458eceaf83664e462417,2,2,0,Potato Late blight,PLDD-UP,direct representative match: dHash<=4 + pHash + geometry + ORB/RANSAC,3,3,0,0,0.76000000,0.76000000,0.97203947,0.97203947,VERIFIED_NEAR_DUPLICATE
refined_6f86d303f92da6dfe95b,rec_45badfe1ab279250e5db,2,2,0,Potato healthy,PLDD-UP,direct representative match: dHash<=4 + pHash + geometry + ORB/RANSAC,0,0,0,0,0.95500000,0.95500000,0.99869110,0.99869110,VERIFIED_NEAR_DUPLICATE
refined_3def42e5f93c534df660,rec_4625680e8705cd47c28b,2,2,0,Potato healthy,PLDD-UP,direct representative match: dHash<=4 + pHash + geometry + ORB/RANSAC,0,0,0,0,0.95625000,0.95625000,0.99869281,0.99869281,VERIFIED_NEAR_DUPLICATE
refined_46dd881c31a736400873,rec_465877d6c88baaea6381,2,2,0,Potato healthy,PLDD-UP,direct representative match: dHash<=4 + pHash + geometry + ORB/RANSAC,0,0,0,0,0.95625000,0.95625000,0.99869281,0.99869281,VERIFIED_NEAR_DUPLICATE
refined_a4d7365d0c8f4ab5cfd9,rec_467fc2203bbe9ba751dd,2,2,0,Potato Late blight,PLDD-UP,direct representative match: dHash<=4 + pHash + geometry + ORB/RANSAC,2,2,2,2,0.50140056,0.50140056,0.93016760,0.93016760,VERIFIED_NEAR_DUPLICATE
refined_66ef2ba07e530574ab07,rec_468d4864c8b8be717816,2,2,0,Potato healthy,PLDD-UP,direct representative match: dHash<=4 + pHash + geometry + ORB/RANSAC,1,1,0,0,0.80375000,0.80375000,0.97978227,0.97978227,VERIFIED_NEAR_DUPLICATE
refined_937f88d0e3433da01f5c,rec_469aa9c303981b9fc655,2,2,0,Potato healthy,PLDD-UP,direct representative match: dHash<=4 + pHash + geometry + ORB/RANSAC,0,0,0,0,0.97000000,0.97000000,0.99742268,0.99742268,VERIFIED_NEAR_DUPLICATE
refined_81b4d1481af0a0a12989,rec_469bd4d377e16918ff68,2,2,0,Potato healthy,PLDD-UP,direct representative match: dHash<=4 + pHash + geometry + ORB/RANSAC,0,0,0,0,0.95375000,0.95375000,0.99868938,0.99868938,VERIFIED_NEAR_DUPLICATE
refined_eb5baf158533a96ae044,rec_46a9fa3720bb3828b1bd,2,2,0,Potato healthy,PLDD-UP,direct representative match: dHash<=4 + pHash + geometry + ORB/RANSAC,0,0,0,0,0.99375000,0.99375000,1.00000000,1.00000000,VERIFIED_NEAR_DUPLICATE
refined_21b3aeb0dd8d0256f1c1,rec_46c6e07ab33f49f6a62f,2,2,0,Corn healthy,Seasonal Corn Leaf Disease Dataset,direct representative match: dHash<=4 + pHash + geometry + ORB/RANSAC,0,0,0,0,0.83278146,0.83278146,0.99801193,0.99801193,VERIFIED_NEAR_DUPLICATE
refined_9b409c8d645c69f6f41b,rec_46d0e123946bed412e89,2,2,0,Potato Early blight | Potato Late blight,PLDD-UP,direct representative match: dHash<=4 + pHash + geometry + ORB/RANSAC,1,1,12,12,0.54129606,0.54129606,0.95774648,0.95774648,VERIFIED_LABEL_CONFLICT
refined_067b2ea89da8d4b3fcd4,rec_46fe21609b8bfab27358,2,2,0,Potato healthy,PLDD-UP,direct representative match: dHash<=4 + pHash + geometry + ORB/RANSAC,0,0,0,0,0.95608532,0.95608532,0.99737533,0.99737533,VERIFIED_NEAR_DUPLICATE
refined_5a79b2f4cd733dd9f7fe,rec_470d2a06b580b3e2f4af,2,2,0,Potato healthy,PLDD-UP,direct representative match: dHash<=4 + pHash + geometry + ORB/RANSAC,0,0,0,0,0.97125000,0.97125000,1.00000000,1.00000000,VERIFIED_NEAR_DUPLICATE
refined_8f44f131322eaa669f37,rec_4713ada9b7d457c9012c,2,2,0,Corn healthy,Seasonal Corn Leaf Disease Dataset,direct representative match: dHash<=4 + pHash + geometry + ORB/RANSAC,1,1,0,0,0.92828685,0.92828685,0.99570815,0.99570815,VERIFIED_NEAR_DUPLICATE
refined_993906586a6e11843597,rec_4716154eb9f50f85afd5,2,2,0,Potato healthy,PLDD-UP,direct representative match: dHash<=4 + pHash + geometry + ORB/RANSAC,1,1,0,0,0.81851852,0.81851852,0.99547511,0.99547511,VERIFIED_NEAR_DUPLICATE
refined_f0b413452115b39c4c5c,rec_47260aac1d2aeedc9789,6,6,0,Potato healthy,PLDD-UP,direct representative match: dHash<=4 + pHash + geometry + ORB/RANSAC,0,3,0,2,0.67375000,0.91375000,0.82103321,0.99863201,VERIFIED_NEAR_DUPLICATE
refined_cbb042474dbfd95c3d99,rec_4762f23d3bb86b69ab2d,2,2,0,Corn healthy,Seasonal Corn Leaf Disease Dataset,direct representative match: dHash<=4 + pHash + geometry + ORB/RANSAC,4,4,0,0,0.88643533,0.88643533,1.00000000,1.00000000,VERIFIED_NEAR_DUPLICATE
refined_9826859680c4844d4235,rec_4763194a44f5c988cb38,2,2,0,Potato healthy,PLDD-UP,direct representative match: dHash<=4 + pHash + geometry + ORB/RANSAC,0,0,0,0,0.95875000,0.95875000,1.00000000,1.00000000,VERIFIED_NEAR_DUPLICATE
refined_d4ff0744b44fc1d91dfb,rec_4774261b9c89e98b1791,2,2,0,Potato healthy,PLDD-UP,direct representative match: dHash<=4 + pHash + geometry + ORB/RANSAC,0,0,0,0,0.95750000,0.95750000,1.00000000,1.00000000,VERIFIED_NEAR_DUPLICATE
refined_5c8a36bd7159ab7e84c4,rec_478e67eb5ecfbfeb4082,2,2,0,Potato Late blight,PLDD-UP,direct representative match: dHash<=4 + pHash + geometry + ORB/RANSAC,3,3,4,4,0.33250000,0.33250000,0.77819549,0.77819549,VERIFIED_NEAR_DUPLICATE
refined_596b495ba17aaeac2902,rec_479fb03dac39d5b30fb6,3,3,0,Potato Early blight | Potato Late blight,PLDD-UP,direct representative match: dHash<=4 + pHash + geometry + ORB/RANSAC,1,1,4,4,0.50972763,0.55876686,0.86206897,0.90076336,VERIFIED_LABEL_CONFLICT
refined_917d8b82a0e8d3bb5c84,rec_47b261ae6ee4b79744dd,2,2,0,Potato Late blight,PLDD-UP,direct representative match: dHash<=4 + pHash + geometry + ORB/RANSAC,1,1,2,2,0.73653566,0.73653566,0.85375494,0.85375494,VERIFIED_NEAR_DUPLICATE
refined_d8c17cf2a97aa4d770cb,rec_47c64a210b9fc281e160,3,3,0,Potato Early blight,PLDD-UP,direct representative match: dHash<=4 + pHash + geometry + ORB/RANSAC,0,0,2,2,0.64126394,0.69101124,0.97391304,0.99186992,VERIFIED_NEAR_DUPLICATE
refined_c37b2fe65b105b3523b1,rec_47c79f3232dcedae3da6,4,4,0,Potato healthy,PLDD-UP,direct representative match: dHash<=4 + pHash + geometry + ORB/RANSAC,0,2,2,2,0.70398970,0.72329472,0.80474453,0.98354662,VERIFIED_NEAR_DUPLICATE
refined_cd3041005273d0012525,rec_47e9cfb73820b4af89cc,2,2,0,Potato healthy,PLDD-UP,direct representative match: dHash<=4 + pHash + geometry + ORB/RANSAC,3,3,0,0,0.79639175,0.79639175,0.97896440,0.97896440,VERIFIED_NEAR_DUPLICATE
refined_289d8a14045472b63537,rec_47f53c5c6e2c277c9877,2,2,0,Potato healthy,PLDD-UP,direct representative match: dHash<=4 + pHash + geometry + ORB/RANSAC,0,0,0,0,0.95500000,0.95500000,1.00000000,1.00000000,VERIFIED_NEAR_DUPLICATE
refined_33b1ce7946226dc18286,rec_484b767363c7f26e1d0c,2,2,0,Potato healthy,PLDD-UP,direct representative match: dHash<=4 + pHash + geometry + ORB/RANSAC,1,1,0,0,0.94125000,0.94125000,0.99867198,0.99867198,VERIFIED_NEAR_DUPLICATE
refined_952abc06c654e3ac9ac1,rec_484ed13d5154f12901df,2,2,0,Corn healthy,Seasonal Corn Leaf Disease Dataset,direct representative match: dHash<=4 + pHash + geometry + ORB/RANSAC,1,1,0,0,0.93089431,0.93089431,1.00000000,1.00000000,VERIFIED_NEAR_DUPLICATE
refined_6c9febd74921a811f705,rec_486bbed5f95b61315c7e,2,2,0,Potato healthy,PLDD-UP,direct representative match: dHash<=4 + pHash + geometry + ORB/RANSAC,0,0,0,0,0.99872611,0.99872611,0.99872449,0.99872449,VERIFIED_NEAR_DUPLICATE
refined_f5fb90fec0bfee179812,rec_488431a94fbb539e2005,2,2,0,Potato healthy,PLDD-UP,direct representative match: dHash<=4 + pHash + geometry + ORB/RANSAC,0,0,0,0,0.92075472,0.92075472,0.99453552,0.99453552,VERIFIED_NEAR_DUPLICATE
refined_8edddfff3aa36045cc0b,rec_489357b25b363fc3dc30,2,2,0,Potato Late blight,PLDD-UP,direct representative match: dHash<=4 + pHash + geometry + ORB/RANSAC,0,0,4,4,0.63786765,0.63786765,0.95965418,0.95965418,VERIFIED_NEAR_DUPLICATE
refined_f18a2a889ce87b4ac9ad,rec_48cdacbdb2b45770d03c,2,2,0,Potato healthy,PLDD-UP,direct representative match: dHash<=4 + pHash + geometry + ORB/RANSAC,0,0,0,0,0.94000000,0.94000000,1.00000000,1.00000000,VERIFIED_NEAR_DUPLICATE
refined_00d3e0a68829252a146f,rec_48de0b1baa589c761440,2,2,0,Potato Late blight,PLDD-UP,direct representative match: dHash<=4 + pHash + geometry + ORB/RANSAC,1,1,2,2,0.69083969,0.69083969,0.96316759,0.96316759,VERIFIED_NEAR_DUPLICATE
refined_d55b28fe12b08c0fbe8d,rec_48def89ed1010851bfc0,2,2,0,Potato healthy,PLDD-UP,direct representative match: dHash<=4 + pHash + geometry + ORB/RANSAC,0,0,2,2,0.91875000,0.91875000,0.99863946,0.99863946,VERIFIED_NEAR_DUPLICATE
refined_a92436a0b71e7b3874e3,rec_48f926d074629ab2dec5,2,2,0,Potato healthy,PLDD-UP,direct representative match: dHash<=4 + pHash + geometry + ORB/RANSAC,0,0,2,2,0.64122137,0.64122137,0.96825397,0.96825397,VERIFIED_NEAR_DUPLICATE
refined_2070c03f4acbb57a54e8,rec_492502e0f5d0ee8ea3b9,2,2,0,Potato healthy,PLDD-UP,direct representative match: dHash<=4 + pHash + geometry + ORB/RANSAC,0,0,0,0,0.95000000,0.95000000,1.00000000,1.00000000,VERIFIED_NEAR_DUPLICATE
refined_8f0ff88fb6657d15c05a,rec_4927976623452e46e46c,2,2,0,Potato healthy,PLDD-UP,direct representative match: dHash<=4 + pHash + geometry + ORB/RANSAC,0,0,0,0,0.96250000,0.96250000,1.00000000,1.00000000,VERIFIED_NEAR_DUPLICATE
refined_9a531d693149e3cc819e,rec_4931d35aa2ff3b53b138,2,2,0,Potato Early blight,PLDD-UP,direct representative match: dHash<=4 + pHash + geometry + ORB/RANSAC,0,0,2,2,0.63510101,0.63510101,0.97216700,0.97216700,VERIFIED_NEAR_DUPLICATE
refined_e71303375b8f8745779b,rec_4933b67e3e25e6c5dd3e,2,2,0,Potato Early blight,PLDD-UP,direct representative match: dHash<=4 + pHash + geometry + ORB/RANSAC,0,0,2,2,0.62781955,0.62781955,0.82435130,0.82435130,VERIFIED_NEAR_DUPLICATE
refined_5459dcaf86364ad2a809,rec_494328a4e50c7c4bfcc4,2,2,0,Potato healthy,PLDD-UP,direct representative match: dHash<=4 + pHash + geometry + ORB/RANSAC,0,0,0,0,0.96125000,0.96125000,0.99479844,0.99479844,VERIFIED_NEAR_DUPLICATE
refined_4ba26e283603cfef7ff0,rec_4971799aec9d285115d2,3,3,0,Potato Early blight | Potato Late blight,PLDD-UP,direct representative match: dHash<=4 + pHash + geometry + ORB/RANSAC,2,4,2,8,0.58904110,0.61764706,0.82848837,0.87394958,VERIFIED_LABEL_CONFLICT
refined_bf95c11b4206a27492ec,rec_4976d4fe2398283866ce,3,3,0,Potato Late blight,PLDD-UP,direct representative match: dHash<=4 + pHash + geometry + ORB/RANSAC,0,0,0,4,0.65268065,0.69696970,0.94983278,0.99642857,VERIFIED_NEAR_DUPLICATE
refined_5116e8152ea46f4036ce,rec_497e693bec4d0c8e220b,2,2,0,Potato Late blight,PLDD-UP,direct representative match: dHash<=4 + pHash + geometry + ORB/RANSAC,0,0,2,2,0.73375000,0.73375000,0.77853492,0.77853492,VERIFIED_NEAR_DUPLICATE
refined_40a51bcc3e129c9e2901,rec_498f4ae9fc04e2dba8fc,2,2,0,Potato healthy,PLDD-UP,direct representative match: dHash<=4 + pHash + geometry + ORB/RANSAC,0,0,0,0,0.96500000,0.96500000,1.00000000,1.00000000,VERIFIED_NEAR_DUPLICATE
refined_06153eaf63f8f16a55d5,rec_499c802670dde2fb7714,2,2,0,Potato healthy,PLDD-UP,direct representative match: dHash<=4 + pHash + geometry + ORB/RANSAC,0,0,0,0,0.94500000,0.94500000,1.00000000,1.00000000,VERIFIED_NEAR_DUPLICATE
refined_c96e88258b8429435838,rec_499e9cad6ebd8a991643,2,2,0,Corn healthy,Seasonal Corn Leaf Disease Dataset,direct representative match: dHash<=4 + pHash + geometry + ORB/RANSAC,1,1,0,0,0.92462988,0.92462988,0.99708879,0.99708879,VERIFIED_NEAR_DUPLICATE
refined_88d5ae940c7cf6f602aa,rec_49b37cb63c636bd41ef0,2,2,0,Potato healthy,PLDD-UP,direct representative match: dHash<=4 + pHash + geometry + ORB/RANSAC,0,0,0,0,0.91777188,0.91777188,0.99710983,0.99710983,VERIFIED_NEAR_DUPLICATE
refined_f74afea727fc50aa3512,rec_49f73b8c300c81342fe6,2,2,0,Potato healthy,PLDD-UP,direct representative match: dHash<=4 + pHash + geometry + ORB/RANSAC,0,0,0,0,0.95375000,0.95375000,0.99868938,0.99868938,VERIFIED_NEAR_DUPLICATE
refined_15eb4075c0e45eebba89,rec_49fb8fdb575137c9f653,2,2,0,Potato healthy,PLDD-UP,direct representative match: dHash<=4 + pHash + geometry + ORB/RANSAC,0,0,0,0,0.95875000,0.95875000,1.00000000,1.00000000,VERIFIED_NEAR_DUPLICATE
refined_8a3e7ffb413d72b2b23a,rec_4a0b555acd9bbfc8c907,2,2,0,Potato Late blight,PLDD-UP,direct representative match: dHash<=4 + pHash + geometry + ORB/RANSAC,4,4,4,4,0.60050251,0.60050251,0.97907950,0.97907950,VERIFIED_NEAR_DUPLICATE
refined_bc14df3325859da6fbe7,rec_4a10f9032a34db138690,3,3,0,Potato Early blight | Tomato Early blight,PlantDoc,direct representative match: dHash<=4 + pHash + geometry + ORB/RANSAC,0,0,2,2,0.61500000,0.62500000,0.97967480,0.99400000,VERIFIED_LABEL_CONFLICT
refined_681d01420827483db1e5,rec_4a17d89da7141d699ad9,2,2,0,Potato Late blight,PLDD-UP,direct representative match: dHash<=4 + pHash + geometry + ORB/RANSAC,0,0,2,2,0.50875000,0.50875000,0.85749386,0.85749386,VERIFIED_NEAR_DUPLICATE
refined_313dc5357e4301635b27,rec_4a26f9ad9c9b2a7eee73,2,2,0,Corn healthy,Seasonal Corn Leaf Disease Dataset,direct representative match: dHash<=4 + pHash + geometry + ORB/RANSAC,0,0,2,2,0.94423321,0.94423321,1.00000000,1.00000000,VERIFIED_NEAR_DUPLICATE
refined_962849fec9edd33ab3ae,rec_4a28ed9ea808632614f4,2,2,0,Potato Early blight,PLDD-UP,direct representative match: dHash<=4 + pHash + geometry + ORB/RANSAC,0,0,4,4,0.55750000,0.55750000,0.95964126,0.95964126,VERIFIED_NEAR_DUPLICATE
refined_bbef1ce9594da5c19a57,rec_4a36ba0361f047962174,2,2,0,Potato healthy,PLDD-UP,direct representative match: dHash<=4 + pHash + geometry + ORB/RANSAC,0,0,0,0,0.99500000,0.99500000,1.00000000,1.00000000,VERIFIED_NEAR_DUPLICATE
refined_f3257c4ba69baaa4710d,rec_4a48b7237ee2d70814ce,2,2,0,Potato Late blight,PLDD-UP,direct representative match: dHash<=4 + pHash + geometry + ORB/RANSAC,0,0,4,4,0.56100629,0.56100629,0.95291480,0.95291480,VERIFIED_NEAR_DUPLICATE
refined_be7191b88b1d632038e8,rec_4a494be12b6186f58122,2,2,0,Corn healthy,Seasonal Corn Leaf Disease Dataset,direct representative match: dHash<=4 + pHash + geometry + ORB/RANSAC,1,1,0,0,0.92450331,0.92450331,1.00000000,1.00000000,VERIFIED_NEAR_DUPLICATE
refined_7a04a4e5ea7130c28912,rec_4a622d07d1f9fa979018,2,2,0,Potato healthy,PLDD-UP,direct representative match: dHash<=4 + pHash + geometry + ORB/RANSAC,0,0,0,0,1.00000000,1.00000000,1.00000000,1.00000000,VERIFIED_NEAR_DUPLICATE
refined_137151aed4b039ef9baf,rec_4a8056804454702d7767,4,4,0,Potato Late blight,PLDD-UP,direct representative match: dHash<=4 + pHash + geometry + ORB/RANSAC,4,4,4,4,0.50250000,0.52625000,0.94527363,0.94774347,VERIFIED_NEAR_DUPLICATE
refined_86ee07fa5d2ed6d9667c,rec_4a8c673a265781fbf000,2,2,0,Potato Late blight,PLDD-UP,direct representative match: dHash<=4 + pHash + geometry + ORB/RANSAC,2,2,4,4,0.59709379,0.59709379,0.84955752,0.84955752,VERIFIED_NEAR_DUPLICATE
refined_83786e3760806d7613a1,rec_4a915d9a3a481cfbd958,2,2,0,Potato Late blight,PLDD-UP,direct representative match: dHash<=4 + pHash + geometry + ORB/RANSAC,2,2,2,2,0.72905028,0.72905028,0.85823755,0.85823755,VERIFIED_NEAR_DUPLICATE
refined_1cb5366605506ef6b122,rec_4a96df1c1a24127d6a1d,2,2,0,Corn healthy,Seasonal Corn Leaf Disease Dataset,direct representative match: dHash<=4 + pHash + geometry + ORB/RANSAC,0,0,0,0,0.83061224,0.83061224,0.98034398,0.98034398,VERIFIED_NEAR_DUPLICATE
refined_465234a12ac97b54f9ec,rec_4ab901f217b27dfbfc32,2,2,0,Potato Early blight,PLDD-UP,direct representative match: dHash<=4 + pHash + geometry + ORB/RANSAC,4,4,4,4,0.65359477,0.65359477,0.94500000,0.94500000,VERIFIED_NEAR_DUPLICATE
refined_f6c9ceac61c98c2c6700,rec_4ace8833783f14505b2b,2,2,0,Potato healthy,PLDD-UP,direct representative match: dHash<=4 + pHash + geometry + ORB/RANSAC,0,0,0,0,0.94500000,0.94500000,1.00000000,1.00000000,VERIFIED_NEAR_DUPLICATE
refined_31726903db61e522c2d0,rec_4adf2217d0282fbd5e6c,2,2,0,Potato healthy,PLDD-UP,direct representative match: dHash<=4 + pHash + geometry + ORB/RANSAC,2,2,4,4,0.69750000,0.69750000,0.95161290,0.95161290,VERIFIED_NEAR_DUPLICATE
refined_02c592262617860446d0,rec_4aeb9417251ece317f48,2,2,0,Corn healthy,Seasonal Corn Leaf Disease Dataset,direct representative match: dHash<=4 + pHash + geometry + ORB/RANSAC,0,0,0,0,0.93561104,0.93561104,0.99578652,0.99578652,VERIFIED_NEAR_DUPLICATE
refined_8594ba1705a93d776466,rec_4afb285d8fc0b6cd0c42,2,2,0,Potato healthy,PLDD-UP,direct representative match: dHash<=4 + pHash + geometry + ORB/RANSAC,1,1,0,0,0.80875000,0.80875000,0.99227202,0.99227202,VERIFIED_NEAR_DUPLICATE
refined_05b8fcdcd09baece4eea,rec_4b05673196f660ed58a0,2,2,0,Corn healthy,Seasonal Corn Leaf Disease Dataset,direct representative match: dHash<=4 + pHash + geometry + ORB/RANSAC,1,1,0,0,0.89650538,0.89650538,0.99700150,0.99700150,VERIFIED_NEAR_DUPLICATE
refined_8d51b66027be5a84f39a,rec_4b0a40ebec8f4633d949,2,2,0,Potato healthy,PLDD-UP,direct representative match: dHash<=4 + pHash + geometry + ORB/RANSAC,0,0,0,0,0.99750000,0.99750000,1.00000000,1.00000000,VERIFIED_NEAR_DUPLICATE
refined_ab38d295ebf9d9cec0a8,rec_4b167253f3591a8af08b,2,2,0,Potato healthy,PLDD-UP,direct representative match: dHash<=4 + pHash + geometry + ORB/RANSAC,0,0,0,0,0.77000000,0.77000000,0.98863636,0.98863636,VERIFIED_NEAR_DUPLICATE
refined_0249bd37b36c1b0536f0,rec_4b17b0861453bde3e1b8,2,2,0,Potato healthy,PLDD-UP,direct representative match: dHash<=4 + pHash + geometry + ORB/RANSAC,0,0,0,0,0.76875000,0.76875000,0.99186992,0.99186992,VERIFIED_NEAR_DUPLICATE
refined_44a536889d64181c53b2,rec_4b1eed9ad976ddce9838,2,2,0,Corn healthy,Seasonal Corn Leaf Disease Dataset,direct representative match: dHash<=4 + pHash + geometry + ORB/RANSAC,0,0,0,0,0.94777070,0.94777070,0.99731183,0.99731183,VERIFIED_NEAR_DUPLICATE
refined_9ad805114dec315bf2f9,rec_4b3bfe58a7738123629b,2,2,0,Potato healthy,PLDD-UP,direct representative match: dHash<=4 + pHash + geometry + ORB/RANSAC,0,0,2,2,0.82750000,0.82750000,0.99697885,0.99697885,VERIFIED_NEAR_DUPLICATE
refined_d80cd28d5e227fad98e8,rec_4b4b90c5de3fee0a9d49,2,2,0,Potato healthy,PLDD-UP,direct representative match: dHash<=4 + pHash + geometry + ORB/RANSAC,0,0,0,0,0.94750000,0.94750000,0.99868074,0.99868074,VERIFIED_NEAR_DUPLICATE
refined_0a359be0b264c03b64ff,rec_4b4d2b55ae7e1df655fd,2,2,0,Potato healthy,PLDD-UP,direct representative match: dHash<=4 + pHash + geometry + ORB/RANSAC,0,0,0,0,0.97099622,0.97099622,0.99740260,0.99740260,VERIFIED_NEAR_DUPLICATE
refined_6bc15d9f8e4c2a740af0,rec_4b575a2dadd923f0c28f,2,2,0,Potato healthy,PLDD-UP,direct representative match: dHash<=4 + pHash + geometry + ORB/RANSAC,0,0,0,0,0.80250000,0.80250000,0.98442368,0.98442368,VERIFIED_NEAR_DUPLICATE
refined_1c22f3415155f4d688db,rec_4b5a2a12f41d512a49f1,2,2,0,Potato Early blight,PLDD-UP,direct representative match: dHash<=4 + pHash + geometry + ORB/RANSAC,0,0,4,4,0.66165414,0.66165414,0.87500000,0.87500000,VERIFIED_NEAR_DUPLICATE
refined_228ac6367552507f0396,rec_4b8a26c0105b71b65faa,2,2,0,Potato healthy,PLDD-UP,direct representative match: dHash<=4 + pHash + geometry + ORB/RANSAC,0,0,0,0,0.94625000,0.94625000,0.99867900,0.99867900,VERIFIED_NEAR_DUPLICATE
refined_245555f25a01b7072d0d,rec_4b9e60b634adac1bc995,2,2,0,Potato healthy,PLDD-UP,direct representative match: dHash<=4 + pHash + geometry + ORB/RANSAC,0,0,0,0,0.91867853,0.91867853,0.99308437,0.99308437,VERIFIED_NEAR_DUPLICATE
refined_b724c9add7472c04b7ba,rec_4bb7f5ad52470095f12a,3,3,0,Potato Late blight,PLDD-UP,direct representative match: dHash<=4 + pHash + geometry + ORB/RANSAC,1,3,2,4,0.53526448,0.55068836,0.80454545,0.89882353,VERIFIED_NEAR_DUPLICATE
refined_da59b84ffcc6aefa2864,rec_4bb8057d711d33262e61,2,2,0,Potato healthy,PLDD-UP,direct representative match: dHash<=4 + pHash + geometry + ORB/RANSAC,0,0,0,0,0.75500000,0.75500000,0.97516556,0.97516556,VERIFIED_NEAR_DUPLICATE
refined_63b1ebf0224f7f58974c,rec_4be04e4743bbee508028,2,2,0,Potato healthy,PLDD-UP,direct representative match: dHash<=4 + pHash + geometry + ORB/RANSAC,0,0,0,0,0.73396999,0.73396999,0.97583643,0.97583643,VERIFIED_NEAR_DUPLICATE
refined_93430eb2bcfb19b32d9e,rec_4be19374223210c6b4b7,2,2,0,Potato Early blight,PLDD-UP,direct representative match: dHash<=4 + pHash + geometry + ORB/RANSAC,1,1,4,4,0.40000000,0.40000000,0.87812500,0.87812500,VERIFIED_NEAR_DUPLICATE
refined_7a32100f5cd3efa5fdf2,rec_4be9152d984ab53868db,2,2,0,Potato Late blight,PLDD-UP,direct representative match: dHash<=4 + pHash + geometry + ORB/RANSAC,0,0,0,0,0.63302752,0.63302752,0.98550725,0.98550725,VERIFIED_NEAR_DUPLICATE
refined_c7c714c1a1d9739e330a,rec_4c1206519a1ee900d05d,2,2,0,Potato healthy,PLDD-UP,direct representative match: dHash<=4 + pHash + geometry + ORB/RANSAC,0,0,0,0,0.94875000,0.94875000,0.99736495,0.99736495,VERIFIED_NEAR_DUPLICATE
refined_2df7b8630ba403e3b315,rec_4c18576c17019550bb48,2,2,0,Corn healthy,Seasonal Corn Leaf Disease Dataset,direct representative match: dHash<=4 + pHash + geometry + ORB/RANSAC,0,0,0,0,0.89769452,0.89769452,1.00000000,1.00000000,VERIFIED_NEAR_DUPLICATE
refined_967d15c62835bb8406c0,rec_4c532ea807680e273be3,2,2,0,Potato Early blight,PLDD-UP,direct representative match: dHash<=4 + pHash + geometry + ORB/RANSAC,1,1,4,4,0.61750000,0.61750000,0.91295547,0.91295547,VERIFIED_NEAR_DUPLICATE
refined_dd523211b0ff6a5aabc8,rec_4c56246bc62642ab296e,2,2,0,Potato Early blight,PLDD-UP,direct representative match: dHash<=4 + pHash + geometry + ORB/RANSAC,0,0,0,0,0.53125000,0.53125000,0.89411765,0.89411765,VERIFIED_NEAR_DUPLICATE
refined_cbeff3456935ae3d3ea0,rec_4c634246379b2e8b9309,2,2,0,Potato Early blight,PLDD-UP,direct representative match: dHash<=4 + pHash + geometry + ORB/RANSAC,0,0,4,4,0.63371356,0.63371356,0.97800000,0.97800000,VERIFIED_NEAR_DUPLICATE
refined_f2bdd3f58fe589ab338c,rec_4c67f08cf45802f6472d,2,2,0,Potato healthy,PLDD-UP,direct representative match: dHash<=4 + pHash + geometry + ORB/RANSAC,0,0,0,0,0.96875000,0.96875000,1.00000000,1.00000000,VERIFIED_NEAR_DUPLICATE
refined_ca184844619b803db733,rec_4c70a935ce967000a3ea,3,3,0,Potato Early blight,PLDD-UP,direct representative match: dHash<=4 + pHash + geometry + ORB/RANSAC,1,4,2,2,0.48125000,0.70125000,0.96103896,0.98752228,VERIFIED_NEAR_DUPLICATE
refined_c33a22824120ca4fcfce,rec_4c7fd37ab55642a980d2,2,2,0,Corn healthy,Seasonal Corn Leaf Disease Dataset,direct representative match: dHash<=4 + pHash + geometry + ORB/RANSAC,0,0,0,0,0.94362416,0.94362416,1.00000000,1.00000000,VERIFIED_NEAR_DUPLICATE
refined_3d2a4de033c9aa307d07,rec_4c86a57c15ed307f214f,2,2,0,Potato healthy,PLDD-UP,direct representative match: dHash<=4 + pHash + geometry + ORB/RANSAC,0,0,0,0,0.99500000,0.99500000,1.00000000,1.00000000,VERIFIED_NEAR_DUPLICATE
refined_010512efe9d81f25131f,rec_4ca0ca111bdd3b1f1efc,3,3,0,Potato healthy,PLDD-UP,direct representative match: dHash<=4 + pHash + geometry + ORB/RANSAC,0,4,0,4,0.53778338,0.80352645,0.94145199,0.98746082,VERIFIED_NEAR_DUPLICATE
refined_cf06919bead0ac3bd276,rec_4ca16b4ce17106798c05,2,2,0,Potato Early blight,PLDD-UP,direct representative match: dHash<=4 + pHash + geometry + ORB/RANSAC,1,1,4,4,0.71078431,0.71078431,0.87356322,0.87356322,VERIFIED_NEAR_DUPLICATE
refined_8768eb30337f91ef8605,rec_4ca82a51c5912845757e,2,2,0,Potato healthy,PLDD-UP,direct representative match: dHash<=4 + pHash + geometry + ORB/RANSAC,0,0,0,0,1.00000000,1.00000000,1.00000000,1.00000000,VERIFIED_NEAR_DUPLICATE
refined_22b9e17cc6bbb45fa3d4,rec_4ce052917b367480a98b,2,2,0,Potato healthy,PLDD-UP,direct representative match: dHash<=4 + pHash + geometry + ORB/RANSAC,0,0,0,0,0.81125000,0.81125000,0.83050847,0.83050847,VERIFIED_NEAR_DUPLICATE
refined_84bae781cf7921e564a1,rec_4d095db09ac6391b186f,2,2,0,Potato healthy,PLDD-UP,direct representative match: dHash<=4 + pHash + geometry + ORB/RANSAC,0,0,0,0,0.99500000,0.99500000,0.99874372,0.99874372,VERIFIED_NEAR_DUPLICATE
refined_b762588bc53f1da0bbf7,rec_4d3629775ddae4758d64,2,2,0,Potato Late blight,PLDD-UP,direct representative match: dHash<=4 + pHash + geometry + ORB/RANSAC,2,2,2,2,0.67250000,0.67250000,0.87360595,0.87360595,VERIFIED_NEAR_DUPLICATE
refined_f30e3475ec4251cd7561,rec_4d5b4f232ea89933d8aa,2,2,0,Potato healthy,PLDD-UP,direct representative match: dHash<=4 + pHash + geometry + ORB/RANSAC,0,0,0,0,0.95759234,0.95759234,1.00000000,1.00000000,VERIFIED_NEAR_DUPLICATE
refined_c456cceb669617bc4854,rec_4d611f845c632fe0bab7,2,2,0,Potato healthy,PLDD-UP,direct representative match: dHash<=4 + pHash + geometry + ORB/RANSAC,0,0,0,0,0.99625000,0.99625000,1.00000000,1.00000000,VERIFIED_NEAR_DUPLICATE
refined_868f4274f8b221a0777b,rec_4d6c38bc71424f5b4406,2,2,0,Corn healthy,Seasonal Corn Leaf Disease Dataset,direct representative match: dHash<=4 + pHash + geometry + ORB/RANSAC,0,0,0,0,0.93869210,0.93869210,1.00000000,1.00000000,VERIFIED_NEAR_DUPLICATE
refined_a0154ce663fd90d7417c,rec_4d6ca3d29f05926e485c,2,2,0,Potato healthy,PLDD-UP,direct representative match: dHash<=4 + pHash + geometry + ORB/RANSAC,0,0,0,0,0.95755968,0.95755968,0.99722992,0.99722992,VERIFIED_NEAR_DUPLICATE
refined_2fc9a6f96f8e89f23a29,rec_4d6d76772936b8f6e111,2,2,0,Potato Late blight,PLDD-UP,direct representative match: dHash<=4 + pHash + geometry + ORB/RANSAC,0,0,4,4,0.57483731,0.57483731,0.98867925,0.98867925,VERIFIED_NEAR_DUPLICATE
refined_ebfcf4b72f6fd7c7d673,rec_4d711dbced540047dac1,3,3,0,Potato Early blight | Potato Late blight,PLDD-UP,direct representative match: dHash<=4 + pHash + geometry + ORB/RANSAC,1,2,6,10,0.56510417,0.63281250,0.90322581,0.96296296,VERIFIED_LABEL_CONFLICT
refined_dcfc70d0e31bbd933502,rec_4d7d5f65ae312602ff8b,2,2,0,Potato healthy,PLDD-UP,direct representative match: dHash<=4 + pHash + geometry + ORB/RANSAC,0,0,0,0,0.99745870,0.99745870,1.00000000,1.00000000,VERIFIED_NEAR_DUPLICATE
refined_3822da02691845fb9738,rec_4d830d37b26787958187,2,2,0,Potato Early blight,PLDD-UP,direct representative match: dHash<=4 + pHash + geometry + ORB/RANSAC,3,3,2,2,0.48862115,0.48862115,0.85205479,0.85205479,VERIFIED_NEAR_DUPLICATE
refined_791c7c1159598f4827fd,rec_4d92218a788452bd706d,2,2,0,Potato Late blight,PLDD-UP,direct representative match: dHash<=4 + pHash + geometry + ORB/RANSAC,3,3,4,4,0.68250000,0.68250000,0.97252747,0.97252747,VERIFIED_NEAR_DUPLICATE
refined_2074811c97a5b1264514,rec_4d98689862571253a87b,2,2,0,Potato healthy,PLDD-UP,direct representative match: dHash<=4 + pHash + geometry + ORB/RANSAC,0,0,2,2,0.63566879,0.63566879,0.96593186,0.96593186,VERIFIED_NEAR_DUPLICATE
refined_548357eb9c7ab26998d1,rec_4daca6d854ca7b971ba8,2,2,0,Potato healthy,PLDD-UP,direct representative match: dHash<=4 + pHash + geometry + ORB/RANSAC,0,0,0,0,0.95750000,0.95750000,1.00000000,1.00000000,VERIFIED_NEAR_DUPLICATE
refined_755d3b865c47778e7168,rec_4dea91a0a642c2c416d2,2,2,0,Potato healthy,PLDD-UP,direct representative match: dHash<=4 + pHash + geometry + ORB/RANSAC,0,0,0,0,0.88551402,0.88551402,0.98944591,0.98944591,VERIFIED_NEAR_DUPLICATE
refined_d6cc1499edc1d44d3b81,rec_4df6fbab4c81965bab69,2,2,0,Potato healthy,PLDD-UP,direct representative match: dHash<=4 + pHash + geometry + ORB/RANSAC,0,0,0,0,0.96750000,0.96750000,1.00000000,1.00000000,VERIFIED_NEAR_DUPLICATE
refined_46b4e01fead030989259,rec_4df8780773fa35a93a2e,2,2,0,Potato Late blight,PLDD-UP,direct representative match: dHash<=4 + pHash + geometry + ORB/RANSAC,0,0,4,4,0.74471299,0.74471299,0.94726166,0.94726166,VERIFIED_NEAR_DUPLICATE
refined_65325fd64391839e2c17,rec_4dfce50fdfbc778fc608,2,2,0,Potato healthy,PLDD-UP,direct representative match: dHash<=4 + pHash + geometry + ORB/RANSAC,0,0,0,0,0.99250000,0.99250000,1.00000000,1.00000000,VERIFIED_NEAR_DUPLICATE
refined_bf3f04418ada6c02015e,rec_4e052c9977bc18c9142f,2,2,0,Potato healthy,PLDD-UP,direct representative match: dHash<=4 + pHash + geometry + ORB/RANSAC,0,0,0,0,0.96021220,0.96021220,0.99861878,0.99861878,VERIFIED_NEAR_DUPLICATE
refined_d17f825282077e9aaacb,rec_4e19d1cfadddef5eb328,4,4,0,Potato Early blight,PLDD-UP,direct representative match: dHash<=4 + pHash + geometry + ORB/RANSAC,0,1,2,4,0.52853261,0.71370968,0.86440678,0.97265625,VERIFIED_NEAR_DUPLICATE
refined_a6fe7658ea086341dcf7,rec_4e313c6917d76b6ec018,2,2,0,Potato healthy,PLDD-UP,direct representative match: dHash<=4 + pHash + geometry + ORB/RANSAC,0,0,0,0,0.95300261,0.95300261,0.99589041,0.99589041,VERIFIED_NEAR_DUPLICATE
refined_7a34bd3a58d5723191d9,rec_4e3b103c6f62203e0ab3,2,2,0,Corn Cercospora leaf spot,Seasonal Corn Leaf Disease Dataset,direct representative match: dHash<=4 + pHash + geometry + ORB/RANSAC,1,1,0,0,0.88273196,0.88273196,0.99708029,0.99708029,VERIFIED_NEAR_DUPLICATE
refined_c2be2310ef058dd1de63,rec_4e52b6438110df475b3c,2,2,0,Potato healthy,PLDD-UP,direct representative match: dHash<=4 + pHash + geometry + ORB/RANSAC,0,0,0,0,0.77583697,0.77583697,0.99249531,0.99249531,VERIFIED_NEAR_DUPLICATE
refined_6bfa8c3c78f5f8285efb,rec_4e8b1854a291f6cf2287,2,2,0,Potato Late blight,PLDD-UP,direct representative match: dHash<=4 + pHash + geometry + ORB/RANSAC,2,2,2,2,0.50125000,0.50125000,0.63591022,0.63591022,VERIFIED_NEAR_DUPLICATE
refined_5573e26997c1ef50ac30,rec_4e989318b2bdce0497b1,2,2,0,Corn Cercospora leaf spot,Seasonal Corn Leaf Disease Dataset,direct representative match: dHash<=4 + pHash + geometry + ORB/RANSAC,0,0,0,0,0.97829233,0.97829233,0.99852071,0.99852071,VERIFIED_NEAR_DUPLICATE
refined_42d8fc967a5916303d41,rec_4eac132561e384ef701a,2,2,0,Potato healthy,PLDD-UP,direct representative match: dHash<=4 + pHash + geometry + ORB/RANSAC,0,0,0,0,0.96823380,0.96823380,0.99475066,0.99475066,VERIFIED_NEAR_DUPLICATE
refined_e3246556e14721211294,rec_4eb7a234b6f165d74812,2,2,0,Potato healthy,PLDD-UP,direct representative match: dHash<=4 + pHash + geometry + ORB/RANSAC,0,0,0,0,0.99250000,0.99250000,1.00000000,1.00000000,VERIFIED_NEAR_DUPLICATE
refined_1ce8d41c1a80796c0fbb,rec_4ee83b142a528281dce7,2,2,0,Potato Early blight,PLDD-UP,direct representative match: dHash<=4 + pHash + geometry + ORB/RANSAC,1,1,2,2,0.60281690,0.60281690,0.90186916,0.90186916,VERIFIED_NEAR_DUPLICATE
refined_29f7f40a6814a523a872,rec_4eebcd27970c7de6e63d,2,2,0,Potato Late blight,PLDD-UP,direct representative match: dHash<=4 + pHash + geometry + ORB/RANSAC,0,0,4,4,0.50691824,0.50691824,0.91563275,0.91563275,VERIFIED_NEAR_DUPLICATE
refined_b8950d39d32814ae7d8e,rec_4ef43da97c5285276871,2,2,0,Corn healthy,Seasonal Corn Leaf Disease Dataset,direct representative match: dHash<=4 + pHash + geometry + ORB/RANSAC,0,0,0,0,0.89751098,0.89751098,0.99184339,0.99184339,VERIFIED_NEAR_DUPLICATE
refined_04098a6e413ccb44ce18,rec_4f02c8577606030d19da,2,2,0,Potato healthy,PLDD-UP,direct representative match: dHash<=4 + pHash + geometry + ORB/RANSAC,0,0,2,2,0.96125000,0.96125000,0.99869961,0.99869961,VERIFIED_NEAR_DUPLICATE
refined_7ba22306f5108a545434,rec_4f07c1bdde6a4cebe8fc,2,2,0,Corn healthy,Seasonal Corn Leaf Disease Dataset,direct representative match: dHash<=4 + pHash + geometry + ORB/RANSAC,0,0,0,0,0.85635359,0.85635359,0.99784946,0.99784946,VERIFIED_NEAR_DUPLICATE
refined_1c2eea17eca14f2eb2c4,rec_4f0eaafcc487cec319c1,2,2,0,Corn healthy,Seasonal Corn Leaf Disease Dataset,direct representative match: dHash<=4 + pHash + geometry + ORB/RANSAC,0,0,2,2,0.91011236,0.91011236,1.00000000,1.00000000,VERIFIED_NEAR_DUPLICATE
refined_9d939163b560acfb6904,rec_4f236def18fa45c7c04f,2,2,0,Potato Early blight | Potato Late blight,PLDD-UP,direct representative match: dHash<=4 + pHash + geometry + ORB/RANSAC,0,0,6,6,0.44134078,0.44134078,0.96202532,0.96202532,VERIFIED_LABEL_CONFLICT
refined_2cd4acfdef3fdfb6c1da,rec_4f7b0c351bd800fde07c,2,2,0,Potato Late blight,PLDD-UP,direct representative match: dHash<=4 + pHash + geometry + ORB/RANSAC,1,1,2,2,0.62907268,0.62907268,0.91832669,0.91832669,VERIFIED_NEAR_DUPLICATE
refined_e88d03c7f58fdf215685,rec_4f7eb56a2442da8e2f26,2,2,0,Potato healthy,PLDD-UP,direct representative match: dHash<=4 + pHash + geometry + ORB/RANSAC,0,0,2,2,0.78431373,0.78431373,0.97000000,0.97000000,VERIFIED_NEAR_DUPLICATE
refined_306c474bfa8f0a17e7b6,rec_4fa6340430011c8c61f2,2,2,0,Corn Cercospora leaf spot,Seasonal Corn Leaf Disease Dataset,direct representative match: dHash<=4 + pHash + geometry + ORB/RANSAC,1,1,0,0,0.86708861,0.86708861,0.99708029,0.99708029,VERIFIED_NEAR_DUPLICATE
refined_7164824d3b4ed4b398f4,rec_4ffe32bba109f27b7598,2,2,0,Corn healthy,Seasonal Corn Leaf Disease Dataset,direct representative match: dHash<=4 + pHash + geometry + ORB/RANSAC,0,0,2,2,0.92030848,0.92030848,0.99581006,0.99581006,VERIFIED_NEAR_DUPLICATE
refined_f225bc028c31a22fc5cf,rec_501be30ebcdef350c859,2,2,0,Potato healthy,PLDD-UP,direct representative match: dHash<=4 + pHash + geometry + ORB/RANSAC,0,0,0,0,0.99250000,0.99250000,1.00000000,1.00000000,VERIFIED_NEAR_DUPLICATE
refined_8ed3d833a2e914bade79,rec_5023b27e3483fab3445b,2,2,0,Potato healthy,PLDD-UP,direct representative match: dHash<=4 + pHash + geometry + ORB/RANSAC,0,0,0,0,0.92625000,0.92625000,0.99325236,0.99325236,VERIFIED_NEAR_DUPLICATE
refined_7b9c09b69bf67c4f1c6e,rec_502c94a0f451985610bd,2,2,0,Corn Cercospora leaf spot,Seasonal Corn Leaf Disease Dataset,direct representative match: dHash<=4 + pHash + geometry + ORB/RANSAC,0,0,0,0,0.89340813,0.89340813,0.99843014,0.99843014,VERIFIED_NEAR_DUPLICATE
refined_de78346a764f5d25f8bb,rec_5034d69f132ca20fc95b,2,2,0,Potato healthy,PLDD-UP,direct representative match: dHash<=4 + pHash + geometry + ORB/RANSAC,0,0,0,0,0.96000000,0.96000000,0.99479167,0.99479167,VERIFIED_NEAR_DUPLICATE
refined_ec0a331f76c20f18bb6c,rec_503df5e2aca60d243d1c,3,3,0,Potato Early blight | Potato healthy,PLDD-UP,direct representative match: dHash<=4 + pHash + geometry + ORB/RANSAC,0,0,0,0,0.94625000,0.96375000,0.99735799,0.99740597,VERIFIED_LABEL_CONFLICT
refined_718a911e01c3183fae82,rec_5047a9500a3dbd88582b,3,3,0,Potato healthy,PLDD-UP,direct representative match: dHash<=4 + pHash + geometry + ORB/RANSAC,0,0,0,0,0.93000000,0.94125000,0.99865591,0.99867198,VERIFIED_NEAR_DUPLICATE
refined_3f71ea89fe84450e72dd,rec_5049ce50313847f319da,2,2,0,Potato healthy,PLDD-UP,direct representative match: dHash<=4 + pHash + geometry + ORB/RANSAC,0,0,0,0,0.96000000,0.96000000,0.99739583,0.99739583,VERIFIED_NEAR_DUPLICATE
refined_f77c708636819003063f,rec_50612564cb1db08b9324,2,2,0,Potato healthy,PLDD-UP,direct representative match: dHash<=4 + pHash + geometry + ORB/RANSAC,0,0,0,0,0.99500000,0.99500000,1.00000000,1.00000000,VERIFIED_NEAR_DUPLICATE
refined_928e4df1af3f995aa2a6,rec_50713d3793f63dcf8ddf,2,2,0,Potato Early blight | Tomato Septoria leaf spot,PlantDoc,direct representative match: dHash<=4 + pHash + geometry + ORB/RANSAC,0,0,0,0,0.93875000,0.93875000,1.00000000,1.00000000,VERIFIED_LABEL_CONFLICT
refined_3e834e8ab43ed99fec5e,rec_507651ce711c6a418801,2,2,0,Potato Late blight,PLDD-UP,direct representative match: dHash<=4 + pHash + geometry + ORB/RANSAC,1,1,0,0,0.66666667,0.66666667,0.86492891,0.86492891,VERIFIED_NEAR_DUPLICATE
refined_2659197a1fdf12923461,rec_5079ee08c31f520a57c7,2,2,0,Potato healthy,PLDD-UP,direct representative match: dHash<=4 + pHash + geometry + ORB/RANSAC,0,0,0,0,0.96375000,0.96375000,1.00000000,1.00000000,VERIFIED_NEAR_DUPLICATE
refined_abe87d4f71c274f96156,rec_508314adec478796a5a8,2,2,0,Corn healthy,Seasonal Corn Leaf Disease Dataset,direct representative match: dHash<=4 + pHash + geometry + ORB/RANSAC,1,1,0,0,0.92894737,0.92894737,1.00000000,1.00000000,VERIFIED_NEAR_DUPLICATE
refined_c09fee8ec0b50cd5605b,rec_50a1ebf821c1a95169c5,2,2,0,Potato healthy,PLDD-UP,direct representative match: dHash<=4 + pHash + geometry + ORB/RANSAC,0,0,0,0,0.94682231,0.94682231,0.99452055,0.99452055,VERIFIED_NEAR_DUPLICATE
refined_c06ec37d5f55092cda70,rec_50b7d4cee0abdbe71e0c,2,2,0,Corn healthy,Seasonal Corn Leaf Disease Dataset,direct representative match: dHash<=4 + pHash + geometry + ORB/RANSAC,0,0,0,0,0.91766268,0.91766268,1.00000000,1.00000000,VERIFIED_NEAR_DUPLICATE
refined_e507d9d0ec362f2199d9,rec_50cef65182a8e7781cdd,2,2,0,Potato healthy,PLDD-UP,direct representative match: dHash<=4 + pHash + geometry + ORB/RANSAC,0,0,0,0,0.95000000,0.95000000,0.99736842,0.99736842,VERIFIED_NEAR_DUPLICATE
refined_0c2feba291aa36c66d10,rec_50ee9d5178658ee5a061,2,2,0,Corn healthy,Seasonal Corn Leaf Disease Dataset,direct representative match: dHash<=4 + pHash + geometry + ORB/RANSAC,1,1,2,2,0.91961853,0.91961853,0.99851852,0.99851852,VERIFIED_NEAR_DUPLICATE
refined_81fbb61fbe4131173ed6,rec_5103b3e909de635d502d,4,4,0,Potato Early blight,PLDD-UP,direct representative match: dHash<=4 + pHash + geometry + ORB/RANSAC,1,2,2,4,0.38783270,0.45717884,0.66993464,0.89807163,VERIFIED_NEAR_DUPLICATE
refined_333625bad7933a43b317,rec_510c0f15d223741a2c8b,2,2,0,Potato Late blight,PLDD-UP,direct representative match: dHash<=4 + pHash + geometry + ORB/RANSAC,1,1,4,4,0.62185930,0.62185930,0.96161616,0.96161616,VERIFIED_NEAR_DUPLICATE
refined_0efe011e8d38b9023d0b,rec_5127362865f2df2a73ca,2,2,0,Potato healthy,PLDD-UP,direct representative match: dHash<=4 + pHash + geometry + ORB/RANSAC,0,0,0,0,0.81000000,0.81000000,0.99382716,0.99382716,VERIFIED_NEAR_DUPLICATE
refined_ca65b267c052da0e11ed,rec_512cbeb3b6005b1fea85,2,2,0,Potato healthy,PLDD-UP,direct representative match: dHash<=4 + pHash + geometry + ORB/RANSAC,0,0,0,0,0.95125000,0.95125000,1.00000000,1.00000000,VERIFIED_NEAR_DUPLICATE
refined_0f2616401bcbcccf4840,rec_512fe80ec8d94e3303b7,2,2,0,Potato healthy,PLDD-UP,direct representative match: dHash<=4 + pHash + geometry + ORB/RANSAC,0,0,0,0,0.95625000,0.95625000,1.00000000,1.00000000,VERIFIED_NEAR_DUPLICATE
refined_ed0afa6da6843c660cd6,rec_513a12b4f69afb959808,4,4,0,Potato healthy,PLDD-UP,direct representative match: dHash<=4 + pHash + geometry + ORB/RANSAC,0,4,0,0,0.64000000,0.94625000,0.84761905,0.99471598,VERIFIED_NEAR_DUPLICATE
refined_21fe89e5e6aa8055dd2b,rec_51674cf5af5118f44aad,2,2,0,Potato Early blight,PLDD-UP,direct representative match: dHash<=4 + pHash + geometry + ORB/RANSAC,2,2,2,2,0.72625000,0.72625000,0.88123924,0.88123924,VERIFIED_NEAR_DUPLICATE
refined_5109fe10879a7443a38a,rec_51696057bdeb8558eea5,2,2,0,Potato healthy,PLDD-UP,direct representative match: dHash<=4 + pHash + geometry + ORB/RANSAC,0,0,0,0,0.95625000,0.95625000,1.00000000,1.00000000,VERIFIED_NEAR_DUPLICATE
refined_36f795b41daa2bf14113,rec_519c718fefea00d6ea64,2,2,0,Potato healthy,PLDD-UP,direct representative match: dHash<=4 + pHash + geometry + ORB/RANSAC,0,0,0,0,0.80000000,0.80000000,0.99218750,0.99218750,VERIFIED_NEAR_DUPLICATE
refined_81071b871fea7a52b0b6,rec_51a25fe8cba7c641c140,2,2,0,Corn healthy,Seasonal Corn Leaf Disease Dataset,direct representative match: dHash<=4 + pHash + geometry + ORB/RANSAC,1,1,0,0,0.87749288,0.87749288,0.99675325,0.99675325,VERIFIED_NEAR_DUPLICATE
refined_6d15a0d5d8b0296d328f,rec_51b18a5d8da500317833,2,2,0,Corn healthy,Seasonal Corn Leaf Disease Dataset,direct representative match: dHash<=4 + pHash + geometry + ORB/RANSAC,0,0,0,0,0.91819464,0.91819464,0.99231951,0.99231951,VERIFIED_NEAR_DUPLICATE
refined_91a8e9a2813874239a6e,rec_51be4d4d2e0d55378b20,2,2,0,Corn healthy,Seasonal Corn Leaf Disease Dataset,direct representative match: dHash<=4 + pHash + geometry + ORB/RANSAC,0,0,0,0,0.92818428,0.92818428,0.99708029,0.99708029,VERIFIED_NEAR_DUPLICATE
refined_3ea74f7075d3167d159d,rec_51c2682173ba668e6892,3,3,0,Potato Early blight,PLDD-UP,direct representative match: dHash<=4 + pHash + geometry + ORB/RANSAC,0,0,0,0,0.72005384,0.72409152,0.84572491,0.86728972,VERIFIED_NEAR_DUPLICATE
refined_31fc883ee6d0dbc639cb,rec_51f9e6abcecdeeaa10ba,2,2,0,Potato healthy,PLDD-UP,direct representative match: dHash<=4 + pHash + geometry + ORB/RANSAC,0,0,0,0,0.95232120,0.95232120,0.99736495,0.99736495,VERIFIED_NEAR_DUPLICATE
refined_3ec26d4442337ae5c63c,rec_5217aa9e326ce531e6c8,2,2,0,Potato healthy,PLDD-UP,direct representative match: dHash<=4 + pHash + geometry + ORB/RANSAC,0,0,0,0,0.97125000,0.97125000,1.00000000,1.00000000,VERIFIED_NEAR_DUPLICATE
refined_6ed98784d1037cb12995,rec_52264372c717dc70c41b,2,2,0,Potato healthy,PLDD-UP,direct representative match: dHash<=4 + pHash + geometry + ORB/RANSAC,0,0,0,0,0.96375000,0.96375000,0.99870298,0.99870298,VERIFIED_NEAR_DUPLICATE
refined_ee88328ec9c6a243822b,rec_52395f7ba573f4e7dd68,2,2,0,Potato healthy,PLDD-UP,direct representative match: dHash<=4 + pHash + geometry + ORB/RANSAC,0,0,0,0,0.91729323,0.91729323,0.99863388,0.99863388,VERIFIED_NEAR_DUPLICATE
refined_76bc99498c5297776985,rec_5267f6abd8a471fec7b0,2,2,0,Corn healthy,Seasonal Corn Leaf Disease Dataset,direct representative match: dHash<=4 + pHash + geometry + ORB/RANSAC,1,1,0,0,0.93791281,0.93791281,0.99859155,0.99859155,VERIFIED_NEAR_DUPLICATE
refined_40225de131ecbcbe6777,rec_52b56f775bdcc2592332,2,2,0,Potato healthy,PLDD-UP,direct representative match: dHash<=4 + pHash + geometry + ORB/RANSAC,0,0,0,0,0.96625000,0.96625000,1.00000000,1.00000000,VERIFIED_NEAR_DUPLICATE
refined_0ad5e3e2984f1fa436de,rec_52c5e9d57f1779e29e07,2,2,0,Potato healthy,PLDD-UP,direct representative match: dHash<=4 + pHash + geometry + ORB/RANSAC,0,0,0,0,0.92375000,0.92375000,0.99729364,0.99729364,VERIFIED_NEAR_DUPLICATE
refined_07289a20e40c9925030f,rec_52c8290918a557ecfbef,2,2,0,Potato healthy,PLDD-UP,direct representative match: dHash<=4 + pHash + geometry + ORB/RANSAC,0,0,0,0,0.76158940,0.76158940,0.98840580,0.98840580,VERIFIED_NEAR_DUPLICATE
refined_216cd2629079e0ed1aaa,rec_52c8fb850621d7a194ae,2,2,0,Potato healthy,PLDD-UP,direct representative match: dHash<=4 + pHash + geometry + ORB/RANSAC,0,0,0,0,0.77821012,0.77821012,0.98333333,0.98333333,VERIFIED_NEAR_DUPLICATE
refined_0542885b08b2a9d9538c,rec_52d122d9eabc64b1baab,2,2,0,Potato healthy,PLDD-UP,direct representative match: dHash<=4 + pHash + geometry + ORB/RANSAC,0,0,0,0,0.96197719,0.96197719,0.99736495,0.99736495,VERIFIED_NEAR_DUPLICATE
refined_884f6c66259f1a5ed9de,rec_52d6272afb4f23c1df21,2,2,0,Corn healthy,Seasonal Corn Leaf Disease Dataset,direct representative match: dHash<=4 + pHash + geometry + ORB/RANSAC,1,1,0,0,0.90560472,0.90560472,1.00000000,1.00000000,VERIFIED_NEAR_DUPLICATE
refined_042dd3e6155ba56313a9,rec_52efa203ff012894e1da,2,2,0,Corn healthy,Seasonal Corn Leaf Disease Dataset,direct representative match: dHash<=4 + pHash + geometry + ORB/RANSAC,0,0,0,0,0.91895425,0.91895425,0.99573257,0.99573257,VERIFIED_NEAR_DUPLICATE
refined_1106e7692bd8f450fa01,rec_5324f8b2de6d2fcdf4d3,2,2,0,Potato healthy,PLDD-UP,direct representative match: dHash<=4 + pHash + geometry + ORB/RANSAC,1,1,0,0,0.75750000,0.75750000,0.99174917,0.99174917,VERIFIED_NEAR_DUPLICATE
refined_85e9d8dee13b039c0006,rec_53538732e4d9215a7940,2,2,0,Potato healthy,PLDD-UP,direct representative match: dHash<=4 + pHash + geometry + ORB/RANSAC,0,0,0,0,0.76359039,0.76359039,0.97019868,0.97019868,VERIFIED_NEAR_DUPLICATE
refined_8ffe5aa179b3585210c3,rec_53623c9104d2ae63abf5,2,2,0,Potato healthy,PLDD-UP,direct representative match: dHash<=4 + pHash + geometry + ORB/RANSAC,0,0,0,0,0.91922456,0.91922456,1.00000000,1.00000000,VERIFIED_NEAR_DUPLICATE
refined_ec99b9d9bd283c4100f0,rec_538d8b27dd92fb4eaef5,2,2,0,Potato healthy,PLDD-UP,direct representative match: dHash<=4 + pHash + geometry + ORB/RANSAC,0,0,0,0,0.95366795,0.95366795,1.00000000,1.00000000,VERIFIED_NEAR_DUPLICATE
refined_87db9ab3e6b50ae3ab8c,rec_53ab18e2b69912841d0b,2,2,0,Potato Late blight,PLDD-UP,direct representative match: dHash<=4 + pHash + geometry + ORB/RANSAC,1,1,4,4,0.70375000,0.70375000,0.95559503,0.95559503,VERIFIED_NEAR_DUPLICATE
refined_1b5af9c9df6697c77432,rec_53ada9b42321a410432e,3,3,0,Potato healthy,PLDD-UP,direct representative match: dHash<=4 + pHash + geometry + ORB/RANSAC,0,0,0,0,0.95500000,0.96000000,0.99869792,1.00000000,VERIFIED_NEAR_DUPLICATE
refined_f5245c6feaa5ee03611a,rec_53b76dfb9c996ed4c77f,2,2,0,Potato healthy,PLDD-UP,direct representative match: dHash<=4 + pHash + geometry + ORB/RANSAC,0,0,0,0,0.96000000,0.96000000,0.99739583,0.99739583,VERIFIED_NEAR_DUPLICATE
refined_512e4d109fcf07143edc,rec_53b9fc1244b00b8de582,2,2,0,Potato healthy,PLDD-UP,direct representative match: dHash<=4 + pHash + geometry + ORB/RANSAC,1,1,0,0,0.78085992,0.78085992,0.99289520,0.99289520,VERIFIED_NEAR_DUPLICATE
refined_5d9bba0482148e09a236,rec_53bf585a79703ba088a4,2,2,0,Potato healthy,PLDD-UP,direct representative match: dHash<=4 + pHash + geometry + ORB/RANSAC,0,0,0,0,0.99750000,0.99750000,1.00000000,1.00000000,VERIFIED_NEAR_DUPLICATE
refined_eb4ec5794bad226f6d6e,rec_53c9f7ce4e8b8934bf30,2,2,0,Corn healthy,Seasonal Corn Leaf Disease Dataset,direct representative match: dHash<=4 + pHash + geometry + ORB/RANSAC,1,1,0,0,0.89848485,0.89848485,0.99662732,0.99662732,VERIFIED_NEAR_DUPLICATE
refined_b6f5306c7f6afe2748f9,rec_53cb94d1685b02da173c,2,1,1,Tomato Late blight,PlantDoc,direct representative match: dHash<=4 + pHash + geometry + ORB/RANSAC,0,0,0,0,0.51375000,0.51375000,0.97810219,0.97810219,VERIFIED_BENCHMARK_LEAKAGE
refined_b1e477caffdeada2ad31,rec_53e105a0561411c18f21,2,2,0,Corn healthy,Seasonal Corn Leaf Disease Dataset,direct representative match: dHash<=4 + pHash + geometry + ORB/RANSAC,1,1,0,0,0.89821183,0.89821183,0.99846861,0.99846861,VERIFIED_NEAR_DUPLICATE
refined_6b28b75c369f38f72482,rec_53e9e75d5ada48fc634b,2,2,0,Corn healthy,Seasonal Corn Leaf Disease Dataset,direct representative match: dHash<=4 + pHash + geometry + ORB/RANSAC,0,0,0,0,0.90700809,0.90700809,1.00000000,1.00000000,VERIFIED_NEAR_DUPLICATE
refined_c3aa783b5c8a9491786a,rec_53f5cc181eb09be69073,2,2,0,Corn healthy,Seasonal Corn Leaf Disease Dataset,direct representative match: dHash<=4 + pHash + geometry + ORB/RANSAC,1,1,0,0,0.92000000,0.92000000,1.00000000,1.00000000,VERIFIED_NEAR_DUPLICATE
refined_d9e79e7928c1d355c2fb,rec_5422fd1c8b0899b04fe9,2,2,0,Potato healthy,PLDD-UP,direct representative match: dHash<=4 + pHash + geometry + ORB/RANSAC,0,0,0,0,0.99500000,0.99500000,1.00000000,1.00000000,VERIFIED_NEAR_DUPLICATE
refined_4decfcbde38aecf026ec,rec_54232c8f0511bab61c19,2,2,0,Potato Early blight,PLDD-UP,direct representative match: dHash<=4 + pHash + geometry + ORB/RANSAC,2,2,4,4,0.38250000,0.38250000,0.76797386,0.76797386,VERIFIED_NEAR_DUPLICATE
refined_cd8f9555c7e8a2a84121,rec_543c6468989abd1923c8,2,2,0,Potato healthy,PLDD-UP,direct representative match: dHash<=4 + pHash + geometry + ORB/RANSAC,0,0,0,0,0.99625000,0.99625000,1.00000000,1.00000000,VERIFIED_NEAR_DUPLICATE
refined_387a032730027441ff53,rec_543c8a968155979dc377,3,3,0,Potato healthy,PLDD-UP,direct representative match: dHash<=4 + pHash + geometry + ORB/RANSAC,1,1,0,2,0.62878788,0.63117871,0.88755020,0.88755020,VERIFIED_NEAR_DUPLICATE
refined_ccef2629ed18ca413dc6,rec_544e2bf00836e827a774,2,2,0,Potato Late blight,PLDD-UP,direct representative match: dHash<=4 + pHash + geometry + ORB/RANSAC,2,2,2,2,0.65743073,0.65743073,0.91187739,0.91187739,VERIFIED_NEAR_DUPLICATE
refined_67bafecb37e79a3a7c13,rec_544f1cc4f6485b8c89c5,2,2,0,Potato healthy,PLDD-UP,direct representative match: dHash<=4 + pHash + geometry + ORB/RANSAC,0,0,0,0,0.96204188,0.96204188,1.00000000,1.00000000,VERIFIED_NEAR_DUPLICATE
refined_64a7af387d1376e5aba0,rec_545773aaaf4eb4f72c82,2,2,0,Potato healthy,PLDD-UP,direct representative match: dHash<=4 + pHash + geometry + ORB/RANSAC,0,0,2,2,0.77166667,0.77166667,0.99136069,0.99136069,VERIFIED_NEAR_DUPLICATE
refined_a5db9e189d4063e35655,rec_545babb55fc0a157f265,2,2,0,Potato healthy,PLDD-UP,direct representative match: dHash<=4 + pHash + geometry + ORB/RANSAC,0,0,0,0,0.96250000,0.96250000,0.99740260,0.99740260,VERIFIED_NEAR_DUPLICATE
refined_aefc5ff244f3c4a3ebff,rec_54737082d27530cdfaa0,3,3,0,Potato Early blight | Potato healthy,PLDD-UP,direct representative match: dHash<=4 + pHash + geometry + ORB/RANSAC,0,3,0,6,0.43625000,0.95125000,0.73925501,1.00000000,VERIFIED_LABEL_CONFLICT
refined_b3f57b94c2aba2ea3a11,rec_549d39f2c382ea041f90,3,3,0,Potato Late blight,PLDD-UP,direct representative match: dHash<=4 + pHash + geometry + ORB/RANSAC,2,4,4,4,0.69423929,0.70906433,0.90103093,0.99787234,VERIFIED_NEAR_DUPLICATE
refined_4e1a6d45ab0a6258e415,rec_549ee3923177706e261f,2,2,0,Potato Early blight,PLDD-UP,direct representative match: dHash<=4 + pHash + geometry + ORB/RANSAC,2,2,2,2,0.68457300,0.68457300,0.95774648,0.95774648,VERIFIED_NEAR_DUPLICATE
refined_798e40af144a476113b8,rec_54a41fd2b9e48415942d,2,2,0,Potato healthy,PLDD-UP,direct representative match: dHash<=4 + pHash + geometry + ORB/RANSAC,0,0,0,0,0.95833333,0.95833333,1.00000000,1.00000000,VERIFIED_NEAR_DUPLICATE
refined_5d5bdf891393e4d1f4a7,rec_54a98a3dcaea4437f0e0,2,2,0,Potato healthy,PLDD-UP,direct representative match: dHash<=4 + pHash + geometry + ORB/RANSAC,0,0,0,0,0.99500000,0.99500000,1.00000000,1.00000000,VERIFIED_NEAR_DUPLICATE
refined_84f32c721a420980c9e8,rec_54afc00e6a2efac1d578,2,2,0,Potato healthy,PLDD-UP,direct representative match: dHash<=4 + pHash + geometry + ORB/RANSAC,0,0,0,0,0.99500000,0.99500000,1.00000000,1.00000000,VERIFIED_NEAR_DUPLICATE
refined_fb7b36e310ca44f260d9,rec_54c8032bf529efd2051b,2,2,0,Corn Cercospora leaf spot,Seasonal Corn Leaf Disease Dataset,direct representative match: dHash<=4 + pHash + geometry + ORB/RANSAC,0,0,0,0,0.88293371,0.88293371,0.99840256,0.99840256,VERIFIED_NEAR_DUPLICATE
refined_c1f24f24fb65d59c768e,rec_54d9c8a2025ec60e70dc,2,2,0,Corn healthy,Seasonal Corn Leaf Disease Dataset,direct representative match: dHash<=4 + pHash + geometry + ORB/RANSAC,0,0,0,0,0.92894737,0.92894737,0.99575071,0.99575071,VERIFIED_NEAR_DUPLICATE
refined_a8a28ce6a3519ce19942,rec_54dde1d6d4a388e805f7,2,2,0,Corn Cercospora leaf spot,Seasonal Corn Leaf Disease Dataset,direct representative match: dHash<=4 + pHash + geometry + ORB/RANSAC,0,0,2,2,0.90322581,0.90322581,0.99534161,0.99534161,VERIFIED_NEAR_DUPLICATE
refined_ea654d82bd09a3b58c1a,rec_54e4d1e7d6acebb9da27,2,2,0,Corn healthy,Seasonal Corn Leaf Disease Dataset,direct representative match: dHash<=4 + pHash + geometry + ORB/RANSAC,0,0,0,0,0.92568449,0.92568449,0.99859155,0.99859155,VERIFIED_NEAR_DUPLICATE
refined_c611a931555302b71603,rec_550de4ecadddb4eac8a8,2,2,0,Potato healthy,PLDD-UP,direct representative match: dHash<=4 + pHash + geometry + ORB/RANSAC,0,0,0,0,0.97000000,0.97000000,0.99871134,0.99871134,VERIFIED_NEAR_DUPLICATE
refined_d5ee1075c6914c26b145,rec_551877dcb311fdbfd623,2,2,0,Potato healthy,PLDD-UP,direct representative match: dHash<=4 + pHash + geometry + ORB/RANSAC,0,0,0,0,0.81750000,0.81750000,0.99082569,0.99082569,VERIFIED_NEAR_DUPLICATE
refined_01c88649db16006a8a5b,rec_55207987e24ef1d2599a,2,2,0,Potato Late blight,PLDD-UP,direct representative match: dHash<=4 + pHash + geometry + ORB/RANSAC,1,1,4,4,0.65023847,0.65023847,0.94132029,0.94132029,VERIFIED_NEAR_DUPLICATE
refined_4d0cdb6492bfe0a7d69d,rec_5529970c21023475c3e4,2,2,0,Potato healthy,PLDD-UP,direct representative match: dHash<=4 + pHash + geometry + ORB/RANSAC,4,4,0,0,0.75679172,0.75679172,0.99658120,0.99658120,VERIFIED_NEAR_DUPLICATE
refined_22ed17c61f9478fb0caf,rec_55526929e049db7cdb71,2,2,0,Potato healthy,PLDD-UP,direct representative match: dHash<=4 + pHash + geometry + ORB/RANSAC,0,0,0,0,0.94375000,0.94375000,0.99735099,0.99735099,VERIFIED_NEAR_DUPLICATE
refined_7eed774217c329733adf,rec_5563d1e7bd94c35ee56d,2,2,0,Potato Late blight,PLDD-UP,direct representative match: dHash<=4 + pHash + geometry + ORB/RANSAC,2,2,4,4,0.54625000,0.54625000,0.91990847,0.91990847,VERIFIED_NEAR_DUPLICATE
refined_a64d168d075994228851,rec_557974f9300d9e8dfc8d,2,2,0,Potato healthy,PLDD-UP,direct representative match: dHash<=4 + pHash + geometry + ORB/RANSAC,1,1,0,0,0.79125000,0.79125000,0.98736177,0.98736177,VERIFIED_NEAR_DUPLICATE
refined_14ffeefecd0cce5ccceb,rec_5582114d630012c35123,2,2,0,Potato healthy,PLDD-UP,direct representative match: dHash<=4 + pHash + geometry + ORB/RANSAC,0,0,0,0,0.94875000,0.94875000,0.99868248,0.99868248,VERIFIED_NEAR_DUPLICATE
refined_4b036281b045470ea9b4,rec_559de01c38c08c1a291e,2,2,0,Potato Late blight,PLDD-UP,direct representative match: dHash<=4 + pHash + geometry + ORB/RANSAC,2,2,4,4,0.68375000,0.68375000,0.85374771,0.85374771,VERIFIED_NEAR_DUPLICATE
refined_741cefdfbc61b67ce758,rec_55a0cf687ac8710033d0,2,2,0,Corn healthy,Seasonal Corn Leaf Disease Dataset,direct representative match: dHash<=4 + pHash + geometry + ORB/RANSAC,1,1,0,0,0.90526316,0.90526316,0.99667774,0.99667774,VERIFIED_NEAR_DUPLICATE
refined_b585187508e2f9b2623b,rec_55a5612f0f57b608e153,2,2,0,Potato healthy,PLDD-UP,direct representative match: dHash<=4 + pHash + geometry + ORB/RANSAC,0,0,0,0,0.97250000,0.97250000,0.99871465,0.99871465,VERIFIED_NEAR_DUPLICATE
refined_8adfd5a18a3b54c08e0e,rec_55ba8370d2fcf39f77f1,2,2,0,Potato healthy,PLDD-UP,direct representative match: dHash<=4 + pHash + geometry + ORB/RANSAC,1,1,0,0,0.76375000,0.76375000,0.99345336,0.99345336,VERIFIED_NEAR_DUPLICATE
refined_ca97c6d60af1089c2321,rec_55ce8f8c3c5ae7787cc2,2,2,0,Corn healthy,Seasonal Corn Leaf Disease Dataset,direct representative match: dHash<=4 + pHash + geometry + ORB/RANSAC,0,0,0,0,0.91321762,0.91321762,0.99561404,0.99561404,VERIFIED_NEAR_DUPLICATE
refined_89187b53acb7aae33b7d,rec_55d5851d13be9c60d318,2,2,0,Potato healthy,PLDD-UP,direct representative match: dHash<=4 + pHash + geometry + ORB/RANSAC,0,0,0,0,0.94750000,0.94750000,0.99604222,0.99604222,VERIFIED_NEAR_DUPLICATE
refined_3c5c107d0881b0d48291,rec_55ddfddfe5d33edbcea5,2,2,0,Potato healthy,PLDD-UP,direct representative match: dHash<=4 + pHash + geometry + ORB/RANSAC,0,0,0,0,0.94625000,0.94625000,0.99867900,0.99867900,VERIFIED_NEAR_DUPLICATE
refined_ab7e2a99cc1fb9a1f98f,rec_55ef7bdd73b6a8a1b61c,2,2,0,Potato healthy,PLDD-UP,direct representative match: dHash<=4 + pHash + geometry + ORB/RANSAC,0,0,0,0,0.97058824,0.97058824,1.00000000,1.00000000,VERIFIED_NEAR_DUPLICATE
refined_87efd545e50d88ec8934,rec_560f73ee196f12d370f7,2,2,0,Corn healthy,Seasonal Corn Leaf Disease Dataset,direct representative match: dHash<=4 + pHash + geometry + ORB/RANSAC,1,1,0,0,0.90381679,0.90381679,1.00000000,1.00000000,VERIFIED_NEAR_DUPLICATE
refined_cbcefedecf517ac42256,rec_5617ceede4158a4c0a27,2,2,0,Potato healthy,PLDD-UP,direct representative match: dHash<=4 + pHash + geometry + ORB/RANSAC,0,0,0,0,0.94250000,0.94250000,1.00000000,1.00000000,VERIFIED_NEAR_DUPLICATE
refined_099c7defe53ae80ff5a5,rec_562c25701f62a39901d1,2,2,0,Potato Late blight,PLDD-UP,direct representative match: dHash<=4 + pHash + geometry + ORB/RANSAC,1,1,2,2,0.50625000,0.50625000,0.79506173,0.79506173,VERIFIED_NEAR_DUPLICATE
refined_3ed9c54769daf20939e5,rec_5638b2ac5b9459424fc3,2,2,0,Potato healthy,PLDD-UP,direct representative match: dHash<=4 + pHash + geometry + ORB/RANSAC,0,0,0,0,0.97500000,0.97500000,1.00000000,1.00000000,VERIFIED_NEAR_DUPLICATE
refined_5e7f8a7b66289ac11023,rec_563aea0da7667d83e7bd,2,2,0,Potato healthy,PLDD-UP,direct representative match: dHash<=4 + pHash + geometry + ORB/RANSAC,0,0,0,0,0.93750000,0.93750000,0.99866667,0.99866667,VERIFIED_NEAR_DUPLICATE
refined_6c72b891a4b54424e949,rec_56523a344e3a311300e7,2,2,0,Corn healthy,Seasonal Corn Leaf Disease Dataset,direct representative match: dHash<=4 + pHash + geometry + ORB/RANSAC,1,1,0,0,0.91773779,0.91773779,0.99859944,0.99859944,VERIFIED_NEAR_DUPLICATE
refined_ecc87b72386f0be3f75a,rec_569a8801cde16a868120,2,2,0,Potato healthy,PLDD-UP,direct representative match: dHash<=4 + pHash + geometry + ORB/RANSAC,0,0,0,0,0.97500000,0.97500000,0.99615385,0.99615385,VERIFIED_NEAR_DUPLICATE
refined_19b7bdc971c956f2f71a,rec_569ac7f30aadd78db872,2,2,0,Potato healthy,PLDD-UP,direct representative match: dHash<=4 + pHash + geometry + ORB/RANSAC,0,0,0,0,0.95292621,0.95292621,0.99866489,0.99866489,VERIFIED_NEAR_DUPLICATE
refined_99e7ae229976c3a7fe1b,rec_56a82f1abd7497740471,2,2,0,Corn healthy,Seasonal Corn Leaf Disease Dataset,direct representative match: dHash<=4 + pHash + geometry + ORB/RANSAC,1,1,0,0,0.92256342,0.92256342,0.99565847,0.99565847,VERIFIED_NEAR_DUPLICATE
refined_d684b6374cadc2d45cc2,rec_56d79a5f9a397d0c7327,2,2,0,Potato healthy,PLDD-UP,direct representative match: dHash<=4 + pHash + geometry + ORB/RANSAC,0,0,0,0,0.95500000,0.95500000,0.99738220,0.99738220,VERIFIED_NEAR_DUPLICATE
refined_8055ba4ecc54974e5bd8,rec_56e90e76502282e9d697,3,3,0,Potato Late blight,PLDD-UP,direct representative match: dHash<=4 + pHash + geometry + ORB/RANSAC,0,0,0,2,0.57377049,0.61639344,0.85106383,0.97714286,VERIFIED_NEAR_DUPLICATE
refined_50be727a4df606fbf3a1,rec_56eeb23a51c75ac5b6b4,2,2,0,Potato healthy,PLDD-UP,direct representative match: dHash<=4 + pHash + geometry + ORB/RANSAC,0,0,0,0,0.82247765,0.82247765,0.99844720,0.99844720,VERIFIED_NEAR_DUPLICATE
refined_8f2abe467836fd279a66,rec_5712b14e30bca9e33222,2,2,0,Potato healthy,PLDD-UP,direct representative match: dHash<=4 + pHash + geometry + ORB/RANSAC,0,0,0,0,0.95375000,0.95375000,0.99606815,0.99606815,VERIFIED_NEAR_DUPLICATE
refined_b5e329fda36eb0d25898,rec_5730672ef4540a22c364,2,2,0,Corn healthy,Seasonal Corn Leaf Disease Dataset,direct representative match: dHash<=4 + pHash + geometry + ORB/RANSAC,0,0,0,0,0.94179894,0.94179894,0.99859551,0.99859551,VERIFIED_NEAR_DUPLICATE
refined_43d68bc63ad4c89c1475,rec_57579ccc175b98f26e47,2,2,0,Corn healthy,Seasonal Corn Leaf Disease Dataset,direct representative match: dHash<=4 + pHash + geometry + ORB/RANSAC,1,1,0,0,0.94943110,0.94943110,0.99866844,0.99866844,VERIFIED_NEAR_DUPLICATE
refined_02d14c2e1d5717ee1c92,rec_5763d7fb5b35da745718,2,2,0,Potato healthy,PLDD-UP,direct representative match: dHash<=4 + pHash + geometry + ORB/RANSAC,0,0,0,0,0.90125000,0.90125000,1.00000000,1.00000000,VERIFIED_NEAR_DUPLICATE
refined_163b6894056a20e37322,rec_577511d3e8bfd688e78c,2,2,0,Potato healthy,PLDD-UP,direct representative match: dHash<=4 + pHash + geometry + ORB/RANSAC,0,0,0,0,0.80701754,0.80701754,0.98913043,0.98913043,VERIFIED_NEAR_DUPLICATE
refined_c94b331ed4c5154b9b6a,rec_57864dceec7751b47383,2,2,0,Potato healthy,PLDD-UP,direct representative match: dHash<=4 + pHash + geometry + ORB/RANSAC,0,0,0,0,0.96750000,0.96750000,0.99741602,0.99741602,VERIFIED_NEAR_DUPLICATE
refined_03e326a9d8c5b8ea3eeb,rec_579150fa1774472d76fb,4,4,0,Potato healthy,PLDD-UP,direct representative match: dHash<=4 + pHash + geometry + ORB/RANSAC,0,4,0,4,0.41750000,0.99500000,0.63880597,1.00000000,VERIFIED_NEAR_DUPLICATE
refined_4d2f28c1ca845a4f6084,rec_57936c800843a7cd90e0,2,2,0,Potato healthy,PLDD-UP,direct representative match: dHash<=4 + pHash + geometry + ORB/RANSAC,0,0,0,0,0.95125000,0.95125000,0.99868594,0.99868594,VERIFIED_NEAR_DUPLICATE
refined_08b0d35fca5c8d08b4e9,rec_5798577977cdc3d4c7a1,2,2,0,Corn healthy,Seasonal Corn Leaf Disease Dataset,direct representative match: dHash<=4 + pHash + geometry + ORB/RANSAC,3,3,0,0,0.91086351,0.91086351,0.99541284,0.99541284,VERIFIED_NEAR_DUPLICATE
refined_1f911a199970e4957cf2,rec_57bbdd10a6c21db3060c,2,2,0,Potato healthy,PLDD-UP,direct representative match: dHash<=4 + pHash + geometry + ORB/RANSAC,0,0,0,0,0.99625000,0.99625000,1.00000000,1.00000000,VERIFIED_NEAR_DUPLICATE
refined_805cb7c970a73bfd10cc,rec_57fa7f86224f9d7425cb,2,2,0,Potato healthy,PLDD-UP,direct representative match: dHash<=4 + pHash + geometry + ORB/RANSAC,0,0,0,0,0.99750000,0.99750000,1.00000000,1.00000000,VERIFIED_NEAR_DUPLICATE
refined_297c8d47a5105243966c,rec_5883d40cbbf75abfca98,2,2,0,Potato Early blight,PLDD-UP,direct representative match: dHash<=4 + pHash + geometry + ORB/RANSAC,0,0,4,4,0.66796875,0.66796875,0.97076023,0.97076023,VERIFIED_NEAR_DUPLICATE
refined_6281760ebaa3991f3f0e,rec_58862edb771bac10666a,2,2,0,Corn healthy,Seasonal Corn Leaf Disease Dataset,direct representative match: dHash<=4 + pHash + geometry + ORB/RANSAC,0,0,0,0,0.94018205,0.94018205,0.99723375,0.99723375,VERIFIED_NEAR_DUPLICATE
refined_22d7d5761deddbc8b2c9,rec_588e6c3283c7265b80c2,2,2,0,Potato Early blight | Potato Late blight,PLDD-UP,direct representative match: dHash<=4 + pHash + geometry + ORB/RANSAC,2,2,6,6,0.68801090,0.68801090,0.95049505,0.95049505,VERIFIED_LABEL_CONFLICT
refined_ecade989a64cbf04cda2,rec_58b0c3669c9c0bcacf03,2,2,0,Potato Early blight,PLDD-UP,direct representative match: dHash<=4 + pHash + geometry + ORB/RANSAC,1,1,2,2,0.76125000,0.76125000,0.91461412,0.91461412,VERIFIED_NEAR_DUPLICATE
refined_f64c0a86cb2d66c7edb6,rec_58b465168048d5621d30,2,2,0,Potato Late blight,PLDD-UP,direct representative match: dHash<=4 + pHash + geometry + ORB/RANSAC,3,3,0,0,0.73584906,0.73584906,1.00000000,1.00000000,VERIFIED_NEAR_DUPLICATE
refined_b160a535ccb199d91251,rec_58c55c6e068413d227e5,2,2,0,Potato healthy,PLDD-UP,direct representative match: dHash<=4 + pHash + geometry + ORB/RANSAC,1,1,2,2,0.74434088,0.74434088,0.98747764,0.98747764,VERIFIED_NEAR_DUPLICATE
refined_d372fa7b0d8b03f75932,rec_58dc4ac79ae4336c9b0f,2,2,0,Potato Early blight,PLDD-UP,direct representative match: dHash<=4 + pHash + geometry + ORB/RANSAC,3,3,4,4,0.68875000,0.68875000,0.86025408,0.86025408,VERIFIED_NEAR_DUPLICATE
refined_74a366b437e5256fbd23,rec_58f267088fa1b1bdb043,2,2,0,Corn Cercospora leaf spot,Seasonal Corn Leaf Disease Dataset,direct representative match: dHash<=4 + pHash + geometry + ORB/RANSAC,0,0,0,0,0.85379310,0.85379310,0.99515347,0.99515347,VERIFIED_NEAR_DUPLICATE
refined_2828f90fc4a3aa50ee49,rec_58fc3682322565aa6b31,2,2,0,Potato healthy,PLDD-UP,direct representative match: dHash<=4 + pHash + geometry + ORB/RANSAC,0,0,0,0,0.95125000,0.95125000,0.99737188,0.99737188,VERIFIED_NEAR_DUPLICATE
refined_1d932294cf09b7606cb1,rec_5902019c246f05a0f26c,2,2,0,Potato Early blight,PLDD-UP,direct representative match: dHash<=4 + pHash + geometry + ORB/RANSAC,2,2,2,2,0.45875000,0.45875000,0.72752044,0.72752044,VERIFIED_NEAR_DUPLICATE
refined_d339a44708d0ddc3cf5b,rec_590e9f2243e1a98cf46e,2,2,0,Potato Early blight,PLDD-UP,direct representative match: dHash<=4 + pHash + geometry + ORB/RANSAC,0,0,4,4,0.64500000,0.64500000,0.95930233,0.95930233,VERIFIED_NEAR_DUPLICATE
refined_5d60706c129b1d6c09da,rec_5911e828da693f6cc9d1,2,2,0,Potato Early blight,PLDD-UP,direct representative match: dHash<=4 + pHash + geometry + ORB/RANSAC,4,4,4,4,0.59625000,0.59625000,0.89937107,0.89937107,VERIFIED_NEAR_DUPLICATE
refined_43b5a922d96b5d514519,rec_5941244179d023f3c4fe,2,2,0,Potato Late blight,PLDD-UP,direct representative match: dHash<=4 + pHash + geometry + ORB/RANSAC,0,0,4,4,0.64114114,0.64114114,0.97658080,0.97658080,VERIFIED_NEAR_DUPLICATE
refined_cf08e15e0a2c5c710ff2,rec_594c0ac51ff465b9c919,2,2,0,Potato healthy,PLDD-UP,direct representative match: dHash<=4 + pHash + geometry + ORB/RANSAC,1,1,0,0,0.79863014,0.79863014,0.99828473,0.99828473,VERIFIED_NEAR_DUPLICATE
refined_fb13f8113c1094eea971,rec_5956937df7416d9366fa,2,2,0,Potato Late blight,PLDD-UP,direct representative match: dHash<=4 + pHash + geometry + ORB/RANSAC,0,0,4,4,0.57039187,0.57039187,0.91094148,0.91094148,VERIFIED_NEAR_DUPLICATE
refined_7553f1e36d3cede65451,rec_59602cb6f49aa31a4343,2,2,0,Corn Cercospora leaf spot,Seasonal Corn Leaf Disease Dataset,direct representative match: dHash<=4 + pHash + geometry + ORB/RANSAC,0,0,0,0,0.91666667,0.91666667,1.00000000,1.00000000,VERIFIED_NEAR_DUPLICATE
refined_b80fd393418db88db57f,rec_5968c2f8472c9199fa22,2,2,0,Potato healthy,PLDD-UP,direct representative match: dHash<=4 + pHash + geometry + ORB/RANSAC,1,1,0,0,0.96125000,0.96125000,0.99479844,0.99479844,VERIFIED_NEAR_DUPLICATE
refined_e480803bc98b6ea0939e,rec_5969780cd4cac3e63963,2,2,0,Corn healthy,Seasonal Corn Leaf Disease Dataset,direct representative match: dHash<=4 + pHash + geometry + ORB/RANSAC,1,1,0,0,0.91310751,0.91310751,0.99838710,0.99838710,VERIFIED_NEAR_DUPLICATE
refined_a4de2b45c6320689b820,rec_59743d2cf58eaf77318c,2,2,0,Potato healthy,PLDD-UP,direct representative match: dHash<=4 + pHash + geometry + ORB/RANSAC,0,0,0,0,0.99750000,0.99750000,1.00000000,1.00000000,VERIFIED_NEAR_DUPLICATE
refined_3d84900c924ecdcda0b1,rec_598dbaa2ace8e46d06a9,2,2,0,Potato healthy,PLDD-UP,direct representative match: dHash<=4 + pHash + geometry + ORB/RANSAC,0,0,2,2,0.94125000,0.94125000,0.99734396,0.99734396,VERIFIED_NEAR_DUPLICATE
refined_491ae8b9dd42e1e5e7f3,rec_598ff50f7b0a66f756fb,2,2,0,Corn healthy,Seasonal Corn Leaf Disease Dataset,direct representative match: dHash<=4 + pHash + geometry + ORB/RANSAC,0,0,0,0,0.89855072,0.89855072,0.99462366,0.99462366,VERIFIED_NEAR_DUPLICATE
refined_d1b7d3383252fd271aec,rec_59a3318380a1501bdbec,2,2,0,Corn healthy,Seasonal Corn Leaf Disease Dataset,direct representative match: dHash<=4 + pHash + geometry + ORB/RANSAC,1,1,0,0,0.90694239,0.90694239,1.00000000,1.00000000,VERIFIED_NEAR_DUPLICATE
refined_02bf6e064bc6b0d27073,rec_59a50f60892a2ae92ca6,2,2,0,Potato healthy,PLDD-UP,direct representative match: dHash<=4 + pHash + geometry + ORB/RANSAC,0,0,0,0,0.81806775,0.81806775,0.93558282,0.93558282,VERIFIED_NEAR_DUPLICATE
refined_f7a77fdf6584eb2b4bc2,rec_59acc9066c57184a6054,2,2,0,Corn healthy,Seasonal Corn Leaf Disease Dataset,direct representative match: dHash<=4 + pHash + geometry + ORB/RANSAC,0,0,0,0,0.94871795,0.94871795,0.99864865,0.99864865,VERIFIED_NEAR_DUPLICATE
refined_9082e2cb3fbb03839b04,rec_59ba98f395a128aa6095,2,2,0,Corn healthy,Seasonal Corn Leaf Disease Dataset,direct representative match: dHash<=4 + pHash + geometry + ORB/RANSAC,2,2,0,0,0.91324201,0.91324201,0.99666667,0.99666667,VERIFIED_NEAR_DUPLICATE
refined_83e9cdc991a2b1faea41,rec_59c1b19e2bb417362e7e,2,2,0,Potato healthy,PLDD-UP,direct representative match: dHash<=4 + pHash + geometry + ORB/RANSAC,0,0,0,0,0.91875000,0.91875000,0.99863946,0.99863946,VERIFIED_NEAR_DUPLICATE
refined_0ae8f840f94fbaa68026,rec_59dbfc3a5ffa906747b2,4,4,0,Potato healthy,PLDD-UP,direct representative match: dHash<=4 + pHash + geometry + ORB/RANSAC,0,2,2,2,0.70125000,0.95750000,0.93072824,1.00000000,VERIFIED_NEAR_DUPLICATE
refined_cc9cbf2b8bffa890a4fa,rec_5a1eded461921656b485,2,2,0,Potato healthy,PLDD-UP,direct representative match: dHash<=4 + pHash + geometry + ORB/RANSAC,0,0,0,0,0.95750000,0.95750000,1.00000000,1.00000000,VERIFIED_NEAR_DUPLICATE
refined_9642e2690885e8a3d956,rec_5a2c6662451bbd1d2af6,2,2,0,Potato healthy,PLDD-UP,direct representative match: dHash<=4 + pHash + geometry + ORB/RANSAC,0,0,0,0,0.82375000,0.82375000,0.99696510,0.99696510,VERIFIED_NEAR_DUPLICATE
refined_5fe4247e2cd653560613,rec_5a54e2c858febaeb3e24,2,2,0,Corn healthy,Seasonal Corn Leaf Disease Dataset,direct representative match: dHash<=4 + pHash + geometry + ORB/RANSAC,2,2,0,0,0.93693694,0.93693694,0.99862637,0.99862637,VERIFIED_NEAR_DUPLICATE
refined_bebbb1913b767168f7ef,rec_5a7c325d970f22c6e034,2,2,0,Corn healthy,Seasonal Corn Leaf Disease Dataset,direct representative match: dHash<=4 + pHash + geometry + ORB/RANSAC,1,1,0,0,0.91666667,0.91666667,0.99254844,0.99254844,VERIFIED_NEAR_DUPLICATE
refined_a66c5a29607673f02dc9,rec_5a865051d0ab0ca1ad25,2,2,0,Potato Early blight,PLDD-UP,direct representative match: dHash<=4 + pHash + geometry + ORB/RANSAC,3,3,4,4,0.56570713,0.56570713,0.96902655,0.96902655,VERIFIED_NEAR_DUPLICATE
refined_20375285757f2013f94d,rec_5aad620c5199b99e998d,2,2,0,Potato healthy,PLDD-UP,direct representative match: dHash<=4 + pHash + geometry + ORB/RANSAC,0,0,0,0,0.95875000,0.95875000,0.99869622,0.99869622,VERIFIED_NEAR_DUPLICATE
refined_4ce09f8fadb3701e7497,rec_5af720dd3da0e298ef80,2,2,0,Potato Late blight,PLDD-UP,direct representative match: dHash<=4 + pHash + geometry + ORB/RANSAC,1,1,4,4,0.75722543,0.75722543,0.97709924,0.97709924,VERIFIED_NEAR_DUPLICATE
refined_4255bdb73a0afaac655d,rec_5b0d1f10ddf82307d6b9,2,2,0,Potato healthy,PLDD-UP,direct representative match: dHash<=4 + pHash + geometry + ORB/RANSAC,0,0,0,0,0.99248120,0.99248120,1.00000000,1.00000000,VERIFIED_NEAR_DUPLICATE
refined_0c3f58a61328d9e7d617,rec_5b0d93390a79cc38f379,2,2,0,Corn healthy,Seasonal Corn Leaf Disease Dataset,direct representative match: dHash<=4 + pHash + geometry + ORB/RANSAC,0,0,2,2,0.91977077,0.91977077,0.99532710,0.99532710,VERIFIED_NEAR_DUPLICATE
refined_c1630a259480db9abfb2,rec_5b10ac3d205836c6d0a6,2,2,0,Potato healthy,PLDD-UP,direct representative match: dHash<=4 + pHash + geometry + ORB/RANSAC,0,0,2,2,0.94125000,0.94125000,1.00000000,1.00000000,VERIFIED_NEAR_DUPLICATE
refined_b1c1c5ea9e22956fb6f7,rec_5b16c43ab66d9fa08a7e,2,2,0,Potato healthy,PLDD-UP,direct representative match: dHash<=4 + pHash + geometry + ORB/RANSAC,0,0,0,0,0.94962217,0.94962217,0.99867374,0.99867374,VERIFIED_NEAR_DUPLICATE
refined_8b60cfc01ae8fb2d56d4,rec_5b273bc681f78300f628,2,2,0,Potato healthy,PLDD-UP,direct representative match: dHash<=4 + pHash + geometry + ORB/RANSAC,0,0,0,0,0.99375000,0.99375000,1.00000000,1.00000000,VERIFIED_NEAR_DUPLICATE
refined_e7b54c9d3e9229c029dd,rec_5b32901885d6ae3028a0,2,2,0,Potato healthy,PLDD-UP,direct representative match: dHash<=4 + pHash + geometry + ORB/RANSAC,3,3,0,0,0.72715736,0.72715736,0.98429319,0.98429319,VERIFIED_NEAR_DUPLICATE
refined_77eaf4e00fb927c2260a,rec_5b38986e25ffaf863b28,2,2,0,Potato healthy,PLDD-UP,direct representative match: dHash<=4 + pHash + geometry + ORB/RANSAC,0,0,0,0,0.99750000,0.99750000,0.99874687,0.99874687,VERIFIED_NEAR_DUPLICATE
refined_c22b43df5c7d18f9ac2f,rec_5b56e9e90b4ad4b7ee20,2,2,0,Potato healthy,PLDD-UP,direct representative match: dHash<=4 + pHash + geometry + ORB/RANSAC,0,0,0,0,0.96500000,0.96500000,0.99740933,0.99740933,VERIFIED_NEAR_DUPLICATE
refined_a97240054c91a3aa51ad,rec_5b70dcf302263559d639,2,2,0,Potato healthy,PLDD-UP,direct representative match: dHash<=4 + pHash + geometry + ORB/RANSAC,0,0,0,0,0.99599466,0.99599466,1.00000000,1.00000000,VERIFIED_NEAR_DUPLICATE
refined_a588cafc874d56aed913,rec_5bca53a28b4c087ae3c6,3,3,0,Potato Late blight,PLDD-UP,direct representative match: dHash<=4 + pHash + geometry + ORB/RANSAC,3,4,2,4,0.55840000,0.63093415,0.94174757,0.95702006,VERIFIED_NEAR_DUPLICATE
refined_70c928b2a05444c97696,rec_5be87b8ac86ab3c4a37a,2,2,0,Potato healthy,PLDD-UP,direct representative match: dHash<=4 + pHash + geometry + ORB/RANSAC,0,0,2,2,0.79500000,0.79500000,0.99056604,0.99056604,VERIFIED_NEAR_DUPLICATE
refined_aa470b31861a97a6fa5b,rec_5bf4d4821fb35cca83ce,2,2,0,Potato healthy,PLDD-UP,direct representative match: dHash<=4 + pHash + geometry + ORB/RANSAC,0,0,0,0,0.95000000,0.95000000,0.99736842,0.99736842,VERIFIED_NEAR_DUPLICATE
refined_2d9ff334a52b9bf7126a,rec_5bfb946e3c24db8ab4d3,2,2,0,Potato healthy,PLDD-UP,direct representative match: dHash<=4 + pHash + geometry + ORB/RANSAC,0,0,0,0,0.94647520,0.94647520,0.99586207,0.99586207,VERIFIED_NEAR_DUPLICATE
refined_669f8486b61b2f2d1b35,rec_5c0a1d7bd31ae00fed05,2,2,0,Corn healthy,Seasonal Corn Leaf Disease Dataset,direct representative match: dHash<=4 + pHash + geometry + ORB/RANSAC,1,1,0,0,0.91025641,0.91025641,0.99217527,0.99217527,VERIFIED_NEAR_DUPLICATE
refined_8d667c119c72865e5677,rec_5c0f83d549b455bc183c,3,3,0,Potato Early blight | Potato healthy,PLDD-UP,direct representative match: dHash<=4 + pHash + geometry + ORB/RANSAC,1,2,4,4,0.48171501,0.50125628,0.78446115,0.87434555,VERIFIED_LABEL_CONFLICT
refined_e37b7e1fcf24c310b991,rec_5c1e4a7d8f10c8f39df2,2,2,0,Potato healthy,PLDD-UP,direct representative match: dHash<=4 + pHash + geometry + ORB/RANSAC,3,3,2,2,0.76657061,0.76657061,0.97744361,0.97744361,VERIFIED_NEAR_DUPLICATE
refined_8f5453a2f9f8ea234153,rec_5c2e0173f468e0c3ad64,2,2,0,Potato healthy,PLDD-UP,direct representative match: dHash<=4 + pHash + geometry + ORB/RANSAC,0,0,0,0,0.96250000,0.96250000,0.99870130,0.99870130,VERIFIED_NEAR_DUPLICATE
refined_f5f3975e69224979ffd5,rec_5c335d530cc3c4895b92,2,2,0,Potato healthy,PLDD-UP,direct representative match: dHash<=4 + pHash + geometry + ORB/RANSAC,0,0,0,0,0.74391805,0.74391805,0.98278830,0.98278830,VERIFIED_NEAR_DUPLICATE
refined_7ae5196a8a54484999fd,rec_5c3d41ccf266dee0808e,3,3,0,Potato Early blight,PLDD-UP,direct representative match: dHash<=4 + pHash + geometry + ORB/RANSAC,1,3,2,2,0.69623060,0.71882086,0.87697161,0.99363057,VERIFIED_NEAR_DUPLICATE
refined_b9740dfd118bf5209115,rec_5c45571ec44a71160d3a,2,2,0,Potato Late blight,PLDD-UP,direct representative match: dHash<=4 + pHash + geometry + ORB/RANSAC,3,3,4,4,0.64132231,0.64132231,0.89690722,0.89690722,VERIFIED_NEAR_DUPLICATE
refined_9f495336b022bbb06983,rec_5c5752e269c1079b5ac4,2,2,0,Corn healthy,Seasonal Corn Leaf Disease Dataset,direct representative match: dHash<=4 + pHash + geometry + ORB/RANSAC,0,0,0,0,0.93637621,0.93637621,1.00000000,1.00000000,VERIFIED_NEAR_DUPLICATE
refined_b37106357c2c779c1718,rec_5c5f6d7b7fa9ccee90bf,4,4,0,Potato healthy,PLDD-UP,direct representative match: dHash<=4 + pHash + geometry + ORB/RANSAC,0,0,0,2,0.60125000,0.95500000,0.84615385,0.99869110,VERIFIED_NEAR_DUPLICATE
refined_93a74e594a90dce6f935,rec_5c6276ffee304669c4d6,2,2,0,Potato Early blight,PLDD-UP,direct representative match: dHash<=4 + pHash + geometry + ORB/RANSAC,2,2,4,4,0.71062740,0.71062740,0.99279279,0.99279279,VERIFIED_NEAR_DUPLICATE
refined_0e7b38a32cc79fd5958a,rec_5c75176b84a1d15d0fc1,2,2,0,Potato healthy,PLDD-UP,direct representative match: dHash<=4 + pHash + geometry + ORB/RANSAC,2,2,0,0,0.73359073,0.73359073,0.97719298,0.97719298,VERIFIED_NEAR_DUPLICATE
refined_2616a8fc8ba8e58f220b,rec_5c89da3078354316f8aa,2,2,0,Potato healthy,PLDD-UP,direct representative match: dHash<=4 + pHash + geometry + ORB/RANSAC,0,0,0,0,0.99371859,0.99371859,1.00000000,1.00000000,VERIFIED_NEAR_DUPLICATE
refined_5e856f4d267e29ced108,rec_5c96a8ff82dbeb9f1fa6,2,2,0,Potato healthy,PLDD-UP,direct representative match: dHash<=4 + pHash + geometry + ORB/RANSAC,0,0,2,2,0.83250000,0.83250000,0.99399399,0.99399399,VERIFIED_NEAR_DUPLICATE
refined_84aa0564d805b636dd7d,rec_5cab30d5a5961bd5c61c,2,2,0,Potato healthy,PLDD-UP,direct representative match: dHash<=4 + pHash + geometry + ORB/RANSAC,0,0,0,0,0.92875000,0.92875000,1.00000000,1.00000000,VERIFIED_NEAR_DUPLICATE
refined_fd158e6c8314e997ba7b,rec_5cd1dbb2dd6df8b1e887,2,2,0,Potato healthy,PLDD-UP,direct representative match: dHash<=4 + pHash + geometry + ORB/RANSAC,0,0,2,2,0.69867550,0.69867550,0.99526066,0.99526066,VERIFIED_NEAR_DUPLICATE
refined_ec59f0be03df61843e30,rec_5cd92cf6171a36a5c1b2,2,2,0,Potato healthy,PLDD-UP,direct representative match: dHash<=4 + pHash + geometry + ORB/RANSAC,0,0,0,0,0.85125000,0.85125000,0.98678414,0.98678414,VERIFIED_NEAR_DUPLICATE
refined_a0ba8c6181faaa7ebce1,rec_5cdaa549766151967bb4,3,3,0,Potato Late blight,PLDD-UP,direct representative match: dHash<=4 + pHash + geometry + ORB/RANSAC,3,4,4,4,0.62742176,0.64232489,0.88361045,0.88863109,VERIFIED_NEAR_DUPLICATE
refined_e5b5e34c689ba965d43a,rec_5ce5618a4267c18ddba7,2,2,0,Potato healthy,PLDD-UP,direct representative match: dHash<=4 + pHash + geometry + ORB/RANSAC,0,0,0,0,0.96125000,0.96125000,1.00000000,1.00000000,VERIFIED_NEAR_DUPLICATE
refined_abe0230bad7f0e093b59,rec_5d008323dfce49ca763e,2,2,0,Potato healthy,PLDD-UP,direct representative match: dHash<=4 + pHash + geometry + ORB/RANSAC,0,0,0,0,0.75875000,0.75875000,0.99341021,0.99341021,VERIFIED_NEAR_DUPLICATE
refined_2cfe160024aeb51ac142,rec_5d19e77061d1d6ce8048,2,2,0,Potato healthy,PLDD-UP,direct representative match: dHash<=4 + pHash + geometry + ORB/RANSAC,1,1,0,0,0.72000000,0.72000000,0.99131944,0.99131944,VERIFIED_NEAR_DUPLICATE
refined_7b7aff8f739b58d7a3e4,rec_5d1d087e8b3dde5350e6,2,2,0,Potato Early blight,PLDD-UP,direct representative match: dHash<=4 + pHash + geometry + ORB/RANSAC,0,0,2,2,0.69823232,0.69823232,0.93670886,0.93670886,VERIFIED_NEAR_DUPLICATE
refined_3f4b8732fd5871dccedc,rec_5d2efa3bd35d994d481d,3,3,0,Potato Late blight,PLDD-UP,direct representative match: dHash<=4 + pHash + geometry + ORB/RANSAC,0,1,2,4,0.68920676,0.69830949,0.91509434,0.93296089,VERIFIED_NEAR_DUPLICATE
refined_c350657dc72abc2a5ac9,rec_5d365f25155dda9220bf,2,2,0,Potato healthy,PLDD-UP,direct representative match: dHash<=4 + pHash + geometry + ORB/RANSAC,0,0,0,0,0.96750000,0.96750000,1.00000000,1.00000000,VERIFIED_NEAR_DUPLICATE
refined_fde3799ac279f8e7aae8,rec_5d3685746f647783f228,2,2,0,Corn healthy,Seasonal Corn Leaf Disease Dataset,direct representative match: dHash<=4 + pHash + geometry + ORB/RANSAC,0,0,0,0,0.95121951,0.95121951,1.00000000,1.00000000,VERIFIED_NEAR_DUPLICATE
refined_eea1036526fc39528835,rec_5d6078c9787c7d2be556,2,2,0,Potato Late blight,PLDD-UP,direct representative match: dHash<=4 + pHash + geometry + ORB/RANSAC,3,3,4,4,0.61165049,0.61165049,1.00000000,1.00000000,VERIFIED_NEAR_DUPLICATE
refined_e05024472b79e8f6e7c3,rec_5d6998d9f996e1840b93,2,2,0,Potato healthy,PLDD-UP,direct representative match: dHash<=4 + pHash + geometry + ORB/RANSAC,0,0,0,0,0.96750000,0.96750000,0.99870801,0.99870801,VERIFIED_NEAR_DUPLICATE
refined_4cc633bb212c4dfc57fa,rec_5d6c02f16b82b527b800,2,2,0,Potato healthy,PLDD-UP,direct representative match: dHash<=4 + pHash + geometry + ORB/RANSAC,2,2,0,0,0.79445145,0.79445145,0.99523810,0.99523810,VERIFIED_NEAR_DUPLICATE
refined_842ae217e81802edfd12,rec_5d77041f9850c9ecd57d,2,2,0,Corn healthy,Seasonal Corn Leaf Disease Dataset,direct representative match: dHash<=4 + pHash + geometry + ORB/RANSAC,2,2,0,0,0.84392015,0.84392015,0.98709677,0.98709677,VERIFIED_NEAR_DUPLICATE
refined_ca9e67fa240edbb4577c,rec_5d795381330047ca46ca,2,2,0,Potato healthy,PLDD-UP,direct representative match: dHash<=4 + pHash + geometry + ORB/RANSAC,0,0,2,2,0.77625000,0.77625000,0.92431562,0.92431562,VERIFIED_NEAR_DUPLICATE
refined_09927988b6eb5c5d1962,rec_5d7b787e2d77bcf48846,2,2,0,Potato healthy,PLDD-UP,direct representative match: dHash<=4 + pHash + geometry + ORB/RANSAC,0,0,0,0,0.96322242,0.96322242,0.99636364,0.99636364,VERIFIED_NEAR_DUPLICATE
refined_5d2a9abb7b49a9e2842c,rec_5d8ca801a2f64fe42d57,2,2,0,Potato healthy,PLDD-UP,direct representative match: dHash<=4 + pHash + geometry + ORB/RANSAC,0,0,0,0,0.73274780,0.73274780,0.98972603,0.98972603,VERIFIED_NEAR_DUPLICATE
refined_c590ed4ef1f30e7a232f,rec_5da1e07f986dc80ba568,4,4,0,Potato healthy,PLDD-UP,direct representative match: dHash<=4 + pHash + geometry + ORB/RANSAC,0,4,0,4,0.64875000,0.94000000,0.94797688,0.99867021,VERIFIED_NEAR_DUPLICATE
refined_1ba78478d3b3d249c6f0,rec_5e0175a853d86add0e7b,2,2,0,Corn healthy,Seasonal Corn Leaf Disease Dataset,direct representative match: dHash<=4 + pHash + geometry + ORB/RANSAC,0,0,2,2,0.91124260,0.91124260,0.99837662,0.99837662,VERIFIED_NEAR_DUPLICATE
refined_64bfc67f4b297b8707de,rec_5e0fabbe90cc52214ddd,2,2,0,Potato healthy,PLDD-UP,direct representative match: dHash<=4 + pHash + geometry + ORB/RANSAC,0,0,0,0,0.81125000,0.81125000,0.99383667,0.99383667,VERIFIED_NEAR_DUPLICATE
refined_e43b0126243cd3261cee,rec_5e142a3d1bddb5f26812,2,2,0,Potato healthy,PLDD-UP,direct representative match: dHash<=4 + pHash + geometry + ORB/RANSAC,0,0,0,0,0.96375000,0.96375000,0.99870298,0.99870298,VERIFIED_NEAR_DUPLICATE
refined_aec029c95b3f8e475248,rec_5e186ce4a2c63d274844,2,2,0,Potato healthy,PLDD-UP,direct representative match: dHash<=4 + pHash + geometry + ORB/RANSAC,3,3,4,4,0.68625000,0.68625000,0.93442623,0.93442623,VERIFIED_NEAR_DUPLICATE
refined_a05a17340f9a1af58aa3,rec_5e1abbbdf608d58d806a,2,2,0,Potato healthy,PLDD-UP,direct representative match: dHash<=4 + pHash + geometry + ORB/RANSAC,0,0,0,0,0.96026490,0.96026490,0.99724138,0.99724138,VERIFIED_NEAR_DUPLICATE
refined_016c245850b71732953f,rec_5e23516275b0a2e11d35,2,2,0,Corn Cercospora leaf spot,Seasonal Corn Leaf Disease Dataset,direct representative match: dHash<=4 + pHash + geometry + ORB/RANSAC,0,0,0,0,0.97900262,0.97900262,0.99731903,0.99731903,VERIFIED_NEAR_DUPLICATE
refined_9b4c7dc84abe302e670a,rec_5e23705793ee373686a8,2,2,0,Potato Late blight,PLDD-UP,direct representative match: dHash<=4 + pHash + geometry + ORB/RANSAC,2,2,2,2,0.50349650,0.50349650,0.91944444,0.91944444,VERIFIED_NEAR_DUPLICATE
refined_e5259cb885cf55101179,rec_5e312edfd29d11d30c78,2,2,0,Potato Late blight,PLDD-UP,direct representative match: dHash<=4 + pHash + geometry + ORB/RANSAC,0,0,2,2,0.65140325,0.65140325,0.97732426,0.97732426,VERIFIED_NEAR_DUPLICATE
refined_10715773d45bb4828d24,rec_5e35b43954ff0f452fd2,2,2,0,Potato Early blight,PLDD-UP,direct representative match: dHash<=4 + pHash + geometry + ORB/RANSAC,2,2,2,2,0.62182741,0.62182741,0.88163265,0.88163265,VERIFIED_NEAR_DUPLICATE
refined_d48eceb8e8af4661b3ef,rec_5e464fcb057a037ad498,2,2,0,Potato healthy,PLDD-UP,direct representative match: dHash<=4 + pHash + geometry + ORB/RANSAC,0,0,0,0,0.83153639,0.83153639,0.99513776,0.99513776,VERIFIED_NEAR_DUPLICATE
refined_04489b7c910a58e84943,rec_5e51045734eb44c029f8,2,2,0,Potato healthy,PLDD-UP,direct representative match: dHash<=4 + pHash + geometry + ORB/RANSAC,0,0,0,0,0.95375000,0.95375000,0.99868938,0.99868938,VERIFIED_NEAR_DUPLICATE
refined_0dc5c067b6b3409e51a3,rec_5e517709b1d8faf5b65a,2,2,0,Potato healthy,PLDD-UP,direct representative match: dHash<=4 + pHash + geometry + ORB/RANSAC,0,0,2,2,0.79250000,0.79250000,0.98738170,0.98738170,VERIFIED_NEAR_DUPLICATE
refined_c158a153bd79bda5b443,rec_5e5810b9057bc1c7882c,2,2,0,Corn healthy,Seasonal Corn Leaf Disease Dataset,direct representative match: dHash<=4 + pHash + geometry + ORB/RANSAC,0,0,0,0,0.80987654,0.80987654,0.96951220,0.96951220,VERIFIED_NEAR_DUPLICATE
refined_57832648a19885fe3865,rec_5e5fb258ee306b4b7fe8,2,2,0,Potato Early blight | Tomato Early blight,PlantDoc,direct representative match: dHash<=4 + pHash + geometry + ORB/RANSAC,3,3,8,8,0.17750000,0.17750000,0.86619718,0.86619718,VERIFIED_LABEL_CONFLICT
refined_c4bd26bf3861e38901fe,rec_5e6991f33797949c1e63,2,2,0,Corn healthy,Seasonal Corn Leaf Disease Dataset,direct representative match: dHash<=4 + pHash + geometry + ORB/RANSAC,0,0,0,0,0.92262774,0.92262774,0.99525316,0.99525316,VERIFIED_NEAR_DUPLICATE
refined_f65f8a75dbfdcdff8a97,rec_5e6a56217bdfb223bc51,2,2,0,Potato Late blight,PLDD-UP,direct representative match: dHash<=4 + pHash + geometry + ORB/RANSAC,0,0,2,2,0.66569767,0.66569767,0.91484716,0.91484716,VERIFIED_NEAR_DUPLICATE
refined_fe7a93f72497abdd414d,rec_5e6f0ea3ecf6dc1622d3,2,2,0,Potato healthy,PLDD-UP,direct representative match: dHash<=4 + pHash + geometry + ORB/RANSAC,0,0,0,0,0.96250000,0.96250000,1.00000000,1.00000000,VERIFIED_NEAR_DUPLICATE
refined_e4ac625d3aa506445d37,rec_5e77e6cfbe9ea3ff497d,2,2,0,Potato healthy,PLDD-UP,direct representative match: dHash<=4 + pHash + geometry + ORB/RANSAC,0,0,0,0,0.95500000,0.95500000,0.99869110,0.99869110,VERIFIED_NEAR_DUPLICATE
refined_8f5f325f04cc4a74b6af,rec_5e800120165cf41304a3,2,2,0,Corn healthy,Seasonal Corn Leaf Disease Dataset,direct representative match: dHash<=4 + pHash + geometry + ORB/RANSAC,1,1,0,0,0.92207792,0.92207792,0.99859155,0.99859155,VERIFIED_NEAR_DUPLICATE
refined_df30ae89639f69cac12d,rec_5e88c07542055a47a910,2,2,0,Potato healthy,PLDD-UP,direct representative match: dHash<=4 + pHash + geometry + ORB/RANSAC,0,0,0,0,0.71625000,0.71625000,0.98080279,0.98080279,VERIFIED_NEAR_DUPLICATE
refined_928beacaf5a25080f510,rec_5e8f42bd7393093a1d0f,2,2,0,Corn healthy,Seasonal Corn Leaf Disease Dataset,direct representative match: dHash<=4 + pHash + geometry + ORB/RANSAC,0,0,0,0,0.93116883,0.93116883,0.99721060,0.99721060,VERIFIED_NEAR_DUPLICATE
refined_5627b9cb798b7e588dd6,rec_5e98a8bd0a5f23726460,3,3,0,Potato Early blight,PLDD-UP,direct representative match: dHash<=4 + pHash + geometry + ORB/RANSAC,1,1,2,4,0.73044693,0.75284091,0.95028681,0.97735849,VERIFIED_NEAR_DUPLICATE
refined_bd8b8906d0ca44008f74,rec_5e9daaa84d8d376028c9,2,2,0,Potato healthy,PLDD-UP,direct representative match: dHash<=4 + pHash + geometry + ORB/RANSAC,0,0,0,0,0.96250000,0.96250000,0.99610390,0.99610390,VERIFIED_NEAR_DUPLICATE
refined_809b03ceaef4ab183d96,rec_5eefb8d8ad46a746deb3,3,3,0,Potato Late blight,PLDD-UP,direct representative match: dHash<=4 + pHash + geometry + ORB/RANSAC,0,0,0,2,0.86500000,0.88375000,0.99421965,0.99575672,VERIFIED_NEAR_DUPLICATE
refined_969ec06ace870814d6e2,rec_5f2cbf7875b2c955b465,4,4,0,Potato healthy,PLDD-UP,direct representative match: dHash<=4 + pHash + geometry + ORB/RANSAC,0,3,0,4,0.51750000,0.79625000,0.92028986,0.99215071,VERIFIED_NEAR_DUPLICATE
refined_3920b02ba70ef1d658a2,rec_5f2f8eccfdb2ce5c125e,2,2,0,Potato Late blight,PLDD-UP,direct representative match: dHash<=4 + pHash + geometry + ORB/RANSAC,4,4,4,4,0.67350746,0.67350746,0.98060942,0.98060942,VERIFIED_NEAR_DUPLICATE
refined_80f81f7395e45ef714bc,rec_5f32647ff3a83c0c1610,2,2,0,Corn healthy,Seasonal Corn Leaf Disease Dataset,direct representative match: dHash<=4 + pHash + geometry + ORB/RANSAC,0,0,0,0,0.93178893,0.93178893,0.99861878,0.99861878,VERIFIED_NEAR_DUPLICATE
refined_9c658eed0afa2bbed922,rec_5f32d48891928051eda1,2,2,0,Potato healthy,PLDD-UP,direct representative match: dHash<=4 + pHash + geometry + ORB/RANSAC,0,0,0,0,0.79625000,0.79625000,0.99529042,0.99529042,VERIFIED_NEAR_DUPLICATE
refined_1d70d8fd7fe70902d6ee,rec_5f33cef7f892f98eac46,2,2,0,Potato Early blight,PLDD-UP,direct representative match: dHash<=4 + pHash + geometry + ORB/RANSAC,1,1,0,0,0.69375000,0.69375000,0.86306306,0.86306306,VERIFIED_NEAR_DUPLICATE
refined_270d3cbb622cd5db8b75,rec_5f472a319aee816d07d6,2,2,0,Potato Late blight,PLDD-UP,direct representative match: dHash<=4 + pHash + geometry + ORB/RANSAC,3,3,4,4,0.38375000,0.38375000,0.72312704,0.72312704,VERIFIED_NEAR_DUPLICATE
refined_be2fef4022b7fcadbb91,rec_5f5be2db0675e9dfe639,2,2,0,Potato healthy,PLDD-UP,direct representative match: dHash<=4 + pHash + geometry + ORB/RANSAC,0,0,0,0,0.99747155,0.99747155,1.00000000,1.00000000,VERIFIED_NEAR_DUPLICATE
refined_d927a3be8121308da67c,rec_5f7344720d9fdc6c89ba,2,2,0,Potato healthy,PLDD-UP,direct representative match: dHash<=4 + pHash + geometry + ORB/RANSAC,0,0,0,0,0.96750000,0.96750000,1.00000000,1.00000000,VERIFIED_NEAR_DUPLICATE
refined_5fc4387555ff73370d0d,rec_5f8cea6cf275dee47e7b,2,2,0,Corn healthy,Seasonal Corn Leaf Disease Dataset,direct representative match: dHash<=4 + pHash + geometry + ORB/RANSAC,0,0,0,0,0.93119266,0.93119266,0.99835796,0.99835796,VERIFIED_NEAR_DUPLICATE
refined_49e138c14f8e9d8925bc,rec_5facf0d4a9b83a3c399d,4,4,0,Potato healthy,PLDD-UP,direct representative match: dHash<=4 + pHash + geometry + ORB/RANSAC,0,2,0,4,0.42500000,0.94591195,0.80341880,0.99468085,VERIFIED_NEAR_DUPLICATE
refined_d5cc8e8b7f0de5b620f5,rec_5fb324e69014905fa2c4,2,2,0,Corn healthy,Seasonal Corn Leaf Disease Dataset,direct representative match: dHash<=4 + pHash + geometry + ORB/RANSAC,3,3,0,0,0.90455213,0.90455213,0.99512987,0.99512987,VERIFIED_NEAR_DUPLICATE
refined_6bfa99d5fb310cacbfc9,rec_5ff9780927bc4a380960,2,2,0,Corn healthy,Seasonal Corn Leaf Disease Dataset,direct representative match: dHash<=4 + pHash + geometry + ORB/RANSAC,1,1,0,0,0.94220430,0.94220430,1.00000000,1.00000000,VERIFIED_NEAR_DUPLICATE
refined_24f698b2fa92e91c7de0,rec_601d016585cf12d578a1,2,2,0,Potato healthy,PLDD-UP,direct representative match: dHash<=4 + pHash + geometry + ORB/RANSAC,0,0,0,0,0.95000000,0.95000000,0.99736842,0.99736842,VERIFIED_NEAR_DUPLICATE
refined_5e8ba603b094120988f2,rec_602ed0ac1fb5bcf81d10,2,2,0,Potato healthy,PLDD-UP,direct representative match: dHash<=4 + pHash + geometry + ORB/RANSAC,0,0,0,0,0.78132992,0.78132992,0.98363339,0.98363339,VERIFIED_NEAR_DUPLICATE
refined_ef218b4616e4530ac55f,rec_604ab6a9d1f9d165e0d8,3,3,0,Potato Early blight,PLDD-UP,direct representative match: dHash<=4 + pHash + geometry + ORB/RANSAC,2,2,0,0,0.73211781,0.76529161,0.87739464,0.97583643,VERIFIED_NEAR_DUPLICATE
refined_cf42cd22c79fdc9de269,rec_6057a7789bc5fe72cbef,2,2,0,Potato healthy,PLDD-UP,direct representative match: dHash<=4 + pHash + geometry + ORB/RANSAC,0,0,0,0,0.95750000,0.95750000,1.00000000,1.00000000,VERIFIED_NEAR_DUPLICATE
refined_fd049365b2f281a19592,rec_607e3f94a70198323d57,2,2,0,Potato healthy,PLDD-UP,direct representative match: dHash<=4 + pHash + geometry + ORB/RANSAC,0,0,0,0,0.99625000,0.99625000,1.00000000,1.00000000,VERIFIED_NEAR_DUPLICATE
refined_ed3e77e650940548fc62,rec_6081d8b964df6d06935a,2,2,0,Potato healthy,PLDD-UP,direct representative match: dHash<=4 + pHash + geometry + ORB/RANSAC,0,0,0,0,0.94375000,0.94375000,0.99735099,0.99735099,VERIFIED_NEAR_DUPLICATE
refined_486a62b92756bd41191a,rec_609a17fc372113d40bb5,2,2,0,Corn healthy,Seasonal Corn Leaf Disease Dataset,direct representative match: dHash<=4 + pHash + geometry + ORB/RANSAC,1,1,0,0,0.90829694,0.90829694,0.99679487,0.99679487,VERIFIED_NEAR_DUPLICATE
refined_6506f91f85be673c02ff,rec_60d28d7a5ccca82c79ad,3,3,0,Potato healthy,PLDD-UP,direct representative match: dHash<=4 + pHash + geometry + ORB/RANSAC,0,0,0,0,0.92375000,0.92875000,0.99730821,1.00000000,VERIFIED_NEAR_DUPLICATE
refined_8378801a6294dcb3cf4c,rec_60d46a72c350a5530444,2,2,0,Potato healthy,PLDD-UP,direct representative match: dHash<=4 + pHash + geometry + ORB/RANSAC,0,0,0,0,0.94375000,0.94375000,0.99735099,0.99735099,VERIFIED_NEAR_DUPLICATE
refined_2d392a087e4fd22c2df9,rec_60d798a7766e7a7a77da,2,2,0,Corn healthy,Seasonal Corn Leaf Disease Dataset,direct representative match: dHash<=4 + pHash + geometry + ORB/RANSAC,2,2,2,2,0.92682927,0.92682927,1.00000000,1.00000000,VERIFIED_NEAR_DUPLICATE
refined_5dae374272affeb896f5,rec_60fe386ec050066c6ab0,3,3,0,Potato healthy,PLDD-UP,direct representative match: dHash<=4 + pHash + geometry + ORB/RANSAC,0,1,0,2,0.92875000,0.94000000,0.99734043,1.00000000,VERIFIED_NEAR_DUPLICATE
refined_04b8a38690ac3bff5e17,rec_611b7f6bf696d64bcd75,2,2,0,Potato Early blight,PLDD-UP,direct representative match: dHash<=4 + pHash + geometry + ORB/RANSAC,2,2,4,4,0.47875000,0.47875000,0.77284595,0.77284595,VERIFIED_NEAR_DUPLICATE
refined_d92c63ed9e234c74cb80,rec_614b567d436d0d1980a2,2,2,0,Potato healthy,PLDD-UP,direct representative match: dHash<=4 + pHash + geometry + ORB/RANSAC,0,0,0,0,0.83250000,0.83250000,0.99849850,0.99849850,VERIFIED_NEAR_DUPLICATE
refined_062444a276586abc4335,rec_615c86789855c91422ad,2,2,0,Potato Late blight,PLDD-UP,direct representative match: dHash<=4 + pHash + geometry + ORB/RANSAC,1,1,0,0,0.73750000,0.73750000,0.91864407,0.91864407,VERIFIED_NEAR_DUPLICATE
refined_0c5a3b9ee70bebd2e0b1,rec_6165095cdacedbfb3c93,2,2,0,Corn healthy,Seasonal Corn Leaf Disease Dataset,direct representative match: dHash<=4 + pHash + geometry + ORB/RANSAC,0,0,0,0,0.93017128,0.93017128,0.99716714,0.99716714,VERIFIED_NEAR_DUPLICATE
refined_7fc3b205a2821b1d5aeb,rec_616e18e9e3488430cbf7,2,2,0,Potato Early blight,PLDD-UP,direct representative match: dHash<=4 + pHash + geometry + ORB/RANSAC,0,0,2,2,0.61360719,0.61360719,0.97907950,0.97907950,VERIFIED_NEAR_DUPLICATE
refined_e2977e2900cfc62dfee2,rec_61710262c048240bb612,2,2,0,Potato healthy,PLDD-UP,direct representative match: dHash<=4 + pHash + geometry + ORB/RANSAC,0,0,0,0,0.89867841,0.89867841,0.99509804,0.99509804,VERIFIED_NEAR_DUPLICATE
refined_230f81dbf4cea4119211,rec_6187d05a61cf4b9445b6,2,2,0,Potato healthy,PLDD-UP,direct representative match: dHash<=4 + pHash + geometry + ORB/RANSAC,0,0,0,0,0.99745870,0.99745870,1.00000000,1.00000000,VERIFIED_NEAR_DUPLICATE
refined_cdce708ed18090ea9333,rec_619309e21ca0434f0b54,2,2,0,Tomato Early blight,PlantDoc,direct representative match: dHash<=4 + pHash + geometry + ORB/RANSAC,3,3,4,4,0.64250000,0.64250000,0.97665370,0.97665370,VERIFIED_NEAR_DUPLICATE
refined_6fb653064b82bc07adfe,rec_61a7e6f4de64ba0768ea,2,2,0,Potato healthy,PLDD-UP,direct representative match: dHash<=4 + pHash + geometry + ORB/RANSAC,0,0,0,0,0.99750000,0.99750000,1.00000000,1.00000000,VERIFIED_NEAR_DUPLICATE
refined_22a7ff3686845f138724,rec_61afa23abfbb5a859e19,2,2,0,Potato healthy,PLDD-UP,direct representative match: dHash<=4 + pHash + geometry + ORB/RANSAC,0,0,0,0,0.99375000,0.99375000,1.00000000,1.00000000,VERIFIED_NEAR_DUPLICATE
refined_494eefd8e79cbc55a76d,rec_61b19d77926c99377627,2,2,0,Potato healthy,PLDD-UP,direct representative match: dHash<=4 + pHash + geometry + ORB/RANSAC,0,0,0,0,0.96500000,0.96500000,1.00000000,1.00000000,VERIFIED_NEAR_DUPLICATE
refined_6c8b5506ea40ca65a13b,rec_61bb8407279848e0645a,2,2,0,Potato healthy,PLDD-UP,direct representative match: dHash<=4 + pHash + geometry + ORB/RANSAC,0,0,0,0,0.96950445,0.96950445,0.99475754,0.99475754,VERIFIED_NEAR_DUPLICATE
refined_59e60e5a533a02cf2559,rec_61bd41458d9bc68959a1,2,2,0,Potato healthy,PLDD-UP,direct representative match: dHash<=4 + pHash + geometry + ORB/RANSAC,0,0,0,0,0.84375000,0.84375000,0.98962963,0.98962963,VERIFIED_NEAR_DUPLICATE
refined_b61e921591a27bdff091,rec_61d92a865956ac2759c9,2,2,0,Corn healthy,Seasonal Corn Leaf Disease Dataset,direct representative match: dHash<=4 + pHash + geometry + ORB/RANSAC,1,1,0,0,0.94480946,0.94480946,1.00000000,1.00000000,VERIFIED_NEAR_DUPLICATE
refined_38c6a59d5921c25b0e1c,rec_61e112241cddc8b1e066,2,2,0,Potato healthy,PLDD-UP,direct representative match: dHash<=4 + pHash + geometry + ORB/RANSAC,1,1,2,2,0.79875000,0.79875000,0.98278560,0.98278560,VERIFIED_NEAR_DUPLICATE
refined_aaf84b20f734c17793aa,rec_61e5748c1a4887e3198d,2,2,0,Potato healthy,PLDD-UP,direct representative match: dHash<=4 + pHash + geometry + ORB/RANSAC,0,0,0,0,0.94375000,0.94375000,0.99735099,0.99735099,VERIFIED_NEAR_DUPLICATE
refined_ded80c940a6edb3efa79,rec_621ae655c6b320621ae0,2,2,0,Potato healthy,PLDD-UP,direct representative match: dHash<=4 + pHash + geometry + ORB/RANSAC,0,0,0,0,0.98625000,0.98625000,1.00000000,1.00000000,VERIFIED_NEAR_DUPLICATE
refined_fc7dec1fd26f273d4c07,rec_624f1208df54c7e1cdb9,2,2,0,Potato healthy,PLDD-UP,direct representative match: dHash<=4 + pHash + geometry + ORB/RANSAC,1,1,0,0,0.81875000,0.81875000,0.98473282,0.98473282,VERIFIED_NEAR_DUPLICATE
refined_c6275df54b43d1bdf66b,rec_6286d53141c68a877902,2,2,0,Potato healthy,PLDD-UP,direct representative match: dHash<=4 + pHash + geometry + ORB/RANSAC,0,0,2,2,0.82250000,0.82250000,0.99392097,0.99392097,VERIFIED_NEAR_DUPLICATE
refined_a118cf9d4c06806e5819,rec_6288673dbe7abc945b76,3,3,0,Potato Early blight | Potato healthy,PLDD-UP,direct representative match: dHash<=4 + pHash + geometry + ORB/RANSAC,0,0,0,0,0.91750000,0.93750000,0.99863760,0.99866667,VERIFIED_LABEL_CONFLICT
refined_64ad06e2eec13b6eb678,rec_62acf03e8fa6c3c9bb9f,2,2,0,Potato Late blight,PLDD-UP,direct representative match: dHash<=4 + pHash + geometry + ORB/RANSAC,1,1,2,2,0.67326733,0.67326733,0.83088235,0.83088235,VERIFIED_NEAR_DUPLICATE
refined_584c5296da4e49058ae0,rec_62b3f7a05ebccb56ab64,2,2,0,Corn healthy,Seasonal Corn Leaf Disease Dataset,direct representative match: dHash<=4 + pHash + geometry + ORB/RANSAC,1,1,0,0,0.93352192,0.93352192,0.99545455,0.99545455,VERIFIED_NEAR_DUPLICATE
refined_bcacc1869d931891ecc4,rec_62c43a9ddf8fdada38c0,2,2,0,Corn healthy,Seasonal Corn Leaf Disease Dataset,direct representative match: dHash<=4 + pHash + geometry + ORB/RANSAC,0,0,0,0,0.94566624,0.94566624,0.99726402,0.99726402,VERIFIED_NEAR_DUPLICATE
refined_9c9b6a8e277cf819ee15,rec_631df38a1deb98d8f476,2,2,0,Potato healthy,PLDD-UP,direct representative match: dHash<=4 + pHash + geometry + ORB/RANSAC,0,0,2,2,0.96000000,0.96000000,1.00000000,1.00000000,VERIFIED_NEAR_DUPLICATE
refined_bd2c9dbf6013b58b892e,rec_631f4fc887eaddc12981,2,2,0,Potato healthy,PLDD-UP,direct representative match: dHash<=4 + pHash + geometry + ORB/RANSAC,0,0,0,0,0.94875000,0.94875000,0.99736495,0.99736495,VERIFIED_NEAR_DUPLICATE
refined_872972581d2c686f5c57,rec_6335bc6496851e7e2574,2,2,0,Potato healthy,PLDD-UP,direct representative match: dHash<=4 + pHash + geometry + ORB/RANSAC,0,0,0,0,0.99732977,0.99732977,1.00000000,1.00000000,VERIFIED_NEAR_DUPLICATE
refined_5e2d9f78198bb41d1f14,rec_634857ced97808a7e5bf,2,2,0,Potato Early blight | Tomato Late blight,PlantDoc,direct representative match: dHash<=4 + pHash + geometry + ORB/RANSAC,0,0,0,0,0.96500000,0.96500000,0.99740933,0.99740933,VERIFIED_LABEL_CONFLICT
refined_188e95b73a6b120d9052,rec_636382a3085e106567b4,2,2,0,Potato healthy,PLDD-UP,direct representative match: dHash<=4 + pHash + geometry + ORB/RANSAC,0,0,0,0,0.95875000,0.95875000,0.99869622,0.99869622,VERIFIED_NEAR_DUPLICATE
refined_093650e62aec4f43c512,rec_638a01633495fb1f9cd8,2,2,0,Potato healthy,PLDD-UP,direct representative match: dHash<=4 + pHash + geometry + ORB/RANSAC,0,0,0,0,0.99625000,0.99625000,1.00000000,1.00000000,VERIFIED_NEAR_DUPLICATE
refined_d443adc1909bef8c34aa,rec_639013cccfe1ad9de41a,2,2,0,Potato Late blight,PLDD-UP,direct representative match: dHash<=4 + pHash + geometry + ORB/RANSAC,3,3,4,4,0.46375000,0.46375000,0.70080863,0.70080863,VERIFIED_NEAR_DUPLICATE
refined_b0f76aa5e771f8736d5f,rec_63baa3e035be4fe25e6e,2,2,0,Potato healthy,PLDD-UP,direct representative match: dHash<=4 + pHash + geometry + ORB/RANSAC,0,0,0,0,0.96625000,0.96625000,1.00000000,1.00000000,VERIFIED_NEAR_DUPLICATE
refined_36d4870d84877b2d3cb1,rec_63bd79bbb53d5c0e60f3,2,2,0,Corn Cercospora leaf spot,Seasonal Corn Leaf Disease Dataset,direct representative match: dHash<=4 + pHash + geometry + ORB/RANSAC,0,0,0,0,0.97933884,0.97933884,0.99859353,0.99859353,VERIFIED_NEAR_DUPLICATE
refined_2ff6d6369863c9bef60d,rec_63c292c29e81aa5de0eb,2,2,0,Potato Late blight,PLDD-UP,direct representative match: dHash<=4 + pHash + geometry + ORB/RANSAC,3,3,2,2,0.77272727,0.77272727,0.96193772,0.96193772,VERIFIED_NEAR_DUPLICATE
refined_7a89427a0a211b836d8d,rec_63cb5b0ecdd4a2a8e214,2,2,0,Potato Early blight,PLDD-UP,direct representative match: dHash<=4 + pHash + geometry + ORB/RANSAC,4,4,4,4,0.57750000,0.57750000,0.83116883,0.83116883,VERIFIED_NEAR_DUPLICATE
refined_bc37fce6eb15ecc713c0,rec_63d30e18495a46227ad8,2,2,0,Potato healthy,PLDD-UP,direct representative match: dHash<=4 + pHash + geometry + ORB/RANSAC,0,0,0,0,0.99375000,0.99375000,1.00000000,1.00000000,VERIFIED_NEAR_DUPLICATE
refined_2201f999226123a0394f,rec_63e690fd2dff190e52d3,3,3,0,Potato Early blight | Potato healthy,PLDD-UP,direct representative match: dHash<=4 + pHash + geometry + ORB/RANSAC,1,1,16,16,0.20250000,0.21625000,0.77456647,0.82098765,VERIFIED_LABEL_CONFLICT
refined_b8d027125acbe0322296,rec_63ea99faae4f04061c98,2,2,0,Potato healthy,PLDD-UP,direct representative match: dHash<=4 + pHash + geometry + ORB/RANSAC,0,0,0,0,0.96125000,0.96125000,0.99739922,0.99739922,VERIFIED_NEAR_DUPLICATE
refined_21562e126c0d489dad8a,rec_642a0565e21dd322602f,2,2,0,Potato Early blight,PLDD-UP,direct representative match: dHash<=4 + pHash + geometry + ORB/RANSAC,4,4,4,4,0.48375000,0.48375000,0.96640827,0.96640827,VERIFIED_NEAR_DUPLICATE
refined_c31610949dd21278e2db,rec_64375b37aea91f2ff42b,2,2,0,Potato Early blight,PLDD-UP,direct representative match: dHash<=4 + pHash + geometry + ORB/RANSAC,4,4,4,4,0.64875000,0.64875000,0.90366089,0.90366089,VERIFIED_NEAR_DUPLICATE
refined_347db6afd4a459ec969f,rec_643f5bbd18321194a176,2,2,0,Potato healthy,PLDD-UP,direct representative match: dHash<=4 + pHash + geometry + ORB/RANSAC,0,0,0,0,0.94375000,0.94375000,0.99735099,0.99735099,VERIFIED_NEAR_DUPLICATE
refined_76d4f45c2e2352558dca,rec_6457bc1ce3772eaa8021,2,2,0,Potato Late blight,PLDD-UP,direct representative match: dHash<=4 + pHash + geometry + ORB/RANSAC,4,4,4,4,0.26388889,0.26388889,0.68899522,0.68899522,VERIFIED_NEAR_DUPLICATE
refined_d2db0d7c1ec330abdaf0,rec_6457d54a924b62c8f806,2,2,0,Potato Early blight,PLDD-UP,direct representative match: dHash<=4 + pHash + geometry + ORB/RANSAC,3,3,2,2,0.53875000,0.53875000,0.91647332,0.91647332,VERIFIED_NEAR_DUPLICATE
refined_b5865357b3a90a651dbd,rec_645b8545916164dcd1f9,2,2,0,Potato Early blight,PLDD-UP,direct representative match: dHash<=4 + pHash + geometry + ORB/RANSAC,1,1,2,2,0.67217281,0.67217281,0.98298677,0.98298677,VERIFIED_NEAR_DUPLICATE
refined_5968b3166414e371ac31,rec_64712d5130fd60232204,2,2,0,Potato healthy,PLDD-UP,direct representative match: dHash<=4 + pHash + geometry + ORB/RANSAC,2,2,0,0,0.76552598,0.76552598,0.99172185,0.99172185,VERIFIED_NEAR_DUPLICATE
refined_aaee9d3c998bdde1ef03,rec_647443b832339a3db30c,2,2,0,Potato healthy,PLDD-UP,direct representative match: dHash<=4 + pHash + geometry + ORB/RANSAC,1,1,0,0,0.79204108,0.79204108,0.97893031,0.97893031,VERIFIED_NEAR_DUPLICATE
refined_c747c9a21aeada24e574,rec_649678b64db119dc4440,2,2,0,Corn healthy,Seasonal Corn Leaf Disease Dataset,direct representative match: dHash<=4 + pHash + geometry + ORB/RANSAC,1,1,0,0,0.93421053,0.93421053,0.99295775,0.99295775,VERIFIED_NEAR_DUPLICATE
refined_ad3c1be84ed88e01e63a,rec_64d411903081651a9f76,2,2,0,Tomato Bacterial spot | Tomato Septoria leaf spot,PlantDoc,direct representative match: dHash<=4 + pHash + geometry + ORB/RANSAC,0,0,0,0,0.30278884,0.30278884,0.92105263,0.92105263,VERIFIED_LABEL_CONFLICT
refined_231eb20984c739f2ac7f,rec_64de970c598d19747b0c,2,2,0,Potato Early blight,PLDD-UP,direct representative match: dHash<=4 + pHash + geometry + ORB/RANSAC,2,2,0,0,0.65482234,0.65482234,0.95348837,0.95348837,VERIFIED_NEAR_DUPLICATE
refined_437b88df6e8d30f1f324,rec_64e047f4bcf17fac2404,2,2,0,Potato healthy,PLDD-UP,direct representative match: dHash<=4 + pHash + geometry + ORB/RANSAC,0,0,0,0,0.99500000,0.99500000,0.99874372,0.99874372,VERIFIED_NEAR_DUPLICATE
refined_4b100dfe621a0d023176,rec_64ec00fe8882ca45ab34,2,2,0,Corn healthy,Seasonal Corn Leaf Disease Dataset,direct representative match: dHash<=4 + pHash + geometry + ORB/RANSAC,1,1,0,0,0.93915344,0.93915344,1.00000000,1.00000000,VERIFIED_NEAR_DUPLICATE
refined_a1a0608b1fd2c9de345a,rec_64fbac0f12da73eade64,2,2,0,Potato healthy,PLDD-UP,direct representative match: dHash<=4 + pHash + geometry + ORB/RANSAC,1,1,0,0,0.80026281,0.80026281,0.99507389,0.99507389,VERIFIED_NEAR_DUPLICATE
refined_a2f7d09a1fd116f1585a,rec_65121870c9c0a9f7e270,2,2,0,Potato healthy,PLDD-UP,direct representative match: dHash<=4 + pHash + geometry + ORB/RANSAC,0,0,0,0,0.78750000,0.78750000,0.98888889,0.98888889,VERIFIED_NEAR_DUPLICATE
refined_7a688440021fe38974ce,rec_651f61355a6a4850184c,2,2,0,Corn healthy,Seasonal Corn Leaf Disease Dataset,direct representative match: dHash<=4 + pHash + geometry + ORB/RANSAC,1,1,0,0,0.91786180,0.91786180,0.99715909,0.99715909,VERIFIED_NEAR_DUPLICATE
refined_10cd383b090964d84596,rec_6546fc4cbf435f5776fb,2,2,0,Potato Early blight | Tomato Late blight,PlantDoc,direct representative match: dHash<=4 + pHash + geometry + ORB/RANSAC,0,0,0,0,0.78250000,0.78250000,0.99520767,0.99520767,VERIFIED_LABEL_CONFLICT
refined_e907be2608c2edd290fd,rec_654706c20e8e34e6b821,2,2,0,Potato healthy,PLDD-UP,direct representative match: dHash<=4 + pHash + geometry + ORB/RANSAC,0,0,0,0,0.77500000,0.77500000,0.96290323,0.96290323,VERIFIED_NEAR_DUPLICATE
refined_8a6b9d6c1538b415ca7c,rec_657df5a36906de3c3bc8,2,2,0,Potato healthy,PLDD-UP,direct representative match: dHash<=4 + pHash + geometry + ORB/RANSAC,1,1,0,0,0.80375000,0.80375000,0.99688958,0.99688958,VERIFIED_NEAR_DUPLICATE
refined_1c46a9ed3b46855f89e6,rec_65927014c105c6e35308,2,2,0,Potato Early blight,PLDD-UP,direct representative match: dHash<=4 + pHash + geometry + ORB/RANSAC,3,3,4,4,0.42500000,0.42500000,0.81470588,0.81470588,VERIFIED_NEAR_DUPLICATE
refined_45363072406c17290249,rec_659b05643a396680590b,2,2,0,Potato Early blight,PLDD-UP,direct representative match: dHash<=4 + pHash + geometry + ORB/RANSAC,3,3,4,4,0.37125000,0.37125000,0.71717172,0.71717172,VERIFIED_NEAR_DUPLICATE
refined_1edbd9f5b416363e384f,rec_65ba1cfb0a95eec23669,3,3,0,Potato Early blight | Potato healthy,PLDD-UP,direct representative match: dHash<=4 + pHash + geometry + ORB/RANSAC,0,0,0,0,0.96125000,0.96125000,0.99869961,1.00000000,VERIFIED_LABEL_CONFLICT
refined_fa6f7b64e9f0f8028b85,rec_65bde19d29a0f638876f,2,2,0,Potato healthy,PLDD-UP,direct representative match: dHash<=4 + pHash + geometry + ORB/RANSAC,0,0,0,0,0.92750000,0.92750000,0.99730458,0.99730458,VERIFIED_NEAR_DUPLICATE
refined_017e9a8e9e26148ab7d5,rec_65bfac75475e410f25c6,2,2,0,Corn healthy,Seasonal Corn Leaf Disease Dataset,direct representative match: dHash<=4 + pHash + geometry + ORB/RANSAC,0,0,2,2,0.94373402,0.94373402,0.99864499,0.99864499,VERIFIED_NEAR_DUPLICATE
refined_585600021ec084984f05,rec_65c608b4b0159ee1d126,3,3,0,Potato Early blight,PLDD-UP,direct representative match: dHash<=4 + pHash + geometry + ORB/RANSAC,0,0,2,4,0.72222222,0.77559055,0.91758242,0.98984772,VERIFIED_NEAR_DUPLICATE
refined_d27510cff4c3a074219f,rec_65eb7f960aba0d341cbf,2,2,0,Potato healthy,PLDD-UP,direct representative match: dHash<=4 + pHash + geometry + ORB/RANSAC,0,0,0,0,0.76714286,0.76714286,0.99255121,0.99255121,VERIFIED_NEAR_DUPLICATE
refined_df55e2c8b0d5fa3531d2,rec_65ebbab61c6e28d45293,2,2,0,Potato healthy,PLDD-UP,direct representative match: dHash<=4 + pHash + geometry + ORB/RANSAC,0,0,0,0,0.95500000,0.95500000,0.99607330,0.99607330,VERIFIED_NEAR_DUPLICATE
refined_d93f391538ca036e6d64,rec_65feaf236644f8d0196a,2,2,0,Potato healthy,PLDD-UP,direct representative match: dHash<=4 + pHash + geometry + ORB/RANSAC,0,0,0,0,0.97125000,0.97125000,0.99871300,0.99871300,VERIFIED_NEAR_DUPLICATE
refined_7d3ce71e0d8532dd98f3,rec_6605c452d09116d9e1f1,3,3,0,Potato Late blight,PLDD-UP,direct representative match: dHash<=4 + pHash + geometry + ORB/RANSAC,1,2,4,4,0.54750000,0.64625000,0.90867580,0.93423598,VERIFIED_NEAR_DUPLICATE
refined_7f1b7d6cf4845f008c74,rec_66173ac549aafe55bcff,2,2,0,Potato Early blight,PLDD-UP,direct representative match: dHash<=4 + pHash + geometry + ORB/RANSAC,0,0,4,4,0.70704225,0.70704225,0.98804781,0.98804781,VERIFIED_NEAR_DUPLICATE
refined_0d9e7c3073fd879cf2be,rec_662f1bc2d2fb77db8f1e,2,2,0,Potato Late blight,PLDD-UP,direct representative match: dHash<=4 + pHash + geometry + ORB/RANSAC,3,3,4,4,0.45875000,0.45875000,0.85558583,0.85558583,VERIFIED_NEAR_DUPLICATE
refined_7b6873abb02848402037,rec_6682e7a27db7149bb63c,2,2,0,Potato healthy,PLDD-UP,direct representative match: dHash<=4 + pHash + geometry + ORB/RANSAC,0,0,0,0,0.95250000,0.95250000,1.00000000,1.00000000,VERIFIED_NEAR_DUPLICATE
refined_0452e0efd4a5a2c99521,rec_6689e4addf5c3544e0bf,2,2,0,Potato healthy,PLDD-UP,direct representative match: dHash<=4 + pHash + geometry + ORB/RANSAC,0,0,0,0,0.96500000,0.96500000,1.00000000,1.00000000,VERIFIED_NEAR_DUPLICATE
refined_9b1d4d443b122522c3a7,rec_66ae8d0b0db5d01259dc,2,2,0,Potato healthy,PLDD-UP,direct representative match: dHash<=4 + pHash + geometry + ORB/RANSAC,0,0,0,0,0.77750000,0.77750000,0.95980707,0.95980707,VERIFIED_NEAR_DUPLICATE
refined_82fdd1117e1dcf57e516,rec_66b165a45fd62223aeea,2,2,0,Potato healthy,PLDD-UP,direct representative match: dHash<=4 + pHash + geometry + ORB/RANSAC,0,0,0,0,0.95250000,0.95250000,0.99868766,0.99868766,VERIFIED_NEAR_DUPLICATE
refined_0e58cf79366df5d0e9e1,rec_66bbce57f8bce347426e,2,2,0,Potato Late blight,PLDD-UP,direct representative match: dHash<=4 + pHash + geometry + ORB/RANSAC,0,0,2,2,0.69926199,0.69926199,0.97625330,0.97625330,VERIFIED_NEAR_DUPLICATE
refined_5d51e03d9b3437eb3954,rec_66dd09b174de30c626cf,2,2,0,Potato healthy,PLDD-UP,direct representative match: dHash<=4 + pHash + geometry + ORB/RANSAC,0,0,0,0,0.93875000,0.93875000,0.99866844,0.99866844,VERIFIED_NEAR_DUPLICATE
refined_00d57ae96e9ea037aca6,rec_66e3b1fecf3875944589,2,2,0,Corn healthy,Seasonal Corn Leaf Disease Dataset,direct representative match: dHash<=4 + pHash + geometry + ORB/RANSAC,0,0,0,0,0.93367347,0.93367347,1.00000000,1.00000000,VERIFIED_NEAR_DUPLICATE
refined_bb8eec437061f81ab9c3,rec_67236c0c3cde5076d068,2,2,0,Potato healthy,PLDD-UP,direct representative match: dHash<=4 + pHash + geometry + ORB/RANSAC,0,0,0,0,0.77500000,0.77500000,0.99032258,0.99032258,VERIFIED_NEAR_DUPLICATE
refined_5f8cbff995fdc8abf806,rec_67378c53a4b21e355982,2,2,0,Potato healthy,PLDD-UP,direct representative match: dHash<=4 + pHash + geometry + ORB/RANSAC,0,0,0,0,0.94903339,0.94903339,0.99814815,0.99814815,VERIFIED_NEAR_DUPLICATE
refined_577bb3c2a1c28110af4a,rec_67579f2e3b75e692cec7,2,2,0,Potato Late blight,PLDD-UP,direct representative match: dHash<=4 + pHash + geometry + ORB/RANSAC,2,2,4,4,0.59569892,0.59569892,0.97833935,0.97833935,VERIFIED_NEAR_DUPLICATE
refined_c51054fa0b6d445a963b,rec_67616374f1c4a1cebdab,2,2,0,Potato healthy,PLDD-UP,direct representative match: dHash<=4 + pHash + geometry + ORB/RANSAC,0,0,0,0,0.99625000,0.99625000,1.00000000,1.00000000,VERIFIED_NEAR_DUPLICATE
refined_ad401c6ef64c060d13e5,rec_676925330e1448319f7d,2,2,0,Potato healthy,PLDD-UP,direct representative match: dHash<=4 + pHash + geometry + ORB/RANSAC,0,0,0,0,0.83000000,0.83000000,0.99246988,0.99246988,VERIFIED_NEAR_DUPLICATE
refined_497748cc3a7c9ec0f12c,rec_677d1298a54125d243ca,2,2,0,Potato healthy,PLDD-UP,direct representative match: dHash<=4 + pHash + geometry + ORB/RANSAC,2,2,0,0,0.74739583,0.74739583,0.96689895,0.96689895,VERIFIED_NEAR_DUPLICATE
refined_5c4d455211ab7ed6b62c,rec_67a27e5adf5f18ef26f5,2,2,0,Potato healthy,PLDD-UP,direct representative match: dHash<=4 + pHash + geometry + ORB/RANSAC,0,0,0,0,0.97364954,0.97364954,0.99864682,0.99864682,VERIFIED_NEAR_DUPLICATE
refined_7f6f93595da149ebd828,rec_67a552187a46f4fdff3c,2,2,0,Potato Late blight,PLDD-UP,direct representative match: dHash<=4 + pHash + geometry + ORB/RANSAC,1,1,2,2,0.65252525,0.65252525,0.97523220,0.97523220,VERIFIED_NEAR_DUPLICATE
refined_0ca8ccb2e0fa06166b75,rec_67b31de80ae488124c67,2,2,0,Potato Early blight,PLDD-UP,direct representative match: dHash<=4 + pHash + geometry + ORB/RANSAC,3,3,2,2,0.69750000,0.69750000,0.93369176,0.93369176,VERIFIED_NEAR_DUPLICATE
refined_ba829bc4f6902828701f,rec_67bc3afd52b50ae34aa4,2,2,0,Corn Cercospora leaf spot,Seasonal Corn Leaf Disease Dataset,direct representative match: dHash<=4 + pHash + geometry + ORB/RANSAC,0,0,2,2,0.97849462,0.97849462,1.00000000,1.00000000,VERIFIED_NEAR_DUPLICATE
refined_bbdf351ef147ffbb750d,rec_67d591962c64fedf8b5f,2,2,0,Corn healthy,Seasonal Corn Leaf Disease Dataset,direct representative match: dHash<=4 + pHash + geometry + ORB/RANSAC,0,0,0,0,0.93121019,0.93121019,0.99863201,0.99863201,VERIFIED_NEAR_DUPLICATE
refined_77ba3bcd9fd1ad919d57,rec_67d7730c177593f88045,2,2,0,Corn Cercospora leaf spot,Seasonal Corn Leaf Disease Dataset,direct representative match: dHash<=4 + pHash + geometry + ORB/RANSAC,0,0,0,0,0.98479087,0.98479087,0.99871300,0.99871300,VERIFIED_NEAR_DUPLICATE
refined_e6d8ad4e2622e83fac40,rec_67e75553319a5ce9e4e8,2,2,0,Corn healthy,Seasonal Corn Leaf Disease Dataset,direct representative match: dHash<=4 + pHash + geometry + ORB/RANSAC,1,1,0,0,0.92050209,0.92050209,1.00000000,1.00000000,VERIFIED_NEAR_DUPLICATE
refined_8c9cfd705d7bc5e35b57,rec_67e93e74c8346e6d79aa,2,2,0,Potato healthy,PLDD-UP,direct representative match: dHash<=4 + pHash + geometry + ORB/RANSAC,0,0,0,0,0.77750000,0.77750000,0.98392283,0.98392283,VERIFIED_NEAR_DUPLICATE
refined_6ae67fa59f57779949f0,rec_67ea3c55b8254196f35d,2,2,0,Potato Early blight,PLDD-UP,direct representative match: dHash<=4 + pHash + geometry + ORB/RANSAC,4,4,2,2,0.55269923,0.55269923,0.98604651,0.98604651,VERIFIED_NEAR_DUPLICATE
refined_2181dd9aaa62aee4906f,rec_6808973a66ca27231635,2,2,0,Corn healthy,Seasonal Corn Leaf Disease Dataset,direct representative match: dHash<=4 + pHash + geometry + ORB/RANSAC,0,0,0,0,0.89044944,0.89044944,0.99684543,0.99684543,VERIFIED_NEAR_DUPLICATE
refined_434552f453d5454fa6e9,rec_6811eda05be3b2c33fcb,2,2,0,Potato healthy,PLDD-UP,direct representative match: dHash<=4 + pHash + geometry + ORB/RANSAC,0,0,0,0,0.99625000,0.99625000,1.00000000,1.00000000,VERIFIED_NEAR_DUPLICATE
refined_b7bc428868fcf5b5a35a,rec_6819f55eeafcba00e34f,2,2,0,Potato Early blight | Potato Late blight,PLDD-UP,direct representative match: dHash<=4 + pHash + geometry + ORB/RANSAC,4,4,2,2,0.68407960,0.68407960,0.97818182,0.97818182,VERIFIED_LABEL_CONFLICT
refined_c56af6af9bc1cd81f116,rec_682bcc5125c6c0fc8297,2,2,0,Potato Late blight,PLDD-UP,direct representative match: dHash<=4 + pHash + geometry + ORB/RANSAC,2,2,4,4,0.34810127,0.34810127,0.86909091,0.86909091,VERIFIED_NEAR_DUPLICATE
refined_58713e08dbbe3d9af6dc,rec_682cf8a1e4ebe4a1d903,2,2,0,Corn healthy,Seasonal Corn Leaf Disease Dataset,direct representative match: dHash<=4 + pHash + geometry + ORB/RANSAC,0,0,0,0,0.89879154,0.89879154,0.99831933,0.99831933,VERIFIED_NEAR_DUPLICATE
refined_8cb16058dfc824859785,rec_6848d6a9f6c58a67360e,2,2,0,Potato healthy,PLDD-UP,direct representative match: dHash<=4 + pHash + geometry + ORB/RANSAC,2,2,4,4,0.64500000,0.64500000,0.93798450,0.93798450,VERIFIED_NEAR_DUPLICATE
refined_157a14d7a2bf7140ff35,rec_688043a3b9886b4eb3c1,2,2,0,Corn healthy,Seasonal Corn Leaf Disease Dataset,direct representative match: dHash<=4 + pHash + geometry + ORB/RANSAC,1,1,0,0,0.93766578,0.93766578,1.00000000,1.00000000,VERIFIED_NEAR_DUPLICATE
refined_e0abe3ca91ed828f3971,rec_688b90c0edd88c9d39f8,2,2,0,Potato healthy,PLDD-UP,direct representative match: dHash<=4 + pHash + geometry + ORB/RANSAC,0,0,2,2,0.80750000,0.80750000,0.99226006,0.99226006,VERIFIED_NEAR_DUPLICATE
refined_018c4e36fd0372fda67d,rec_68987a5b5b94f01ece60,2,2,0,Potato Early blight,PLDD-UP,direct representative match: dHash<=4 + pHash + geometry + ORB/RANSAC,0,0,2,2,0.64541833,0.64541833,0.91769547,0.91769547,VERIFIED_NEAR_DUPLICATE
refined_4d55e824643ca04de24a,rec_68be9ba96beeb76bc327,2,2,0,Potato Late blight,PLDD-UP,direct representative match: dHash<=4 + pHash + geometry + ORB/RANSAC,3,3,4,4,0.58723958,0.58723958,0.93791574,0.93791574,VERIFIED_NEAR_DUPLICATE
refined_b14cee0975e5b14ac0a7,rec_68c69f8be7e802ac9d9f,2,2,0,Potato healthy,PLDD-UP,direct representative match: dHash<=4 + pHash + geometry + ORB/RANSAC,0,0,0,0,0.99868421,0.99868421,1.00000000,1.00000000,VERIFIED_NEAR_DUPLICATE
refined_835b38c2baf405e45995,rec_68c8c560c390b8b6e7cd,2,2,0,Potato Early blight,PLDD-UP,direct representative match: dHash<=4 + pHash + geometry + ORB/RANSAC,0,0,2,2,0.70259209,0.70259209,0.96504854,0.96504854,VERIFIED_NEAR_DUPLICATE
refined_376d66a5ae589efdd502,rec_68cda7e36d5a7341669b,3,3,0,Potato Early blight,PLDD-UP,direct representative match: dHash<=4 + pHash + geometry + ORB/RANSAC,0,1,4,4,0.41000000,0.43625000,0.87392550,0.94512195,VERIFIED_NEAR_DUPLICATE
refined_efc812de688aae15e5d3,rec_68cfd5300b5cb97a7765,2,2,0,Corn healthy,Seasonal Corn Leaf Disease Dataset,direct representative match: dHash<=4 + pHash + geometry + ORB/RANSAC,0,0,0,0,0.93049645,0.93049645,0.99542683,0.99542683,VERIFIED_NEAR_DUPLICATE
refined_af1296168096fca3c3fb,rec_68da76b499c3907824bb,2,2,0,Potato healthy,PLDD-UP,direct representative match: dHash<=4 + pHash + geometry + ORB/RANSAC,0,0,0,0,0.95125000,0.95125000,0.99868594,0.99868594,VERIFIED_NEAR_DUPLICATE
refined_9f2661c4d25480b5c20a,rec_68ed4211e2e642346184,2,2,0,Corn healthy,Seasonal Corn Leaf Disease Dataset,direct representative match: dHash<=4 + pHash + geometry + ORB/RANSAC,1,1,0,0,0.86619718,0.86619718,0.99837398,0.99837398,VERIFIED_NEAR_DUPLICATE
refined_5f1e5b67b76c16fc9102,rec_68ff45004e4a61a89641,2,2,0,Potato healthy,PLDD-UP,direct representative match: dHash<=4 + pHash + geometry + ORB/RANSAC,0,0,0,0,0.88629738,0.88629738,1.00000000,1.00000000,VERIFIED_NEAR_DUPLICATE
refined_2e0893d846a892122de1,rec_6935db6572444bcf7cf6,2,2,0,Corn healthy,Seasonal Corn Leaf Disease Dataset,direct representative match: dHash<=4 + pHash + geometry + ORB/RANSAC,0,0,0,0,0.92903226,0.92903226,0.99722222,0.99722222,VERIFIED_NEAR_DUPLICATE
refined_5a0436936d8c3aee61c8,rec_6943513f1d95683b8f67,2,2,0,Potato healthy,PLDD-UP,direct representative match: dHash<=4 + pHash + geometry + ORB/RANSAC,0,0,0,0,0.95375000,0.95375000,1.00000000,1.00000000,VERIFIED_NEAR_DUPLICATE
refined_91928d116e9cb0009df5,rec_695df34cb19470bab4a1,2,2,0,Potato healthy,PLDD-UP,direct representative match: dHash<=4 + pHash + geometry + ORB/RANSAC,0,0,0,0,0.99500000,0.99500000,1.00000000,1.00000000,VERIFIED_NEAR_DUPLICATE
refined_3f8ccbd6cf1de495060a,rec_695e7cf0229d3e0759a5,2,2,0,Potato Early blight,PLDD-UP,direct representative match: dHash<=4 + pHash + geometry + ORB/RANSAC,2,2,4,4,0.58344459,0.58344459,0.84897025,0.84897025,VERIFIED_NEAR_DUPLICATE
refined_3a36744fc66ee4273b51,rec_6961b410496735938614,2,2,0,Potato healthy,PLDD-UP,direct representative match: dHash<=4 + pHash + geometry + ORB/RANSAC,0,0,0,0,0.95250000,0.95250000,1.00000000,1.00000000,VERIFIED_NEAR_DUPLICATE
refined_f2829d7202e854cbceb1,rec_6997962290f82a563265,2,2,0,Potato healthy,PLDD-UP,direct representative match: dHash<=4 + pHash + geometry + ORB/RANSAC,0,0,0,0,0.79250000,0.79250000,0.99842271,0.99842271,VERIFIED_NEAR_DUPLICATE
refined_5075632382a4a68f7e16,rec_69a61d85c3f23f37d6d6,3,3,0,Potato healthy,PLDD-UP,direct representative match: dHash<=4 + pHash + geometry + ORB/RANSAC,0,4,0,4,0.77625000,0.79250000,0.93690852,0.99033816,VERIFIED_NEAR_DUPLICATE
refined_03fd7cc5a5aceede8ea9,rec_69b39974badad01605b9,2,2,0,Potato healthy,PLDD-UP,direct representative match: dHash<=4 + pHash + geometry + ORB/RANSAC,0,0,0,0,0.96625000,0.96625000,0.99611902,0.99611902,VERIFIED_NEAR_DUPLICATE
refined_777cdab516b64772ca70,rec_69b91e9bb0e232397bf0,2,2,0,Potato Early blight,PLDD-UP,direct representative match: dHash<=4 + pHash + geometry + ORB/RANSAC,0,0,4,4,0.63341969,0.63341969,0.79959100,0.79959100,VERIFIED_NEAR_DUPLICATE
refined_0363a9eb894cfd124693,rec_69ce512020a2a757e5be,2,2,0,Potato healthy,PLDD-UP,direct representative match: dHash<=4 + pHash + geometry + ORB/RANSAC,2,2,0,0,0.72207447,0.72207447,0.96132597,0.96132597,VERIFIED_NEAR_DUPLICATE
refined_f655dd97c176d908c74a,rec_69efe02f73428b544a59,2,2,0,Potato healthy,PLDD-UP,direct representative match: dHash<=4 + pHash + geometry + ORB/RANSAC,0,0,0,0,0.93625000,0.93625000,0.99866489,0.99866489,VERIFIED_NEAR_DUPLICATE
refined_3d1e9d3c947cd3b58465,rec_6a145fe7ac52a44f6471,2,2,0,Potato healthy,PLDD-UP,direct representative match: dHash<=4 + pHash + geometry + ORB/RANSAC,0,0,0,0,0.95625000,0.95625000,0.99869281,0.99869281,VERIFIED_NEAR_DUPLICATE
refined_0348557de89aba1643e7,rec_6a355aee8f6ef26d2fe8,2,2,0,Potato healthy,PLDD-UP,direct representative match: dHash<=4 + pHash + geometry + ORB/RANSAC,0,0,0,0,0.95231608,0.95231608,0.99856938,0.99856938,VERIFIED_NEAR_DUPLICATE
refined_c3e6aece2fed27814941,rec_6a6e51e5ac41d2f0e145,2,2,0,Potato healthy,PLDD-UP,direct representative match: dHash<=4 + pHash + geometry + ORB/RANSAC,0,0,0,0,0.99750000,0.99750000,1.00000000,1.00000000,VERIFIED_NEAR_DUPLICATE
refined_ca8b86f5793297dbc99e,rec_6aa898ee725ea03ef444,2,2,0,Potato healthy,PLDD-UP,direct representative match: dHash<=4 + pHash + geometry + ORB/RANSAC,1,1,2,2,0.73677419,0.73677419,0.99649737,0.99649737,VERIFIED_NEAR_DUPLICATE
refined_f362e032e18af42686ad,rec_6aad5e12cf8dae644d80,2,2,0,Potato healthy,PLDD-UP,direct representative match: dHash<=4 + pHash + geometry + ORB/RANSAC,0,0,0,0,0.95000000,0.95000000,0.99605263,0.99605263,VERIFIED_NEAR_DUPLICATE
refined_43cb5e8cc711c200d93e,rec_6ab59cbe7ac68497da8d,2,2,0,Corn healthy,Seasonal Corn Leaf Disease Dataset,direct representative match: dHash<=4 + pHash + geometry + ORB/RANSAC,2,2,0,0,0.90937997,0.90937997,0.99475524,0.99475524,VERIFIED_NEAR_DUPLICATE
refined_704ea9ab59d3b449f13b,rec_6ac59d805fae5e544752,2,2,0,Potato Late blight,PLDD-UP,direct representative match: dHash<=4 + pHash + geometry + ORB/RANSAC,0,0,4,4,0.55220126,0.55220126,0.86104784,0.86104784,VERIFIED_NEAR_DUPLICATE
refined_dfc1004ba5a919583f87,rec_6ad583ce71905aaff04d,2,2,0,Potato healthy,PLDD-UP,direct representative match: dHash<=4 + pHash + geometry + ORB/RANSAC,0,0,0,0,0.99375000,0.99375000,0.99874214,0.99874214,VERIFIED_NEAR_DUPLICATE
refined_0900de79ccacec14b359,rec_6ad90d547ccc0512694b,2,2,0,Potato healthy,PLDD-UP,direct representative match: dHash<=4 + pHash + geometry + ORB/RANSAC,2,2,0,0,0.77125000,0.77125000,0.98379254,0.98379254,VERIFIED_NEAR_DUPLICATE
refined_a481005221b7c19d189f,rec_6b02c6838c13f5c73008,2,2,0,Potato healthy,PLDD-UP,direct representative match: dHash<=4 + pHash + geometry + ORB/RANSAC,0,0,2,2,0.75960171,0.75960171,0.99063670,0.99063670,VERIFIED_NEAR_DUPLICATE
refined_fc9bd714454c82a4bedd,rec_6b14f6be1bf4aa17987f,2,2,0,Potato healthy,PLDD-UP,direct representative match: dHash<=4 + pHash + geometry + ORB/RANSAC,0,0,0,0,0.80875000,0.80875000,0.99536321,0.99536321,VERIFIED_NEAR_DUPLICATE
refined_d8f4ba5a36d3af29bb94,rec_6b2b4f12d1b0cc81bc4b,2,2,0,Potato healthy,PLDD-UP,direct representative match: dHash<=4 + pHash + geometry + ORB/RANSAC,0,0,0,0,0.96500000,0.96500000,1.00000000,1.00000000,VERIFIED_NEAR_DUPLICATE
refined_06dcd5d6961a74bbf8d0,rec_6b2c8a1007bd0512e708,2,2,0,Corn healthy,Seasonal Corn Leaf Disease Dataset,direct representative match: dHash<=4 + pHash + geometry + ORB/RANSAC,1,1,0,0,0.88826816,0.88826816,0.99842767,0.99842767,VERIFIED_NEAR_DUPLICATE
refined_e053a9666fbdb08e3be2,rec_6b372712cb414a8fa617,2,2,0,Potato healthy,PLDD-UP,direct representative match: dHash<=4 + pHash + geometry + ORB/RANSAC,0,0,0,0,0.96875000,0.96875000,0.99612903,0.99612903,VERIFIED_NEAR_DUPLICATE
refined_1ac4e0402b489c3980f5,rec_6b4898a9b36e8b738aba,2,2,0,Corn healthy,Seasonal Corn Leaf Disease Dataset,direct representative match: dHash<=4 + pHash + geometry + ORB/RANSAC,0,0,2,2,0.90646492,0.90646492,0.99544765,0.99544765,VERIFIED_NEAR_DUPLICATE
refined_c28f28007a17e5416db0,rec_6b49c8c9a32de9a89ff5,2,2,0,Potato healthy,PLDD-UP,direct representative match: dHash<=4 + pHash + geometry + ORB/RANSAC,0,0,0,0,0.95876289,0.95876289,0.99865591,0.99865591,VERIFIED_NEAR_DUPLICATE
refined_8f8b02224c6638ebb8d1,rec_6b5a88492fea666bfa34,2,2,0,Potato healthy,PLDD-UP,direct representative match: dHash<=4 + pHash + geometry + ORB/RANSAC,0,0,0,0,0.99625000,0.99625000,1.00000000,1.00000000,VERIFIED_NEAR_DUPLICATE
refined_88e399354ef6fcbc7d6e,rec_6b5eda48b7aad5ba35fa,2,2,0,Potato healthy,PLDD-UP,direct representative match: dHash<=4 + pHash + geometry + ORB/RANSAC,0,0,0,0,0.95165394,0.95165394,0.99732620,0.99732620,VERIFIED_NEAR_DUPLICATE
refined_fefcda9559caf5d988a8,rec_6b60f2e185724128ebcb,2,2,0,Potato healthy,PLDD-UP,direct representative match: dHash<=4 + pHash + geometry + ORB/RANSAC,0,0,0,0,0.78875000,0.78875000,0.97781300,0.97781300,VERIFIED_NEAR_DUPLICATE
refined_cf7ba795c7ab386aab57,rec_6b7c0b46b18404bd1f1a,2,2,0,Potato healthy,PLDD-UP,direct representative match: dHash<=4 + pHash + geometry + ORB/RANSAC,0,0,0,0,0.96250000,0.96250000,0.99870130,0.99870130,VERIFIED_NEAR_DUPLICATE
refined_1495c0c9c86491d032f4,rec_6ba0e8bf3b076e55f042,2,2,0,Potato healthy,PLDD-UP,direct representative match: dHash<=4 + pHash + geometry + ORB/RANSAC,0,0,0,0,0.96375000,0.96375000,1.00000000,1.00000000,VERIFIED_NEAR_DUPLICATE
refined_833e8c607fbf37b9f96c,rec_6bb9515cf25eda938a6d,2,2,0,Potato Late blight,PLDD-UP,direct representative match: dHash<=4 + pHash + geometry + ORB/RANSAC,0,0,2,2,0.56375000,0.56375000,0.77827051,0.77827051,VERIFIED_NEAR_DUPLICATE
refined_eef2993e542f541e2081,rec_6bd49e1a8adb552510f1,2,2,0,Potato healthy,PLDD-UP,direct representative match: dHash<=4 + pHash + geometry + ORB/RANSAC,1,1,0,0,0.92500000,0.92500000,0.99729730,0.99729730,VERIFIED_NEAR_DUPLICATE
refined_c295070f8eef7ca945d4,rec_6bd61371b1b29e6f0d86,3,3,0,Potato Late blight,PLDD-UP,direct representative match: dHash<=4 + pHash + geometry + ORB/RANSAC,0,1,2,4,0.68920676,0.69830949,0.92551210,0.98301887,VERIFIED_NEAR_DUPLICATE
refined_30fb3a6a9f8f43379cad,rec_6bda5e3c9b0a1981a1cb,2,2,0,Potato healthy,PLDD-UP,direct representative match: dHash<=4 + pHash + geometry + ORB/RANSAC,0,0,0,0,0.96125000,0.96125000,1.00000000,1.00000000,VERIFIED_NEAR_DUPLICATE
refined_ad2cfd385edf17f422f8,rec_6be003eabc58a48aa32f,2,2,0,Potato healthy,PLDD-UP,direct representative match: dHash<=4 + pHash + geometry + ORB/RANSAC,0,0,0,0,0.73875000,0.73875000,0.98477157,0.98477157,VERIFIED_NEAR_DUPLICATE
refined_f86ab72110fc1e72501f,rec_6be4fdd57af652821b8a,2,2,0,Corn healthy,Seasonal Corn Leaf Disease Dataset,direct representative match: dHash<=4 + pHash + geometry + ORB/RANSAC,0,0,0,0,0.90250329,0.90250329,0.99416058,0.99416058,VERIFIED_NEAR_DUPLICATE
refined_bf9c6b27332716222951,rec_6be509754290091928d2,2,2,0,Corn healthy,Seasonal Corn Leaf Disease Dataset,direct representative match: dHash<=4 + pHash + geometry + ORB/RANSAC,1,1,0,0,0.89850746,0.89850746,0.99501661,0.99501661,VERIFIED_NEAR_DUPLICATE
refined_051d7399fb4951b759a3,rec_6bfc193cf975b96876fa,3,3,0,Potato healthy,PLDD-UP,direct representative match: dHash<=4 + pHash + geometry + ORB/RANSAC,0,0,0,0,0.93375000,0.95000000,0.99866131,1.00000000,VERIFIED_NEAR_DUPLICATE
refined_a9184ef36e8e2c4541ed,rec_6c13f499d32384647bf9,2,2,0,Potato healthy,PLDD-UP,direct representative match: dHash<=4 + pHash + geometry + ORB/RANSAC,0,0,0,0,0.96750000,0.96750000,0.99870801,0.99870801,VERIFIED_NEAR_DUPLICATE
refined_375eef1d86be9363e649,rec_6c1dde3950ac5127725b,2,2,0,Potato healthy,PLDD-UP,direct representative match: dHash<=4 + pHash + geometry + ORB/RANSAC,0,0,0,0,0.73224044,0.73224044,0.93097015,0.93097015,VERIFIED_NEAR_DUPLICATE
refined_2988311f963f0ab63804,rec_6c35cc65305012184ad2,2,2,0,Potato Early blight,PLDD-UP,direct representative match: dHash<=4 + pHash + geometry + ORB/RANSAC,0,0,2,2,0.63750000,0.63750000,0.89411765,0.89411765,VERIFIED_NEAR_DUPLICATE
refined_57b788fb2746d070cb24,rec_6c3b7840c9a4c3d1b07c,4,4,0,Potato healthy,PLDD-UP,direct representative match: dHash<=4 + pHash + geometry + ORB/RANSAC,0,0,0,0,0.77625000,0.94750000,0.83413849,0.99868074,VERIFIED_NEAR_DUPLICATE
refined_721ff97833e3cef0422d,rec_6c55e22bdf72ad306f77,2,2,0,Potato healthy,PLDD-UP,direct representative match: dHash<=4 + pHash + geometry + ORB/RANSAC,0,0,2,2,0.79539642,0.79539642,0.98553055,0.98553055,VERIFIED_NEAR_DUPLICATE
refined_bd3f1205d209c6e33051,rec_6c77649a384e5cceec74,3,3,0,Potato Late blight,PLDD-UP,direct representative match: dHash<=4 + pHash + geometry + ORB/RANSAC,1,2,2,4,0.40500000,0.47250000,0.76719577,0.83641975,VERIFIED_NEAR_DUPLICATE
refined_8e1cf697dab8433d5dbb,rec_6cbb7f7b7b945087c384,2,2,0,Potato healthy,PLDD-UP,direct representative match: dHash<=4 + pHash + geometry + ORB/RANSAC,0,0,0,0,0.95625000,0.95625000,0.99477124,0.99477124,VERIFIED_NEAR_DUPLICATE
refined_d6270372ef903fb7448c,rec_6cd7f36ab09a5754a610,2,2,0,Potato healthy,PLDD-UP,direct representative match: dHash<=4 + pHash + geometry + ORB/RANSAC,1,1,0,0,0.95375000,0.95375000,1.00000000,1.00000000,VERIFIED_NEAR_DUPLICATE
refined_0382a3d14aabe9b72db8,rec_6cdefa8ed73ccb3159e0,3,3,0,Potato Early blight,PLDD-UP,direct representative match: dHash<=4 + pHash + geometry + ORB/RANSAC,1,2,2,2,0.68162084,0.68587896,0.84925690,0.99369748,VERIFIED_NEAR_DUPLICATE
refined_e0f90217ca1e2d242d46,rec_6cf29c84c9d7fc17d2bd,2,2,0,Potato healthy,PLDD-UP,direct representative match: dHash<=4 + pHash + geometry + ORB/RANSAC,0,0,0,0,0.94875000,0.94875000,1.00000000,1.00000000,VERIFIED_NEAR_DUPLICATE
refined_7e0db56e665feddabfe7,rec_6cf39c36d2d426122431,2,2,0,Corn healthy,Seasonal Corn Leaf Disease Dataset,direct representative match: dHash<=4 + pHash + geometry + ORB/RANSAC,0,0,0,0,0.89832869,0.89832869,0.99689922,0.99689922,VERIFIED_NEAR_DUPLICATE
refined_7b8e7dc426a60174926b,rec_6cf599c2da58bb24f55a,2,2,0,Potato healthy,PLDD-UP,direct representative match: dHash<=4 + pHash + geometry + ORB/RANSAC,0,0,0,0,0.95500000,0.95500000,1.00000000,1.00000000,VERIFIED_NEAR_DUPLICATE
refined_c098061892270fc9daff,rec_6d14cb567e6ea907dbfe,2,2,0,Potato healthy,PLDD-UP,direct representative match: dHash<=4 + pHash + geometry + ORB/RANSAC,0,0,0,0,0.96250000,0.96250000,0.99870130,0.99870130,VERIFIED_NEAR_DUPLICATE
refined_ef1137948b8072a615cb,rec_6d39afff7f06c5ceadb7,2,2,0,Potato healthy,PLDD-UP,direct representative match: dHash<=4 + pHash + geometry + ORB/RANSAC,0,0,0,0,0.88741722,0.88741722,0.99850746,0.99850746,VERIFIED_NEAR_DUPLICATE
refined_a8aaba544d9e00303167,rec_6d3d4242393207830c03,2,2,0,Potato Early blight | Potato healthy,PLDD-UP,direct representative match: dHash<=4 + pHash + geometry + ORB/RANSAC,2,2,8,8,0.47000000,0.47000000,0.84308511,0.84308511,VERIFIED_LABEL_CONFLICT
refined_dfbdedee6297cae67ead,rec_6d62423ac5c4747d1dee,3,3,0,Potato healthy,PLDD-UP,direct representative match: dHash<=4 + pHash + geometry + ORB/RANSAC,2,4,2,2,0.73052363,0.74045802,0.95876289,0.95979021,VERIFIED_NEAR_DUPLICATE
refined_44d5cb4cd3c9bbd06ff9,rec_6da58f96841d09a863e7,2,2,0,Potato healthy,PLDD-UP,direct representative match: dHash<=4 + pHash + geometry + ORB/RANSAC,0,0,0,0,0.95875000,0.95875000,1.00000000,1.00000000,VERIFIED_NEAR_DUPLICATE
refined_76f979709be309b5190c,rec_6dbdd9851f484c4e70ca,2,2,0,Corn healthy,Seasonal Corn Leaf Disease Dataset,direct representative match: dHash<=4 + pHash + geometry + ORB/RANSAC,1,1,0,0,0.93823529,0.93823529,1.00000000,1.00000000,VERIFIED_NEAR_DUPLICATE
refined_49963e28ac9b3d2ab994,rec_6ddfa0fee62d8eb9d0eb,2,2,0,Potato healthy,PLDD-UP,direct representative match: dHash<=4 + pHash + geometry + ORB/RANSAC,4,4,4,4,0.63625000,0.63625000,0.90569745,0.90569745,VERIFIED_NEAR_DUPLICATE
refined_fa342a1e9dcd6ad49f86,rec_6de3db80ba0fb45a3257,2,2,0,Potato healthy,PLDD-UP,direct representative match: dHash<=4 + pHash + geometry + ORB/RANSAC,0,0,2,2,0.95750000,0.95750000,0.99869452,0.99869452,VERIFIED_NEAR_DUPLICATE
refined_7cebbe49b026f3ef231b,rec_6de6f5763ec97d5e9ae5,2,2,0,Corn Cercospora leaf spot,Seasonal Corn Leaf Disease Dataset,direct representative match: dHash<=4 + pHash + geometry + ORB/RANSAC,0,0,0,0,0.87804878,0.87804878,0.99691358,0.99691358,VERIFIED_NEAR_DUPLICATE
refined_073fceb7962639c36c63,rec_6def53b8839ac3fd2d0c,2,2,0,Corn healthy,Seasonal Corn Leaf Disease Dataset,direct representative match: dHash<=4 + pHash + geometry + ORB/RANSAC,0,0,0,0,0.90086207,0.90086207,0.99362041,0.99362041,VERIFIED_NEAR_DUPLICATE
refined_9d2445edbc464e1ce3ec,rec_6df523da7a344d9da7eb,2,2,0,Potato healthy,PLDD-UP,direct representative match: dHash<=4 + pHash + geometry + ORB/RANSAC,0,0,0,0,0.91875000,0.91875000,0.99863946,0.99863946,VERIFIED_NEAR_DUPLICATE
refined_be39d2fbfda7b2fdec1e,rec_6df73209bcaf002a67f9,2,2,0,Potato healthy,PLDD-UP,direct representative match: dHash<=4 + pHash + geometry + ORB/RANSAC,0,0,0,0,0.95231959,0.95231959,1.00000000,1.00000000,VERIFIED_NEAR_DUPLICATE
refined_7d8f90f0146b1c159704,rec_6e518858c28cc5dca447,2,2,0,Potato Late blight,PLDD-UP,direct representative match: dHash<=4 + pHash + geometry + ORB/RANSAC,0,0,4,4,0.62602965,0.62602965,0.98684211,0.98684211,VERIFIED_NEAR_DUPLICATE
refined_f8bbebf1a185264c7097,rec_6e5d6eee4e3887a5cf89,2,2,0,Potato Early blight,PLDD-UP,direct representative match: dHash<=4 + pHash + geometry + ORB/RANSAC,3,3,2,2,0.37875000,0.37875000,0.75577558,0.75577558,VERIFIED_NEAR_DUPLICATE
refined_d9f0bbc88a81278a1c3c,rec_6e607ae06daa1cfdf119,3,2,1,Potato Early blight | Potato Late blight | Tomato Late blight,PlantDoc,direct representative match: dHash<=4 + pHash + geometry + ORB/RANSAC,0,0,0,0,0.69000000,0.70000000,0.76086957,0.90714286,VERIFIED_BENCHMARK_LEAKAGE
refined_38aa8d8139e41313144d,rec_6e9927c7b41922902914,2,2,0,Corn healthy,Seasonal Corn Leaf Disease Dataset,direct representative match: dHash<=4 + pHash + geometry + ORB/RANSAC,1,1,0,0,0.88814913,0.88814913,0.99700150,0.99700150,VERIFIED_NEAR_DUPLICATE
refined_e1d664edaec08c26eca6,rec_6edfb16a96d87b312c0b,2,2,0,Potato healthy,PLDD-UP,direct representative match: dHash<=4 + pHash + geometry + ORB/RANSAC,0,0,0,0,0.96750000,0.96750000,1.00000000,1.00000000,VERIFIED_NEAR_DUPLICATE
refined_23a718d50399ba4d44fb,rec_6ee062c93c181932e479,2,2,0,Potato Early blight,PLDD-UP,direct representative match: dHash<=4 + pHash + geometry + ORB/RANSAC,0,0,0,0,0.33388158,0.33388158,0.94088670,0.94088670,VERIFIED_NEAR_DUPLICATE
refined_39a655d4921ca279ddcf,rec_6f1337b8f786f299e3b4,2,2,0,Potato healthy,PLDD-UP,direct representative match: dHash<=4 + pHash + geometry + ORB/RANSAC,0,0,0,0,0.96625000,0.96625000,1.00000000,1.00000000,VERIFIED_NEAR_DUPLICATE
refined_54308d2c641211aa16f7,rec_6f3acbf1940c42d694de,2,2,0,Potato Late blight,PLDD-UP,direct representative match: dHash<=4 + pHash + geometry + ORB/RANSAC,1,1,2,2,0.66250000,0.66250000,0.93962264,0.93962264,VERIFIED_NEAR_DUPLICATE
refined_1af253b42efd542bc6ee,rec_6f41733ffc34808205b6,2,2,0,Potato healthy,PLDD-UP,direct representative match: dHash<=4 + pHash + geometry + ORB/RANSAC,0,0,0,0,0.80625000,0.80625000,0.99534884,0.99534884,VERIFIED_NEAR_DUPLICATE
refined_e923bb76602ef77dba12,rec_6f49197c790c558137e4,2,2,0,Potato healthy,PLDD-UP,direct representative match: dHash<=4 + pHash + geometry + ORB/RANSAC,0,0,0,0,0.96073298,0.96073298,1.00000000,1.00000000,VERIFIED_NEAR_DUPLICATE
refined_a88a67a8bc2d2ea4c50a,rec_6f5d938b994991a8c0ec,3,3,0,Potato Early blight,PLDD-UP,direct representative match: dHash<=4 + pHash + geometry + ORB/RANSAC,1,1,2,4,0.67924528,0.68345324,0.98947368,0.99786325,VERIFIED_NEAR_DUPLICATE
refined_1fd46eab2207f72ab5bc,rec_6f614fb1e234c0be4071,2,2,0,Corn Cercospora leaf spot,Seasonal Corn Leaf Disease Dataset,direct representative match: dHash<=4 + pHash + geometry + ORB/RANSAC,0,0,0,0,0.94187583,0.94187583,1.00000000,1.00000000,VERIFIED_NEAR_DUPLICATE
refined_76d9dbcb1bf3742147a9,rec_6f6780f8689dc86536df,2,2,0,Potato healthy,PLDD-UP,direct representative match: dHash<=4 + pHash + geometry + ORB/RANSAC,1,1,0,0,0.81000000,0.81000000,0.99228395,0.99228395,VERIFIED_NEAR_DUPLICATE
refined_763614f85d4eca8876bf,rec_6f6af03f478e88ae0ad6,2,2,0,Potato healthy,PLDD-UP,direct representative match: dHash<=4 + pHash + geometry + ORB/RANSAC,0,0,0,0,0.99125000,0.99125000,1.00000000,1.00000000,VERIFIED_NEAR_DUPLICATE
refined_997420606e3f83426909,rec_6f6e1eee7a155038b665,2,2,0,Potato Late blight,PLDD-UP,direct representative match: dHash<=4 + pHash + geometry + ORB/RANSAC,1,1,0,0,0.86000000,0.86000000,0.99563953,0.99563953,VERIFIED_NEAR_DUPLICATE
refined_a29e8d7662add63f978d,rec_6f75b4b15233cfba5ac5,2,2,0,Potato Early blight,PLDD-UP,direct representative match: dHash<=4 + pHash + geometry + ORB/RANSAC,2,2,4,4,0.63250000,0.63250000,0.90513834,0.90513834,VERIFIED_NEAR_DUPLICATE
refined_ba3b94de229de9a9d694,rec_6f7add659466d1f24128,2,2,0,Corn healthy,Seasonal Corn Leaf Disease Dataset,direct representative match: dHash<=4 + pHash + geometry + ORB/RANSAC,0,0,0,0,0.93955322,0.93955322,1.00000000,1.00000000,VERIFIED_NEAR_DUPLICATE
refined_f8d73273c3757ec700ac,rec_6f7d51d1611e9a472f36,2,2,0,Corn Cercospora leaf spot,Seasonal Corn Leaf Disease Dataset,direct representative match: dHash<=4 + pHash + geometry + ORB/RANSAC,2,2,0,0,0.92635659,0.92635659,0.99721060,0.99721060,VERIFIED_NEAR_DUPLICATE
refined_08317857ebb45addd079,rec_6fa61f6b0503cd711732,2,2,0,Potato healthy,PLDD-UP,direct representative match: dHash<=4 + pHash + geometry + ORB/RANSAC,0,0,2,2,0.78625000,0.78625000,0.99046105,0.99046105,VERIFIED_NEAR_DUPLICATE
refined_871864046c7d32d7dfd0,rec_6fa841ee92f6f7ceecdd,3,3,0,Potato healthy,PLDD-UP,direct representative match: dHash<=4 + pHash + geometry + ORB/RANSAC,0,1,0,0,0.95375000,0.98875000,0.99868938,0.99873578,VERIFIED_NEAR_DUPLICATE
refined_cbb43c6f5d25417aae97,rec_6fab65f5e2b0bbf01805,2,2,0,Potato healthy,PLDD-UP,direct representative match: dHash<=4 + pHash + geometry + ORB/RANSAC,0,0,0,0,0.99625000,0.99625000,1.00000000,1.00000000,VERIFIED_NEAR_DUPLICATE
refined_9dc4fd4825b5190be36c,rec_6fc48a5956b24eadc9c1,2,2,0,Potato healthy,PLDD-UP,direct representative match: dHash<=4 + pHash + geometry + ORB/RANSAC,0,0,0,0,0.96500000,0.96500000,1.00000000,1.00000000,VERIFIED_NEAR_DUPLICATE
refined_85874d29748fb5f9058a,rec_6fe06bd051ddc18b1019,2,2,0,Potato healthy,PLDD-UP,direct representative match: dHash<=4 + pHash + geometry + ORB/RANSAC,0,0,0,0,0.93758300,0.93758300,1.00000000,1.00000000,VERIFIED_NEAR_DUPLICATE
refined_b42147c4243255b88cf2,rec_6fe3f14bc23fea30334b,2,2,0,Potato healthy,PLDD-UP,direct representative match: dHash<=4 + pHash + geometry + ORB/RANSAC,0,0,0,0,0.93250000,0.93250000,0.99597855,0.99597855,VERIFIED_NEAR_DUPLICATE
refined_e5d1d58ab3eff9a9b6e6,rec_7004a37429434b93d248,2,2,0,Potato healthy,PLDD-UP,direct representative match: dHash<=4 + pHash + geometry + ORB/RANSAC,0,0,0,0,0.76228420,0.76228420,0.99303136,0.99303136,VERIFIED_NEAR_DUPLICATE
refined_a8ab1ffedfe6b201e43e,rec_700f3c04f0d8a219a1b8,2,2,0,Potato healthy,PLDD-UP,direct representative match: dHash<=4 + pHash + geometry + ORB/RANSAC,0,0,0,0,0.95625000,0.95625000,0.99607843,0.99607843,VERIFIED_NEAR_DUPLICATE
refined_8ada249331f2d84c6eea,rec_70139b5454e89783a585,2,2,0,Potato healthy,PLDD-UP,direct representative match: dHash<=4 + pHash + geometry + ORB/RANSAC,0,0,0,0,0.95250000,0.95250000,1.00000000,1.00000000,VERIFIED_NEAR_DUPLICATE
refined_e3eae75beff3e2806240,rec_7024f2bdd7809b3ff115,2,2,0,Potato Late blight,PLDD-UP,direct representative match: dHash<=4 + pHash + geometry + ORB/RANSAC,4,4,4,4,0.50625000,0.50625000,0.78765432,0.78765432,VERIFIED_NEAR_DUPLICATE
refined_de87ec9dd1d4f0f332aa,rec_705fece8d321f7d5d597,2,2,0,Potato healthy,PLDD-UP,direct representative match: dHash<=4 + pHash + geometry + ORB/RANSAC,0,0,0,0,0.95625000,0.95625000,1.00000000,1.00000000,VERIFIED_NEAR_DUPLICATE
refined_1454311d3464ec285416,rec_7083ff270263cdba0977,2,2,0,Potato Late blight,PLDD-UP,direct representative match: dHash<=4 + pHash + geometry + ORB/RANSAC,2,2,4,4,0.68328841,0.68328841,0.77317554,0.77317554,VERIFIED_NEAR_DUPLICATE
refined_4d8eb148da686fe08939,rec_70868d80abd95d4a443b,2,2,0,Potato healthy,PLDD-UP,direct representative match: dHash<=4 + pHash + geometry + ORB/RANSAC,0,0,0,0,0.99750000,0.99750000,1.00000000,1.00000000,VERIFIED_NEAR_DUPLICATE
refined_cbeebaa678dfda531d7b,rec_70ade4f69891b91e8829,2,2,0,Corn healthy,Seasonal Corn Leaf Disease Dataset,direct representative match: dHash<=4 + pHash + geometry + ORB/RANSAC,1,1,0,0,0.91068581,0.91068581,0.99824869,0.99824869,VERIFIED_NEAR_DUPLICATE
refined_de05fc96fbcbb93b6d7d,rec_70bded66b1ddbdc67de6,2,2,0,Potato healthy,PLDD-UP,direct representative match: dHash<=4 + pHash + geometry + ORB/RANSAC,0,0,0,0,0.95500000,0.95500000,0.99869110,0.99869110,VERIFIED_NEAR_DUPLICATE
refined_fc16a832dd649e16b71d,rec_70c561d7cc853b68f1d5,2,2,0,Potato Early blight,PLDD-UP,direct representative match: dHash<=4 + pHash + geometry + ORB/RANSAC,3,3,0,0,0.67833333,0.67833333,0.91646192,0.91646192,VERIFIED_NEAR_DUPLICATE
refined_d2daa8d9362c084f1566,rec_70d689804fe507aa6f05,2,2,0,Corn healthy,Seasonal Corn Leaf Disease Dataset,direct representative match: dHash<=4 + pHash + geometry + ORB/RANSAC,1,1,0,0,0.92630058,0.92630058,1.00000000,1.00000000,VERIFIED_NEAR_DUPLICATE
refined_cf8c66ee190f7bd818e0,rec_70e6177099b555e793bd,2,2,0,Potato healthy,PLDD-UP,direct representative match: dHash<=4 + pHash + geometry + ORB/RANSAC,3,3,0,0,0.76486486,0.76486486,0.99293286,0.99293286,VERIFIED_NEAR_DUPLICATE
refined_c04140f11ea7e5715527,rec_713fc8f7aa156c749e6f,2,2,0,Potato Early blight,PLDD-UP,direct representative match: dHash<=4 + pHash + geometry + ORB/RANSAC,4,4,0,0,0.65500000,0.65500000,0.88740458,0.88740458,VERIFIED_NEAR_DUPLICATE
refined_e5356932915e371c618a,rec_71611e6eabdb06d07e62,2,2,0,Potato healthy,PLDD-UP,direct representative match: dHash<=4 + pHash + geometry + ORB/RANSAC,0,0,0,0,0.79000000,0.79000000,0.99367089,0.99367089,VERIFIED_NEAR_DUPLICATE
refined_6e6b40f7f81ea052b1a9,rec_7168f5372d8677be81ab,3,3,0,Potato Late blight,PLDD-UP,direct representative match: dHash<=4 + pHash + geometry + ORB/RANSAC,0,0,4,4,0.60940325,0.66360294,0.91689751,0.93768546,VERIFIED_NEAR_DUPLICATE
refined_f25389767d07ff6c0bd9,rec_71a821f4a3ebeef3b67b,2,2,0,Potato healthy,PLDD-UP,direct representative match: dHash<=4 + pHash + geometry + ORB/RANSAC,0,0,0,0,0.94500000,0.94500000,1.00000000,1.00000000,VERIFIED_NEAR_DUPLICATE
refined_c3e8527b2f57c4361999,rec_71afc2b652889699b4a9,3,3,0,Potato Early blight,PLDD-UP,direct representative match: dHash<=4 + pHash + geometry + ORB/RANSAC,2,4,2,4,0.56125000,0.62250000,0.69879518,0.87973274,VERIFIED_NEAR_DUPLICATE
refined_d6f432d35f8946c66717,rec_721dea2094e09b9a4a4e,2,2,0,Potato healthy,PLDD-UP,direct representative match: dHash<=4 + pHash + geometry + ORB/RANSAC,0,0,0,0,0.99500000,0.99500000,1.00000000,1.00000000,VERIFIED_NEAR_DUPLICATE
refined_bd8859c41d10146bb251,rec_725161fd11fe4bbaed9f,2,2,0,Potato healthy,PLDD-UP,direct representative match: dHash<=4 + pHash + geometry + ORB/RANSAC,0,0,0,0,0.95328283,0.95328283,0.99867550,0.99867550,VERIFIED_NEAR_DUPLICATE
refined_53d881e19af3959cffb1,rec_72a49dc54751da92ba0c,2,2,0,Potato Late blight,PLDD-UP,direct representative match: dHash<=4 + pHash + geometry + ORB/RANSAC,0,0,2,2,0.72486034,0.72486034,0.98073218,0.98073218,VERIFIED_NEAR_DUPLICATE
refined_769e292f5288c8aaed06,rec_72b8fc9230414cc908b3,2,2,0,Corn healthy,Seasonal Corn Leaf Disease Dataset,direct representative match: dHash<=4 + pHash + geometry + ORB/RANSAC,0,0,0,0,0.91248207,0.91248207,1.00000000,1.00000000,VERIFIED_NEAR_DUPLICATE
refined_111824018dc35f6b42c5,rec_72c3ac49c2051ce1b6c3,2,2,0,Corn healthy,Seasonal Corn Leaf Disease Dataset,direct representative match: dHash<=4 + pHash + geometry + ORB/RANSAC,0,0,0,0,0.92137931,0.92137931,0.99550898,0.99550898,VERIFIED_NEAR_DUPLICATE
refined_83e94573ab9c0c205fdb,rec_72ceeee29cf76ab5c9fb,2,2,0,Corn healthy,Seasonal Corn Leaf Disease Dataset,direct representative match: dHash<=4 + pHash + geometry + ORB/RANSAC,1,1,0,0,0.93966624,0.93966624,0.99726776,0.99726776,VERIFIED_NEAR_DUPLICATE
refined_e91c57515b494f57b9ea,rec_72d3898a4e8094a7e46c,2,2,0,Potato healthy,PLDD-UP,direct representative match: dHash<=4 + pHash + geometry + ORB/RANSAC,0,0,0,0,0.95000000,0.95000000,0.99605263,0.99605263,VERIFIED_NEAR_DUPLICATE
refined_ff22c341684591fc7db9,rec_72d7c8728d5f52564fa6,2,2,0,Potato healthy,PLDD-UP,direct representative match: dHash<=4 + pHash + geometry + ORB/RANSAC,0,0,0,0,0.95263158,0.95263158,1.00000000,1.00000000,VERIFIED_NEAR_DUPLICATE
refined_f7c3cb4b270a79887f28,rec_72ebe3e49fe65ba3d5d1,2,2,0,Potato Early blight,PLDD-UP,direct representative match: dHash<=4 + pHash + geometry + ORB/RANSAC,0,0,4,4,0.59566327,0.59566327,0.96145610,0.96145610,VERIFIED_NEAR_DUPLICATE
refined_994cf44fa78090ea1436,rec_72f7b1f6262d6391d318,2,2,0,Potato Early blight,PLDD-UP,direct representative match: dHash<=4 + pHash + geometry + ORB/RANSAC,3,3,2,2,0.69000000,0.69000000,0.97101449,0.97101449,VERIFIED_NEAR_DUPLICATE
refined_ec67c3bfdf3533658271,rec_7314b64395b4dc63f7df,2,2,0,Corn healthy,Seasonal Corn Leaf Disease Dataset,direct representative match: dHash<=4 + pHash + geometry + ORB/RANSAC,0,0,0,0,0.90833333,0.90833333,0.99541284,0.99541284,VERIFIED_NEAR_DUPLICATE
refined_71843c30e5abbf7b3265,rec_731e984d5c0a5be1feab,2,2,0,Potato healthy,PLDD-UP,direct representative match: dHash<=4 + pHash + geometry + ORB/RANSAC,0,0,0,0,0.92695214,0.92695214,0.99320652,0.99320652,VERIFIED_NEAR_DUPLICATE
refined_dbd52691df62dc1b69e1,rec_732cdaca531094fba065,2,2,0,Potato Early blight,PLDD-UP,direct representative match: dHash<=4 + pHash + geometry + ORB/RANSAC,0,0,2,2,0.65600000,0.65600000,0.98475610,0.98475610,VERIFIED_NEAR_DUPLICATE
refined_6fcd0cdbcd9d594f7fb3,rec_7330ffe1f11b8a1b130f,2,2,0,Potato Early blight,PLDD-UP,direct representative match: dHash<=4 + pHash + geometry + ORB/RANSAC,2,2,4,4,0.59625000,0.59625000,0.90775681,0.90775681,VERIFIED_NEAR_DUPLICATE
refined_d344ead4b9ce4458f683,rec_733e27dd2e8785c4335f,2,2,0,Potato healthy,PLDD-UP,direct representative match: dHash<=4 + pHash + geometry + ORB/RANSAC,0,0,0,0,0.96250000,0.96250000,1.00000000,1.00000000,VERIFIED_NEAR_DUPLICATE
refined_dfcc8c07bf2fda96ef52,rec_73451680f7d68e47ed2c,2,2,0,Corn healthy,Seasonal Corn Leaf Disease Dataset,direct representative match: dHash<=4 + pHash + geometry + ORB/RANSAC,0,0,2,2,0.92647059,0.92647059,1.00000000,1.00000000,VERIFIED_NEAR_DUPLICATE
refined_46a98dede32da15567fe,rec_7351e71fe28fe8d6ffcf,2,2,0,Potato healthy,PLDD-UP,direct representative match: dHash<=4 + pHash + geometry + ORB/RANSAC,0,0,0,0,0.95250000,0.95250000,1.00000000,1.00000000,VERIFIED_NEAR_DUPLICATE
refined_df35616dead20ede1f97,rec_73aac0a46bba19ab542f,2,2,0,Corn healthy,Seasonal Corn Leaf Disease Dataset,direct representative match: dHash<=4 + pHash + geometry + ORB/RANSAC,1,1,0,0,0.94255875,0.94255875,0.99722992,0.99722992,VERIFIED_NEAR_DUPLICATE
refined_b9edf8287435e621a07c,rec_73e77803aea1d4992914,2,2,0,Potato healthy,PLDD-UP,direct representative match: dHash<=4 + pHash + geometry + ORB/RANSAC,0,0,0,0,0.95959596,0.95959596,0.99605263,0.99605263,VERIFIED_NEAR_DUPLICATE
refined_5487caf946c200285743,rec_73e88838674b9c984f65,2,2,0,Potato healthy,PLDD-UP,direct representative match: dHash<=4 + pHash + geometry + ORB/RANSAC,0,0,0,0,0.96625000,0.96625000,0.99870634,0.99870634,VERIFIED_NEAR_DUPLICATE
refined_cae241a4b4233080320e,rec_74167f6ad34c23947f67,2,2,0,Potato healthy,PLDD-UP,direct representative match: dHash<=4 + pHash + geometry + ORB/RANSAC,0,0,0,0,0.95817490,0.95817490,1.00000000,1.00000000,VERIFIED_NEAR_DUPLICATE
refined_4f1718470945c25ba35e,rec_7425f1f369ea0efbb102,2,2,0,Corn healthy,Seasonal Corn Leaf Disease Dataset,direct representative match: dHash<=4 + pHash + geometry + ORB/RANSAC,0,0,0,0,0.93255512,0.93255512,0.99860918,0.99860918,VERIFIED_NEAR_DUPLICATE
refined_d21ec8714b3318a06cb7,rec_742cf01c69fda76241a3,2,2,0,Corn healthy,Seasonal Corn Leaf Disease Dataset,direct representative match: dHash<=4 + pHash + geometry + ORB/RANSAC,0,0,2,2,0.91559371,0.91559371,0.99687500,0.99687500,VERIFIED_NEAR_DUPLICATE
refined_cb9ca588e60e6e5b36f8,rec_74514b44ab2c8e91c00e,2,2,0,Potato healthy,PLDD-UP,direct representative match: dHash<=4 + pHash + geometry + ORB/RANSAC,0,0,0,0,0.96000000,0.96000000,0.99869792,0.99869792,VERIFIED_NEAR_DUPLICATE
refined_c1ceceef158cd742f7cb,rec_74516b615ef503398273,2,2,0,Potato healthy,PLDD-UP,direct representative match: dHash<=4 + pHash + geometry + ORB/RANSAC,0,0,2,2,0.73929961,0.73929961,0.97017544,0.97017544,VERIFIED_NEAR_DUPLICATE
refined_579d8ff422dfead602d5,rec_74705650699e0e734a03,2,2,0,Potato Late blight,PLDD-UP,direct representative match: dHash<=4 + pHash + geometry + ORB/RANSAC,3,3,4,4,0.59386973,0.59386973,0.93978495,0.93978495,VERIFIED_NEAR_DUPLICATE
refined_17624e1b473d316c15ae,rec_74757b64cc74315ec7ea,2,2,0,Tomato Septoria leaf spot,PlantDoc,direct representative match: dHash<=4 + pHash + geometry + ORB/RANSAC,0,0,2,2,0.52250000,0.52250000,0.94497608,0.94497608,VERIFIED_NEAR_DUPLICATE
refined_8968a0de282dbcdbc1d9,rec_747e9de7d3b76ef16e89,2,2,0,Corn healthy,Seasonal Corn Leaf Disease Dataset,direct representative match: dHash<=4 + pHash + geometry + ORB/RANSAC,0,0,0,0,0.91655451,0.91655451,1.00000000,1.00000000,VERIFIED_NEAR_DUPLICATE
refined_87144cad5c63e82371f2,rec_7484bb07b70440e01007,2,2,0,Potato healthy,PLDD-UP,direct representative match: dHash<=4 + pHash + geometry + ORB/RANSAC,0,0,0,0,0.99875000,0.99875000,1.00000000,1.00000000,VERIFIED_NEAR_DUPLICATE
refined_5cfc6139e6d64f22ef40,rec_7488b70d4eca6a9b4723,2,2,0,Potato healthy,PLDD-UP,direct representative match: dHash<=4 + pHash + geometry + ORB/RANSAC,0,0,0,0,0.92500000,0.92500000,0.99864865,0.99864865,VERIFIED_NEAR_DUPLICATE
refined_d7827dd7fbfae2795517,rec_74919bfe006268476a0b,2,2,0,Corn Cercospora leaf spot,Seasonal Corn Leaf Disease Dataset,direct representative match: dHash<=4 + pHash + geometry + ORB/RANSAC,2,2,0,0,0.98477157,0.98477157,0.99742268,0.99742268,VERIFIED_NEAR_DUPLICATE
refined_27922e83004bc924296d,rec_7495ef4f059f67643221,2,2,0,Potato healthy,PLDD-UP,direct representative match: dHash<=4 + pHash + geometry + ORB/RANSAC,0,0,0,0,0.99625000,0.99625000,1.00000000,1.00000000,VERIFIED_NEAR_DUPLICATE
refined_7bbe7f7ed3c348db1024,rec_749aa35a908ef87b49f4,2,2,0,Corn healthy,Seasonal Corn Leaf Disease Dataset,direct representative match: dHash<=4 + pHash + geometry + ORB/RANSAC,1,1,0,0,0.92239186,0.92239186,0.99862069,0.99862069,VERIFIED_NEAR_DUPLICATE
refined_fa6e16676449ec59b4fe,rec_74be3c2bbfeb5d502ca8,2,2,0,Potato healthy,PLDD-UP,direct representative match: dHash<=4 + pHash + geometry + ORB/RANSAC,1,1,0,0,0.82003711,0.82003711,0.99547511,0.99547511,VERIFIED_NEAR_DUPLICATE
refined_72401a98a4b003d3835c,rec_74d191e6d8a7adf73f2c,2,2,0,Potato healthy,PLDD-UP,direct representative match: dHash<=4 + pHash + geometry + ORB/RANSAC,1,1,0,0,0.82625000,0.82625000,0.99546142,0.99546142,VERIFIED_NEAR_DUPLICATE
refined_7ac62f95b6e892a442fc,rec_7501d6302fe1f2a114fe,2,2,0,Potato healthy,PLDD-UP,direct representative match: dHash<=4 + pHash + geometry + ORB/RANSAC,0,0,0,0,0.79862069,0.79862069,0.99481865,0.99481865,VERIFIED_NEAR_DUPLICATE
refined_b7475fa628ca87530d2c,rec_75283ff4c00cc1dd7845,2,2,0,Corn healthy,Seasonal Corn Leaf Disease Dataset,direct representative match: dHash<=4 + pHash + geometry + ORB/RANSAC,0,0,0,0,0.91862069,0.91862069,0.99849850,0.99849850,VERIFIED_NEAR_DUPLICATE
refined_165b3668bc542d5d196a,rec_756833b2ccce9611ab01,2,2,0,Potato Late blight,PLDD-UP,direct representative match: dHash<=4 + pHash + geometry + ORB/RANSAC,2,2,0,0,0.70959596,0.70959596,0.88078292,0.88078292,VERIFIED_NEAR_DUPLICATE
refined_bac9def418e60ae53137,rec_756a7aa84b3eb92f183c,2,2,0,Corn healthy,Seasonal Corn Leaf Disease Dataset,direct representative match: dHash<=4 + pHash + geometry + ORB/RANSAC,2,2,2,2,0.95200000,0.95200000,0.99719888,0.99719888,VERIFIED_NEAR_DUPLICATE
refined_1428f39d230213e32f39,rec_759429cb961788d03daa,2,2,0,Potato healthy,PLDD-UP,direct representative match: dHash<=4 + pHash + geometry + ORB/RANSAC,0,0,0,0,0.99500000,0.99500000,1.00000000,1.00000000,VERIFIED_NEAR_DUPLICATE
refined_c683b01873e1123301ba,rec_75a34173ab0377280bea,2,2,0,Potato healthy,PLDD-UP,direct representative match: dHash<=4 + pHash + geometry + ORB/RANSAC,0,0,0,0,0.79636835,0.79636835,0.99022801,0.99022801,VERIFIED_NEAR_DUPLICATE
refined_87371bc7f5864b436f7b,rec_75ac0f9f4072de27241d,2,2,0,Potato Early blight,PLDD-UP,direct representative match: dHash<=4 + pHash + geometry + ORB/RANSAC,2,2,4,4,0.53125000,0.53125000,0.91529412,0.91529412,VERIFIED_NEAR_DUPLICATE
refined_19f93b7c13efe29bf05a,rec_75b027b9787b118d26a0,2,2,0,Corn healthy,Seasonal Corn Leaf Disease Dataset,direct representative match: dHash<=4 + pHash + geometry + ORB/RANSAC,0,0,0,0,0.95225102,0.95225102,0.99713467,0.99713467,VERIFIED_NEAR_DUPLICATE
refined_ad74c43a819add66747c,rec_75bd77ec29a5a3c5c954,2,2,0,Potato healthy,PLDD-UP,direct representative match: dHash<=4 + pHash + geometry + ORB/RANSAC,0,0,0,0,0.96520619,0.96520619,0.99599466,0.99599466,VERIFIED_NEAR_DUPLICATE
refined_8442e89191e21d84fcf6,rec_75d2aef00d72ecb8bd15,2,2,0,Potato healthy,PLDD-UP,direct representative match: dHash<=4 + pHash + geometry + ORB/RANSAC,0,0,2,2,0.95894040,0.95894040,0.99723757,0.99723757,VERIFIED_NEAR_DUPLICATE
refined_8024c5a69ef81d3f6e40,rec_760058667cee3b5d8416,2,2,0,Potato healthy,PLDD-UP,direct representative match: dHash<=4 + pHash + geometry + ORB/RANSAC,0,0,0,0,0.93875000,0.93875000,1.00000000,1.00000000,VERIFIED_NEAR_DUPLICATE
refined_c4ba50d800e2d6ff21bb,rec_76012db50b34b720899c,2,2,0,Potato healthy,PLDD-UP,direct representative match: dHash<=4 + pHash + geometry + ORB/RANSAC,0,0,0,0,0.80375000,0.80375000,0.98911353,0.98911353,VERIFIED_NEAR_DUPLICATE
refined_299539238841d6d4cb0f,rec_760b8eed42789847ef85,2,2,0,Potato Early blight,PLDD-UP,direct representative match: dHash<=4 + pHash + geometry + ORB/RANSAC,1,1,2,2,0.60500000,0.60500000,0.85537190,0.85537190,VERIFIED_NEAR_DUPLICATE
refined_1bc606cd99c85d4a24c6,rec_762da3f1f5f0f354dc6f,2,2,0,Potato healthy,PLDD-UP,direct representative match: dHash<=4 + pHash + geometry + ORB/RANSAC,0,0,0,0,0.99465955,0.99465955,1.00000000,1.00000000,VERIFIED_NEAR_DUPLICATE
refined_de6ad84520155a23d877,rec_76650a965a1b66f6ba13,2,2,0,Potato Early blight,PLDD-UP,direct representative match: dHash<=4 + pHash + geometry + ORB/RANSAC,1,1,2,2,0.47522236,0.47522236,0.85828877,0.85828877,VERIFIED_NEAR_DUPLICATE
refined_1c7b081a75507b6cda33,rec_766631afd8fa19df9075,2,2,0,Potato healthy,PLDD-UP,direct representative match: dHash<=4 + pHash + geometry + ORB/RANSAC,0,0,0,0,0.96803069,0.96803069,1.00000000,1.00000000,VERIFIED_NEAR_DUPLICATE
refined_99b16c67716f81ee36c6,rec_766a56c5f4f4791279b6,3,3,0,Potato Early blight | Potato Late blight,PLDD-UP,direct representative match: dHash<=4 + pHash + geometry + ORB/RANSAC,0,2,4,12,0.54861111,0.59315589,0.92948718,0.98734177,VERIFIED_LABEL_CONFLICT
refined_b4e88bb4a01ea01297bb,rec_7689534d562d3381aa2f,2,2,0,Corn healthy,Seasonal Corn Leaf Disease Dataset,direct representative match: dHash<=4 + pHash + geometry + ORB/RANSAC,2,2,0,0,0.93116883,0.93116883,0.99581590,0.99581590,VERIFIED_NEAR_DUPLICATE
refined_59fd7517bef910559ceb,rec_76ad8e4e3b0d407c7b52,2,2,0,Potato Early blight,PLDD-UP,direct representative match: dHash<=4 + pHash + geometry + ORB/RANSAC,0,0,2,2,0.52000000,0.52000000,0.83894231,0.83894231,VERIFIED_NEAR_DUPLICATE
refined_e3f949939fe2b68edece,rec_76b73c40d2be2da84131,2,2,0,Potato Early blight,PLDD-UP,direct representative match: dHash<=4 + pHash + geometry + ORB/RANSAC,0,0,2,2,0.62781955,0.62781955,0.87425150,0.87425150,VERIFIED_NEAR_DUPLICATE
refined_cbee9ee086be94d08d0b,rec_76d59a3046f05781fcf2,2,2,0,Potato healthy,PLDD-UP,direct representative match: dHash<=4 + pHash + geometry + ORB/RANSAC,0,0,0,0,0.95875000,0.95875000,0.99739244,0.99739244,VERIFIED_NEAR_DUPLICATE
refined_e47277ad2274cb703d0c,rec_76ef23c037213c712a7b,2,2,0,Potato healthy,PLDD-UP,direct representative match: dHash<=4 + pHash + geometry + ORB/RANSAC,0,0,0,0,0.95441989,0.95441989,1.00000000,1.00000000,VERIFIED_NEAR_DUPLICATE
refined_be433d81f57100a11d12,rec_7700df79d8a63eeecf49,2,2,0,Potato healthy,PLDD-UP,direct representative match: dHash<=4 + pHash + geometry + ORB/RANSAC,0,0,0,0,0.99750000,0.99750000,1.00000000,1.00000000,VERIFIED_NEAR_DUPLICATE
refined_03f2ff998b66d5ac9150,rec_7719f62afd6185b9538a,2,2,0,Corn healthy,Seasonal Corn Leaf Disease Dataset,direct representative match: dHash<=4 + pHash + geometry + ORB/RANSAC,2,2,0,0,0.90981432,0.90981432,0.99708455,0.99708455,VERIFIED_NEAR_DUPLICATE
refined_c13ab62ab3036d5d4214,rec_77262f247f2bb4d14205,2,2,0,Potato healthy,PLDD-UP,direct representative match: dHash<=4 + pHash + geometry + ORB/RANSAC,1,1,0,0,0.72875000,0.72875000,0.96740995,0.96740995,VERIFIED_NEAR_DUPLICATE
refined_143b4509b7383c9b274b,rec_77348bb0714d5e20ac9f,2,2,0,Potato healthy,PLDD-UP,direct representative match: dHash<=4 + pHash + geometry + ORB/RANSAC,0,0,0,0,0.96083916,0.96083916,1.00000000,1.00000000,VERIFIED_NEAR_DUPLICATE
refined_9c505e7780ce5ad3d36e,rec_777fd86fcac26e869b2f,2,2,0,Potato healthy,PLDD-UP,direct representative match: dHash<=4 + pHash + geometry + ORB/RANSAC,0,0,0,0,0.82500000,0.82500000,0.99696970,0.99696970,VERIFIED_NEAR_DUPLICATE
refined_feb742f445434e88ee53,rec_77853551cf90506e2177,2,2,0,Potato healthy,PLDD-UP,direct representative match: dHash<=4 + pHash + geometry + ORB/RANSAC,0,0,0,0,0.88649425,0.88649425,0.99351702,0.99351702,VERIFIED_NEAR_DUPLICATE
refined_2e9bc5ec5ffbd6189523,rec_779c0a9b087888dc0d97,2,2,0,Potato Late blight,PLDD-UP,direct representative match: dHash<=4 + pHash + geometry + ORB/RANSAC,2,2,4,4,0.70351759,0.70351759,0.81964286,0.81964286,VERIFIED_NEAR_DUPLICATE
refined_9154f6c0691a29105abc,rec_77a33349c3af577323dc,2,2,0,Potato healthy,PLDD-UP,direct representative match: dHash<=4 + pHash + geometry + ORB/RANSAC,1,1,2,2,0.75000000,0.75000000,0.98833333,0.98833333,VERIFIED_NEAR_DUPLICATE
refined_47bf8fb1cb56ff5d45fc,rec_77bb277790cbaa7d87ae,2,2,0,Corn healthy,Seasonal Corn Leaf Disease Dataset,direct representative match: dHash<=4 + pHash + geometry + ORB/RANSAC,2,2,0,0,0.90175953,0.90175953,0.99837398,0.99837398,VERIFIED_NEAR_DUPLICATE
refined_13ffbe91d4b65ad1979e,rec_77d07d0bb2287492795c,2,2,0,Potato Early blight,PLDD-UP,direct representative match: dHash<=4 + pHash + geometry + ORB/RANSAC,1,1,2,2,0.65909091,0.65909091,0.96934866,0.96934866,VERIFIED_NEAR_DUPLICATE
refined_2d8b98af477f6b3e4275,rec_77dba6a810325fe229ee,2,2,0,Potato healthy,PLDD-UP,direct representative match: dHash<=4 + pHash + geometry + ORB/RANSAC,0,0,0,0,0.73625000,0.73625000,0.98302207,0.98302207,VERIFIED_NEAR_DUPLICATE
refined_6da64fbb6a3edeb3f274,rec_77e874a71d33140915fa,3,3,0,Potato healthy,PLDD-UP,direct representative match: dHash<=4 + pHash + geometry + ORB/RANSAC,0,0,0,0,0.96625000,0.97000000,0.99870634,0.99871134,VERIFIED_NEAR_DUPLICATE
refined_3e49106ff437917ea0eb,rec_77ee0807785d1de933cc,2,2,0,Potato healthy,PLDD-UP,direct representative match: dHash<=4 + pHash + geometry + ORB/RANSAC,0,0,0,0,0.99375000,0.99375000,1.00000000,1.00000000,VERIFIED_NEAR_DUPLICATE
refined_e1613db6f4dac72e2c89,rec_77f65ae86b2bef5b566f,2,2,0,Potato Early blight,PLDD-UP,direct representative match: dHash<=4 + pHash + geometry + ORB/RANSAC,2,2,2,2,0.68250000,0.68250000,0.95970696,0.95970696,VERIFIED_NEAR_DUPLICATE
refined_9c668e2769d3c0d2b1ea,rec_7802e227c66059b3357e,2,2,0,Potato Early blight | Potato Late blight,PLDD-UP,direct representative match: dHash<=4 + pHash + geometry + ORB/RANSAC,2,2,12,12,0.60820896,0.60820896,0.91411043,0.91411043,VERIFIED_LABEL_CONFLICT
refined_60e367e61e3e46aa2f18,rec_783669ec72494d467994,2,2,0,Potato healthy,PLDD-UP,direct representative match: dHash<=4 + pHash + geometry + ORB/RANSAC,0,0,0,0,0.95530726,0.95530726,1.00000000,1.00000000,VERIFIED_NEAR_DUPLICATE
refined_b4843e47087481b32577,rec_7874be43bb5f50c73880,2,2,0,Potato Late blight,PLDD-UP,direct representative match: dHash<=4 + pHash + geometry + ORB/RANSAC,0,0,4,4,0.67172414,0.67172414,0.98973306,0.98973306,VERIFIED_NEAR_DUPLICATE
refined_95b17f4c8b997b87aeb2,rec_78a9e6bee09c80f940cd,2,2,0,Potato healthy,PLDD-UP,direct representative match: dHash<=4 + pHash + geometry + ORB/RANSAC,0,0,0,0,0.94750000,0.94750000,1.00000000,1.00000000,VERIFIED_NEAR_DUPLICATE
refined_84330ce29217e0611909,rec_78ba6344b39acad8a789,3,3,0,Potato Late blight,PLDD-UP,direct representative match: dHash<=4 + pHash + geometry + ORB/RANSAC,1,1,4,4,0.70125000,0.71625000,0.95636998,0.96256684,VERIFIED_NEAR_DUPLICATE
refined_acac88ca7786ea87c025,rec_78c9ce54cf60e50826d4,2,2,0,Corn Cercospora leaf spot,Seasonal Corn Leaf Disease Dataset,direct representative match: dHash<=4 + pHash + geometry + ORB/RANSAC,0,0,0,0,0.91655629,0.91655629,0.99566474,0.99566474,VERIFIED_NEAR_DUPLICATE
refined_ba300d4d92c63f4067cb,rec_791247eb23ad20ecdbe5,2,2,0,Corn healthy,Seasonal Corn Leaf Disease Dataset,direct representative match: dHash<=4 + pHash + geometry + ORB/RANSAC,0,0,0,0,0.91155492,0.91155492,0.99843505,0.99843505,VERIFIED_NEAR_DUPLICATE
refined_42237b0d4bd1e72716a8,rec_797baf2c2513cdf0f35f,2,2,0,Potato healthy,PLDD-UP,direct representative match: dHash<=4 + pHash + geometry + ORB/RANSAC,0,0,2,2,0.78791946,0.78791946,0.98807496,0.98807496,VERIFIED_NEAR_DUPLICATE
refined_08a0b6040248baebc2be,rec_797da10dee669f4f0b65,2,2,0,Corn healthy,Seasonal Corn Leaf Disease Dataset,direct representative match: dHash<=4 + pHash + geometry + ORB/RANSAC,1,1,0,0,0.91132333,0.91132333,0.99700599,0.99700599,VERIFIED_NEAR_DUPLICATE
refined_4e53c45d39d37da7601a,rec_79be61c09a9d9b0f95db,2,2,0,Corn healthy,Seasonal Corn Leaf Disease Dataset,direct representative match: dHash<=4 + pHash + geometry + ORB/RANSAC,0,0,0,0,0.89352518,0.89352518,0.99838969,0.99838969,VERIFIED_NEAR_DUPLICATE
refined_94b190d241c6e7a552c0,rec_79be86d51913c66e257c,2,2,0,Potato Early blight,PLDD-UP,direct representative match: dHash<=4 + pHash + geometry + ORB/RANSAC,0,0,2,2,0.59018568,0.59018568,0.86516854,0.86516854,VERIFIED_NEAR_DUPLICATE
refined_c874da456d5cb92e00a6,rec_79bfd0ff5ed9a866e8b1,3,3,0,Potato Early blight | Potato healthy,PLDD-UP,direct representative match: dHash<=4 + pHash + geometry + ORB/RANSAC,0,1,2,4,0.47036570,0.80580076,0.66756032,0.99530516,VERIFIED_LABEL_CONFLICT
refined_c0e4625749dfcd183700,rec_79cd6b06478e9f2c8b42,3,3,0,Potato Late blight,PLDD-UP,direct representative match: dHash<=4 + pHash + geometry + ORB/RANSAC,0,0,0,2,0.56538462,0.58076923,0.94039735,0.98639456,VERIFIED_NEAR_DUPLICATE
refined_6b9060f693afc2908882,rec_7a0c8504c397bd5dd231,2,2,0,Potato Early blight,PLDD-UP,direct representative match: dHash<=4 + pHash + geometry + ORB/RANSAC,0,0,2,2,0.69000000,0.69000000,0.99456522,0.99456522,VERIFIED_NEAR_DUPLICATE
refined_17b0e774aff82aa91b71,rec_7a4f2f4c39780f4507f6,2,2,0,Potato healthy,PLDD-UP,direct representative match: dHash<=4 + pHash + geometry + ORB/RANSAC,0,0,0,0,0.99875000,0.99875000,1.00000000,1.00000000,VERIFIED_NEAR_DUPLICATE
refined_d9a1362ae9babc5a0361,rec_7a514e083f71b61f0d4a,2,2,0,Potato healthy,PLDD-UP,direct representative match: dHash<=4 + pHash + geometry + ORB/RANSAC,0,0,0,0,0.95125000,0.95125000,1.00000000,1.00000000,VERIFIED_NEAR_DUPLICATE
refined_8c2a4374ac737c9e65ae,rec_7a5ceeeddc9069551cea,2,2,0,Potato Early blight | Potato Late blight,PLDD-UP,direct representative match: dHash<=4 + pHash + geometry + ORB/RANSAC,4,4,6,6,0.45500000,0.45500000,0.86538462,0.86538462,VERIFIED_LABEL_CONFLICT
refined_f4b4ec16ab4608b72746,rec_7a5f13a55badbf499686,2,2,0,Potato Early blight | Potato Late blight,PLDD-UP,direct representative match: dHash<=4 + pHash + geometry + ORB/RANSAC,4,4,8,8,0.33250000,0.33250000,0.77067669,0.77067669,VERIFIED_LABEL_CONFLICT
refined_7e5a2ebff4466e404635,rec_7a76102fe0ba807377a7,2,2,0,Potato healthy,PLDD-UP,direct representative match: dHash<=4 + pHash + geometry + ORB/RANSAC,0,0,0,0,0.93125000,0.93125000,0.99597315,0.99597315,VERIFIED_NEAR_DUPLICATE
refined_3b4eb2e9d0b8ac55ba81,rec_7a766ba1a5ce77dd6515,3,3,0,Potato Late blight,PLDD-UP,direct representative match: dHash<=4 + pHash + geometry + ORB/RANSAC,1,2,2,2,0.66500000,0.73750000,0.79887218,0.92203390,VERIFIED_NEAR_DUPLICATE
refined_4a6225427b21211d476c,rec_7a873c1964b27f57a3bd,2,2,0,Potato healthy,PLDD-UP,direct representative match: dHash<=4 + pHash + geometry + ORB/RANSAC,0,0,0,0,0.94625000,0.94625000,0.99867900,0.99867900,VERIFIED_NEAR_DUPLICATE
refined_afc75f7243740b8b8506,rec_7a892edd4e832be4799d,2,2,0,Potato Late blight,PLDD-UP,direct representative match: dHash<=4 + pHash + geometry + ORB/RANSAC,0,0,4,4,0.59786477,0.59786477,0.87500000,0.87500000,VERIFIED_NEAR_DUPLICATE
refined_784c9a7236a93c56d258,rec_7a91f9e3cf85159c5ee1,2,2,0,Corn healthy,Seasonal Corn Leaf Disease Dataset,direct representative match: dHash<=4 + pHash + geometry + ORB/RANSAC,0,0,0,0,0.86293436,0.86293436,0.98657718,0.98657718,VERIFIED_NEAR_DUPLICATE
refined_fd47c95ccc4cbf3129e7,rec_7ab3979eced8acefa611,2,2,0,Potato healthy,PLDD-UP,direct representative match: dHash<=4 + pHash + geometry + ORB/RANSAC,0,0,0,0,0.95375000,0.95375000,0.99737877,0.99737877,VERIFIED_NEAR_DUPLICATE
refined_43f7e01db87058c654a8,rec_7ab89a63879777d2ba91,2,2,0,Potato Early blight,PLDD-UP,direct representative match: dHash<=4 + pHash + geometry + ORB/RANSAC,3,3,4,4,0.54000000,0.54000000,0.88194444,0.88194444,VERIFIED_NEAR_DUPLICATE
refined_ac6c66268e12ac67aec6,rec_7ac03f397411ea15addc,2,2,0,Potato Early blight | Tomato Early blight,PlantDoc,direct representative match: dHash<=4 + pHash + geometry + ORB/RANSAC,0,0,0,0,1.00000000,1.00000000,1.00000000,1.00000000,VERIFIED_LABEL_CONFLICT
refined_30c5fa5530966b1411ab,rec_7add70550a11330dddba,2,2,0,Potato healthy,PLDD-UP,direct representative match: dHash<=4 + pHash + geometry + ORB/RANSAC,3,3,2,2,0.59922680,0.59922680,0.91827957,0.91827957,VERIFIED_NEAR_DUPLICATE
refined_4e67c47e4671ca04f12e,rec_7b0626065f983314891e,2,2,0,Potato Early blight,PLDD-UP,direct representative match: dHash<=4 + pHash + geometry + ORB/RANSAC,3,3,0,0,0.59625000,0.59625000,0.93291405,0.93291405,VERIFIED_NEAR_DUPLICATE
refined_141ec4713575d7f0d807,rec_7b269817ec2ee8b25d09,2,2,0,Potato healthy,PLDD-UP,direct representative match: dHash<=4 + pHash + geometry + ORB/RANSAC,0,0,0,0,0.96973518,0.96973518,0.99609883,0.99609883,VERIFIED_NEAR_DUPLICATE
refined_359e54da37c3f5acc554,rec_7b2acb63e6d8632b92ae,2,2,0,Potato healthy,PLDD-UP,direct representative match: dHash<=4 + pHash + geometry + ORB/RANSAC,0,0,0,0,0.99500000,0.99500000,1.00000000,1.00000000,VERIFIED_NEAR_DUPLICATE
refined_b4165fa58bec3a3c4db7,rec_7b2d11b0ed6e4c064b8a,2,2,0,Potato healthy,PLDD-UP,direct representative match: dHash<=4 + pHash + geometry + ORB/RANSAC,0,0,0,0,0.95254833,0.95254833,1.00000000,1.00000000,VERIFIED_NEAR_DUPLICATE
refined_a50986d8c234bed70bcc,rec_7b52f9fa174e36840afb,2,2,0,Potato healthy,PLDD-UP,direct representative match: dHash<=4 + pHash + geometry + ORB/RANSAC,0,0,0,0,0.95375000,0.95375000,0.99606815,0.99606815,VERIFIED_NEAR_DUPLICATE
refined_f8ecee2ca2d0d114056c,rec_7b785b5728708b51bc59,2,2,0,Potato healthy,PLDD-UP,direct representative match: dHash<=4 + pHash + geometry + ORB/RANSAC,4,4,2,2,0.74625000,0.74625000,0.97989950,0.97989950,VERIFIED_NEAR_DUPLICATE
refined_f615cbf56fb624c26a66,rec_7b7bb12d7ec986a5d9de,2,2,0,Corn healthy,Seasonal Corn Leaf Disease Dataset,direct representative match: dHash<=4 + pHash + geometry + ORB/RANSAC,1,1,0,0,0.93094290,0.93094290,1.00000000,1.00000000,VERIFIED_NEAR_DUPLICATE
refined_fa1f792d296d0742f83c,rec_7b857cac2c37693142e2,2,2,0,Corn healthy,Seasonal Corn Leaf Disease Dataset,direct representative match: dHash<=4 + pHash + geometry + ORB/RANSAC,1,1,0,0,0.87580645,0.87580645,0.99263352,0.99263352,VERIFIED_NEAR_DUPLICATE
refined_fcb0da6e8cd2dce5696e,rec_7bba444d9aa03b951756,2,2,0,Potato healthy,PLDD-UP,direct representative match: dHash<=4 + pHash + geometry + ORB/RANSAC,0,0,0,0,0.76000000,0.76000000,0.98684211,0.98684211,VERIFIED_NEAR_DUPLICATE
refined_c577b325c01b78ab58dc,rec_7be964b6f874857c0e32,2,2,0,Corn healthy,Seasonal Corn Leaf Disease Dataset,direct representative match: dHash<=4 + pHash + geometry + ORB/RANSAC,0,0,0,0,0.92772668,0.92772668,0.99858357,0.99858357,VERIFIED_NEAR_DUPLICATE
refined_88f628e7a82b8c781dbd,rec_7c09a2b418297141103a,2,2,0,Potato healthy,PLDD-UP,direct representative match: dHash<=4 + pHash + geometry + ORB/RANSAC,0,0,2,2,0.75166667,0.75166667,0.99334812,0.99334812,VERIFIED_NEAR_DUPLICATE
refined_75425d103b86529cfe00,rec_7c22cc2f383a4c3d35b0,2,2,0,Potato healthy,PLDD-UP,direct representative match: dHash<=4 + pHash + geometry + ORB/RANSAC,0,0,0,0,0.78443878,0.78443878,0.99837398,0.99837398,VERIFIED_NEAR_DUPLICATE
refined_e3aed35f741bba07d850,rec_7c2e1bc0f98e26c1b4e7,2,2,0,Potato healthy,PLDD-UP,direct representative match: dHash<=4 + pHash + geometry + ORB/RANSAC,2,2,2,2,0.70218228,0.70218228,0.97806216,0.97806216,VERIFIED_NEAR_DUPLICATE
refined_56943ea68cb11e2a4ea6,rec_7c395ef4d8013ec50d61,2,2,0,Potato healthy,PLDD-UP,direct representative match: dHash<=4 + pHash + geometry + ORB/RANSAC,1,1,0,0,0.90625000,0.90625000,1.00000000,1.00000000,VERIFIED_NEAR_DUPLICATE
refined_a058ac6f9a793c5d73f2,rec_7c644b0bb39d5987d459,2,2,0,Potato Early blight,PLDD-UP,direct representative match: dHash<=4 + pHash + geometry + ORB/RANSAC,1,1,4,4,0.57875000,0.57875000,0.88768898,0.88768898,VERIFIED_NEAR_DUPLICATE
refined_c10b6b432c56e51a6468,rec_7c6c4e8d66f06000327d,2,2,0,Potato healthy,PLDD-UP,direct representative match: dHash<=4 + pHash + geometry + ORB/RANSAC,2,2,0,0,0.82127660,0.82127660,0.98963731,0.98963731,VERIFIED_NEAR_DUPLICATE
refined_079ba1bbb51f9660af76,rec_7c88204a1fb0b0d83bc7,2,2,0,Potato Early blight,PLDD-UP,direct representative match: dHash<=4 + pHash + geometry + ORB/RANSAC,0,0,0,0,0.52625000,0.52625000,0.90261283,0.90261283,VERIFIED_NEAR_DUPLICATE
refined_44351ab232ca2ab3c178,rec_7ca08292fa92a7e841ff,2,2,0,Potato healthy,PLDD-UP,direct representative match: dHash<=4 + pHash + geometry + ORB/RANSAC,0,0,0,0,0.96000000,0.96000000,0.99739583,0.99739583,VERIFIED_NEAR_DUPLICATE
refined_f8f63b01e32c438dba27,rec_7ca235a3c3ce2dc3305d,2,2,0,Potato healthy,PLDD-UP,direct representative match: dHash<=4 + pHash + geometry + ORB/RANSAC,0,0,0,0,0.96125000,0.96125000,0.99869961,0.99869961,VERIFIED_NEAR_DUPLICATE
refined_e056ac7d2dadd7cc845d,rec_7cbc9fda7f59058a9fd9,2,2,0,Potato healthy,PLDD-UP,direct representative match: dHash<=4 + pHash + geometry + ORB/RANSAC,1,1,0,0,0.75625000,0.75625000,0.98512397,0.98512397,VERIFIED_NEAR_DUPLICATE
refined_8ed5e695217a47c65168,rec_7ccf53f97fc4d591febf,2,2,0,Potato healthy,PLDD-UP,direct representative match: dHash<=4 + pHash + geometry + ORB/RANSAC,0,0,0,0,0.80375000,0.80375000,0.99533437,0.99533437,VERIFIED_NEAR_DUPLICATE
refined_180eb24ae5455c4486a0,rec_7cd229e1230ed2ee93cb,2,2,0,Potato healthy,PLDD-UP,direct representative match: dHash<=4 + pHash + geometry + ORB/RANSAC,0,0,0,0,0.95625000,0.95625000,1.00000000,1.00000000,VERIFIED_NEAR_DUPLICATE
refined_47a30507726b71ef63fa,rec_7d0cbc93c350bc23a99c,2,2,0,Potato healthy,PLDD-UP,direct representative match: dHash<=4 + pHash + geometry + ORB/RANSAC,0,0,0,0,1.00000000,1.00000000,1.00000000,1.00000000,VERIFIED_NEAR_DUPLICATE
refined_2d6a85b694ea011da200,rec_7d523519048d62c5cb8f,2,2,0,Potato Late blight,PLDD-UP,direct representative match: dHash<=4 + pHash + geometry + ORB/RANSAC,0,0,4,4,0.47252747,0.47252747,0.96279070,0.96279070,VERIFIED_NEAR_DUPLICATE
refined_15aca4107caa13553bdf,rec_7d6fe67400feebe25116,2,2,0,Potato healthy,PLDD-UP,direct representative match: dHash<=4 + pHash + geometry + ORB/RANSAC,0,0,0,0,0.82568807,0.82568807,0.99444444,0.99444444,VERIFIED_NEAR_DUPLICATE
refined_c64995e5a0056b391c65,rec_7d9cf2a0a3e34f91aafb,2,2,0,Potato healthy,PLDD-UP,direct representative match: dHash<=4 + pHash + geometry + ORB/RANSAC,0,0,0,0,0.97077510,0.97077510,0.99345550,0.99345550,VERIFIED_NEAR_DUPLICATE
refined_ab4209ebff86175984fa,rec_7da38939c9c925a06c10,2,2,0,Potato healthy,PLDD-UP,direct representative match: dHash<=4 + pHash + geometry + ORB/RANSAC,0,0,0,0,0.91864831,0.91864831,0.99863760,0.99863760,VERIFIED_NEAR_DUPLICATE
refined_52942a82533df2d12bd0,rec_7dd28d7cc0050c92d6de,2,2,0,Potato healthy,PLDD-UP,direct representative match: dHash<=4 + pHash + geometry + ORB/RANSAC,0,0,0,0,0.99875000,0.99875000,1.00000000,1.00000000,VERIFIED_NEAR_DUPLICATE
refined_00657b9dd99eb277a2ca,rec_7de1532967420875bdab,2,2,0,Corn healthy,Seasonal Corn Leaf Disease Dataset,direct representative match: dHash<=4 + pHash + geometry + ORB/RANSAC,1,1,0,0,0.91428571,0.91428571,0.99857955,0.99857955,VERIFIED_NEAR_DUPLICATE
refined_cfb2fe66fa4f0f6dc89a,rec_7e08121bf10ddf003da1,2,2,0,Potato Late blight,PLDD-UP,direct representative match: dHash<=4 + pHash + geometry + ORB/RANSAC,3,3,2,2,0.70625000,0.70625000,0.96106195,0.96106195,VERIFIED_NEAR_DUPLICATE
refined_d3f639378839a107f04a,rec_7e3f15082459fb7669ba,2,2,0,Potato Late blight,PLDD-UP,direct representative match: dHash<=4 + pHash + geometry + ORB/RANSAC,0,0,4,4,0.61447563,0.61447563,0.91826923,0.91826923,VERIFIED_NEAR_DUPLICATE
refined_d664f431b4ed0d6da39c,rec_7e7477e0017d661ced86,2,2,0,Potato healthy,PLDD-UP,direct representative match: dHash<=4 + pHash + geometry + ORB/RANSAC,0,0,0,0,0.97625000,0.97625000,0.99871959,0.99871959,VERIFIED_NEAR_DUPLICATE
refined_f12134f284d7f7b5b471,rec_7eb6997f092dbcda1147,2,2,0,Potato healthy,PLDD-UP,direct representative match: dHash<=4 + pHash + geometry + ORB/RANSAC,0,0,0,0,0.99750000,0.99750000,1.00000000,1.00000000,VERIFIED_NEAR_DUPLICATE
refined_e99b8d750f3c42a56e0d,rec_7ed2dc319a6e460a9068,2,2,0,Potato healthy,PLDD-UP,direct representative match: dHash<=4 + pHash + geometry + ORB/RANSAC,0,0,0,0,0.97125000,0.97125000,1.00000000,1.00000000,VERIFIED_NEAR_DUPLICATE
refined_78efe4510d094efd0994,rec_7edc538d6e8a9783f7a1,2,2,0,Potato healthy,PLDD-UP,direct representative match: dHash<=4 + pHash + geometry + ORB/RANSAC,0,0,0,0,0.76375000,0.76375000,0.98854337,0.98854337,VERIFIED_NEAR_DUPLICATE
refined_4c951117459fbbb76532,rec_7f010ba8fe112036bdbc,2,2,0,Potato healthy,PLDD-UP,direct representative match: dHash<=4 + pHash + geometry + ORB/RANSAC,0,0,2,2,0.71357616,0.71357616,0.99535963,0.99535963,VERIFIED_NEAR_DUPLICATE
refined_729ea5bb1ac70625f8da,rec_7f07a6090a6c823f088a,3,3,0,Potato Late blight,PLDD-UP,direct representative match: dHash<=4 + pHash + geometry + ORB/RANSAC,3,4,2,4,0.47125000,0.59375000,0.78736842,0.80371353,VERIFIED_NEAR_DUPLICATE
refined_5e3fb4cef641f7d3fb62,rec_7f11722be3e65310b171,3,3,0,Potato Early blight,PLDD-UP,direct representative match: dHash<=4 + pHash + geometry + ORB/RANSAC,2,3,2,2,0.48125000,0.69875000,0.80322004,0.92727273,VERIFIED_NEAR_DUPLICATE
refined_4472ad2dd53581596a8b,rec_7f1ba1845b567ec66356,2,2,0,Potato healthy,PLDD-UP,direct representative match: dHash<=4 + pHash + geometry + ORB/RANSAC,1,1,0,0,0.76500000,0.76500000,0.99509804,0.99509804,VERIFIED_NEAR_DUPLICATE
refined_2891f0cfa28886b0b9e5,rec_7f2e654e610f01e74a26,2,2,0,Corn healthy,Seasonal Corn Leaf Disease Dataset,direct representative match: dHash<=4 + pHash + geometry + ORB/RANSAC,0,0,0,0,0.93444730,0.93444730,0.99862448,0.99862448,VERIFIED_NEAR_DUPLICATE
refined_208e88140607932204c5,rec_7f3603c4be073770d9f0,2,2,0,Potato healthy,PLDD-UP,direct representative match: dHash<=4 + pHash + geometry + ORB/RANSAC,0,0,0,0,1.00000000,1.00000000,1.00000000,1.00000000,VERIFIED_NEAR_DUPLICATE
refined_95d177f1113ce2308fc9,rec_7f490ae6796788c0821a,2,2,0,Corn healthy,Seasonal Corn Leaf Disease Dataset,direct representative match: dHash<=4 + pHash + geometry + ORB/RANSAC,0,0,0,0,0.94011142,0.94011142,1.00000000,1.00000000,VERIFIED_NEAR_DUPLICATE
refined_d04d079fe5bfe17c7297,rec_7f4e3c5344e6b83eedf5,2,2,0,Potato healthy,PLDD-UP,direct representative match: dHash<=4 + pHash + geometry + ORB/RANSAC,1,1,2,2,0.74875000,0.74875000,0.99499165,0.99499165,VERIFIED_NEAR_DUPLICATE
refined_9d595ddd9b8f39920931,rec_7f6cd83a4e9e451ccd23,2,2,0,Tomato Early blight | Tomato Late blight,PlantDoc,direct representative match: dHash<=4 + pHash + geometry + ORB/RANSAC,0,0,2,2,0.89625000,0.89625000,0.99860530,0.99860530,VERIFIED_LABEL_CONFLICT
refined_4df4fe7909566a5ead18,rec_7fb2cb14c9546a01669a,2,2,0,Potato healthy,PLDD-UP,direct representative match: dHash<=4 + pHash + geometry + ORB/RANSAC,0,0,0,0,0.81500000,0.81500000,0.99846626,0.99846626,VERIFIED_NEAR_DUPLICATE
refined_a20232423b6aea4aff6d,rec_7fc2b0854dc24c498b20,2,2,0,Potato Late blight,PLDD-UP,direct representative match: dHash<=4 + pHash + geometry + ORB/RANSAC,0,0,2,2,0.59388039,0.59388039,0.97892272,0.97892272,VERIFIED_NEAR_DUPLICATE
refined_3637ffced5bfea9a1bb9,rec_7ff66a2e3368252e1110,2,2,0,Potato healthy,PLDD-UP,direct representative match: dHash<=4 + pHash + geometry + ORB/RANSAC,0,0,0,0,0.99625000,0.99625000,1.00000000,1.00000000,VERIFIED_NEAR_DUPLICATE
refined_97c469f00a6d9934fa8f,rec_7ffd9021a87892b189c4,2,2,0,Potato healthy,PLDD-UP,direct representative match: dHash<=4 + pHash + geometry + ORB/RANSAC,0,0,0,0,0.99500000,0.99500000,0.99874372,0.99874372,VERIFIED_NEAR_DUPLICATE
refined_3bf2b93f82deddd0fee5,rec_801ca507d97dddae4743,2,2,0,Potato healthy,PLDD-UP,direct representative match: dHash<=4 + pHash + geometry + ORB/RANSAC,3,3,0,0,0.73644388,0.73644388,0.95034247,0.95034247,VERIFIED_NEAR_DUPLICATE
refined_1e7f95d5ebf35110b234,rec_8020089879938a82164c,2,2,0,Potato healthy,PLDD-UP,direct representative match: dHash<=4 + pHash + geometry + ORB/RANSAC,0,0,0,0,0.97496706,0.97496706,1.00000000,1.00000000,VERIFIED_NEAR_DUPLICATE
refined_498da23bbc47cb054761,rec_8023d3acb3569e2460e3,2,2,0,Potato Early blight,PLDD-UP,direct representative match: dHash<=4 + pHash + geometry + ORB/RANSAC,2,2,4,4,0.40375000,0.40375000,0.84520124,0.84520124,VERIFIED_NEAR_DUPLICATE
refined_bd76ef11eb2dfe041cdf,rec_8088e820c7bb25d71c9c,2,2,0,Potato healthy,PLDD-UP,direct representative match: dHash<=4 + pHash + geometry + ORB/RANSAC,0,0,0,0,0.78250000,0.78250000,0.98881789,0.98881789,VERIFIED_NEAR_DUPLICATE
refined_2c41b96b56573e6b784b,rec_80d4c2938dd310c42450,2,2,0,Potato healthy,PLDD-UP,direct representative match: dHash<=4 + pHash + geometry + ORB/RANSAC,0,0,0,0,0.96250000,0.96250000,1.00000000,1.00000000,VERIFIED_NEAR_DUPLICATE
refined_be5b92c795e4f9082a77,rec_80e559fb2fd6d9b4138b,2,2,0,Potato healthy,PLDD-UP,direct representative match: dHash<=4 + pHash + geometry + ORB/RANSAC,0,0,0,0,0.94125000,0.94125000,0.99734396,0.99734396,VERIFIED_NEAR_DUPLICATE
refined_9647766defcc07a18a6f,rec_80f21073b7e20479992a,2,2,0,Potato Late blight,PLDD-UP,direct representative match: dHash<=4 + pHash + geometry + ORB/RANSAC,0,0,4,4,0.68646409,0.68646409,0.83903421,0.83903421,VERIFIED_NEAR_DUPLICATE
refined_3e8c0045478ff750202f,rec_81377b2da77809297a57,3,3,0,Potato Early blight | Potato healthy,PLDD-UP,direct representative match: dHash<=4 + pHash + geometry + ORB/RANSAC,0,0,0,0,0.94750000,0.96250000,0.99736148,0.99870130,VERIFIED_LABEL_CONFLICT
refined_eed1d545e66014d1244f,rec_8150c1a2bec3d98e38be,2,2,0,Corn healthy,Seasonal Corn Leaf Disease Dataset,direct representative match: dHash<=4 + pHash + geometry + ORB/RANSAC,0,0,0,0,0.93693694,0.93693694,0.99862637,0.99862637,VERIFIED_NEAR_DUPLICATE
refined_06a730220804dcc84476,rec_8163d5db60b15f1ae72e,2,2,0,Potato healthy,PLDD-UP,direct representative match: dHash<=4 + pHash + geometry + ORB/RANSAC,0,0,0,0,0.95776567,0.95776567,1.00000000,1.00000000,VERIFIED_NEAR_DUPLICATE
refined_425267586e5406757b95,rec_8197820300b0e9e94fde,2,2,0,Potato healthy,PLDD-UP,direct representative match: dHash<=4 + pHash + geometry + ORB/RANSAC,0,0,0,0,0.99625000,0.99625000,1.00000000,1.00000000,VERIFIED_NEAR_DUPLICATE
refined_84f6ea9280857b764495,rec_819ab4df70c645e9fd32,2,2,0,Corn healthy,Seasonal Corn Leaf Disease Dataset,direct representative match: dHash<=4 + pHash + geometry + ORB/RANSAC,0,0,0,0,0.94422311,0.94422311,0.99718706,0.99718706,VERIFIED_NEAR_DUPLICATE
refined_96fa95dd9ebf8c215148,rec_81c27e12ad81a5bebd9e,2,2,0,Potato Late blight,PLDD-UP,direct representative match: dHash<=4 + pHash + geometry + ORB/RANSAC,0,0,4,4,0.61576971,0.61576971,0.89024390,0.89024390,VERIFIED_NEAR_DUPLICATE
refined_56160e4bb8ce33fb8cc1,rec_81c80497a0186b0f35e0,2,2,0,Potato healthy,PLDD-UP,direct representative match: dHash<=4 + pHash + geometry + ORB/RANSAC,0,0,0,0,0.95000000,0.95000000,0.99868421,0.99868421,VERIFIED_NEAR_DUPLICATE
refined_172b7aa05fa337d34c30,rec_81f948adb14b95feb95f,2,2,0,Potato healthy,PLDD-UP,direct representative match: dHash<=4 + pHash + geometry + ORB/RANSAC,0,0,0,0,0.96875000,0.96875000,0.99870968,0.99870968,VERIFIED_NEAR_DUPLICATE
refined_5cc42706da711340c10b,rec_820b8e446eeb4545953c,2,2,0,Potato healthy,PLDD-UP,direct representative match: dHash<=4 + pHash + geometry + ORB/RANSAC,0,0,0,0,0.82193548,0.82193548,0.99058085,0.99058085,VERIFIED_NEAR_DUPLICATE
refined_21a4d28ec619fdafe81e,rec_82620dfa93015e7cff25,2,2,0,Potato healthy,PLDD-UP,direct representative match: dHash<=4 + pHash + geometry + ORB/RANSAC,0,0,0,0,0.95750000,0.95750000,0.99738903,0.99738903,VERIFIED_NEAR_DUPLICATE
refined_fc6e9142ce64d36b93db,rec_828e8018735cf2e7f04e,2,2,0,Potato healthy,PLDD-UP,direct representative match: dHash<=4 + pHash + geometry + ORB/RANSAC,0,0,0,0,0.97250000,0.97250000,0.99742931,0.99742931,VERIFIED_NEAR_DUPLICATE
refined_1371e488a3ac5f3140f8,rec_82936f9d744f00840ece,2,2,0,Potato healthy,PLDD-UP,direct representative match: dHash<=4 + pHash + geometry + ORB/RANSAC,0,0,2,2,0.93750000,0.93750000,0.99866667,0.99866667,VERIFIED_NEAR_DUPLICATE
refined_920083ee2c501e2a35f1,rec_8293d07d90a06c83b8f9,2,2,0,Potato healthy,PLDD-UP,direct representative match: dHash<=4 + pHash + geometry + ORB/RANSAC,0,0,0,0,0.79285714,0.79285714,0.99279279,0.99279279,VERIFIED_NEAR_DUPLICATE
refined_110bb37c04dd1a25811b,rec_829a3d0f11a08f8d7487,2,2,0,Potato healthy,PLDD-UP,direct representative match: dHash<=4 + pHash + geometry + ORB/RANSAC,0,0,0,0,0.96125000,0.96125000,0.99869961,0.99869961,VERIFIED_NEAR_DUPLICATE
refined_6042f69039db3891b757,rec_82ac9edcda7d5bf183c4,4,4,0,Potato healthy,PLDD-UP,direct representative match: dHash<=4 + pHash + geometry + ORB/RANSAC,0,0,0,0,0.70209974,1.00000000,0.99626168,1.00000000,VERIFIED_NEAR_DUPLICATE
refined_ccda1a29a720da61e1bd,rec_82b082116933ff68e463,2,2,0,Potato Late blight,PLDD-UP,direct representative match: dHash<=4 + pHash + geometry + ORB/RANSAC,1,1,2,2,0.72000000,0.72000000,0.88888889,0.88888889,VERIFIED_NEAR_DUPLICATE
refined_2f58b2f215053871394e,rec_82bf29ba2bb57afc64eb,2,2,0,Potato Late blight,PLDD-UP,direct representative match: dHash<=4 + pHash + geometry + ORB/RANSAC,0,0,2,2,0.50250000,0.50250000,0.90796020,0.90796020,VERIFIED_NEAR_DUPLICATE
refined_f90738091ac670c0cb48,rec_82c714fb5cce0b862d73,2,2,0,Potato healthy,PLDD-UP,direct representative match: dHash<=4 + pHash + geometry + ORB/RANSAC,0,0,0,0,0.98875000,0.98875000,1.00000000,1.00000000,VERIFIED_NEAR_DUPLICATE
refined_e9da4325b5e34e8d37bf,rec_82ce47b6b170651f08db,2,2,0,Potato healthy,PLDD-UP,direct representative match: dHash<=4 + pHash + geometry + ORB/RANSAC,0,0,0,0,0.94000000,0.94000000,0.99601064,0.99601064,VERIFIED_NEAR_DUPLICATE
refined_0ceb5f6ae9ef013afc84,rec_834b519ea5d11113df85,2,2,0,Potato healthy,PLDD-UP,direct representative match: dHash<=4 + pHash + geometry + ORB/RANSAC,0,0,4,4,0.77500000,0.77500000,0.95967742,0.95967742,VERIFIED_NEAR_DUPLICATE
refined_30fcc54b346f46bb44e7,rec_83b78d2cae2555adb0da,2,2,0,Corn healthy,Seasonal Corn Leaf Disease Dataset,direct representative match: dHash<=4 + pHash + geometry + ORB/RANSAC,0,0,0,0,0.87728027,0.87728027,0.99432892,0.99432892,VERIFIED_NEAR_DUPLICATE
refined_2ad22eeacee255d9ccf1,rec_83e48ee8e060bec8067f,2,2,0,Potato healthy,PLDD-UP,direct representative match: dHash<=4 + pHash + geometry + ORB/RANSAC,0,0,0,0,0.81311018,0.81311018,1.00000000,1.00000000,VERIFIED_NEAR_DUPLICATE
refined_4a572db16f8f7dccefc0,rec_840a54f0639db962501e,2,2,0,Potato healthy,PLDD-UP,direct representative match: dHash<=4 + pHash + geometry + ORB/RANSAC,0,0,0,0,0.95789474,0.95789474,0.99862637,0.99862637,VERIFIED_NEAR_DUPLICATE
refined_a21d2fb947ad3030fc48,rec_840e2d312f062d360b90,2,2,0,Potato healthy,PLDD-UP,direct representative match: dHash<=4 + pHash + geometry + ORB/RANSAC,0,0,0,0,0.95125000,0.95125000,0.99868594,0.99868594,VERIFIED_NEAR_DUPLICATE
refined_126063a87fb7ebcdfb85,rec_841baa30dc7df7476e89,2,2,0,Potato Early blight,PLDD-UP,direct representative match: dHash<=4 + pHash + geometry + ORB/RANSAC,0,0,4,4,0.60250000,0.60250000,0.91701245,0.91701245,VERIFIED_NEAR_DUPLICATE
refined_2727e46d670fa2c14e94,rec_8442bcbd1616991e7e63,2,2,0,Potato Early blight | Tomato Early blight,PlantDoc,direct representative match: dHash<=4 + pHash + geometry + ORB/RANSAC,1,1,2,2,0.39500000,0.39500000,0.80696203,0.80696203,VERIFIED_LABEL_CONFLICT
refined_73ebd322250a18fa6d76,rec_84509737df90beba633f,2,2,0,Potato healthy,PLDD-UP,direct representative match: dHash<=4 + pHash + geometry + ORB/RANSAC,0,0,0,0,0.74750000,0.74750000,0.85451505,0.85451505,VERIFIED_NEAR_DUPLICATE
refined_38a5fba59c810f08f1d5,rec_84663565bf7b9455c6ef,2,2,0,Potato Early blight,PLDD-UP,direct representative match: dHash<=4 + pHash + geometry + ORB/RANSAC,4,4,4,4,0.48250000,0.48250000,0.94300518,0.94300518,VERIFIED_NEAR_DUPLICATE
refined_f7777ea7f5c7a0b4c775,rec_848dc93302ba30496fc6,2,2,0,Potato Late blight,PLDD-UP,direct representative match: dHash<=4 + pHash + geometry + ORB/RANSAC,0,0,4,4,0.71176471,0.71176471,0.97520661,0.97520661,VERIFIED_NEAR_DUPLICATE
refined_a6e967aabffe6151104c,rec_84988d0181c6fcdfe094,2,2,0,Potato healthy,PLDD-UP,direct representative match: dHash<=4 + pHash + geometry + ORB/RANSAC,0,0,0,0,0.81375000,0.81375000,0.99539171,0.99539171,VERIFIED_NEAR_DUPLICATE
refined_bb732b14a8ea52cc4c87,rec_84aa934d242c94ca049b,2,2,0,Potato healthy,PLDD-UP,direct representative match: dHash<=4 + pHash + geometry + ORB/RANSAC,0,0,0,0,0.94959128,0.94959128,0.99856528,0.99856528,VERIFIED_NEAR_DUPLICATE
refined_eab1f2cd1434f1f66b94,rec_84b35377983ef9b0fee3,2,2,0,Potato healthy,PLDD-UP,direct representative match: dHash<=4 + pHash + geometry + ORB/RANSAC,0,0,0,0,0.94000000,0.94000000,0.99867021,0.99867021,VERIFIED_NEAR_DUPLICATE
refined_4ee455958d690cac2bb8,rec_84b747dc4d4d28b62dc1,3,3,0,Potato healthy,PLDD-UP,direct representative match: dHash<=4 + pHash + geometry + ORB/RANSAC,0,0,0,0,0.95000000,0.99500000,1.00000000,1.00000000,VERIFIED_NEAR_DUPLICATE
refined_60435e8800c7d751e9e6,rec_84cfc8cb6cdbc920c833,2,2,0,Potato healthy,PLDD-UP,direct representative match: dHash<=4 + pHash + geometry + ORB/RANSAC,0,0,0,0,0.95447871,0.95447871,0.99846154,0.99846154,VERIFIED_NEAR_DUPLICATE
refined_88cfd42f6a0d6466380a,rec_8518b2258e1b23f715c9,2,2,0,Potato Late blight,PLDD-UP,direct representative match: dHash<=4 + pHash + geometry + ORB/RANSAC,0,0,2,2,0.73255814,0.73255814,0.98611111,0.98611111,VERIFIED_NEAR_DUPLICATE
refined_f4d4479ed82124fb49e3,rec_8522f9680081494c36e0,2,2,0,Potato healthy,PLDD-UP,direct representative match: dHash<=4 + pHash + geometry + ORB/RANSAC,0,0,4,4,0.64885496,0.64885496,0.94509804,0.94509804,VERIFIED_NEAR_DUPLICATE
refined_858d648ac5c68e2a2c97,rec_8526f7913ea5140e12bd,2,2,0,Corn healthy,Seasonal Corn Leaf Disease Dataset,direct representative match: dHash<=4 + pHash + geometry + ORB/RANSAC,2,2,0,0,0.89931034,0.89931034,0.99386503,0.99386503,VERIFIED_NEAR_DUPLICATE
refined_6e77c88c6ce51e8e6e76,rec_853028fcff13e6eb2a6b,2,2,0,Potato healthy,PLDD-UP,direct representative match: dHash<=4 + pHash + geometry + ORB/RANSAC,0,0,0,0,0.99625000,0.99625000,1.00000000,1.00000000,VERIFIED_NEAR_DUPLICATE
refined_3f6346a1668f53bfde81,rec_85340b554bbf7ab95a69,2,2,0,Corn healthy,Seasonal Corn Leaf Disease Dataset,direct representative match: dHash<=4 + pHash + geometry + ORB/RANSAC,1,1,2,2,0.92867332,0.92867332,1.00000000,1.00000000,VERIFIED_NEAR_DUPLICATE
refined_0ea638b41ec5a251bf67,rec_85543adc7e4a16faae0c,2,2,0,Potato healthy,PLDD-UP,direct representative match: dHash<=4 + pHash + geometry + ORB/RANSAC,0,0,0,0,0.96387097,0.96387097,0.99866131,0.99866131,VERIFIED_NEAR_DUPLICATE
refined_31a4ad5103e002427b05,rec_8568278aa3df84f12520,2,2,0,Potato healthy,PLDD-UP,direct representative match: dHash<=4 + pHash + geometry + ORB/RANSAC,0,0,0,0,0.94125000,0.94125000,0.99867198,0.99867198,VERIFIED_NEAR_DUPLICATE
refined_270629a156afdd4e40f3,rec_856d95d1fd4fdfae357a,2,2,0,Potato healthy,PLDD-UP,direct representative match: dHash<=4 + pHash + geometry + ORB/RANSAC,0,0,0,0,0.97000000,0.97000000,0.99871134,0.99871134,VERIFIED_NEAR_DUPLICATE
refined_71cc764c1492618f7af4,rec_858465b93f6c07d63631,2,2,0,Potato healthy,PLDD-UP,direct representative match: dHash<=4 + pHash + geometry + ORB/RANSAC,1,1,0,0,0.96875000,0.96875000,1.00000000,1.00000000,VERIFIED_NEAR_DUPLICATE
refined_5397b2bab96113e0f76c,rec_85a66816709a3efc616f,2,2,0,Potato healthy,PLDD-UP,direct representative match: dHash<=4 + pHash + geometry + ORB/RANSAC,2,2,0,0,0.80853816,0.80853816,0.97120000,0.97120000,VERIFIED_NEAR_DUPLICATE
refined_7b60a8030f63bb3ba07c,rec_85b00dd6f8e24336d2d9,2,2,0,Potato healthy,PLDD-UP,direct representative match: dHash<=4 + pHash + geometry + ORB/RANSAC,0,0,0,0,0.95000000,0.95000000,0.99736842,0.99736842,VERIFIED_NEAR_DUPLICATE
refined_ecf8f3c444910bef11bd,rec_85b8a22620f75ff72202,2,2,0,Potato healthy,PLDD-UP,direct representative match: dHash<=4 + pHash + geometry + ORB/RANSAC,1,1,2,2,0.68750000,0.68750000,0.94363636,0.94363636,VERIFIED_NEAR_DUPLICATE
refined_55580bd5bd90a8b5ef12,rec_85c25a72c6b76b7adba2,2,2,0,Corn Cercospora leaf spot,Seasonal Corn Leaf Disease Dataset,direct representative match: dHash<=4 + pHash + geometry + ORB/RANSAC,0,0,0,0,0.97612732,0.97612732,0.99864130,0.99864130,VERIFIED_NEAR_DUPLICATE
refined_7f93df5fc990d1f7be74,rec_85c2ce1d2258c52c02e9,2,2,0,Corn healthy,Seasonal Corn Leaf Disease Dataset,direct representative match: dHash<=4 + pHash + geometry + ORB/RANSAC,1,1,2,2,0.93758480,0.93758480,1.00000000,1.00000000,VERIFIED_NEAR_DUPLICATE
refined_00198d7e8573781641c8,rec_85c4fe704e3a1e43a648,2,2,0,Potato healthy,PLDD-UP,direct representative match: dHash<=4 + pHash + geometry + ORB/RANSAC,0,0,0,0,0.95000000,0.95000000,0.99868421,0.99868421,VERIFIED_NEAR_DUPLICATE
refined_a5f0e461b60aba0ffb31,rec_85d0b61d2f2acda37286,2,2,0,Corn healthy,Seasonal Corn Leaf Disease Dataset,direct representative match: dHash<=4 + pHash + geometry + ORB/RANSAC,0,0,0,0,0.87656250,0.87656250,1.00000000,1.00000000,VERIFIED_NEAR_DUPLICATE
refined_87e6108a3a6b91a2aa6c,rec_85d90660e0fa10233b93,2,2,0,Potato healthy,PLDD-UP,direct representative match: dHash<=4 + pHash + geometry + ORB/RANSAC,1,1,0,0,0.74375000,0.74375000,0.98823529,0.98823529,VERIFIED_NEAR_DUPLICATE
refined_c582969705fa12c47da9,rec_862e0fc97d982cc8026a,2,2,0,Potato healthy,PLDD-UP,direct representative match: dHash<=4 + pHash + geometry + ORB/RANSAC,0,0,0,0,0.80250000,0.80250000,0.98909657,0.98909657,VERIFIED_NEAR_DUPLICATE
refined_36ed2fa439264a575857,rec_864af12e7e91d5420e70,2,2,0,Potato healthy,PLDD-UP,direct representative match: dHash<=4 + pHash + geometry + ORB/RANSAC,0,0,0,0,0.93116395,0.93116395,0.99596774,0.99596774,VERIFIED_NEAR_DUPLICATE
refined_09f4d5c701386f33fed0,rec_8668490ffd1a2c95d561,2,2,0,Potato Early blight,PLDD-UP,direct representative match: dHash<=4 + pHash + geometry + ORB/RANSAC,2,2,2,2,0.67670157,0.67670157,0.91489362,0.91489362,VERIFIED_NEAR_DUPLICATE
refined_1ae922f34a828f191f74,rec_8676e0c1f02a0954a5f2,2,2,0,Potato healthy,PLDD-UP,direct representative match: dHash<=4 + pHash + geometry + ORB/RANSAC,1,1,2,2,0.76500000,0.76500000,0.97875817,0.97875817,VERIFIED_NEAR_DUPLICATE
refined_7036d191da69048b7bae,rec_867d270585b5d20c4292,2,2,0,Potato healthy,PLDD-UP,direct representative match: dHash<=4 + pHash + geometry + ORB/RANSAC,0,0,0,0,0.81125000,0.81125000,0.99075501,0.99075501,VERIFIED_NEAR_DUPLICATE
refined_626b914f8e68394fe4a8,rec_86a3ca24deb6f85114b7,2,2,0,Corn healthy,Seasonal Corn Leaf Disease Dataset,direct representative match: dHash<=4 + pHash + geometry + ORB/RANSAC,0,0,0,0,0.92857143,0.92857143,0.99715100,0.99715100,VERIFIED_NEAR_DUPLICATE
refined_e5f0b311e1d3509857ef,rec_86a4ebcda3277215f8eb,2,2,0,Corn healthy,Seasonal Corn Leaf Disease Dataset,direct representative match: dHash<=4 + pHash + geometry + ORB/RANSAC,1,1,0,0,0.94041451,0.94041451,0.99586777,0.99586777,VERIFIED_NEAR_DUPLICATE
refined_e9b85777de63630fd281,rec_86bf6fdc224531e3332f,2,2,0,Potato Late blight,PLDD-UP,direct representative match: dHash<=4 + pHash + geometry + ORB/RANSAC,1,1,2,2,0.75375000,0.75375000,0.97512438,0.97512438,VERIFIED_NEAR_DUPLICATE
refined_8d91201cf00d46506ebc,rec_86c2a89d54ed3b544712,3,3,0,Potato Late blight,PLDD-UP,direct representative match: dHash<=4 + pHash + geometry + ORB/RANSAC,0,0,2,4,0.41975309,0.58970793,0.95518868,0.97058824,VERIFIED_NEAR_DUPLICATE
refined_45a2ac87bc6bfa5343c8,rec_86d44247d85a9466fecc,2,2,0,Potato Late blight,PLDD-UP,direct representative match: dHash<=4 + pHash + geometry + ORB/RANSAC,4,4,4,4,0.37375000,0.37375000,0.88628763,0.88628763,VERIFIED_NEAR_DUPLICATE
refined_88baec3ea4379d6af61e,rec_86e58cdfa0f1380d7e7b,2,2,0,Potato Early blight,PLDD-UP,direct representative match: dHash<=4 + pHash + geometry + ORB/RANSAC,2,2,4,4,0.43125000,0.43125000,0.85797101,0.85797101,VERIFIED_NEAR_DUPLICATE
refined_8b30493dc49e808650d7,rec_8710475e726e688614ae,2,2,0,Corn healthy,Seasonal Corn Leaf Disease Dataset,direct representative match: dHash<=4 + pHash + geometry + ORB/RANSAC,0,0,0,0,0.93983957,0.93983957,0.99857752,0.99857752,VERIFIED_NEAR_DUPLICATE
refined_659b764bbd2c1a183eeb,rec_8727357520e918e73cba,2,2,0,Corn healthy,Seasonal Corn Leaf Disease Dataset,direct representative match: dHash<=4 + pHash + geometry + ORB/RANSAC,0,0,0,0,0.91279887,0.91279887,1.00000000,1.00000000,VERIFIED_NEAR_DUPLICATE
refined_a38bad997f1e31ccd417,rec_873105aff93f1c77cefe,2,2,0,Corn healthy,Seasonal Corn Leaf Disease Dataset,direct representative match: dHash<=4 + pHash + geometry + ORB/RANSAC,0,0,0,0,0.93196406,0.93196406,0.99862259,0.99862259,VERIFIED_NEAR_DUPLICATE
refined_d502c7997062d9a9b1c7,rec_873a66a9fbee6539f805,2,2,0,Potato healthy,PLDD-UP,direct representative match: dHash<=4 + pHash + geometry + ORB/RANSAC,0,0,0,0,0.95500000,0.95500000,0.99738220,0.99738220,VERIFIED_NEAR_DUPLICATE
refined_bfc054f0a18750b10009,rec_87557201cb0d9534bf09,2,2,0,Potato Early blight,PLDD-UP,direct representative match: dHash<=4 + pHash + geometry + ORB/RANSAC,1,1,4,4,0.58634538,0.58634538,0.96118721,0.96118721,VERIFIED_NEAR_DUPLICATE
refined_5858901a2a18a99eddab,rec_87664aec8d6f48d07a0a,3,3,0,Potato healthy,PLDD-UP,direct representative match: dHash<=4 + pHash + geometry + ORB/RANSAC,0,0,0,0,0.95625000,0.96250000,0.99869281,0.99870130,VERIFIED_NEAR_DUPLICATE
refined_3798cd65583cc8a6ddd0,rec_87c384175ccce06f616b,2,2,0,Potato healthy,PLDD-UP,direct representative match: dHash<=4 + pHash + geometry + ORB/RANSAC,0,0,0,0,0.96000000,0.96000000,1.00000000,1.00000000,VERIFIED_NEAR_DUPLICATE
refined_e4e72551182e72f42f0a,rec_87d6596d9244bbb63351,2,2,0,Potato healthy,PLDD-UP,direct representative match: dHash<=4 + pHash + geometry + ORB/RANSAC,0,0,0,0,0.95171537,0.95171537,0.99732977,0.99732977,VERIFIED_NEAR_DUPLICATE
refined_7b5dcf4427dfae326dac,rec_880555356c91029fd1ac,2,2,0,Potato healthy,PLDD-UP,direct representative match: dHash<=4 + pHash + geometry + ORB/RANSAC,0,0,0,0,0.99000000,0.99000000,1.00000000,1.00000000,VERIFIED_NEAR_DUPLICATE
refined_612526b3a2263c36cfb6,rec_88249d5efe512d1fdba2,2,2,0,Potato Late blight,PLDD-UP,direct representative match: dHash<=4 + pHash + geometry + ORB/RANSAC,1,1,2,2,0.70691824,0.70691824,0.96085409,0.96085409,VERIFIED_NEAR_DUPLICATE
refined_9fdac354cefa3de906b5,rec_88356b36fd351160ec50,2,2,0,Potato Late blight,PLDD-UP,direct representative match: dHash<=4 + pHash + geometry + ORB/RANSAC,4,4,2,2,0.54250000,0.54250000,0.76497696,0.76497696,VERIFIED_NEAR_DUPLICATE
refined_1d00df3a69e81a01462e,rec_883d0c5178287f2c0cb5,2,2,0,Potato healthy,PLDD-UP,direct representative match: dHash<=4 + pHash + geometry + ORB/RANSAC,1,1,2,2,0.79365079,0.79365079,0.99454545,0.99454545,VERIFIED_NEAR_DUPLICATE
refined_9882a148be5f14125ecd,rec_884db312d3fc1cfef0d5,2,2,0,Potato healthy,PLDD-UP,direct representative match: dHash<=4 + pHash + geometry + ORB/RANSAC,0,0,0,0,0.96068152,0.96068152,1.00000000,1.00000000,VERIFIED_NEAR_DUPLICATE
refined_4974e2f7cda220833b1c,rec_8865d9a5fe375a147ebd,2,2,0,Corn Cercospora leaf spot,Seasonal Corn Leaf Disease Dataset,direct representative match: dHash<=4 + pHash + geometry + ORB/RANSAC,0,0,0,0,0.98081841,0.98081841,1.00000000,1.00000000,VERIFIED_NEAR_DUPLICATE
refined_5023f2e1b69f1421f99a,rec_8868de302f1cb392831b,2,2,0,Potato healthy,PLDD-UP,direct representative match: dHash<=4 + pHash + geometry + ORB/RANSAC,0,0,2,2,0.74125000,0.74125000,0.99156830,0.99156830,VERIFIED_NEAR_DUPLICATE
refined_2f90b523797274d96b8a,rec_8881edfe80d283db3260,2,2,0,Potato healthy,PLDD-UP,direct representative match: dHash<=4 + pHash + geometry + ORB/RANSAC,0,0,0,0,0.96000000,0.96000000,0.99869792,0.99869792,VERIFIED_NEAR_DUPLICATE
refined_5c8455ea6f22a63fef57,rec_888f303673fccef85d88,2,2,0,Potato healthy,PLDD-UP,direct representative match: dHash<=4 + pHash + geometry + ORB/RANSAC,0,0,0,0,0.94875000,0.94875000,0.99868248,0.99868248,VERIFIED_NEAR_DUPLICATE
refined_7df58ba4d0af69800176,rec_889b6130abaedab8e93e,2,2,0,Corn Cercospora leaf spot,Seasonal Corn Leaf Disease Dataset,direct representative match: dHash<=4 + pHash + geometry + ORB/RANSAC,0,0,0,0,0.87757732,0.87757732,0.99853157,0.99853157,VERIFIED_NEAR_DUPLICATE
refined_a086d6eb511ca44f7446,rec_88a208577e5e66d94fd8,2,2,0,Potato healthy,PLDD-UP,direct representative match: dHash<=4 + pHash + geometry + ORB/RANSAC,0,0,0,0,0.94875000,0.94875000,1.00000000,1.00000000,VERIFIED_NEAR_DUPLICATE
refined_1b4c67d1a3565e7c27b6,rec_88a8c099e7245bea7e66,2,2,0,Potato Late blight,PLDD-UP,direct representative match: dHash<=4 + pHash + geometry + ORB/RANSAC,1,1,4,4,0.61635220,0.61635220,0.95918367,0.95918367,VERIFIED_NEAR_DUPLICATE
refined_0a410c4bde166980b88d,rec_88e7b40631d5a8ef9a35,2,2,0,Potato healthy,PLDD-UP,direct representative match: dHash<=4 + pHash + geometry + ORB/RANSAC,0,0,0,0,0.99500000,0.99500000,1.00000000,1.00000000,VERIFIED_NEAR_DUPLICATE
refined_e4d00261732f1c876b57,rec_88ed6f53a6283b821834,2,2,0,Potato healthy,PLDD-UP,direct representative match: dHash<=4 + pHash + geometry + ORB/RANSAC,1,1,0,0,0.93601004,0.93601004,0.99731903,0.99731903,VERIFIED_NEAR_DUPLICATE
refined_fc179cb5be99664d6959,rec_88f5c5c679be424613aa,2,2,0,Potato healthy,PLDD-UP,direct representative match: dHash<=4 + pHash + geometry + ORB/RANSAC,0,0,0,0,0.99250000,0.99250000,1.00000000,1.00000000,VERIFIED_NEAR_DUPLICATE
refined_812acd0cbd8f93eeefff,rec_8912fac95a5564d83a73,2,2,0,Corn healthy,Seasonal Corn Leaf Disease Dataset,direct representative match: dHash<=4 + pHash + geometry + ORB/RANSAC,2,2,0,0,0.84461153,0.84461153,0.98813056,0.98813056,VERIFIED_NEAR_DUPLICATE
refined_94a17344a8142575f345,rec_8913b711ba23e9f28ec6,2,2,0,Potato Late blight,PLDD-UP,direct representative match: dHash<=4 + pHash + geometry + ORB/RANSAC,1,1,4,4,0.51250000,0.51250000,0.88780488,0.88780488,VERIFIED_NEAR_DUPLICATE
refined_e5d92480065692f1e734,rec_8917aeac5685baf14a81,2,2,0,Potato healthy,PLDD-UP,direct representative match: dHash<=4 + pHash + geometry + ORB/RANSAC,0,0,0,0,0.99500000,0.99500000,1.00000000,1.00000000,VERIFIED_NEAR_DUPLICATE
refined_ee4a3311ee7e920a2509,rec_891a31a746e4dbd5c409,2,2,0,Corn healthy,Seasonal Corn Leaf Disease Dataset,direct representative match: dHash<=4 + pHash + geometry + ORB/RANSAC,0,0,0,0,0.94243641,0.94243641,1.00000000,1.00000000,VERIFIED_NEAR_DUPLICATE
refined_6ebc555ac770104cae5e,rec_891f59311e4b78b9f4be,2,2,0,Potato healthy,PLDD-UP,direct representative match: dHash<=4 + pHash + geometry + ORB/RANSAC,0,0,0,0,0.99500000,0.99500000,1.00000000,1.00000000,VERIFIED_NEAR_DUPLICATE
refined_f92f321c234b3fc85749,rec_89723d0728aabd7d986a,2,2,0,Potato Late blight,PLDD-UP,direct representative match: dHash<=4 + pHash + geometry + ORB/RANSAC,1,1,2,2,0.68039539,0.68039539,0.93462470,0.93462470,VERIFIED_NEAR_DUPLICATE
refined_f7cbc33ac1b63e89519b,rec_898418178e493dc535d5,2,2,0,Potato healthy,PLDD-UP,direct representative match: dHash<=4 + pHash + geometry + ORB/RANSAC,2,2,2,2,0.72050562,0.72050562,0.98635478,0.98635478,VERIFIED_NEAR_DUPLICATE
refined_542d316eb638b673b9e1,rec_89d4bb611cfa5ef42733,2,2,0,Potato healthy,PLDD-UP,direct representative match: dHash<=4 + pHash + geometry + ORB/RANSAC,0,0,0,0,0.99625000,0.99625000,1.00000000,1.00000000,VERIFIED_NEAR_DUPLICATE
refined_8d1ee535b2b5ddd25957,rec_89e802fc092e91af89b5,2,2,0,Potato healthy,PLDD-UP,direct representative match: dHash<=4 + pHash + geometry + ORB/RANSAC,0,0,0,0,0.78125000,0.78125000,0.99360000,0.99360000,VERIFIED_NEAR_DUPLICATE
refined_75a517e45ab73c7a7767,rec_89ee9a800dbb32694849,2,2,0,Potato healthy,PLDD-UP,direct representative match: dHash<=4 + pHash + geometry + ORB/RANSAC,1,1,0,0,0.93000000,0.93000000,0.99327957,0.99327957,VERIFIED_NEAR_DUPLICATE
refined_c4a34d2c0a3567c566b9,rec_89fa9322c5c962c8cdb2,3,3,0,Potato healthy,PLDD-UP,direct representative match: dHash<=4 + pHash + geometry + ORB/RANSAC,0,0,0,0,0.71277997,0.71409750,0.98890943,0.99077491,VERIFIED_NEAR_DUPLICATE
refined_527f3a13c305e2b8c849,rec_8a05199f20bab5adee5a,2,2,0,Potato healthy,PLDD-UP,direct representative match: dHash<=4 + pHash + geometry + ORB/RANSAC,0,0,0,0,0.99616368,0.99616368,1.00000000,1.00000000,VERIFIED_NEAR_DUPLICATE
refined_e991a2d859567f7962e6,rec_8a3d9372f51d101b77be,2,2,0,Potato healthy,PLDD-UP,direct representative match: dHash<=4 + pHash + geometry + ORB/RANSAC,0,0,0,0,0.96625000,0.96625000,0.99741268,0.99741268,VERIFIED_NEAR_DUPLICATE
refined_d136690dc5c9f631a9fc,rec_8a5a642171e110babddb,2,2,0,Potato healthy,PLDD-UP,direct representative match: dHash<=4 + pHash + geometry + ORB/RANSAC,0,0,0,0,1.00000000,1.00000000,1.00000000,1.00000000,VERIFIED_NEAR_DUPLICATE
refined_15945a325c2d9cca3367,rec_8a7278c7a7f2a402f000,2,2,0,Corn healthy,Seasonal Corn Leaf Disease Dataset,direct representative match: dHash<=4 + pHash + geometry + ORB/RANSAC,0,0,0,0,0.90526316,0.90526316,0.99418605,0.99418605,VERIFIED_NEAR_DUPLICATE
refined_0cc419d2238ce4a88bed,rec_8a7672fd2496e3461951,2,2,0,Potato healthy,PLDD-UP,direct representative match: dHash<=4 + pHash + geometry + ORB/RANSAC,0,0,2,2,0.80683311,0.80683311,0.99348534,0.99348534,VERIFIED_NEAR_DUPLICATE
refined_467ebc91eb5d465f940f,rec_8a7ff5dae5d4a3045143,3,3,0,Potato Late blight,PLDD-UP,direct representative match: dHash<=4 + pHash + geometry + ORB/RANSAC,1,2,2,2,0.42500000,0.47125000,0.67941176,0.74005305,VERIFIED_NEAR_DUPLICATE
refined_52e289b560cc21419cd5,rec_8a9374615c0dc3f5c55c,2,2,0,Potato healthy,PLDD-UP,direct representative match: dHash<=4 + pHash + geometry + ORB/RANSAC,0,0,0,0,0.80625000,0.80625000,0.98914729,0.98914729,VERIFIED_NEAR_DUPLICATE
refined_6f5bd91792e84e62cccb,rec_8ad921606627a0d6d9f4,2,2,0,Potato healthy,PLDD-UP,direct representative match: dHash<=4 + pHash + geometry + ORB/RANSAC,0,0,2,2,0.92125000,0.92125000,0.99592944,0.99592944,VERIFIED_NEAR_DUPLICATE
refined_cf4cfcb86cea1efbabbc,rec_8ae2690e1b99dbf2f9a3,2,2,0,Potato Late blight,PLDD-UP,direct representative match: dHash<=4 + pHash + geometry + ORB/RANSAC,0,0,4,4,0.56658291,0.56658291,0.92904656,0.92904656,VERIFIED_NEAR_DUPLICATE
refined_eaeef720c13756886815,rec_8afb46d9376b8d4d141b,2,2,0,Corn healthy,Seasonal Corn Leaf Disease Dataset,direct representative match: dHash<=4 + pHash + geometry + ORB/RANSAC,3,3,0,0,0.90838509,0.90838509,0.99829060,0.99829060,VERIFIED_NEAR_DUPLICATE
refined_69a55f9082ef9dba2fd4,rec_8b0ece8e5e2970de72c6,2,2,0,Potato healthy,PLDD-UP,direct representative match: dHash<=4 + pHash + geometry + ORB/RANSAC,0,0,2,2,0.70045386,0.70045386,0.98704104,0.98704104,VERIFIED_NEAR_DUPLICATE
refined_6af9fee91e08b128d218,rec_8b31e9e234ff138d6e31,2,2,0,Potato healthy,PLDD-UP,direct representative match: dHash<=4 + pHash + geometry + ORB/RANSAC,0,0,0,0,0.96875000,0.96875000,0.99870968,0.99870968,VERIFIED_NEAR_DUPLICATE
refined_324701ba14dc032e553d,rec_8b42bb38e70ba4f5f8a3,2,2,0,Potato Late blight,PLDD-UP,direct representative match: dHash<=4 + pHash + geometry + ORB/RANSAC,0,0,0,0,0.64651163,0.64651163,0.92805755,0.92805755,VERIFIED_NEAR_DUPLICATE
refined_21ead03ec916ed27411d,rec_8b753bfee669be327067,2,2,0,Potato Late blight,PLDD-UP,direct representative match: dHash<=4 + pHash + geometry + ORB/RANSAC,3,3,2,2,0.45000000,0.45000000,0.88055556,0.88055556,VERIFIED_NEAR_DUPLICATE
refined_219c31fbc6005f7f2507,rec_8b801e4d3f061ef9f0e2,2,2,0,Potato Late blight,PLDD-UP,direct representative match: dHash<=4 + pHash + geometry + ORB/RANSAC,2,2,4,4,0.63424125,0.63424125,0.96114519,0.96114519,VERIFIED_NEAR_DUPLICATE
refined_a783132106d717b5c622,rec_8ba3b0b1cceb918f56ed,3,3,0,Potato Late blight | Potato healthy,PLDD-UP,direct representative match: dHash<=4 + pHash + geometry + ORB/RANSAC,0,0,0,4,0.30303030,0.78058008,0.65416667,0.98546042,VERIFIED_LABEL_CONFLICT
refined_6f1a9039df3becd082d2,rec_8bb6f4fd27d989cb04f3,2,2,0,Potato healthy,PLDD-UP,direct representative match: dHash<=4 + pHash + geometry + ORB/RANSAC,0,0,0,0,0.99625000,0.99625000,1.00000000,1.00000000,VERIFIED_NEAR_DUPLICATE
refined_7fe5564a35948bf044d4,rec_8be369c00d5b7d3bcced,2,2,0,Potato healthy,PLDD-UP,direct representative match: dHash<=4 + pHash + geometry + ORB/RANSAC,2,2,0,0,0.73875000,0.73875000,0.98646362,0.98646362,VERIFIED_NEAR_DUPLICATE
refined_2f945511d5099b72b036,rec_8c07fee4306c04868a76,2,2,0,Potato healthy,PLDD-UP,direct representative match: dHash<=4 + pHash + geometry + ORB/RANSAC,0,0,2,2,0.94500000,0.94500000,0.99735450,0.99735450,VERIFIED_NEAR_DUPLICATE
refined_4b71ed351aab771819f8,rec_8c2ab4cee82399dd341e,2,2,0,Potato healthy,PLDD-UP,direct representative match: dHash<=4 + pHash + geometry + ORB/RANSAC,1,1,0,0,0.97000000,0.97000000,0.99871134,0.99871134,VERIFIED_NEAR_DUPLICATE
refined_d0a7abb9aa60e4ac9651,rec_8c2bf21f1a2df69a03d1,2,2,0,Potato healthy,PLDD-UP,direct representative match: dHash<=4 + pHash + geometry + ORB/RANSAC,0,0,0,0,0.96262887,0.96262887,0.99866131,0.99866131,VERIFIED_NEAR_DUPLICATE
refined_52b50516568050723794,rec_8c2c800f3c0d245e7b28,2,2,0,Potato healthy,PLDD-UP,direct representative match: dHash<=4 + pHash + geometry + ORB/RANSAC,0,0,0,0,0.98125000,0.98125000,0.99617834,0.99617834,VERIFIED_NEAR_DUPLICATE
refined_bcab39f6107f440b26c9,rec_8c322a827ee8dce28ef7,2,2,0,Potato healthy,PLDD-UP,direct representative match: dHash<=4 + pHash + geometry + ORB/RANSAC,0,0,0,0,0.95500000,0.95500000,1.00000000,1.00000000,VERIFIED_NEAR_DUPLICATE
refined_4fbeb82f12db52fadeb1,rec_8c5e6fc886a2ff218005,2,2,0,Potato healthy,PLDD-UP,direct representative match: dHash<=4 + pHash + geometry + ORB/RANSAC,0,0,0,0,0.80000000,0.80000000,0.98906250,0.98906250,VERIFIED_NEAR_DUPLICATE
refined_e5dd7df79c07d1c75a7d,rec_8c8cec9ce7ca170d569f,2,2,0,Corn healthy,Seasonal Corn Leaf Disease Dataset,direct representative match: dHash<=4 + pHash + geometry + ORB/RANSAC,1,1,0,0,0.93848168,0.93848168,0.99860530,0.99860530,VERIFIED_NEAR_DUPLICATE
refined_cf7772a063c59bf465dd,rec_8c9a0bc7792ba7563640,2,2,0,Corn healthy,Seasonal Corn Leaf Disease Dataset,direct representative match: dHash<=4 + pHash + geometry + ORB/RANSAC,1,1,0,0,0.92563081,0.92563081,0.99569584,0.99569584,VERIFIED_NEAR_DUPLICATE
refined_dc0ca59eddb0e1545091,rec_8c9ee302bded3143aed8,2,2,0,Potato healthy,PLDD-UP,direct representative match: dHash<=4 + pHash + geometry + ORB/RANSAC,0,0,0,0,0.95875000,0.95875000,1.00000000,1.00000000,VERIFIED_NEAR_DUPLICATE
refined_ba9f36e86ced84de2ace,rec_8cebda9765a6c0729198,2,2,0,Potato healthy,PLDD-UP,direct representative match: dHash<=4 + pHash + geometry + ORB/RANSAC,0,0,0,0,0.95125000,0.95125000,0.99868594,0.99868594,VERIFIED_NEAR_DUPLICATE
refined_dc7520fd09405d88b221,rec_8d0328541a7c3ef96c65,2,2,0,Potato Early blight | Potato Late blight,PLDD-UP,direct representative match: dHash<=4 + pHash + geometry + ORB/RANSAC,0,0,2,2,0.70498084,0.70498084,0.94565217,0.94565217,VERIFIED_LABEL_CONFLICT
refined_ca166f3c3c4f90a4c890,rec_8d24e3c5700a747d1db2,2,2,0,Potato healthy,PLDD-UP,direct representative match: dHash<=4 + pHash + geometry + ORB/RANSAC,0,0,0,0,0.92000000,0.92000000,0.99864130,0.99864130,VERIFIED_NEAR_DUPLICATE
refined_20250633300203bbe126,rec_8d4668e199332367b0fa,2,2,0,Potato healthy,PLDD-UP,direct representative match: dHash<=4 + pHash + geometry + ORB/RANSAC,0,0,0,0,0.99750000,0.99750000,1.00000000,1.00000000,VERIFIED_NEAR_DUPLICATE
refined_dc6895afe76384583b65,rec_8d52bbf5449c24ab4c31,2,2,0,Potato Late blight,PLDD-UP,direct representative match: dHash<=4 + pHash + geometry + ORB/RANSAC,4,4,4,4,0.48125000,0.48125000,0.87012987,0.87012987,VERIFIED_NEAR_DUPLICATE
refined_13daf42342def578cc0b,rec_8d5bb4d7b2b707741d2c,2,2,0,Potato healthy,PLDD-UP,direct representative match: dHash<=4 + pHash + geometry + ORB/RANSAC,0,0,0,0,0.96875000,0.96875000,0.99870968,0.99870968,VERIFIED_NEAR_DUPLICATE
refined_e2756934c36c7944c9f5,rec_8d73718aa4c42bc01429,2,2,0,Potato healthy,PLDD-UP,direct representative match: dHash<=4 + pHash + geometry + ORB/RANSAC,0,0,0,0,0.92812106,0.92812106,0.99456522,0.99456522,VERIFIED_NEAR_DUPLICATE
refined_552abc1a343bc19c7e82,rec_8d800f29c0ad70a10c21,2,2,0,Potato healthy,PLDD-UP,direct representative match: dHash<=4 + pHash + geometry + ORB/RANSAC,0,0,2,2,0.75625000,0.75625000,0.98512397,0.98512397,VERIFIED_NEAR_DUPLICATE
refined_8ae946d34d57a18a3ecc,rec_8d8fd90e4fc6d0caf9e9,2,2,0,Potato Late blight,PLDD-UP,direct representative match: dHash<=4 + pHash + geometry + ORB/RANSAC,0,0,4,4,0.64107143,0.64107143,0.98050139,0.98050139,VERIFIED_NEAR_DUPLICATE
refined_3359f69a18f1aced40bf,rec_8db6a9fe4d9689e01b12,2,2,0,Potato Late blight,PLDD-UP,direct representative match: dHash<=4 + pHash + geometry + ORB/RANSAC,3,3,2,2,0.61875000,0.61875000,0.91111111,0.91111111,VERIFIED_NEAR_DUPLICATE
refined_46d5ccdee36655ed2a7f,rec_8df94be2d208dff64830,2,2,0,Potato healthy,PLDD-UP,direct representative match: dHash<=4 + pHash + geometry + ORB/RANSAC,1,1,2,2,0.76625000,0.76625000,0.98694943,0.98694943,VERIFIED_NEAR_DUPLICATE
refined_f1c33411a9074e149923,rec_8e07ff23abd058d76b59,3,3,0,Potato Early blight | Potato healthy,PLDD-UP,direct representative match: dHash<=4 + pHash + geometry + ORB/RANSAC,0,3,0,6,0.43875000,0.94500000,0.77207977,0.99735450,VERIFIED_LABEL_CONFLICT
refined_d50f4245b30d57a68701,rec_8e1e45da5af9b222cfb5,2,2,0,Corn healthy,Seasonal Corn Leaf Disease Dataset,direct representative match: dHash<=4 + pHash + geometry + ORB/RANSAC,0,0,0,0,0.92782152,0.92782152,0.99717115,0.99717115,VERIFIED_NEAR_DUPLICATE
refined_e112d13cd8c0779224fe,rec_8e2f6359d5d3b073cb0c,2,2,0,Potato healthy,PLDD-UP,direct representative match: dHash<=4 + pHash + geometry + ORB/RANSAC,2,2,2,2,0.79625000,0.79625000,0.98744113,0.98744113,VERIFIED_NEAR_DUPLICATE
refined_58201fba53650a89ebcd,rec_8e313fcf7a3dc882bb74,2,2,0,Potato healthy,PLDD-UP,direct representative match: dHash<=4 + pHash + geometry + ORB/RANSAC,2,2,2,2,0.75125000,0.75125000,0.98668885,0.98668885,VERIFIED_NEAR_DUPLICATE
refined_72f5e68b51c8927a4fdf,rec_8e3f70bd312459c17baa,2,2,0,Potato healthy,PLDD-UP,direct representative match: dHash<=4 + pHash + geometry + ORB/RANSAC,0,0,0,0,0.94625000,0.94625000,1.00000000,1.00000000,VERIFIED_NEAR_DUPLICATE
refined_fb725ced1b78a5acda41,rec_8e4442f4fa796f88fe25,2,2,0,Potato healthy,PLDD-UP,direct representative match: dHash<=4 + pHash + geometry + ORB/RANSAC,0,0,0,0,0.82971619,0.82971619,0.99396378,0.99396378,VERIFIED_NEAR_DUPLICATE
refined_26e9599a3c5c97430cc8,rec_8e682ebdf797a4a7f71c,2,2,0,Corn healthy,Seasonal Corn Leaf Disease Dataset,direct representative match: dHash<=4 + pHash + geometry + ORB/RANSAC,0,0,2,2,0.91393443,0.91393443,0.99850523,0.99850523,VERIFIED_NEAR_DUPLICATE
refined_3fed7eb5ec6cafe0c460,rec_8f6726b157affdf199e3,2,2,0,Potato healthy,PLDD-UP,direct representative match: dHash<=4 + pHash + geometry + ORB/RANSAC,0,0,0,0,0.81625000,0.81625000,0.98774885,0.98774885,VERIFIED_NEAR_DUPLICATE
refined_6cfd6d419799c2968f82,rec_8f935b43cef942a5d135,2,2,0,Potato healthy,PLDD-UP,direct representative match: dHash<=4 + pHash + geometry + ORB/RANSAC,0,0,0,0,0.92686003,0.92686003,0.99319728,0.99319728,VERIFIED_NEAR_DUPLICATE
refined_042e160e957528b73d88,rec_8fa0b7e0287b1c51cf05,2,2,0,Potato Early blight | Potato Late blight,PLDD-UP,direct representative match: dHash<=4 + pHash + geometry + ORB/RANSAC,4,4,2,2,0.65920398,0.65920398,0.91320755,0.91320755,VERIFIED_LABEL_CONFLICT
refined_483005579b89bbbbac2a,rec_8fb2f94a5b48c0eb11e8,2,2,0,Corn healthy,Seasonal Corn Leaf Disease Dataset,direct representative match: dHash<=4 + pHash + geometry + ORB/RANSAC,1,1,0,0,0.88317757,0.88317757,1.00000000,1.00000000,VERIFIED_NEAR_DUPLICATE
refined_d6869f68613cc853ef49,rec_8fc856856ca759ffef34,2,2,0,Potato Early blight | Potato Late blight,PLDD-UP,direct representative match: dHash<=4 + pHash + geometry + ORB/RANSAC,2,2,16,16,0.45125000,0.45125000,0.82825485,0.82825485,VERIFIED_LABEL_CONFLICT
refined_fad2f8b7793bf05d6e78,rec_8ffdb09f41c8ca1e871e,2,2,0,Potato healthy,PLDD-UP,direct representative match: dHash<=4 + pHash + geometry + ORB/RANSAC,0,0,0,0,0.92875000,0.92875000,1.00000000,1.00000000,VERIFIED_NEAR_DUPLICATE
refined_57fd865a8c97b6d3e9fa,rec_902d1818df6a5635c334,2,2,0,Potato Early blight,PLDD-UP,direct representative match: dHash<=4 + pHash + geometry + ORB/RANSAC,2,2,2,2,0.58375000,0.58375000,0.95717345,0.95717345,VERIFIED_NEAR_DUPLICATE
refined_01ab3aa1f2dc3c225b0e,rec_903b887723c65ca638d3,2,2,0,Potato Late blight,PLDD-UP,direct representative match: dHash<=4 + pHash + geometry + ORB/RANSAC,1,1,0,0,0.72246696,0.72246696,0.98577236,0.98577236,VERIFIED_NEAR_DUPLICATE
refined_1279bc96c082a84db64b,rec_907e069a2bef2df57941,2,2,0,Corn healthy,Seasonal Corn Leaf Disease Dataset,direct representative match: dHash<=4 + pHash + geometry + ORB/RANSAC,0,0,0,0,0.92866579,0.92866579,0.99715505,0.99715505,VERIFIED_NEAR_DUPLICATE
refined_1a42546e374013c3bf15,rec_90990da935393516855d,2,2,0,Potato Early blight,PLDD-UP,direct representative match: dHash<=4 + pHash + geometry + ORB/RANSAC,0,0,2,2,0.52000000,0.52000000,0.97115385,0.97115385,VERIFIED_NEAR_DUPLICATE
refined_927ea6d60095ef68f106,rec_90be312215851282d21e,2,2,0,Corn healthy,Seasonal Corn Leaf Disease Dataset,direct representative match: dHash<=4 + pHash + geometry + ORB/RANSAC,0,0,0,0,0.90215827,0.90215827,0.99521531,0.99521531,VERIFIED_NEAR_DUPLICATE
refined_54ca2c2730e0a3462535,rec_90bf430b710f951a5ab5,2,2,0,Potato healthy,PLDD-UP,direct representative match: dHash<=4 + pHash + geometry + ORB/RANSAC,0,0,0,0,0.99500000,0.99500000,1.00000000,1.00000000,VERIFIED_NEAR_DUPLICATE
refined_17758be27b5c5e449611,rec_91356d0debe44e07fb02,2,2,0,Potato healthy,PLDD-UP,direct representative match: dHash<=4 + pHash + geometry + ORB/RANSAC,0,0,0,0,0.96750000,0.96750000,1.00000000,1.00000000,VERIFIED_NEAR_DUPLICATE
refined_df532191f513e44fdc9e,rec_91affed5af551304d755,2,2,0,Potato healthy,PLDD-UP,direct representative match: dHash<=4 + pHash + geometry + ORB/RANSAC,0,0,0,0,0.96500000,0.96500000,0.99740933,0.99740933,VERIFIED_NEAR_DUPLICATE
refined_f3d9965c1c013125e6de,rec_91dab307b31a5643b814,2,2,0,Potato healthy,PLDD-UP,direct representative match: dHash<=4 + pHash + geometry + ORB/RANSAC,0,0,0,0,0.89250000,0.89250000,0.99859944,0.99859944,VERIFIED_NEAR_DUPLICATE
refined_682e14a9149b1c250066,rec_91dfd1d2c7382f1d2ad9,2,2,0,Potato healthy,PLDD-UP,direct representative match: dHash<=4 + pHash + geometry + ORB/RANSAC,2,2,2,2,0.61498708,0.61498708,0.81092437,0.81092437,VERIFIED_NEAR_DUPLICATE
refined_d3b54c4cc1ea8e0ae189,rec_91e0ca4af338af1ffdc3,2,2,0,Potato Early blight,PLDD-UP,direct representative match: dHash<=4 + pHash + geometry + ORB/RANSAC,1,1,4,4,0.46261682,0.46261682,0.87205387,0.87205387,VERIFIED_NEAR_DUPLICATE
refined_821e108c033c00e8a7c6,rec_91e9f84b9c888949f820,2,2,0,Potato healthy,PLDD-UP,direct representative match: dHash<=4 + pHash + geometry + ORB/RANSAC,0,0,0,0,0.97125000,0.97125000,0.99871300,0.99871300,VERIFIED_NEAR_DUPLICATE
refined_5b7b04a6cf320e015bc6,rec_91fb686c19e1dce5a901,2,2,0,Corn healthy,Seasonal Corn Leaf Disease Dataset,direct representative match: dHash<=4 + pHash + geometry + ORB/RANSAC,3,3,0,0,0.92944369,0.92944369,0.99854015,0.99854015,VERIFIED_NEAR_DUPLICATE
refined_55f870100ff197af0c5d,rec_920760c2ea052ae04be2,2,2,0,Corn healthy,Seasonal Corn Leaf Disease Dataset,direct representative match: dHash<=4 + pHash + geometry + ORB/RANSAC,1,1,0,0,0.91285714,0.91285714,0.99843505,0.99843505,VERIFIED_NEAR_DUPLICATE
refined_d42942611f011f92a7cf,rec_920864ad2f3e6dc2f05f,2,2,0,Potato healthy,PLDD-UP,direct representative match: dHash<=4 + pHash + geometry + ORB/RANSAC,0,0,0,0,0.98250000,0.98250000,0.99745547,0.99745547,VERIFIED_NEAR_DUPLICATE
refined_a85bc846eaea78cb20b4,rec_923e376af3fb7ce85541,2,2,0,Potato healthy,PLDD-UP,direct representative match: dHash<=4 + pHash + geometry + ORB/RANSAC,1,1,0,0,0.75750000,0.75750000,0.98514851,0.98514851,VERIFIED_NEAR_DUPLICATE
refined_a1b6cd05c030a7653ae3,rec_9250d56fd2c4618142be,2,2,0,Potato healthy,PLDD-UP,direct representative match: dHash<=4 + pHash + geometry + ORB/RANSAC,0,0,0,0,0.98967742,0.98967742,1.00000000,1.00000000,VERIFIED_NEAR_DUPLICATE
refined_51793733e4d388d9b9ec,rec_9251d5e7c172952e8a4d,2,2,0,Potato healthy,PLDD-UP,direct representative match: dHash<=4 + pHash + geometry + ORB/RANSAC,0,0,0,0,0.96000000,0.96000000,1.00000000,1.00000000,VERIFIED_NEAR_DUPLICATE
refined_79d60e78f5818078352d,rec_92567ab20eb790237531,2,2,0,Potato healthy,PLDD-UP,direct representative match: dHash<=4 + pHash + geometry + ORB/RANSAC,0,0,0,0,0.95358090,0.95358090,1.00000000,1.00000000,VERIFIED_NEAR_DUPLICATE
refined_0e1ba61faceedbe7e82b,rec_9289eac7c5b846ead4ec,2,2,0,Corn healthy,Seasonal Corn Leaf Disease Dataset,direct representative match: dHash<=4 + pHash + geometry + ORB/RANSAC,1,1,0,0,0.94790343,0.94790343,0.99865952,0.99865952,VERIFIED_NEAR_DUPLICATE
refined_3cc7cc949d29a1b9b309,rec_929de7ba033f43d5a3ba,2,2,0,Potato healthy,PLDD-UP,direct representative match: dHash<=4 + pHash + geometry + ORB/RANSAC,0,0,0,0,0.92750000,0.92750000,0.99865229,0.99865229,VERIFIED_NEAR_DUPLICATE
refined_8eccc6b6d961525f449d,rec_929fedeff232c019dc73,2,2,0,Potato Early blight | Potato Late blight,PLDD-UP,direct representative match: dHash<=4 + pHash + geometry + ORB/RANSAC,4,4,6,6,0.34500000,0.34500000,0.77898551,0.77898551,VERIFIED_LABEL_CONFLICT
refined_c058df552eb74e56b179,rec_92b54ea514339c8ed974,2,2,0,Potato healthy,PLDD-UP,direct representative match: dHash<=4 + pHash + geometry + ORB/RANSAC,0,0,0,0,0.96875000,0.96875000,0.99870968,0.99870968,VERIFIED_NEAR_DUPLICATE
refined_94bf959155db667413b0,rec_92b5deb52bd962c42430,2,2,0,Potato Late blight,PLDD-UP,direct representative match: dHash<=4 + pHash + geometry + ORB/RANSAC,4,4,2,2,0.60384615,0.60384615,0.97876858,0.97876858,VERIFIED_NEAR_DUPLICATE
refined_80abe8a6ac8e8ee88780,rec_92d87e604a4a2f36bd7c,2,2,0,Potato healthy,PLDD-UP,direct representative match: dHash<=4 + pHash + geometry + ORB/RANSAC,1,1,0,0,0.94202899,0.94202899,1.00000000,1.00000000,VERIFIED_NEAR_DUPLICATE
refined_85d1d375b265b2c3da95,rec_92dd378e81e90ad330a9,2,2,0,Potato Early blight,PLDD-UP,direct representative match: dHash<=4 + pHash + geometry + ORB/RANSAC,4,4,2,2,0.66750000,0.66750000,0.91011236,0.91011236,VERIFIED_NEAR_DUPLICATE
refined_1eaffc8e35e8c281534e,rec_932410535d830fa618a7,2,2,0,Corn healthy,Seasonal Corn Leaf Disease Dataset,direct representative match: dHash<=4 + pHash + geometry + ORB/RANSAC,1,1,0,0,0.93619972,0.93619972,0.99259259,0.99259259,VERIFIED_NEAR_DUPLICATE
refined_165723bf4c97b29a2f8b,rec_933ecc2527bdaade6508,2,2,0,Corn healthy,Seasonal Corn Leaf Disease Dataset,direct representative match: dHash<=4 + pHash + geometry + ORB/RANSAC,1,1,0,0,0.91452991,0.91452991,0.99844237,0.99844237,VERIFIED_NEAR_DUPLICATE
refined_4588f4a269eb585c38ad,rec_934aaf21ff05fe8930a9,2,2,0,Potato healthy,PLDD-UP,direct representative match: dHash<=4 + pHash + geometry + ORB/RANSAC,0,0,0,0,0.99500000,0.99500000,0.99874372,0.99874372,VERIFIED_NEAR_DUPLICATE
refined_4d88f184ea2e64bb9079,rec_9350c144404b6de89b21,2,2,0,Potato healthy,PLDD-UP,direct representative match: dHash<=4 + pHash + geometry + ORB/RANSAC,0,0,0,0,0.74924471,0.74924471,0.99395161,0.99395161,VERIFIED_NEAR_DUPLICATE
refined_ae3b94f2e0224265bc73,rec_937a996480f2ec409b73,2,2,0,Corn healthy,Seasonal Corn Leaf Disease Dataset,direct representative match: dHash<=4 + pHash + geometry + ORB/RANSAC,1,1,0,0,0.91441441,0.91441441,1.00000000,1.00000000,VERIFIED_NEAR_DUPLICATE
refined_ec0881f4e5b850d9422e,rec_937ffadb74fc257a406a,2,2,0,Potato healthy,PLDD-UP,direct representative match: dHash<=4 + pHash + geometry + ORB/RANSAC,0,0,0,0,0.72140762,0.72140762,0.98373984,0.98373984,VERIFIED_NEAR_DUPLICATE
refined_54fdf6284234de58ed9a,rec_938d12bcfa027423cf3a,2,2,0,Corn healthy,Seasonal Corn Leaf Disease Dataset,direct representative match: dHash<=4 + pHash + geometry + ORB/RANSAC,1,1,0,0,0.88207547,0.88207547,0.99643494,0.99643494,VERIFIED_NEAR_DUPLICATE
refined_4e8a692c6ef6c7162b82,rec_93fa121624933a5994e2,2,2,0,Potato healthy,PLDD-UP,direct representative match: dHash<=4 + pHash + geometry + ORB/RANSAC,0,0,0,0,0.83500000,0.83500000,0.99850299,0.99850299,VERIFIED_NEAR_DUPLICATE
refined_a16a3893ef683c19eb89,rec_941b4e83255e0c7a3f23,2,2,0,Potato healthy,PLDD-UP,direct representative match: dHash<=4 + pHash + geometry + ORB/RANSAC,0,0,0,0,0.96847415,0.96847415,0.99739583,0.99739583,VERIFIED_NEAR_DUPLICATE
refined_0e9b9e9af80e0299287b,rec_94423d71768ad9fe8263,2,2,0,Tomato Late blight,PlantDoc,direct representative match: dHash<=4 + pHash + geometry + ORB/RANSAC,0,0,0,0,0.40750000,0.40750000,0.72392638,0.72392638,VERIFIED_NEAR_DUPLICATE
refined_70861965ef8c4cc0e95a,rec_94616ebd48a551694df0,2,2,0,Potato healthy,PLDD-UP,direct representative match: dHash<=4 + pHash + geometry + ORB/RANSAC,0,0,0,0,0.95375000,0.95375000,1.00000000,1.00000000,VERIFIED_NEAR_DUPLICATE
refined_d31e72fcfdf19db41572,rec_9466acfc852ba9b3fd3c,2,2,0,Potato healthy,PLDD-UP,direct representative match: dHash<=4 + pHash + geometry + ORB/RANSAC,2,2,0,0,0.75909661,0.75909661,0.98181818,0.98181818,VERIFIED_NEAR_DUPLICATE
refined_c482069fde9b97da291e,rec_9476a65ca69730bf2459,2,2,0,Corn healthy,Seasonal Corn Leaf Disease Dataset,direct representative match: dHash<=4 + pHash + geometry + ORB/RANSAC,0,0,0,0,0.91242938,0.91242938,0.99690402,0.99690402,VERIFIED_NEAR_DUPLICATE
refined_b2e1e88c9873bc44a85f,rec_948d7cf6fe0d130bd35a,2,2,0,Potato healthy,PLDD-UP,direct representative match: dHash<=4 + pHash + geometry + ORB/RANSAC,1,1,0,0,0.79122340,0.79122340,0.99327731,0.99327731,VERIFIED_NEAR_DUPLICATE
refined_fee2e70f09dca7a1f121,rec_948f342dd3da9a423951,2,2,0,Corn Cercospora leaf spot,Seasonal Corn Leaf Disease Dataset,direct representative match: dHash<=4 + pHash + geometry + ORB/RANSAC,0,0,0,0,0.91801075,0.91801075,0.99853587,0.99853587,VERIFIED_NEAR_DUPLICATE
refined_0e424ea016b41d2a5dad,rec_94a09f344e95750bd672,2,2,0,Potato healthy,PLDD-UP,direct representative match: dHash<=4 + pHash + geometry + ORB/RANSAC,0,0,0,0,0.95375000,0.95375000,0.99737877,0.99737877,VERIFIED_NEAR_DUPLICATE
refined_d6733a6d73b623eb1ec7,rec_94da162f96fca95e7c3f,2,2,0,Corn healthy,Seasonal Corn Leaf Disease Dataset,direct representative match: dHash<=4 + pHash + geometry + ORB/RANSAC,0,0,0,0,0.93446920,0.93446920,1.00000000,1.00000000,VERIFIED_NEAR_DUPLICATE
refined_a992dc3f942f690ce4df,rec_94fc7c0f1221bbc34e03,2,2,0,Potato healthy,PLDD-UP,direct representative match: dHash<=4 + pHash + geometry + ORB/RANSAC,0,0,0,0,0.95125000,0.95125000,0.99868594,0.99868594,VERIFIED_NEAR_DUPLICATE
refined_93d8dbd7dcbf49538df3,rec_951b296c52a25f5bb296,2,2,0,Potato Early blight | Tomato Late blight,PlantDoc,direct representative match: dHash<=4 + pHash + geometry + ORB/RANSAC,0,0,0,0,0.95250000,0.95250000,1.00000000,1.00000000,VERIFIED_LABEL_CONFLICT
refined_50a4a9a32590365da17a,rec_9546b54229dd9bc65eef,2,2,0,Potato healthy,PLDD-UP,direct representative match: dHash<=4 + pHash + geometry + ORB/RANSAC,0,0,0,0,0.94250000,0.94250000,0.99867374,0.99867374,VERIFIED_NEAR_DUPLICATE
refined_0d603602ce9a1ed46814,rec_9547c34dd72373e5bea4,2,2,0,Potato Early blight | Potato Late blight,PlantDoc,direct representative match: dHash<=4 + pHash + geometry + ORB/RANSAC,0,0,2,2,0.57375000,0.57375000,0.91721133,0.91721133,VERIFIED_LABEL_CONFLICT
refined_41395a7d51fbf49bc736,rec_9547ffff7bdb1feadb8b,2,2,0,Potato Late blight,PLDD-UP,direct representative match: dHash<=4 + pHash + geometry + ORB/RANSAC,3,3,0,0,0.57000000,0.57000000,0.77631579,0.77631579,VERIFIED_NEAR_DUPLICATE
refined_5b32aa627a3b6fd9bc5b,rec_958783fda70d1f795519,2,2,0,Potato healthy,PLDD-UP,direct representative match: dHash<=4 + pHash + geometry + ORB/RANSAC,1,1,2,2,0.73962264,0.73962264,0.95068027,0.95068027,VERIFIED_NEAR_DUPLICATE
refined_b47b13cef1b04e685597,rec_958a9748f7c1d59f43f7,2,2,0,Corn healthy,Seasonal Corn Leaf Disease Dataset,direct representative match: dHash<=4 + pHash + geometry + ORB/RANSAC,0,0,0,0,0.89198606,0.89198606,0.99609375,0.99609375,VERIFIED_NEAR_DUPLICATE
refined_3b4b32ba16eb17d392b7,rec_958f90b8b6cb7f499f35,2,2,0,Potato healthy,PLDD-UP,direct representative match: dHash<=4 + pHash + geometry + ORB/RANSAC,0,0,0,0,0.94375000,0.94375000,1.00000000,1.00000000,VERIFIED_NEAR_DUPLICATE
refined_eb3c8747fb454d71b5a3,rec_95a832c0fec2ae65aa47,2,2,0,Potato healthy,PLDD-UP,direct representative match: dHash<=4 + pHash + geometry + ORB/RANSAC,1,1,0,0,0.81461434,0.81461434,0.99833887,0.99833887,VERIFIED_NEAR_DUPLICATE
refined_06bfa9ee7dc1b27c56e5,rec_95a8b4c7bb69cd5ba59c,2,2,0,Corn healthy,Seasonal Corn Leaf Disease Dataset,direct representative match: dHash<=4 + pHash + geometry + ORB/RANSAC,0,0,0,0,0.94796954,0.94796954,0.99866131,0.99866131,VERIFIED_NEAR_DUPLICATE
refined_34f13dfe76f3ea70df4f,rec_95f2987460f3da3656a8,2,2,0,Potato healthy,PLDD-UP,direct representative match: dHash<=4 + pHash + geometry + ORB/RANSAC,0,0,0,0,0.96125000,0.96125000,1.00000000,1.00000000,VERIFIED_NEAR_DUPLICATE
refined_74f5cdcdf4b4ec944aa2,rec_96086e0373240ad626c9,2,2,0,Potato healthy,PLDD-UP,direct representative match: dHash<=4 + pHash + geometry + ORB/RANSAC,0,0,2,2,0.82625000,0.82625000,0.99848714,0.99848714,VERIFIED_NEAR_DUPLICATE
refined_43f17ad8484712ca22c8,rec_963719d287e0ab272773,2,2,0,Corn healthy,Seasonal Corn Leaf Disease Dataset,direct representative match: dHash<=4 + pHash + geometry + ORB/RANSAC,0,0,0,0,0.87921847,0.87921847,1.00000000,1.00000000,VERIFIED_NEAR_DUPLICATE
refined_8d882f6d6e94513d3ee6,rec_9638da59defee989e747,2,2,0,Potato healthy,PLDD-UP,direct representative match: dHash<=4 + pHash + geometry + ORB/RANSAC,0,0,0,0,0.95500000,0.95500000,0.99869110,0.99869110,VERIFIED_NEAR_DUPLICATE
refined_e25ea4a43494a3a12274,rec_96712fe575f766100014,2,2,0,Potato Late blight,PLDD-UP,direct representative match: dHash<=4 + pHash + geometry + ORB/RANSAC,3,3,4,4,0.43875000,0.43875000,0.84045584,0.84045584,VERIFIED_NEAR_DUPLICATE
refined_2ad10a5b9caa81dacc2c,rec_96c6cc6731f992e61cb4,3,3,0,Potato healthy,PLDD-UP,direct representative match: dHash<=4 + pHash + geometry + ORB/RANSAC,0,1,0,0,0.94250000,0.95250000,0.99867374,0.99868766,VERIFIED_NEAR_DUPLICATE
refined_65c0a5185c18db95dfee,rec_96e203414f02de4a0b9f,2,2,0,Potato healthy,PLDD-UP,direct representative match: dHash<=4 + pHash + geometry + ORB/RANSAC,0,0,0,0,0.97250000,0.97250000,0.99742931,0.99742931,VERIFIED_NEAR_DUPLICATE
refined_fbe920aee1ca611c62be,rec_96e58f089442f646e538,2,2,0,Potato Early blight,PLDD-UP,direct representative match: dHash<=4 + pHash + geometry + ORB/RANSAC,1,1,4,4,0.44000000,0.44000000,0.90056818,0.90056818,VERIFIED_NEAR_DUPLICATE
refined_24b775c9c2c2ad301ae6,rec_96e6466a3ea59ecae002,2,2,0,Corn Cercospora leaf spot,Seasonal Corn Leaf Disease Dataset,direct representative match: dHash<=4 + pHash + geometry + ORB/RANSAC,0,0,0,0,0.91359773,0.91359773,1.00000000,1.00000000,VERIFIED_NEAR_DUPLICATE
refined_8e922f0fedffcfcf199a,rec_96ea968a7805bd389215,2,2,0,Potato healthy,PLDD-UP,direct representative match: dHash<=4 + pHash + geometry + ORB/RANSAC,0,0,0,0,0.94823232,0.94823232,0.99866844,0.99866844,VERIFIED_NEAR_DUPLICATE
refined_3b725a7fd59af9349bb9,rec_96f14c95e3ed04907e9d,2,2,0,Corn healthy,Seasonal Corn Leaf Disease Dataset,direct representative match: dHash<=4 + pHash + geometry + ORB/RANSAC,0,0,0,0,0.94784876,0.94784876,1.00000000,1.00000000,VERIFIED_NEAR_DUPLICATE
refined_d6e835bc4b2203b4418e,rec_9705206ac3f9018223b3,2,2,0,Corn healthy,Seasonal Corn Leaf Disease Dataset,direct representative match: dHash<=4 + pHash + geometry + ORB/RANSAC,0,0,0,0,0.92074928,0.92074928,1.00000000,1.00000000,VERIFIED_NEAR_DUPLICATE
refined_1f139e762fdf03b4cca6,rec_971ba8b7d1e0067ffda1,2,2,0,Potato healthy,PLDD-UP,direct representative match: dHash<=4 + pHash + geometry + ORB/RANSAC,0,0,0,0,0.99375000,0.99375000,0.99874214,0.99874214,VERIFIED_NEAR_DUPLICATE
refined_156cc2e23de8eb621883,rec_97433a7396bc689251b9,2,2,0,Potato healthy,PLDD-UP,direct representative match: dHash<=4 + pHash + geometry + ORB/RANSAC,0,0,0,0,1.00000000,1.00000000,1.00000000,1.00000000,VERIFIED_NEAR_DUPLICATE
refined_4bb2b527d0173edc8784,rec_97575903391bdfede586,2,2,0,Potato healthy,PLDD-UP,direct representative match: dHash<=4 + pHash + geometry + ORB/RANSAC,0,0,0,0,0.93625000,0.93625000,0.99866489,0.99866489,VERIFIED_NEAR_DUPLICATE
refined_1ee3975cd59f13214ea9,rec_97771d2e699e78988c6d,2,2,0,Potato healthy,PLDD-UP,direct representative match: dHash<=4 + pHash + geometry + ORB/RANSAC,1,1,0,0,0.75000000,0.75000000,0.98666667,0.98666667,VERIFIED_NEAR_DUPLICATE
refined_a669d808d88a1d5dd915,rec_977a465e669a26b71a6c,2,2,0,Potato healthy,PLDD-UP,direct representative match: dHash<=4 + pHash + geometry + ORB/RANSAC,0,0,0,0,0.79974969,0.79974969,0.98591549,0.98591549,VERIFIED_NEAR_DUPLICATE
refined_c14fe30292fe5884a7a4,rec_97862d4844e7c512aeaa,2,2,0,Potato healthy,PLDD-UP,direct representative match: dHash<=4 + pHash + geometry + ORB/RANSAC,0,0,0,0,0.96875000,0.96875000,1.00000000,1.00000000,VERIFIED_NEAR_DUPLICATE
refined_c6e79ebbc2ab9600f1db,rec_97882290e8ada29a413d,2,2,0,Potato healthy,PLDD-UP,direct representative match: dHash<=4 + pHash + geometry + ORB/RANSAC,0,0,0,0,0.95875000,0.95875000,1.00000000,1.00000000,VERIFIED_NEAR_DUPLICATE
refined_18f297c11f5e6759bdf5,rec_97979ee95631f16e2310,2,2,0,Potato healthy,PLDD-UP,direct representative match: dHash<=4 + pHash + geometry + ORB/RANSAC,0,0,0,0,0.96713021,0.96713021,0.99215686,0.99215686,VERIFIED_NEAR_DUPLICATE
refined_a718b92cf4b3ce34c637,rec_97ca5773e2874c4728e0,2,2,0,Corn healthy,Seasonal Corn Leaf Disease Dataset,direct representative match: dHash<=4 + pHash + geometry + ORB/RANSAC,1,1,0,0,0.93501326,0.93501326,0.99858156,0.99858156,VERIFIED_NEAR_DUPLICATE
refined_da5671a1c0a7a181cf20,rec_97d8b014678d327d86ba,2,2,0,Potato Early blight,PLDD-UP,direct representative match: dHash<=4 + pHash + geometry + ORB/RANSAC,3,3,0,0,0.70750000,0.70750000,0.96996466,0.96996466,VERIFIED_NEAR_DUPLICATE
refined_08f8d8dab474f134893c,rec_98020711e876610a82a3,2,2,0,Tomato Early blight,PlantDoc,direct representative match: dHash<=4 + pHash + geometry + ORB/RANSAC,1,1,4,4,0.28500000,0.28500000,0.92543860,0.92543860,VERIFIED_NEAR_DUPLICATE
refined_957664a1bdfa55056281,rec_9803b1ec6f2e230bb167,2,2,0,Potato healthy,PLDD-UP,direct representative match: dHash<=4 + pHash + geometry + ORB/RANSAC,0,0,0,0,0.79375000,0.79375000,0.99055118,0.99055118,VERIFIED_NEAR_DUPLICATE
refined_471eed4b85090c8eb926,rec_980b2efd486b4f76e35a,2,2,0,Potato healthy,PLDD-UP,direct representative match: dHash<=4 + pHash + geometry + ORB/RANSAC,0,0,0,0,0.96375000,0.96375000,0.99870298,0.99870298,VERIFIED_NEAR_DUPLICATE
refined_455da2bc5a234223152c,rec_98265ecdbfb34aa0da2e,2,2,0,Corn healthy,Seasonal Corn Leaf Disease Dataset,direct representative match: dHash<=4 + pHash + geometry + ORB/RANSAC,1,1,0,0,0.92804699,0.92804699,0.99525316,0.99525316,VERIFIED_NEAR_DUPLICATE
refined_e6aa382ac05cd4c5b085,rec_983d521ce17e3b34c659,2,2,0,Potato healthy,PLDD-UP,direct representative match: dHash<=4 + pHash + geometry + ORB/RANSAC,0,0,0,0,0.97625000,0.97625000,1.00000000,1.00000000,VERIFIED_NEAR_DUPLICATE
refined_a2befe65d11178d22eb1,rec_98426f6cf812757ec8e5,2,2,0,Potato healthy,PLDD-UP,direct representative match: dHash<=4 + pHash + geometry + ORB/RANSAC,0,0,0,0,0.97125000,0.97125000,1.00000000,1.00000000,VERIFIED_NEAR_DUPLICATE
refined_4030e5e8b05675975b21,rec_985f89f2890b809e57b2,2,2,0,Potato Early blight,PLDD-UP,direct representative match: dHash<=4 + pHash + geometry + ORB/RANSAC,0,0,4,4,0.63878327,0.63878327,0.95833333,0.95833333,VERIFIED_NEAR_DUPLICATE
refined_a85dec787263007390f8,rec_9894ff5620e608cfc26f,2,2,0,Potato Early blight,PLDD-UP,direct representative match: dHash<=4 + pHash + geometry + ORB/RANSAC,0,0,2,2,0.64143426,0.64143426,0.87370600,0.87370600,VERIFIED_NEAR_DUPLICATE
refined_87b0b01a4c3eb321d1c7,rec_9898d9493ad3697bfb31,2,2,0,Corn healthy,Seasonal Corn Leaf Disease Dataset,direct representative match: dHash<=4 + pHash + geometry + ORB/RANSAC,1,1,0,0,0.91955617,0.91955617,0.99698341,0.99698341,VERIFIED_NEAR_DUPLICATE
refined_0b0b8d0f4942898ecf96,rec_98a93ae094e2d03896db,2,2,0,Potato Late blight,PLDD-UP,direct representative match: dHash<=4 + pHash + geometry + ORB/RANSAC,3,3,4,4,0.62811388,0.62811388,0.86685552,0.86685552,VERIFIED_NEAR_DUPLICATE
refined_6c5f359fe4fb4c267ebe,rec_98bf406cdc1be64c1e37,3,3,0,Potato Early blight,PLDD-UP,direct representative match: dHash<=4 + pHash + geometry + ORB/RANSAC,0,0,2,4,0.74409449,0.74501992,0.85561497,0.96825397,VERIFIED_NEAR_DUPLICATE
refined_3a1c020bc90da869e3a1,rec_990c513622ea6529e217,2,2,0,Potato Late blight,PLDD-UP,direct representative match: dHash<=4 + pHash + geometry + ORB/RANSAC,4,4,4,4,0.37375000,0.37375000,0.75919732,0.75919732,VERIFIED_NEAR_DUPLICATE
refined_b0b3d894065810f07184,rec_9926eb981e6b570c9c7d,2,2,0,Potato healthy,PLDD-UP,direct representative match: dHash<=4 + pHash + geometry + ORB/RANSAC,0,0,0,0,0.95875000,0.95875000,0.99869622,0.99869622,VERIFIED_NEAR_DUPLICATE
refined_420b13832076cd32b2c9,rec_9950741eb1a5683ea6e5,2,2,0,Potato healthy,PLDD-UP,direct representative match: dHash<=4 + pHash + geometry + ORB/RANSAC,0,0,0,0,0.79310345,0.79310345,0.99478261,0.99478261,VERIFIED_NEAR_DUPLICATE
refined_b09cbbfd3c9aaf27c1bb,rec_998ea207067ce9dab246,2,2,0,Potato healthy,PLDD-UP,direct representative match: dHash<=4 + pHash + geometry + ORB/RANSAC,0,0,0,0,0.96375000,0.96375000,0.99870298,0.99870298,VERIFIED_NEAR_DUPLICATE
refined_bbd6c370940615b25962,rec_999e13410931f2b88e54,2,2,0,Corn Cercospora leaf spot,Seasonal Corn Leaf Disease Dataset,direct representative match: dHash<=4 + pHash + geometry + ORB/RANSAC,0,0,0,0,0.96831432,0.96831432,0.99738220,0.99738220,VERIFIED_NEAR_DUPLICATE
refined_dbfcf7da8d583b7e00a4,rec_99a5abf6ab902134fb4d,2,2,0,Potato Early blight,PLDD-UP,direct representative match: dHash<=4 + pHash + geometry + ORB/RANSAC,2,2,2,2,0.59625000,0.59625000,0.91614256,0.91614256,VERIFIED_NEAR_DUPLICATE
refined_8966d415215933f5f87a,rec_99acd1ca258646f6f4d2,2,2,0,Potato healthy,PLDD-UP,direct representative match: dHash<=4 + pHash + geometry + ORB/RANSAC,0,0,0,0,0.81155779,0.81155779,0.99690402,0.99690402,VERIFIED_NEAR_DUPLICATE
refined_28bbe8db5cdf8a16e4fe,rec_99b0e22bfea2cb6f4098,2,2,0,Potato healthy,PLDD-UP,direct representative match: dHash<=4 + pHash + geometry + ORB/RANSAC,0,0,0,0,0.96125000,0.96125000,0.99869961,0.99869961,VERIFIED_NEAR_DUPLICATE
refined_51e5ad6aca73d74de166,rec_99d42fdf2cbf5b871fe2,2,2,0,Corn healthy,Seasonal Corn Leaf Disease Dataset,direct representative match: dHash<=4 + pHash + geometry + ORB/RANSAC,0,0,0,0,0.94132653,0.94132653,0.99864499,0.99864499,VERIFIED_NEAR_DUPLICATE
refined_efc0ecb3334a67b2211d,rec_99e1f5e2d502a516dde8,2,2,0,Potato healthy,PLDD-UP,direct representative match: dHash<=4 + pHash + geometry + ORB/RANSAC,1,1,2,2,0.79805014,0.79805014,0.99301920,0.99301920,VERIFIED_NEAR_DUPLICATE
refined_1bcec7ea69266b52d299,rec_99e5f96d1334b15dfd70,2,2,0,Corn healthy,Seasonal Corn Leaf Disease Dataset,direct representative match: dHash<=4 + pHash + geometry + ORB/RANSAC,0,0,0,0,0.91594203,0.91594203,0.99841772,0.99841772,VERIFIED_NEAR_DUPLICATE
refined_38f295606124f1ef1040,rec_99fe8bca0cfb7089047f,2,2,0,Potato healthy,PLDD-UP,direct representative match: dHash<=4 + pHash + geometry + ORB/RANSAC,0,0,2,2,0.82875000,0.82875000,0.88536953,0.88536953,VERIFIED_NEAR_DUPLICATE
refined_2f8dfeb88118cafd0f44,rec_9a2142f5690c125f5f1a,2,2,0,Potato healthy,PLDD-UP,direct representative match: dHash<=4 + pHash + geometry + ORB/RANSAC,0,0,0,0,0.78500000,0.78500000,0.99044586,0.99044586,VERIFIED_NEAR_DUPLICATE
refined_0e5ae96b91b2334d881a,rec_9a397b29cef2a1a2ce12,2,2,0,Potato healthy,PLDD-UP,direct representative match: dHash<=4 + pHash + geometry + ORB/RANSAC,0,0,0,0,0.95169713,0.95169713,0.99725652,0.99725652,VERIFIED_NEAR_DUPLICATE
refined_07eed4f05c6400778853,rec_9a4bedd35236df5041e0,2,2,0,Potato healthy,PLDD-UP,direct representative match: dHash<=4 + pHash + geometry + ORB/RANSAC,0,0,0,0,0.80250000,0.80250000,0.99221184,0.99221184,VERIFIED_NEAR_DUPLICATE
refined_a67e16c15cecdc0b9032,rec_9a56c06dfd03e0c3e939,2,2,0,Potato healthy,PLDD-UP,direct representative match: dHash<=4 + pHash + geometry + ORB/RANSAC,0,0,0,0,0.95125000,0.95125000,0.99605782,0.99605782,VERIFIED_NEAR_DUPLICATE
refined_ac080568bda9a3f42da3,rec_9a5a62a76cf00a908273,2,2,0,Corn healthy,Seasonal Corn Leaf Disease Dataset,direct representative match: dHash<=4 + pHash + geometry + ORB/RANSAC,0,0,0,0,0.91722296,0.91722296,1.00000000,1.00000000,VERIFIED_NEAR_DUPLICATE
refined_bede92140b2bf7de32ec,rec_9a75a68d198a2cdf012b,2,2,0,Potato healthy,PLDD-UP,direct representative match: dHash<=4 + pHash + geometry + ORB/RANSAC,0,0,0,0,0.99625000,0.99625000,1.00000000,1.00000000,VERIFIED_NEAR_DUPLICATE
refined_63ecc2f7449bbf288d5c,rec_9a8a480bdf1c3f274bb9,2,2,0,Potato healthy,PLDD-UP,direct representative match: dHash<=4 + pHash + geometry + ORB/RANSAC,0,0,0,0,0.96125000,0.96125000,0.99609883,0.99609883,VERIFIED_NEAR_DUPLICATE
refined_a032572bb44fbe81d9ab,rec_9a8cabd5f6e8238a47fa,2,2,0,Potato Late blight,PLDD-UP,direct representative match: dHash<=4 + pHash + geometry + ORB/RANSAC,1,1,0,0,0.75125000,0.75125000,0.88352745,0.88352745,VERIFIED_NEAR_DUPLICATE
refined_7170c35d6343ab33e795,rec_9a975cacd391aa573eae,2,2,0,Potato healthy,PLDD-UP,direct representative match: dHash<=4 + pHash + geometry + ORB/RANSAC,0,0,0,0,0.95875000,0.95875000,0.99869622,0.99869622,VERIFIED_NEAR_DUPLICATE
refined_de4a3442db708924c094,rec_9ab0bbfbd6f9da69dddd,2,2,0,Potato Late blight,PLDD-UP,direct representative match: dHash<=4 + pHash + geometry + ORB/RANSAC,0,0,0,0,0.72486034,0.72486034,0.97687861,0.97687861,VERIFIED_NEAR_DUPLICATE
refined_b21075b81bc9b6ad2d95,rec_9aec969b4bcb5c4d743e,3,3,0,Potato healthy,PLDD-UP,direct representative match: dHash<=4 + pHash + geometry + ORB/RANSAC,3,4,2,2,0.56375000,0.69500000,0.76258993,0.92017738,VERIFIED_NEAR_DUPLICATE
refined_c5c870b30aace4925df0,rec_9b146b21867c3c666eff,2,2,0,Corn Cercospora leaf spot,Seasonal Corn Leaf Disease Dataset,direct representative match: dHash<=4 + pHash + geometry + ORB/RANSAC,0,0,0,0,0.97175866,0.97175866,1.00000000,1.00000000,VERIFIED_NEAR_DUPLICATE
refined_34bd2a4b4e780bdaaa76,rec_9b260cdfde6b9a89c198,3,3,0,Potato Late blight,PLDD-UP,direct representative match: dHash<=4 + pHash + geometry + ORB/RANSAC,0,0,0,4,0.62900506,0.71672355,0.85254692,0.98809524,VERIFIED_NEAR_DUPLICATE
refined_12d93e237ee7c0607a46,rec_9b64cec8ffd10c4aa0a4,2,2,0,Potato healthy,PLDD-UP,direct representative match: dHash<=4 + pHash + geometry + ORB/RANSAC,0,0,0,0,0.94875000,0.94875000,0.99868248,0.99868248,VERIFIED_NEAR_DUPLICATE
refined_27e91b38438d1ff24b7f,rec_9b65e6e810cfa64eecd8,2,2,0,Potato healthy,PLDD-UP,direct representative match: dHash<=4 + pHash + geometry + ORB/RANSAC,0,0,0,0,0.99625000,0.99625000,1.00000000,1.00000000,VERIFIED_NEAR_DUPLICATE
refined_320215711e4969fd0791,rec_9b6931256a85e46a11b3,2,2,0,Potato healthy,PLDD-UP,direct representative match: dHash<=4 + pHash + geometry + ORB/RANSAC,0,0,0,0,0.95500000,0.95500000,0.99869110,0.99869110,VERIFIED_NEAR_DUPLICATE
refined_7363a392870bad40079d,rec_9b84cc51339829300ac0,2,2,0,Potato Late blight,PLDD-UP,direct representative match: dHash<=4 + pHash + geometry + ORB/RANSAC,1,1,2,2,0.65166909,0.65166909,0.93763920,0.93763920,VERIFIED_NEAR_DUPLICATE
refined_274113d77e2673a0c164,rec_9b887960d74ff7816d7a,2,2,0,Potato healthy,PLDD-UP,direct representative match: dHash<=4 + pHash + geometry + ORB/RANSAC,4,4,4,4,0.69625000,0.69625000,0.96768402,0.96768402,VERIFIED_NEAR_DUPLICATE
refined_86c69e0162c8ab797912,rec_9b9f2a39194f2574c897,2,2,0,Potato healthy,PLDD-UP,direct representative match: dHash<=4 + pHash + geometry + ORB/RANSAC,3,3,4,4,0.73061761,0.73061761,0.99640288,0.99640288,VERIFIED_NEAR_DUPLICATE
refined_9e9ae081664fa5b8ec09,rec_9bb9e182af517b20b1ec,2,2,0,Potato healthy,PLDD-UP,direct representative match: dHash<=4 + pHash + geometry + ORB/RANSAC,1,1,0,0,0.87250000,0.87250000,0.99713467,0.99713467,VERIFIED_NEAR_DUPLICATE
refined_f9bc203e4be22131e773,rec_9bd3e85dac708e13ad55,2,2,0,Potato healthy,PLDD-UP,direct representative match: dHash<=4 + pHash + geometry + ORB/RANSAC,0,0,0,0,0.96500000,0.96500000,1.00000000,1.00000000,VERIFIED_NEAR_DUPLICATE
refined_c8e25509571c60ac7879,rec_9c032cdde9fcfd5d92de,2,2,0,Potato healthy,PLDD-UP,direct representative match: dHash<=4 + pHash + geometry + ORB/RANSAC,0,0,0,0,0.95625000,0.95625000,1.00000000,1.00000000,VERIFIED_NEAR_DUPLICATE
refined_1994fc6b65d4deae94a2,rec_9c2168faf3a8abe32f97,2,2,0,Potato Early blight,PLDD-UP,direct representative match: dHash<=4 + pHash + geometry + ORB/RANSAC,1,1,2,2,0.61260054,0.61260054,0.95185996,0.95185996,VERIFIED_NEAR_DUPLICATE
refined_851080c9a44e64f21597,rec_9c2ae40eb7f1bb37206b,2,2,0,Potato Late blight,PLDD-UP,direct representative match: dHash<=4 + pHash + geometry + ORB/RANSAC,0,0,2,2,0.61702128,0.61702128,0.93914807,0.93914807,VERIFIED_NEAR_DUPLICATE
refined_20b988cd137aff082378,rec_9c2d0fe5a7fe55d3064f,2,2,0,Corn healthy,Seasonal Corn Leaf Disease Dataset,direct representative match: dHash<=4 + pHash + geometry + ORB/RANSAC,0,0,0,0,0.92360164,0.92360164,0.99852290,0.99852290,VERIFIED_NEAR_DUPLICATE
refined_170dd8a311d47d60a649,rec_9c645f74f5a60735d956,2,2,0,Potato healthy,PLDD-UP,direct representative match: dHash<=4 + pHash + geometry + ORB/RANSAC,0,0,0,0,0.96000000,0.96000000,0.99869792,0.99869792,VERIFIED_NEAR_DUPLICATE
refined_c78c04497542e664ca69,rec_9c8fd174ac4366d3f354,2,2,0,Potato healthy,PLDD-UP,direct representative match: dHash<=4 + pHash + geometry + ORB/RANSAC,0,0,0,0,0.92125000,0.92125000,0.99728630,0.99728630,VERIFIED_NEAR_DUPLICATE
refined_9b3c4027a82e87125f50,rec_9c95a25a136844847b0f,2,2,0,Corn healthy,Seasonal Corn Leaf Disease Dataset,direct representative match: dHash<=4 + pHash + geometry + ORB/RANSAC,0,0,0,0,0.92620865,0.92620865,0.99725275,0.99725275,VERIFIED_NEAR_DUPLICATE
refined_ab1d4f3cf0fdf45731a1,rec_9cbb0a741e3a2b381ce9,2,2,0,Potato healthy,PLDD-UP,direct representative match: dHash<=4 + pHash + geometry + ORB/RANSAC,0,0,2,2,0.79625000,0.79625000,0.99843014,0.99843014,VERIFIED_NEAR_DUPLICATE
refined_5c5907460e4c0f7136fd,rec_9cd4cd15050d7de4967d,2,2,0,Potato Early blight,PLDD-UP,direct representative match: dHash<=4 + pHash + geometry + ORB/RANSAC,4,4,2,2,0.51178010,0.51178010,0.95396419,0.95396419,VERIFIED_NEAR_DUPLICATE
refined_cdf2f1315a3510add118,rec_9d0e77c509e3f2e27766,2,2,0,Potato Early blight,PLDD-UP,direct representative match: dHash<=4 + pHash + geometry + ORB/RANSAC,3,3,2,2,0.58625000,0.58625000,0.94882729,0.94882729,VERIFIED_NEAR_DUPLICATE
refined_984fd1125f04f63e3721,rec_9d1c5734714bea8a68ac,2,2,0,Potato healthy,PLDD-UP,direct representative match: dHash<=4 + pHash + geometry + ORB/RANSAC,0,0,0,0,0.99750000,0.99750000,1.00000000,1.00000000,VERIFIED_NEAR_DUPLICATE
refined_6b474f9df6897f0ac17e,rec_9d1c5b54040d8295415d,2,2,0,Corn healthy,Seasonal Corn Leaf Disease Dataset,direct representative match: dHash<=4 + pHash + geometry + ORB/RANSAC,1,1,0,0,0.89664804,0.89664804,0.99376947,0.99376947,VERIFIED_NEAR_DUPLICATE
refined_f35f3c97edc6116980f7,rec_9d309f803a5ebfc9535f,2,2,0,Potato healthy,PLDD-UP,direct representative match: dHash<=4 + pHash + geometry + ORB/RANSAC,2,2,0,0,0.75750000,0.75750000,0.88613861,0.88613861,VERIFIED_NEAR_DUPLICATE
refined_25491c0c2789ba2bde78,rec_9d68d308644117b8db67,2,2,0,Potato healthy,PLDD-UP,direct representative match: dHash<=4 + pHash + geometry + ORB/RANSAC,0,0,0,0,0.99729364,0.99729364,1.00000000,1.00000000,VERIFIED_NEAR_DUPLICATE
refined_d15d00102a69f11b8898,rec_9d929c611bb36e187078,2,2,0,Potato healthy,PLDD-UP,direct representative match: dHash<=4 + pHash + geometry + ORB/RANSAC,4,4,2,2,0.65375000,0.65375000,0.90057361,0.90057361,VERIFIED_NEAR_DUPLICATE
refined_b3737e648936271935b8,rec_9dacf6037ebc19326f57,2,2,0,Potato healthy,PLDD-UP,direct representative match: dHash<=4 + pHash + geometry + ORB/RANSAC,0,0,0,0,0.96625000,0.96625000,0.99741268,0.99741268,VERIFIED_NEAR_DUPLICATE
refined_bb77dcb07d575e68c012,rec_9db2e5675f1d94fa7144,2,2,0,Potato healthy,PLDD-UP,direct representative match: dHash<=4 + pHash + geometry + ORB/RANSAC,0,0,0,0,0.97625000,0.97625000,0.99871959,0.99871959,VERIFIED_NEAR_DUPLICATE
refined_a7c1450e483ad642a665,rec_9dc8e7e4c85a95ff0180,2,2,0,Corn healthy,Seasonal Corn Leaf Disease Dataset,direct representative match: dHash<=4 + pHash + geometry + ORB/RANSAC,0,0,0,0,0.90607735,0.90607735,1.00000000,1.00000000,VERIFIED_NEAR_DUPLICATE
refined_758d217fa19bb3bcd4ae,rec_9dd072abe197f7a9eb15,2,2,0,Potato healthy,PLDD-UP,direct representative match: dHash<=4 + pHash + geometry + ORB/RANSAC,0,0,0,0,0.94125000,0.94125000,0.99867198,0.99867198,VERIFIED_NEAR_DUPLICATE
refined_af46ccd6b277d5b9fc00,rec_9dd3e09ee38082ab9873,2,2,0,Potato healthy,PLDD-UP,direct representative match: dHash<=4 + pHash + geometry + ORB/RANSAC,0,0,0,0,0.95125000,0.95125000,1.00000000,1.00000000,VERIFIED_NEAR_DUPLICATE
refined_d2a8e6813426bcd245a7,rec_9de9a75d9b15a721b758,2,2,0,Potato Early blight,PLDD-UP,direct representative match: dHash<=4 + pHash + geometry + ORB/RANSAC,1,1,2,2,0.58064516,0.58064516,0.95601852,0.95601852,VERIFIED_NEAR_DUPLICATE
refined_8bde8f8749c6513b0c83,rec_9e48c84daee3cea9fd49,2,2,0,Potato Late blight,PLDD-UP,direct representative match: dHash<=4 + pHash + geometry + ORB/RANSAC,0,0,2,2,0.41838134,0.41838134,0.86885246,0.86885246,VERIFIED_NEAR_DUPLICATE
refined_ce47eb7df4d16e7b223d,rec_9e916b1cef2ebdcdfc6c,2,2,0,Potato healthy,PLDD-UP,direct representative match: dHash<=4 + pHash + geometry + ORB/RANSAC,0,0,0,0,0.99750000,0.99750000,1.00000000,1.00000000,VERIFIED_NEAR_DUPLICATE
refined_988851ea6a0ce5b0acce,rec_9e9d236774c86900a180,2,2,0,Corn Cercospora leaf spot,Seasonal Corn Leaf Disease Dataset,direct representative match: dHash<=4 + pHash + geometry + ORB/RANSAC,0,0,0,0,0.88933333,0.88933333,0.99850075,0.99850075,VERIFIED_NEAR_DUPLICATE
refined_e4748daf87c4715715e6,rec_9ef9460d8f3883905f0e,2,2,0,Corn healthy,Seasonal Corn Leaf Disease Dataset,direct representative match: dHash<=4 + pHash + geometry + ORB/RANSAC,0,0,2,2,0.93509934,0.93509934,0.99716714,0.99716714,VERIFIED_NEAR_DUPLICATE
refined_a7ac829364e61b7b4406,rec_9efa2ad843b8c4ed70cd,2,2,0,Potato healthy,PLDD-UP,direct representative match: dHash<=4 + pHash + geometry + ORB/RANSAC,0,0,0,0,0.97750000,0.97750000,0.99872123,0.99872123,VERIFIED_NEAR_DUPLICATE
refined_1039399015bd7049a580,rec_9efa87e181e91b4e50fa,2,2,0,Potato healthy,PLDD-UP,direct representative match: dHash<=4 + pHash + geometry + ORB/RANSAC,0,0,0,0,0.99125000,0.99125000,1.00000000,1.00000000,VERIFIED_NEAR_DUPLICATE
refined_b739c0a39948e11cf755,rec_9efb499582fd21fe23cc,2,2,0,Potato healthy,PLDD-UP,direct representative match: dHash<=4 + pHash + geometry + ORB/RANSAC,0,0,0,0,0.95750000,0.95750000,1.00000000,1.00000000,VERIFIED_NEAR_DUPLICATE
refined_cf5d6972f7bc86d3437f,rec_9f02376c60fa85f3a8bf,2,2,0,Potato healthy,PLDD-UP,direct representative match: dHash<=4 + pHash + geometry + ORB/RANSAC,0,0,0,0,0.96229050,0.96229050,0.99854862,0.99854862,VERIFIED_NEAR_DUPLICATE
refined_69bf0de95e8a03c861d3,rec_9f0ed853a1e4aeb5ea76,2,2,0,Potato healthy,PLDD-UP,direct representative match: dHash<=4 + pHash + geometry + ORB/RANSAC,0,0,0,0,0.95894040,0.95894040,0.99723757,0.99723757,VERIFIED_NEAR_DUPLICATE
refined_011aca0f2d1f008a4d76,rec_9f2cb3a173e70c8058d6,2,2,0,Corn healthy,Seasonal Corn Leaf Disease Dataset,direct representative match: dHash<=4 + pHash + geometry + ORB/RANSAC,1,1,0,0,0.83813443,0.83813443,0.98199673,0.98199673,VERIFIED_NEAR_DUPLICATE
refined_1d7982b9a3a0db981623,rec_9faa45be4884714e4d9b,2,2,0,Corn healthy,Seasonal Corn Leaf Disease Dataset,direct representative match: dHash<=4 + pHash + geometry + ORB/RANSAC,1,1,0,0,0.91432396,0.91432396,0.99853587,0.99853587,VERIFIED_NEAR_DUPLICATE
refined_98c6692161465d326b6c,rec_9fb076bbd14410190237,2,2,0,Potato healthy,PLDD-UP,direct representative match: dHash<=4 + pHash + geometry + ORB/RANSAC,0,0,0,0,0.99370277,0.99370277,1.00000000,1.00000000,VERIFIED_NEAR_DUPLICATE
refined_bd9d6ac44829ccd7855d,rec_9fb851f554b7b5d6aee6,2,2,0,Potato Late blight,PLDD-UP,direct representative match: dHash<=4 + pHash + geometry + ORB/RANSAC,0,0,4,4,0.58840580,0.58840580,0.96305419,0.96305419,VERIFIED_NEAR_DUPLICATE
refined_7d207dc319109abeafeb,rec_9fce6e9ce7904b9ebc75,2,2,0,Potato healthy,PLDD-UP,direct representative match: dHash<=4 + pHash + geometry + ORB/RANSAC,0,0,0,0,0.94500000,0.94500000,0.99867725,0.99867725,VERIFIED_NEAR_DUPLICATE
refined_6e7f774f9914596ee66e,rec_9fec9b0e46b5b8261d42,2,2,0,Potato healthy,PLDD-UP,direct representative match: dHash<=4 + pHash + geometry + ORB/RANSAC,0,0,2,2,0.76250000,0.76250000,0.98852459,0.98852459,VERIFIED_NEAR_DUPLICATE
refined_4b9e12d54ff566987b99,rec_9ff3d1cb343a637cb7a5,2,2,0,Potato healthy,PLDD-UP,direct representative match: dHash<=4 + pHash + geometry + ORB/RANSAC,0,0,0,0,0.99750000,0.99750000,1.00000000,1.00000000,VERIFIED_NEAR_DUPLICATE
refined_dd1362afa2f119d2db32,rec_a000600dfe252a6e4183,2,2,0,Potato healthy,PLDD-UP,direct representative match: dHash<=4 + pHash + geometry + ORB/RANSAC,0,0,0,0,0.96125000,0.96125000,0.99739922,0.99739922,VERIFIED_NEAR_DUPLICATE
refined_28415ae9263ab35579c0,rec_a00449bc2d8eef63e3f2,2,2,0,Potato healthy,PLDD-UP,direct representative match: dHash<=4 + pHash + geometry + ORB/RANSAC,0,0,0,0,0.96094840,0.96094840,1.00000000,1.00000000,VERIFIED_NEAR_DUPLICATE
refined_22988c00e4bdeefa47f6,rec_a05a09b6e47ad40489cb,2,2,0,Potato healthy,PLDD-UP,direct representative match: dHash<=4 + pHash + geometry + ORB/RANSAC,0,0,0,0,0.96125000,0.96125000,0.99739922,0.99739922,VERIFIED_NEAR_DUPLICATE
refined_9f2432e30f8baef327e7,rec_a05b29c0eca750e1935a,2,2,0,Potato healthy,PLDD-UP,direct representative match: dHash<=4 + pHash + geometry + ORB/RANSAC,0,0,0,0,0.96875000,0.96875000,0.99741935,0.99741935,VERIFIED_NEAR_DUPLICATE
refined_db747bdc9a21f6dc7fb4,rec_a06aed3b9fd080511965,2,2,0,Potato Early blight,PLDD-UP,direct representative match: dHash<=4 + pHash + geometry + ORB/RANSAC,0,0,4,4,0.37500000,0.37500000,0.84333333,0.84333333,VERIFIED_NEAR_DUPLICATE
refined_27355d09141d9f47baa3,rec_a07e264ac33055e56c82,2,2,0,Potato healthy,PLDD-UP,direct representative match: dHash<=4 + pHash + geometry + ORB/RANSAC,2,2,0,0,0.74893010,0.74893010,0.99047619,0.99047619,VERIFIED_NEAR_DUPLICATE
refined_b6971cb0564c1fe273a0,rec_a094ac6b5154e8fcb8b9,2,2,0,Potato Early blight,PLDD-UP,direct representative match: dHash<=4 + pHash + geometry + ORB/RANSAC,1,1,0,0,0.71685972,0.71685972,0.98025135,0.98025135,VERIFIED_NEAR_DUPLICATE
refined_90382f6176f890c981a7,rec_a0afef75bf96dbb8d806,2,2,0,Potato Late blight | Tomato Late blight,PlantDoc,direct representative match: dHash<=4 + pHash + geometry + ORB/RANSAC,0,0,0,0,0.94000000,0.94000000,0.99867021,0.99867021,VERIFIED_LABEL_CONFLICT
refined_fd7e3cef4f2b3ec41cb6,rec_a128f49bb0a6e2123e0b,2,2,0,Potato healthy,PLDD-UP,direct representative match: dHash<=4 + pHash + geometry + ORB/RANSAC,0,0,0,0,0.99750000,0.99750000,1.00000000,1.00000000,VERIFIED_NEAR_DUPLICATE
refined_91c2363c03ea44d66167,rec_a13ed9d966089a74348c,2,2,0,Squash Powdery mildew,PlantDoc,direct representative match: dHash<=4 + pHash + geometry + ORB/RANSAC,0,0,0,0,0.93750000,0.93750000,1.00000000,1.00000000,VERIFIED_NEAR_DUPLICATE
refined_16c7adf5d531ba6e6ec1,rec_a17c99fad7893da2f355,2,2,0,Corn healthy,Seasonal Corn Leaf Disease Dataset,direct representative match: dHash<=4 + pHash + geometry + ORB/RANSAC,1,1,0,0,0.93681319,0.93681319,0.99706745,0.99706745,VERIFIED_NEAR_DUPLICATE
refined_a21aecdf459c418ca19e,rec_a1933cf4eb53358caa9a,2,2,0,Potato healthy,PLDD-UP,direct representative match: dHash<=4 + pHash + geometry + ORB/RANSAC,0,0,0,0,0.95500000,0.95500000,1.00000000,1.00000000,VERIFIED_NEAR_DUPLICATE
refined_cd43c8aa5e04d998ad04,rec_a193b7acfcc6cb5f0593,2,2,0,Corn healthy,Seasonal Corn Leaf Disease Dataset,direct representative match: dHash<=4 + pHash + geometry + ORB/RANSAC,0,0,0,0,0.95188557,0.95188557,0.99863388,0.99863388,VERIFIED_NEAR_DUPLICATE
refined_e5f23c3fcf7a81be0ed6,rec_a1e97732d83d6357c248,2,2,0,Potato healthy,PLDD-UP,direct representative match: dHash<=4 + pHash + geometry + ORB/RANSAC,0,0,0,0,0.96750000,0.96750000,0.99741602,0.99741602,VERIFIED_NEAR_DUPLICATE
refined_8368edcf2c215a0738c6,rec_a1f6e1b9704038b479dc,2,2,0,Potato healthy,PLDD-UP,direct representative match: dHash<=4 + pHash + geometry + ORB/RANSAC,2,2,0,0,0.93375000,0.93375000,1.00000000,1.00000000,VERIFIED_NEAR_DUPLICATE
refined_d5bbc3bfe956bf755590,rec_a200681e2fb858ae82b0,2,2,0,Potato Early blight,PLDD-UP,direct representative match: dHash<=4 + pHash + geometry + ORB/RANSAC,3,3,2,2,0.59000000,0.59000000,0.86228814,0.86228814,VERIFIED_NEAR_DUPLICATE
refined_1e556e83ada0f9aa1256,rec_a2007c78e82a8933f92e,2,2,0,Potato healthy,PLDD-UP,direct representative match: dHash<=4 + pHash + geometry + ORB/RANSAC,0,0,0,0,0.99750000,0.99750000,0.99874687,0.99874687,VERIFIED_NEAR_DUPLICATE
refined_313a97d4581c7fc16e4a,rec_a20ba60d8c84a357a223,2,2,0,Corn healthy,Seasonal Corn Leaf Disease Dataset,direct representative match: dHash<=4 + pHash + geometry + ORB/RANSAC,2,2,0,0,0.84735202,0.84735202,0.96875000,0.96875000,VERIFIED_NEAR_DUPLICATE
refined_1d496b6d96d73dffc0ac,rec_a2380791c3069f2209fb,2,2,0,Potato healthy,PLDD-UP,direct representative match: dHash<=4 + pHash + geometry + ORB/RANSAC,0,0,0,0,0.95125000,0.95125000,0.99868594,0.99868594,VERIFIED_NEAR_DUPLICATE
refined_89323ad813c87aee149b,rec_a25077deac6bc8c6d383,2,2,0,Potato healthy,PLDD-UP,direct representative match: dHash<=4 + pHash + geometry + ORB/RANSAC,0,0,0,0,0.93625000,0.93625000,1.00000000,1.00000000,VERIFIED_NEAR_DUPLICATE
refined_028f1e1efd4cd7037471,rec_a2935035f076e9123b1e,2,2,0,Potato healthy,PLDD-UP,direct representative match: dHash<=4 + pHash + geometry + ORB/RANSAC,0,0,0,0,0.95875000,0.95875000,1.00000000,1.00000000,VERIFIED_NEAR_DUPLICATE
refined_40e27840ece199d05508,rec_a298e28287ef6defb2d9,2,2,0,Corn healthy,Seasonal Corn Leaf Disease Dataset,direct representative match: dHash<=4 + pHash + geometry + ORB/RANSAC,1,1,0,0,0.92547425,0.92547425,0.99853587,0.99853587,VERIFIED_NEAR_DUPLICATE
refined_994f57032aaa9ca59c64,rec_a2a0630876d9009944fa,2,2,0,Potato Late blight,PLDD-UP,direct representative match: dHash<=4 + pHash + geometry + ORB/RANSAC,1,1,4,4,0.22769640,0.22769640,0.76023392,0.76023392,VERIFIED_NEAR_DUPLICATE
refined_6176eda6d49759b2dc56,rec_a2ba1007ec996a43de7e,2,2,0,Potato healthy,PLDD-UP,direct representative match: dHash<=4 + pHash + geometry + ORB/RANSAC,0,0,0,0,0.96645161,0.96645161,0.99599466,0.99599466,VERIFIED_NEAR_DUPLICATE
refined_3297e7bdb46b23017299,rec_a2d6c6f1202d384f0527,2,2,0,Corn healthy,Seasonal Corn Leaf Disease Dataset,direct representative match: dHash<=4 + pHash + geometry + ORB/RANSAC,0,0,0,0,0.92093704,0.92093704,1.00000000,1.00000000,VERIFIED_NEAR_DUPLICATE
refined_4facdd9ab43112ae5515,rec_a2e0f1eb68554f9b74e2,2,2,0,Potato healthy,PLDD-UP,direct representative match: dHash<=4 + pHash + geometry + ORB/RANSAC,0,0,0,0,0.75476839,0.75476839,0.98555957,0.98555957,VERIFIED_NEAR_DUPLICATE
refined_7f681d7585291c67a3f4,rec_a38a6f4447c976687b2c,2,2,0,Potato Early blight,PLDD-UP,direct representative match: dHash<=4 + pHash + geometry + ORB/RANSAC,4,4,4,4,0.66000000,0.66000000,0.85037879,0.85037879,VERIFIED_NEAR_DUPLICATE
refined_2958429a6635690b9a5e,rec_a3b4ceacfbdb2fe754c2,2,2,0,Potato Early blight,PLDD-UP,direct representative match: dHash<=4 + pHash + geometry + ORB/RANSAC,0,0,4,4,0.53500000,0.53500000,0.96962617,0.96962617,VERIFIED_NEAR_DUPLICATE
refined_31e8089869865aeba552,rec_a3c62d6195783e3632c7,2,2,0,Potato Late blight,PLDD-UP,direct representative match: dHash<=4 + pHash + geometry + ORB/RANSAC,1,1,4,4,0.54378531,0.54378531,0.93506494,0.93506494,VERIFIED_NEAR_DUPLICATE
refined_e26c39d020429cfd2bdf,rec_a3d00bd5808dc8b7c819,2,2,0,Potato healthy,PLDD-UP,direct representative match: dHash<=4 + pHash + geometry + ORB/RANSAC,0,0,0,0,0.97625000,0.97625000,0.99743918,0.99743918,VERIFIED_NEAR_DUPLICATE
refined_8695be58f6aa1e39a506,rec_a3eb510e67f984682ae9,2,2,0,Potato healthy,PLDD-UP,direct representative match: dHash<=4 + pHash + geometry + ORB/RANSAC,0,0,0,0,0.99500000,0.99500000,1.00000000,1.00000000,VERIFIED_NEAR_DUPLICATE
refined_1b8690bf8041837aa0f2,rec_a4079bad1837b1dd1989,2,2,0,Corn healthy,Seasonal Corn Leaf Disease Dataset,direct representative match: dHash<=4 + pHash + geometry + ORB/RANSAC,0,0,0,0,0.93084371,0.93084371,0.99702823,0.99702823,VERIFIED_NEAR_DUPLICATE
refined_5da9f911f3620c596759,rec_a41886b2799c07934621,2,2,0,Potato healthy,PLDD-UP,direct representative match: dHash<=4 + pHash + geometry + ORB/RANSAC,0,0,0,0,0.87375000,0.87375000,0.99570815,0.99570815,VERIFIED_NEAR_DUPLICATE
refined_b62e8b21b16e457b7129,rec_a41d217de5dd84872e40,2,2,0,Potato healthy,PLDD-UP,direct representative match: dHash<=4 + pHash + geometry + ORB/RANSAC,0,0,0,0,0.95500000,0.95500000,0.99869110,0.99869110,VERIFIED_NEAR_DUPLICATE
refined_3a7072804d9ae75bd097,rec_a431b123807aebe30344,2,2,0,Potato healthy,PLDD-UP,direct representative match: dHash<=4 + pHash + geometry + ORB/RANSAC,0,0,0,0,0.96875000,0.96875000,0.99870968,0.99870968,VERIFIED_NEAR_DUPLICATE
refined_cb5cbb958fbd8f222a5a,rec_a464f9f188e4eee786f3,2,2,0,Potato healthy,PLDD-UP,direct representative match: dHash<=4 + pHash + geometry + ORB/RANSAC,0,0,0,0,0.99625000,0.99625000,1.00000000,1.00000000,VERIFIED_NEAR_DUPLICATE
refined_9a128bbbc5aa6ae06b5f,rec_a4816b8b86370d3013b1,2,2,0,Potato healthy,PLDD-UP,direct representative match: dHash<=4 + pHash + geometry + ORB/RANSAC,0,0,0,0,0.96000000,0.96000000,1.00000000,1.00000000,VERIFIED_NEAR_DUPLICATE
refined_9d8ebeb46549a8935779,rec_a48d5c0d2469611f0046,2,2,0,Potato healthy,PLDD-UP,direct representative match: dHash<=4 + pHash + geometry + ORB/RANSAC,0,0,0,0,0.95375000,0.95375000,1.00000000,1.00000000,VERIFIED_NEAR_DUPLICATE
refined_fdfe0f671fb6517853e2,rec_a492dc2f48441ab93af6,2,2,0,Potato Early blight,PLDD-UP,direct representative match: dHash<=4 + pHash + geometry + ORB/RANSAC,4,4,2,2,0.28125000,0.28125000,0.68000000,0.68000000,VERIFIED_NEAR_DUPLICATE
refined_9af08555eff4860d76c4,rec_a4c5cd1d0924789c7a67,2,2,0,Potato Late blight,PLDD-UP,direct representative match: dHash<=4 + pHash + geometry + ORB/RANSAC,4,4,4,4,0.58203125,0.58203125,0.97986577,0.97986577,VERIFIED_NEAR_DUPLICATE
refined_e03c48c6e0e940c7acea,rec_a4d94d00ca15e48b5cce,2,2,0,Potato healthy,PLDD-UP,direct representative match: dHash<=4 + pHash + geometry + ORB/RANSAC,0,0,2,2,0.77000000,0.77000000,0.99025974,0.99025974,VERIFIED_NEAR_DUPLICATE
refined_1714e7312ecf823e5d0a,rec_a4edc229c7c41bcb65e2,2,2,0,Potato healthy,PLDD-UP,direct representative match: dHash<=4 + pHash + geometry + ORB/RANSAC,0,0,2,2,0.74822191,0.74822191,0.88973384,0.88973384,VERIFIED_NEAR_DUPLICATE
refined_a9694ce61d42bfbb4e59,rec_a521fcd64a4998521374,2,2,0,Potato healthy,PLDD-UP,direct representative match: dHash<=4 + pHash + geometry + ORB/RANSAC,0,0,0,0,0.93324937,0.93324937,0.99730094,0.99730094,VERIFIED_NEAR_DUPLICATE
refined_659aef4c4d02492a9028,rec_a53e7e9d9473a5f664ef,2,2,0,Potato healthy,PLDD-UP,direct representative match: dHash<=4 + pHash + geometry + ORB/RANSAC,0,0,0,0,0.99625000,0.99625000,1.00000000,1.00000000,VERIFIED_NEAR_DUPLICATE
refined_9a79503edae5af48ccc1,rec_a55260bb1901ef18b742,2,2,0,Corn healthy,Seasonal Corn Leaf Disease Dataset,direct representative match: dHash<=4 + pHash + geometry + ORB/RANSAC,2,2,0,0,0.93880208,0.93880208,0.99583911,0.99583911,VERIFIED_NEAR_DUPLICATE
refined_acdb7e75738d52f8a4df,rec_a56a5fbe211f2a44ee87,2,2,0,Corn healthy,Seasonal Corn Leaf Disease Dataset,direct representative match: dHash<=4 + pHash + geometry + ORB/RANSAC,0,0,0,0,0.85089463,0.85089463,0.99299065,0.99299065,VERIFIED_NEAR_DUPLICATE
refined_aec4320a5e3a1a23f21f,rec_a57d48af8fec6275d23f,2,2,0,Potato healthy,PLDD-UP,direct representative match: dHash<=4 + pHash + geometry + ORB/RANSAC,1,1,2,2,0.76000000,0.76000000,0.99342105,0.99342105,VERIFIED_NEAR_DUPLICATE
refined_78bbaeeabd0f0d837d15,rec_a585c235ed5a1124e034,3,3,0,Potato Late blight,PLDD-UP,direct representative match: dHash<=4 + pHash + geometry + ORB/RANSAC,3,4,2,4,0.62875000,0.66625000,0.69582505,0.84615385,VERIFIED_NEAR_DUPLICATE
refined_df990677c54eacbb0df8,rec_a59de839d70e357608e2,2,2,0,Potato healthy,PLDD-UP,direct representative match: dHash<=4 + pHash + geometry + ORB/RANSAC,0,0,0,0,0.95625000,0.95625000,0.99607843,0.99607843,VERIFIED_NEAR_DUPLICATE
refined_5354cde7db8a950f5624,rec_a5d6e2b564d1a775efa1,2,2,0,Potato healthy,PLDD-UP,direct representative match: dHash<=4 + pHash + geometry + ORB/RANSAC,0,0,0,0,0.95625000,0.95625000,0.99738562,0.99738562,VERIFIED_NEAR_DUPLICATE
refined_238f1ae8c44314f6760e,rec_a5d9cedf2a352228ce5d,2,2,0,Potato healthy,PLDD-UP,direct representative match: dHash<=4 + pHash + geometry + ORB/RANSAC,0,0,0,0,0.95875000,0.95875000,1.00000000,1.00000000,VERIFIED_NEAR_DUPLICATE
refined_ec685900dc7574a3fd15,rec_a62404e4b1cb7ddb0945,2,2,0,Potato healthy,PLDD-UP,direct representative match: dHash<=4 + pHash + geometry + ORB/RANSAC,0,0,0,0,0.99625000,0.99625000,1.00000000,1.00000000,VERIFIED_NEAR_DUPLICATE
refined_985af07f2f3773b87d1a,rec_a63f411c798c33bf4024,2,2,0,Potato healthy,PLDD-UP,direct representative match: dHash<=4 + pHash + geometry + ORB/RANSAC,0,0,0,0,0.95375000,0.95375000,0.99868938,0.99868938,VERIFIED_NEAR_DUPLICATE
refined_6b729e3c5926f1f79428,rec_a641c6b4d44508dccc4b,2,2,0,Potato healthy,PLDD-UP,direct representative match: dHash<=4 + pHash + geometry + ORB/RANSAC,1,1,0,0,0.81851852,0.81851852,1.00000000,1.00000000,VERIFIED_NEAR_DUPLICATE
refined_a4282311ef95d2b45773,rec_a64e8cf2132474b9dc8b,2,2,0,Potato healthy,PLDD-UP,direct representative match: dHash<=4 + pHash + geometry + ORB/RANSAC,0,0,0,0,0.95862069,0.95862069,0.99856115,0.99856115,VERIFIED_NEAR_DUPLICATE
refined_fc8926e717874b1d3d39,rec_a65550c847c37c826b60,2,2,0,Potato Early blight,PLDD-UP,direct representative match: dHash<=4 + pHash + geometry + ORB/RANSAC,1,1,0,0,0.71850900,0.71850900,0.93202147,0.93202147,VERIFIED_NEAR_DUPLICATE
refined_eaecc4129d72060cf15c,rec_a6870c61022a7945ca60,2,2,0,Potato healthy,PLDD-UP,direct representative match: dHash<=4 + pHash + geometry + ORB/RANSAC,0,0,0,0,0.96000000,0.96000000,0.99869792,0.99869792,VERIFIED_NEAR_DUPLICATE
refined_0b9590f09cd5ee8bb02c,rec_a688e2628786a6b8ae4e,2,2,0,Potato healthy,PLDD-UP,direct representative match: dHash<=4 + pHash + geometry + ORB/RANSAC,0,0,0,0,0.95625000,0.95625000,1.00000000,1.00000000,VERIFIED_NEAR_DUPLICATE
refined_e68ec1ed88ea8831fc4e,rec_a77f29da266e39f6b8d6,2,2,0,Potato healthy,PLDD-UP,direct representative match: dHash<=4 + pHash + geometry + ORB/RANSAC,0,0,0,0,0.94000000,0.94000000,0.99601064,0.99601064,VERIFIED_NEAR_DUPLICATE
refined_7f7affe359d0e673883a,rec_a7a188c963c6abe80004,2,2,0,Potato healthy,PLDD-UP,direct representative match: dHash<=4 + pHash + geometry + ORB/RANSAC,0,0,0,0,0.99625000,0.99625000,1.00000000,1.00000000,VERIFIED_NEAR_DUPLICATE
refined_fdb0bd2ea221d62ef938,rec_a7de1bb776c67fe74b29,2,2,0,Potato healthy,PLDD-UP,direct representative match: dHash<=4 + pHash + geometry + ORB/RANSAC,0,0,0,0,0.95125000,0.95125000,1.00000000,1.00000000,VERIFIED_NEAR_DUPLICATE
refined_560253c74f900d7b71e8,rec_a8352b44b73a3f3fc9c7,2,2,0,Potato healthy,PLDD-UP,direct representative match: dHash<=4 + pHash + geometry + ORB/RANSAC,1,1,2,2,0.58967742,0.58967742,0.97374179,0.97374179,VERIFIED_NEAR_DUPLICATE
refined_e010c11c1c12e53517bb,rec_a8600323a9c68ff39a6a,2,2,0,Potato healthy,PLDD-UP,direct representative match: dHash<=4 + pHash + geometry + ORB/RANSAC,0,0,0,0,0.93885350,0.93885350,0.99864315,0.99864315,VERIFIED_NEAR_DUPLICATE
refined_aa0f3d69c22f41899655,rec_a868d112c9bbde3a69b5,2,2,0,Potato healthy,PLDD-UP,direct representative match: dHash<=4 + pHash + geometry + ORB/RANSAC,0,0,0,0,0.96875000,0.96875000,1.00000000,1.00000000,VERIFIED_NEAR_DUPLICATE
refined_5d6de006c7899caab855,rec_a8da5c8fe698cf305ccb,2,2,0,Potato healthy,PLDD-UP,direct representative match: dHash<=4 + pHash + geometry + ORB/RANSAC,0,0,0,0,0.96125000,0.96125000,0.99739922,0.99739922,VERIFIED_NEAR_DUPLICATE
refined_9359e6425e6fff442866,rec_a9345a52671d86acd7a0,2,2,0,Corn healthy,Seasonal Corn Leaf Disease Dataset,direct representative match: dHash<=4 + pHash + geometry + ORB/RANSAC,0,0,0,0,0.92353823,0.92353823,0.99837662,0.99837662,VERIFIED_NEAR_DUPLICATE
refined_2c184e7f2a037ddda887,rec_a9357bbae6fa8f53d729,3,3,0,Potato Late blight,PLDD-UP,direct representative match: dHash<=4 + pHash + geometry + ORB/RANSAC,1,2,2,2,0.62000000,0.63500000,0.92137097,0.94685039,VERIFIED_NEAR_DUPLICATE
refined_dae408b885a31858fe6a,rec_a95d4744fa25895be384,2,2,0,Potato healthy,PLDD-UP,direct representative match: dHash<=4 + pHash + geometry + ORB/RANSAC,0,0,0,0,0.97625000,0.97625000,0.99615877,0.99615877,VERIFIED_NEAR_DUPLICATE
refined_267007190611184864f9,rec_a99c41c50ef9970639e9,2,2,0,Potato Late blight,PLDD-UP,direct representative match: dHash<=4 + pHash + geometry + ORB/RANSAC,3,3,2,2,0.62000000,0.62000000,0.82661290,0.82661290,VERIFIED_NEAR_DUPLICATE
refined_d104b018a6bb7ca9b1da,rec_a9da4f8c7e8fc8183548,2,2,0,Potato healthy,PLDD-UP,direct representative match: dHash<=4 + pHash + geometry + ORB/RANSAC,0,0,0,0,0.96625000,0.96625000,0.99482536,0.99482536,VERIFIED_NEAR_DUPLICATE
refined_b9f2f6a626abb1d0af76,rec_a9db252c1e9aa33facee,2,2,0,Potato healthy,PLDD-UP,direct representative match: dHash<=4 + pHash + geometry + ORB/RANSAC,4,4,2,2,0.79012346,0.79012346,0.99131944,0.99131944,VERIFIED_NEAR_DUPLICATE
refined_99f299dd497b7e9a5d09,rec_aa15ae062fb6bf7b6d73,2,2,0,Corn healthy,Seasonal Corn Leaf Disease Dataset,direct representative match: dHash<=4 + pHash + geometry + ORB/RANSAC,1,1,0,0,0.90497076,0.90497076,1.00000000,1.00000000,VERIFIED_NEAR_DUPLICATE
refined_930386e172187485bd98,rec_aa7bf401493057594433,2,2,0,Potato healthy,PLDD-UP,direct representative match: dHash<=4 + pHash + geometry + ORB/RANSAC,0,0,0,0,0.94422827,0.94422827,0.99725275,0.99725275,VERIFIED_NEAR_DUPLICATE
refined_e7e6d2bd6c0487be623b,rec_aaa5d6ae4e18c36570c5,2,2,0,Potato Late blight,PLDD-UP,direct representative match: dHash<=4 + pHash + geometry + ORB/RANSAC,0,0,4,4,0.69666667,0.69666667,0.98803828,0.98803828,VERIFIED_NEAR_DUPLICATE
refined_f2b510c1a0f6bb689f72,rec_aac82290f2e19ab7db8d,2,2,0,Potato healthy,PLDD-UP,direct representative match: dHash<=4 + pHash + geometry + ORB/RANSAC,0,0,0,0,0.99868421,0.99868421,1.00000000,1.00000000,VERIFIED_NEAR_DUPLICATE
refined_97b60fd6e71471860e16,rec_aaca184537bcdd73c0dd,2,2,0,Corn healthy,Seasonal Corn Leaf Disease Dataset,direct representative match: dHash<=4 + pHash + geometry + ORB/RANSAC,0,0,0,0,0.92885375,0.92885375,1.00000000,1.00000000,VERIFIED_NEAR_DUPLICATE
refined_7f4671fad87a1de89eb0,rec_aae2db548e3db704bb79,2,2,0,Potato healthy,PLDD-UP,direct representative match: dHash<=4 + pHash + geometry + ORB/RANSAC,0,0,2,2,0.73125000,0.73125000,0.92478632,0.92478632,VERIFIED_NEAR_DUPLICATE
refined_5204b5e4448d8fa73bf4,rec_ab5885c12e82f3ffca73,2,2,0,Potato healthy,PLDD-UP,direct representative match: dHash<=4 + pHash + geometry + ORB/RANSAC,0,0,0,0,0.92875000,0.92875000,0.99730821,0.99730821,VERIFIED_NEAR_DUPLICATE
refined_34363975cb77e733527a,rec_ab8066a90f3880501edf,2,2,0,Potato healthy,PLDD-UP,direct representative match: dHash<=4 + pHash + geometry + ORB/RANSAC,3,3,0,0,0.72250000,0.72250000,0.96539792,0.96539792,VERIFIED_NEAR_DUPLICATE
refined_dec062e6fc41043d3096,rec_ab8bf1dcce1c2ae55ab7,2,2,0,Potato healthy,PLDD-UP,direct representative match: dHash<=4 + pHash + geometry + ORB/RANSAC,0,0,0,0,0.96250000,0.96250000,0.99870130,0.99870130,VERIFIED_NEAR_DUPLICATE
refined_73e1766678f00a77b21d,rec_ab98a38e156824a25969,2,2,0,Potato Late blight,PLDD-UP,direct representative match: dHash<=4 + pHash + geometry + ORB/RANSAC,0,0,4,4,0.54088050,0.54088050,0.97209302,0.97209302,VERIFIED_NEAR_DUPLICATE
refined_77d6e83d0bee4fff9e0b,rec_aba8911f05bd8a9cd3f2,3,3,0,Potato healthy,PLDD-UP,direct representative match: dHash<=4 + pHash + geometry + ORB/RANSAC,0,0,2,2,0.96250000,0.96875000,1.00000000,1.00000000,VERIFIED_NEAR_DUPLICATE
refined_92688a80d94afe925693,rec_abacad64f6895184cb38,2,2,0,Potato healthy,PLDD-UP,direct representative match: dHash<=4 + pHash + geometry + ORB/RANSAC,0,0,2,2,0.75625000,0.75625000,0.98842975,0.98842975,VERIFIED_NEAR_DUPLICATE
refined_28fc3305472f64e7f844,rec_abae8a79faa77f0d7a23,2,2,0,Potato healthy,PLDD-UP,direct representative match: dHash<=4 + pHash + geometry + ORB/RANSAC,0,0,0,0,0.79411765,0.79411765,0.95767196,0.95767196,VERIFIED_NEAR_DUPLICATE
refined_a5b7b96a49c8ee2722ea,rec_abc83d72c8950ddc67e5,2,2,0,Potato Late blight,PLDD-UP,direct representative match: dHash<=4 + pHash + geometry + ORB/RANSAC,2,2,2,2,0.58000000,0.58000000,0.76508621,0.76508621,VERIFIED_NEAR_DUPLICATE
refined_6b3adec8419687c4befb,rec_abda8555de74de49374d,3,3,0,Potato Early blight,PLDD-UP,direct representative match: dHash<=4 + pHash + geometry + ORB/RANSAC,0,0,4,4,0.55290611,0.73880597,0.91111111,0.95687332,VERIFIED_NEAR_DUPLICATE
refined_6543ffb047cfc65fcd17,rec_ac2b4c959021fbce2642,2,2,0,Potato healthy,PLDD-UP,direct representative match: dHash<=4 + pHash + geometry + ORB/RANSAC,1,1,0,0,0.75375000,0.75375000,0.97678275,0.97678275,VERIFIED_NEAR_DUPLICATE
refined_d8d2015b09688dd3045c,rec_ac385c7176e9c107ecd4,2,2,0,Potato Late blight,PLDD-UP,direct representative match: dHash<=4 + pHash + geometry + ORB/RANSAC,3,3,2,2,0.44543147,0.44543147,0.75783476,0.75783476,VERIFIED_NEAR_DUPLICATE
refined_eacbb71aeb08c941b480,rec_ac71d5c7026651fc599c,2,2,0,Potato healthy,PLDD-UP,direct representative match: dHash<=4 + pHash + geometry + ORB/RANSAC,1,1,0,0,0.73860590,0.73860590,0.99637024,0.99637024,VERIFIED_NEAR_DUPLICATE
refined_0d6a418f848c02357ffc,rec_ac758a7a8c3e3bee9be4,2,2,0,Potato healthy,PLDD-UP,direct representative match: dHash<=4 + pHash + geometry + ORB/RANSAC,0,0,0,0,0.97125000,0.97125000,1.00000000,1.00000000,VERIFIED_NEAR_DUPLICATE
refined_afd4d2ad7cab376d80e7,rec_ac82d1ac57c6bfc57782,2,2,0,Potato Early blight,PLDD-UP,direct representative match: dHash<=4 + pHash + geometry + ORB/RANSAC,2,2,2,2,0.49933066,0.49933066,0.89276139,0.89276139,VERIFIED_NEAR_DUPLICATE
refined_6f334574ccc0619f3f9e,rec_acf2afcf0c82a46935ff,2,2,0,Tomato Septoria leaf spot,PlantDoc,direct representative match: dHash<=4 + pHash + geometry + ORB/RANSAC,0,0,0,0,1.00000000,1.00000000,1.00000000,1.00000000,VERIFIED_NEAR_DUPLICATE
refined_a4bcb102a6746d268a0a,rec_ad18905be4aa17d40c48,2,2,0,Potato healthy,PLDD-UP,direct representative match: dHash<=4 + pHash + geometry + ORB/RANSAC,0,0,0,0,0.95875000,0.95875000,1.00000000,1.00000000,VERIFIED_NEAR_DUPLICATE
refined_f5dbd963132180b97eb1,rec_ad4cea98948f3dc682dd,2,2,0,Potato healthy,PLDD-UP,direct representative match: dHash<=4 + pHash + geometry + ORB/RANSAC,0,0,0,0,0.95000000,0.95000000,0.99736842,0.99736842,VERIFIED_NEAR_DUPLICATE
refined_4dbac4c79be7d3d71a18,rec_ae2430160be911a7d082,2,2,0,Potato healthy,PLDD-UP,direct representative match: dHash<=4 + pHash + geometry + ORB/RANSAC,0,0,0,0,0.99500000,0.99500000,1.00000000,1.00000000,VERIFIED_NEAR_DUPLICATE
refined_b371716329aa7a1e4bf8,rec_ae627416ae706c09b6a3,2,2,0,Corn healthy,Seasonal Corn Leaf Disease Dataset,direct representative match: dHash<=4 + pHash + geometry + ORB/RANSAC,0,0,2,2,0.91349934,0.91349934,1.00000000,1.00000000,VERIFIED_NEAR_DUPLICATE
refined_1e381c58a91eb414661d,rec_ae6ad1f6b74aab2cae11,2,2,0,Potato healthy,PLDD-UP,direct representative match: dHash<=4 + pHash + geometry + ORB/RANSAC,1,1,0,0,0.72642762,0.72642762,0.97806216,0.97806216,VERIFIED_NEAR_DUPLICATE
refined_272af12e2d56186985ea,rec_ae8136fc94d9e5c39da9,2,2,0,Potato Early blight | Potato Late blight,PLDD-UP,direct representative match: dHash<=4 + pHash + geometry + ORB/RANSAC,4,4,6,6,0.46375000,0.46375000,0.80323450,0.80323450,VERIFIED_LABEL_CONFLICT
refined_b090445636e76ee0e254,rec_aed37e62dec03f8fe55b,2,2,0,Potato healthy,PLDD-UP,direct representative match: dHash<=4 + pHash + geometry + ORB/RANSAC,0,0,2,2,0.71515152,0.71515152,0.99152542,0.99152542,VERIFIED_NEAR_DUPLICATE
refined_e8ac53d8ecae73ae2f09,rec_af42b2c218e23a03d0bc,2,2,0,Potato healthy,PLDD-UP,direct representative match: dHash<=4 + pHash + geometry + ORB/RANSAC,0,0,0,0,0.96500000,0.96500000,1.00000000,1.00000000,VERIFIED_NEAR_DUPLICATE
refined_d72ee3979f7cd7d71a8e,rec_af45fb94b202f255d7e9,2,2,0,Potato Late blight,PLDD-UP,direct representative match: dHash<=4 + pHash + geometry + ORB/RANSAC,4,4,2,2,0.58875000,0.58875000,0.96602972,0.96602972,VERIFIED_NEAR_DUPLICATE
refined_29d762e3a1423f7ce5cf,rec_af4610546cf4fc39d8f9,2,2,0,Potato Early blight | Potato Late blight,PLDD-UP,direct representative match: dHash<=4 + pHash + geometry + ORB/RANSAC,0,0,6,6,0.46498599,0.46498599,0.98192771,0.98192771,VERIFIED_LABEL_CONFLICT
refined_03ba0157fe085343cd6c,rec_af5a62e8ed22764bcb7b,2,2,0,Potato healthy,PLDD-UP,direct representative match: dHash<=4 + pHash + geometry + ORB/RANSAC,0,0,0,0,0.78688525,0.78688525,0.99038462,0.99038462,VERIFIED_NEAR_DUPLICATE
refined_519d6ec027a18ed7361d,rec_af683ebd3a02ae98b421,2,2,0,Potato healthy,PLDD-UP,direct representative match: dHash<=4 + pHash + geometry + ORB/RANSAC,1,1,0,0,0.77375000,0.77375000,0.98061389,0.98061389,VERIFIED_NEAR_DUPLICATE
refined_2cbe639cf34c97fa5553,rec_af70e041cdc21aadc8bc,2,2,0,Corn healthy,Seasonal Corn Leaf Disease Dataset,direct representative match: dHash<=4 + pHash + geometry + ORB/RANSAC,0,0,0,0,0.90257880,0.90257880,1.00000000,1.00000000,VERIFIED_NEAR_DUPLICATE
refined_76e504b172f90e2401bf,rec_afe8b426285b6e847dde,2,2,0,Potato healthy,PLDD-UP,direct representative match: dHash<=4 + pHash + geometry + ORB/RANSAC,1,1,2,2,0.74500000,0.74500000,0.98825503,0.98825503,VERIFIED_NEAR_DUPLICATE
refined_97260a62d6d829c4bcb3,rec_b0142f7b885f5c21946e,2,2,0,Corn healthy,Seasonal Corn Leaf Disease Dataset,direct representative match: dHash<=4 + pHash + geometry + ORB/RANSAC,3,3,0,0,0.93637621,0.93637621,1.00000000,1.00000000,VERIFIED_NEAR_DUPLICATE
refined_348d9b4f3db691aa2c2c,rec_b0557a1fbb8aef664d43,2,2,0,Potato healthy,PLDD-UP,direct representative match: dHash<=4 + pHash + geometry + ORB/RANSAC,0,0,0,0,0.81875000,0.81875000,0.99236641,0.99236641,VERIFIED_NEAR_DUPLICATE
refined_09f285349ec02018207d,rec_b077103872f71d7c2cdf,2,2,0,Potato healthy,PLDD-UP,direct representative match: dHash<=4 + pHash + geometry + ORB/RANSAC,0,0,0,0,0.83380682,0.83380682,0.99148211,0.99148211,VERIFIED_NEAR_DUPLICATE
refined_f8f8b6e5cb4232b21c77,rec_b07c7cfe1bbd977dbf49,2,2,0,Potato healthy,PLDD-UP,direct representative match: dHash<=4 + pHash + geometry + ORB/RANSAC,0,0,0,0,0.91750000,0.91750000,1.00000000,1.00000000,VERIFIED_NEAR_DUPLICATE
refined_68d84d2f4da478a4dc53,rec_b14def8e0e672a5fd6bc,2,2,0,Corn healthy,Seasonal Corn Leaf Disease Dataset,direct representative match: dHash<=4 + pHash + geometry + ORB/RANSAC,1,1,0,0,0.91623037,0.91623037,1.00000000,1.00000000,VERIFIED_NEAR_DUPLICATE
refined_651eb9c3ddd190f2a9a8,rec_b15138133e020640d8b9,2,2,0,Potato healthy,PLDD-UP,direct representative match: dHash<=4 + pHash + geometry + ORB/RANSAC,0,0,0,0,0.93250000,0.93250000,1.00000000,1.00000000,VERIFIED_NEAR_DUPLICATE
refined_c4f5be67cad3948428cd,rec_b1597cba43bef25186ad,2,2,0,Corn healthy,Seasonal Corn Leaf Disease Dataset,direct representative match: dHash<=4 + pHash + geometry + ORB/RANSAC,0,0,2,2,0.88000000,0.88000000,0.99783550,0.99783550,VERIFIED_NEAR_DUPLICATE
refined_06735170c7eda683a1d8,rec_b15e708e806ed23163ca,2,2,0,Potato healthy,PLDD-UP,direct representative match: dHash<=4 + pHash + geometry + ORB/RANSAC,0,0,0,0,0.86125000,0.86125000,0.96661829,0.96661829,VERIFIED_NEAR_DUPLICATE
refined_34d42355fdadc81f35fa,rec_b16b80dae10812976367,2,2,0,Corn healthy,Seasonal Corn Leaf Disease Dataset,direct representative match: dHash<=4 + pHash + geometry + ORB/RANSAC,1,1,0,0,0.92408377,0.92408377,0.99858357,0.99858357,VERIFIED_NEAR_DUPLICATE
refined_716f0c83e1953a6adba8,rec_b224ff3414132ff3cf19,2,2,0,Corn healthy,Seasonal Corn Leaf Disease Dataset,direct representative match: dHash<=4 + pHash + geometry + ORB/RANSAC,1,1,0,0,0.91336270,0.91336270,0.99517685,0.99517685,VERIFIED_NEAR_DUPLICATE
refined_3723ba53306a90d7cb2d,rec_b22c209c7d90b33f61ed,3,3,0,Potato healthy,PLDD-UP,direct representative match: dHash<=4 + pHash + geometry + ORB/RANSAC,0,1,0,0,0.95000000,0.97125000,0.99871300,1.00000000,VERIFIED_NEAR_DUPLICATE
refined_ee455878706882cc9cfb,rec_b23153453bdcb3c26690,2,2,0,Potato healthy,PLDD-UP,direct representative match: dHash<=4 + pHash + geometry + ORB/RANSAC,1,1,0,0,0.84664132,0.84664132,0.98502994,0.98502994,VERIFIED_NEAR_DUPLICATE
refined_792036533e5c7c36c33b,rec_b25d0ef1c0bb054ee90a,2,2,0,Potato healthy,PLDD-UP,direct representative match: dHash<=4 + pHash + geometry + ORB/RANSAC,1,1,0,0,0.93139842,0.93139842,1.00000000,1.00000000,VERIFIED_NEAR_DUPLICATE
refined_bd7193c14f1c8bf9b703,rec_b26b1622363ab363b933,2,2,0,Potato healthy,PLDD-UP,direct representative match: dHash<=4 + pHash + geometry + ORB/RANSAC,0,0,0,0,0.97000000,0.97000000,0.99742268,0.99742268,VERIFIED_NEAR_DUPLICATE
refined_839fce1a417b0a1ff993,rec_b2a8c3a189d067606dee,2,2,0,Corn healthy,Seasonal Corn Leaf Disease Dataset,direct representative match: dHash<=4 + pHash + geometry + ORB/RANSAC,0,0,0,0,0.92926491,0.92926491,0.99850746,0.99850746,VERIFIED_NEAR_DUPLICATE
refined_2283c3a782f428582b28,rec_b2b22599ae99ff1838f3,3,3,0,Potato Early blight | Potato healthy,PLDD-UP,direct representative match: dHash<=4 + pHash + geometry + ORB/RANSAC,0,2,2,4,0.43625000,0.94125000,0.87679083,0.99468792,VERIFIED_LABEL_CONFLICT
refined_6db858720a9ede1b5abe,rec_b2bc9e7909d561729d13,2,2,0,Potato healthy,PLDD-UP,direct representative match: dHash<=4 + pHash + geometry + ORB/RANSAC,0,0,4,4,0.79568528,0.79568528,0.99362041,0.99362041,VERIFIED_NEAR_DUPLICATE
refined_dcfc95ac6d19733adb34,rec_b2d45bfc909f933c1a75,2,2,0,Potato healthy,PLDD-UP,direct representative match: dHash<=4 + pHash + geometry + ORB/RANSAC,0,0,0,0,0.97375000,0.97375000,0.99871630,0.99871630,VERIFIED_NEAR_DUPLICATE
refined_6827a82effad4bfea8bc,rec_b30c2c29fa5dc884d8b5,2,2,0,Potato healthy,PLDD-UP,direct representative match: dHash<=4 + pHash + geometry + ORB/RANSAC,0,0,0,0,0.96250000,0.96250000,0.99740260,0.99740260,VERIFIED_NEAR_DUPLICATE
refined_8f1684dfb94299764d64,rec_b33bcdeb81b052ffc7db,2,2,0,Potato healthy,PLDD-UP,direct representative match: dHash<=4 + pHash + geometry + ORB/RANSAC,0,0,0,0,0.97500000,0.97500000,0.99871795,0.99871795,VERIFIED_NEAR_DUPLICATE
refined_01ad3ee77f0e15739a37,rec_b3509082df1c7d03e6c5,2,2,0,Potato healthy,PLDD-UP,direct representative match: dHash<=4 + pHash + geometry + ORB/RANSAC,0,0,0,0,0.96125000,0.96125000,1.00000000,1.00000000,VERIFIED_NEAR_DUPLICATE
refined_507f159bcf4628395ebe,rec_b3753b1b4439c30ca809,2,2,0,Potato healthy,PLDD-UP,direct representative match: dHash<=4 + pHash + geometry + ORB/RANSAC,0,0,0,0,0.96500000,0.96500000,0.99870466,0.99870466,VERIFIED_NEAR_DUPLICATE
refined_b7f85391e8181e0fc4b1,rec_b3918b8ce696ede8ea0d,2,2,0,Potato healthy,PLDD-UP,direct representative match: dHash<=4 + pHash + geometry + ORB/RANSAC,0,0,0,0,0.94000000,0.94000000,1.00000000,1.00000000,VERIFIED_NEAR_DUPLICATE
refined_aa3744f1647bc44fefa7,rec_b3cdbdb6601514dfc4cc,2,2,0,Potato healthy,PLDD-UP,direct representative match: dHash<=4 + pHash + geometry + ORB/RANSAC,0,0,2,2,0.75682705,0.75682705,0.99828179,0.99828179,VERIFIED_NEAR_DUPLICATE
refined_a2f9a98f0b8c30389eef,rec_b3d7c8ced3be933a4b34,2,2,0,Potato Late blight,PLDD-UP,direct representative match: dHash<=4 + pHash + geometry + ORB/RANSAC,1,1,4,4,0.60526316,0.60526316,0.95445135,0.95445135,VERIFIED_NEAR_DUPLICATE
refined_95b19f859e9f808a9c79,rec_b3f296cd77f9bb397c17,2,2,0,Potato Early blight,PLDD-UP,direct representative match: dHash<=4 + pHash + geometry + ORB/RANSAC,2,2,4,4,0.43625000,0.43625000,0.84240688,0.84240688,VERIFIED_NEAR_DUPLICATE
refined_8658521e5ec6eb4f0922,rec_b46149ef700f7ad05673,2,2,0,Potato healthy,PLDD-UP,direct representative match: dHash<=4 + pHash + geometry + ORB/RANSAC,0,0,0,0,0.95625000,0.95625000,1.00000000,1.00000000,VERIFIED_NEAR_DUPLICATE
refined_7ee717ddb084e145b4d8,rec_b482da890906ab64c945,2,2,0,Potato Late blight,PLDD-UP,direct representative match: dHash<=4 + pHash + geometry + ORB/RANSAC,2,2,2,2,0.73589744,0.73589744,0.85540070,0.85540070,VERIFIED_NEAR_DUPLICATE
refined_7553febcf20050b486b0,rec_b50130ee1ca54ed5122c,2,2,0,Potato healthy,PLDD-UP,direct representative match: dHash<=4 + pHash + geometry + ORB/RANSAC,0,0,2,2,0.93500000,0.93500000,0.99866310,0.99866310,VERIFIED_NEAR_DUPLICATE
refined_8a606ccdd8dfcbbeb5ce,rec_b5273b20eca538f56562,2,2,0,Potato healthy,PLDD-UP,direct representative match: dHash<=4 + pHash + geometry + ORB/RANSAC,0,0,2,2,0.79548306,0.79548306,0.99211356,0.99211356,VERIFIED_NEAR_DUPLICATE
refined_401db4a4ee66687b49d9,rec_b52a758a5bda7d0e1ec6,2,2,0,Corn healthy,Seasonal Corn Leaf Disease Dataset,direct representative match: dHash<=4 + pHash + geometry + ORB/RANSAC,0,0,0,0,0.93611473,0.93611473,0.99721448,0.99721448,VERIFIED_NEAR_DUPLICATE
refined_a2a6b9c38d53b772bf8c,rec_b55f3420eebc1c1a48a7,3,3,0,Potato Early blight | Potato healthy,PLDD-UP,direct representative match: dHash<=4 + pHash + geometry + ORB/RANSAC,2,4,6,6,0.49748111,0.50377834,0.74683544,0.78500000,VERIFIED_LABEL_CONFLICT
refined_5b8754391d56bf5f18d6,rec_b5c66d80f5e63a4de75a,2,2,0,Potato healthy,PLDD-UP,direct representative match: dHash<=4 + pHash + geometry + ORB/RANSAC,0,0,0,0,0.95875000,0.95875000,0.99869622,0.99869622,VERIFIED_NEAR_DUPLICATE
refined_0308943431f93a587783,rec_b5e154ab67368ed19fb0,2,2,0,Potato healthy,PLDD-UP,direct representative match: dHash<=4 + pHash + geometry + ORB/RANSAC,0,0,0,0,0.79369251,0.79369251,0.99006623,0.99006623,VERIFIED_NEAR_DUPLICATE
refined_981356d4a52c9568497f,rec_b629aec8487299405945,3,3,0,Potato Late blight,PLDD-UP,direct representative match: dHash<=4 + pHash + geometry + ORB/RANSAC,1,4,0,0,0.54500000,0.55875000,0.77404922,0.91972477,VERIFIED_NEAR_DUPLICATE
refined_ce096149a1c4aa0aace3,rec_b66796f108d32aefc0f7,2,2,0,Corn Cercospora leaf spot,Seasonal Corn Leaf Disease Dataset,direct representative match: dHash<=4 + pHash + geometry + ORB/RANSAC,0,0,0,0,0.88098318,0.88098318,0.99706314,0.99706314,VERIFIED_NEAR_DUPLICATE
refined_e9253530e9d822d03fc3,rec_b67388492a1af4a696f1,2,2,0,Potato healthy,PLDD-UP,direct representative match: dHash<=4 + pHash + geometry + ORB/RANSAC,0,0,0,0,0.99875000,0.99875000,1.00000000,1.00000000,VERIFIED_NEAR_DUPLICATE
refined_3e319c6712385b45f052,rec_b6b4d2122fe992d0cfe0,2,2,0,Potato healthy,PLDD-UP,direct representative match: dHash<=4 + pHash + geometry + ORB/RANSAC,0,0,0,0,0.80000000,0.80000000,0.98013245,0.98013245,VERIFIED_NEAR_DUPLICATE
refined_a49bfc6c42a08459cfd5,rec_b6d578077702c0673532,2,2,0,Potato Early blight,PLDD-UP,direct representative match: dHash<=4 + pHash + geometry + ORB/RANSAC,0,0,2,2,0.69859155,0.69859155,0.98790323,0.98790323,VERIFIED_NEAR_DUPLICATE
refined_20662f004163b51c110f,rec_b7088e0e7aa20adfd12e,2,2,0,Potato healthy,PLDD-UP,direct representative match: dHash<=4 + pHash + geometry + ORB/RANSAC,0,0,0,0,0.99493029,0.99493029,1.00000000,1.00000000,VERIFIED_NEAR_DUPLICATE
refined_4d7c24417aca4dda5a13,rec_b71bf9089863799110db,2,2,0,Corn healthy,Seasonal Corn Leaf Disease Dataset,direct representative match: dHash<=4 + pHash + geometry + ORB/RANSAC,1,1,0,0,0.93709043,0.93709043,0.99580420,0.99580420,VERIFIED_NEAR_DUPLICATE
refined_10b7dae0d549570aa626,rec_b7209bf801ccca51e6dc,2,2,0,Potato healthy,PLDD-UP,direct representative match: dHash<=4 + pHash + geometry + ORB/RANSAC,0,0,0,0,0.95875000,0.95875000,1.00000000,1.00000000,VERIFIED_NEAR_DUPLICATE
refined_dce1431b75d54f86a397,rec_b72420f8378771564b03,2,2,0,Potato Late blight,PLDD-UP,direct representative match: dHash<=4 + pHash + geometry + ORB/RANSAC,1,1,4,4,0.75625000,0.75625000,0.85289256,0.85289256,VERIFIED_NEAR_DUPLICATE
refined_eb56fb3c03437d83f27e,rec_b7b29c7fc3289b5f5f32,2,2,0,Potato Early blight,PLDD-UP,direct representative match: dHash<=4 + pHash + geometry + ORB/RANSAC,1,1,2,2,0.16000000,0.16000000,0.71093750,0.71093750,VERIFIED_NEAR_DUPLICATE
refined_4902d61e60bb294afc11,rec_b7d4b10f0c8ee250cf56,3,3,0,Potato Early blight,PLDD-UP,direct representative match: dHash<=4 + pHash + geometry + ORB/RANSAC,0,1,2,2,0.54671717,0.69835234,0.75981524,0.91288566,VERIFIED_NEAR_DUPLICATE
refined_f5792c71d0885668c2a0,rec_b7d6250c310698cfd33d,2,2,0,Potato healthy,PLDD-UP,direct representative match: dHash<=4 + pHash + geometry + ORB/RANSAC,1,1,2,2,0.70151515,0.70151515,0.99568035,0.99568035,VERIFIED_NEAR_DUPLICATE
refined_39547f390e3303490fc3,rec_b7f137768bbda8d7f68b,2,2,0,Potato healthy,PLDD-UP,direct representative match: dHash<=4 + pHash + geometry + ORB/RANSAC,0,0,0,0,0.97361478,0.97361478,0.99728997,0.99728997,VERIFIED_NEAR_DUPLICATE
refined_1f57f3087ada744d27a3,rec_b82e4fa95fd2e68241f0,2,2,0,Corn healthy,Seasonal Corn Leaf Disease Dataset,direct representative match: dHash<=4 + pHash + geometry + ORB/RANSAC,1,1,0,0,0.91003911,0.91003911,0.99713467,0.99713467,VERIFIED_NEAR_DUPLICATE
refined_6d3493e26338a4b5dcb0,rec_b82ecd2cae36e9d25eb5,2,2,0,Potato healthy,PLDD-UP,direct representative match: dHash<=4 + pHash + geometry + ORB/RANSAC,0,0,0,0,0.94750000,0.94750000,1.00000000,1.00000000,VERIFIED_NEAR_DUPLICATE
refined_0c63ed80ba23f55e95d4,rec_b83d606ba001b7cd1b7e,2,2,0,Potato healthy,PLDD-UP,direct representative match: dHash<=4 + pHash + geometry + ORB/RANSAC,0,0,2,2,0.95949721,0.95949721,0.99854440,0.99854440,VERIFIED_NEAR_DUPLICATE
refined_6209a39e16a2361d6a99,rec_b856a0d40448906dff27,2,2,0,Potato healthy,PLDD-UP,direct representative match: dHash<=4 + pHash + geometry + ORB/RANSAC,1,1,0,0,0.72428571,0.72428571,0.99802761,0.99802761,VERIFIED_NEAR_DUPLICATE
refined_c198f40fc366c87ab887,rec_b893c41132c1007beab6,2,2,0,Potato Late blight,PLDD-UP,direct representative match: dHash<=4 + pHash + geometry + ORB/RANSAC,1,1,4,4,0.63434343,0.63434343,0.90764331,0.90764331,VERIFIED_NEAR_DUPLICATE
refined_a166b6d891418fa9f9e2,rec_b8c7ce8bdfe3facf6433,2,2,0,Corn healthy,Seasonal Corn Leaf Disease Dataset,direct representative match: dHash<=4 + pHash + geometry + ORB/RANSAC,1,1,0,0,0.93663912,0.93663912,1.00000000,1.00000000,VERIFIED_NEAR_DUPLICATE
refined_58a40c682f90ee0208ca,rec_b8d3667943a93cfff349,2,2,0,Potato healthy,PLDD-UP,direct representative match: dHash<=4 + pHash + geometry + ORB/RANSAC,0,0,2,2,0.81375000,0.81375000,0.98924731,0.98924731,VERIFIED_NEAR_DUPLICATE
refined_bf0fc4f10d3a1f114bee,rec_b8d5abdb5e7564e8ade7,2,2,0,Potato healthy,PLDD-UP,direct representative match: dHash<=4 + pHash + geometry + ORB/RANSAC,0,0,0,0,0.79490617,0.79490617,0.99831366,0.99831366,VERIFIED_NEAR_DUPLICATE
refined_6f45e0ffcfa6125a651a,rec_b92dc8f8a4b85e7e5a14,2,2,0,Potato healthy,PLDD-UP,direct representative match: dHash<=4 + pHash + geometry + ORB/RANSAC,0,0,0,0,0.95500000,0.95500000,1.00000000,1.00000000,VERIFIED_NEAR_DUPLICATE
refined_1c9764098b9a2fefbd17,rec_b9bd646c5889e9c19d3e,2,2,0,Corn healthy,Seasonal Corn Leaf Disease Dataset,direct representative match: dHash<=4 + pHash + geometry + ORB/RANSAC,1,1,0,0,0.92183288,0.92183288,0.99561404,0.99561404,VERIFIED_NEAR_DUPLICATE
refined_b536b3cd1f6237861839,rec_ba0d56a0f24cdb885cd3,2,2,0,Corn healthy,Seasonal Corn Leaf Disease Dataset,direct representative match: dHash<=4 + pHash + geometry + ORB/RANSAC,1,1,0,0,0.93927649,0.93927649,0.99862448,0.99862448,VERIFIED_NEAR_DUPLICATE
refined_d59e34a1a5299d9c6276,rec_ba0fcbd21e6e3f99d1c7,2,2,0,Potato healthy,PLDD-UP,direct representative match: dHash<=4 + pHash + geometry + ORB/RANSAC,0,0,0,0,0.97125000,0.97125000,1.00000000,1.00000000,VERIFIED_NEAR_DUPLICATE
refined_e5d42c636038d0c7c488,rec_ba14b7b29426912df447,2,2,0,Corn healthy,Seasonal Corn Leaf Disease Dataset,direct representative match: dHash<=4 + pHash + geometry + ORB/RANSAC,2,2,0,0,0.93080054,0.93080054,0.99854227,0.99854227,VERIFIED_NEAR_DUPLICATE
refined_de96795deab2abcc2c5f,rec_ba728fa2e1fee029ac03,2,2,0,Potato Late blight,PLDD-UP,direct representative match: dHash<=4 + pHash + geometry + ORB/RANSAC,2,2,4,4,0.62798092,0.62798092,0.92151899,0.92151899,VERIFIED_NEAR_DUPLICATE
refined_5bc46c1c3e52b83d7f74,rec_baac16c6ef1b3ce58a8f,2,2,0,Potato healthy,PLDD-UP,direct representative match: dHash<=4 + pHash + geometry + ORB/RANSAC,0,0,0,0,0.73214286,0.73214286,0.98432056,0.98432056,VERIFIED_NEAR_DUPLICATE
refined_3daa349ac6209fde0027,rec_baedb0b04eb34d38e336,3,3,0,Potato Late blight,PLDD-UP,direct representative match: dHash<=4 + pHash + geometry + ORB/RANSAC,0,3,4,4,0.63756178,0.66343042,0.96829268,0.97932817,VERIFIED_NEAR_DUPLICATE
refined_a1431d9d5366d85ac9cb,rec_bb1a9d33dac9d551a25f,2,2,0,Potato healthy,PLDD-UP,direct representative match: dHash<=4 + pHash + geometry + ORB/RANSAC,0,0,0,0,0.96125000,0.96125000,1.00000000,1.00000000,VERIFIED_NEAR_DUPLICATE
refined_26f3fdee3ea8242b6cdb,rec_bb2df89e76522f8d85d5,2,2,0,Potato Late blight,PLDD-UP,direct representative match: dHash<=4 + pHash + geometry + ORB/RANSAC,3,3,4,4,0.67875000,0.67875000,0.85635359,0.85635359,VERIFIED_NEAR_DUPLICATE
refined_997e860f9d2afe3746f9,rec_bc168a69bf808cc9434b,2,2,0,Corn healthy,Seasonal Corn Leaf Disease Dataset,direct representative match: dHash<=4 + pHash + geometry + ORB/RANSAC,0,0,0,0,0.93669251,0.93669251,0.99862069,0.99862069,VERIFIED_NEAR_DUPLICATE
refined_22b04b2f71308ab904f3,rec_bc289d3eb4d02ec9e737,2,2,0,Potato healthy,PLDD-UP,direct representative match: dHash<=4 + pHash + geometry + ORB/RANSAC,0,0,0,0,0.99875000,0.99875000,1.00000000,1.00000000,VERIFIED_NEAR_DUPLICATE
refined_5fbcf49ea808d352f517,rec_bc62f025c343f0698076,2,2,0,Potato healthy,PLDD-UP,direct representative match: dHash<=4 + pHash + geometry + ORB/RANSAC,0,0,0,0,0.95250000,0.95250000,0.99606299,0.99606299,VERIFIED_NEAR_DUPLICATE
refined_f920fb13dca05ffe7602,rec_bca269e9687f776eb97a,3,3,0,Potato Early blight | Potato healthy,PLDD-UP,direct representative match: dHash<=4 + pHash + geometry + ORB/RANSAC,0,2,0,2,0.47732997,0.79571248,0.88390501,0.99683043,VERIFIED_LABEL_CONFLICT
refined_946be6e5984afc9d29de,rec_bca469f4475478118145,2,2,0,Corn healthy,Seasonal Corn Leaf Disease Dataset,direct representative match: dHash<=4 + pHash + geometry + ORB/RANSAC,2,2,0,0,0.91016200,0.91016200,1.00000000,1.00000000,VERIFIED_NEAR_DUPLICATE
refined_84db4318d0bd2f5dd83e,rec_bccc9eb7ba838981cb4a,2,2,0,Potato healthy,PLDD-UP,direct representative match: dHash<=4 + pHash + geometry + ORB/RANSAC,0,0,0,0,0.95625000,0.95625000,1.00000000,1.00000000,VERIFIED_NEAR_DUPLICATE
refined_11622264103b60010adb,rec_bcee2587d3c245c9a131,2,2,0,Potato Late blight,PLDD-UP,direct representative match: dHash<=4 + pHash + geometry + ORB/RANSAC,1,1,2,2,0.71220930,0.71220930,0.99387755,0.99387755,VERIFIED_NEAR_DUPLICATE
refined_1d32b2620b6e395e7d06,rec_bd8460cd9b6008be920d,2,2,0,Corn healthy,Seasonal Corn Leaf Disease Dataset,direct representative match: dHash<=4 + pHash + geometry + ORB/RANSAC,0,0,0,0,0.89610390,0.89610390,0.99838969,0.99838969,VERIFIED_NEAR_DUPLICATE
refined_f848c96fa278f4cf617b,rec_bdc5b5dd96641350497d,2,2,0,Potato healthy,PLDD-UP,direct representative match: dHash<=4 + pHash + geometry + ORB/RANSAC,0,0,2,2,0.76000000,0.76000000,0.98355263,0.98355263,VERIFIED_NEAR_DUPLICATE
refined_92fdefcc88e3807e4676,rec_be30ce38e71313b25ace,2,2,0,Corn healthy,Seasonal Corn Leaf Disease Dataset,direct representative match: dHash<=4 + pHash + geometry + ORB/RANSAC,1,1,0,0,0.93535620,0.93535620,0.99858956,0.99858956,VERIFIED_NEAR_DUPLICATE
refined_29d487aba78a29efc9cb,rec_be8666318b164df9ca6e,2,2,0,Corn healthy,Seasonal Corn Leaf Disease Dataset,direct representative match: dHash<=4 + pHash + geometry + ORB/RANSAC,1,1,0,0,0.90026596,0.90026596,0.99704579,0.99704579,VERIFIED_NEAR_DUPLICATE
refined_c05109fe47f381ef9632,rec_be8a0af71ef6c2d76f91,2,2,0,Potato Late blight,PLDD-UP,direct representative match: dHash<=4 + pHash + geometry + ORB/RANSAC,0,0,2,2,0.66322009,0.66322009,0.86414254,0.86414254,VERIFIED_NEAR_DUPLICATE
refined_4fac9dcddd46759d358b,rec_be94131ca3187b93ed42,2,2,0,Potato healthy,PLDD-UP,direct representative match: dHash<=4 + pHash + geometry + ORB/RANSAC,0,0,0,0,0.94500000,0.94500000,1.00000000,1.00000000,VERIFIED_NEAR_DUPLICATE
refined_30288757b92507c5d7d4,rec_be991aed925c963b1df6,2,2,0,Potato healthy,PLDD-UP,direct representative match: dHash<=4 + pHash + geometry + ORB/RANSAC,0,0,0,0,0.94250000,0.94250000,1.00000000,1.00000000,VERIFIED_NEAR_DUPLICATE
refined_d085dd8656a335521167,rec_bf575f7a1874ba3ee239,2,2,0,Potato healthy,PLDD-UP,direct representative match: dHash<=4 + pHash + geometry + ORB/RANSAC,0,0,0,0,0.99625000,0.99625000,1.00000000,1.00000000,VERIFIED_NEAR_DUPLICATE
refined_68ee9cf71328c77bd35c,rec_bf83ec1d72a5ba9c7d13,2,2,0,Potato healthy,PLDD-UP,direct representative match: dHash<=4 + pHash + geometry + ORB/RANSAC,0,0,0,0,0.95625000,0.95625000,0.99869281,0.99869281,VERIFIED_NEAR_DUPLICATE
refined_21122ae5fb99b04a34f5,rec_bf939300e619ee82281e,2,2,0,Potato Late blight,PLDD-UP,direct representative match: dHash<=4 + pHash + geometry + ORB/RANSAC,0,0,0,0,0.72067039,0.72067039,0.98255814,0.98255814,VERIFIED_NEAR_DUPLICATE
refined_0fcf4562fcda45180d6d,rec_bfb1a1340a7763359a34,2,2,0,Potato healthy,PLDD-UP,direct representative match: dHash<=4 + pHash + geometry + ORB/RANSAC,0,0,0,0,0.95000000,0.95000000,1.00000000,1.00000000,VERIFIED_NEAR_DUPLICATE
refined_dd637c07fec0ae69127e,rec_bfc96f96e234ab97320f,2,2,0,Potato Late blight,PLDD-UP,direct representative match: dHash<=4 + pHash + geometry + ORB/RANSAC,0,0,4,4,0.43821656,0.43821656,0.87500000,0.87500000,VERIFIED_NEAR_DUPLICATE
refined_a0595be86ef64703fc16,rec_bfea24067341affcadb5,2,2,0,Potato healthy,PLDD-UP,direct representative match: dHash<=4 + pHash + geometry + ORB/RANSAC,0,0,0,0,0.96035242,0.96035242,1.00000000,1.00000000,VERIFIED_NEAR_DUPLICATE
refined_8f1ead43f3b4d79387a4,rec_bffdee087d8019b42745,2,2,0,Potato Early blight,PLDD-UP,direct representative match: dHash<=4 + pHash + geometry + ORB/RANSAC,2,2,2,2,0.57866667,0.57866667,0.89400922,0.89400922,VERIFIED_NEAR_DUPLICATE
refined_e1159bbae7ba6f006113,rec_c01d9d5956d6dfeacc95,2,2,0,Potato Late blight,PLDD-UP,direct representative match: dHash<=4 + pHash + geometry + ORB/RANSAC,0,0,4,4,0.67380560,0.67380560,0.95843521,0.95843521,VERIFIED_NEAR_DUPLICATE
refined_b70950ff2f8a213fda55,rec_c03399042f8f124e4b84,2,2,0,Potato healthy,PLDD-UP,direct representative match: dHash<=4 + pHash + geometry + ORB/RANSAC,0,0,0,0,0.94141145,0.94141145,1.00000000,1.00000000,VERIFIED_NEAR_DUPLICATE
refined_c86a78820e34795bf0d1,rec_c042590edd6c6698cd00,2,2,0,Corn healthy,Seasonal Corn Leaf Disease Dataset,direct representative match: dHash<=4 + pHash + geometry + ORB/RANSAC,0,0,0,0,0.92016807,0.92016807,0.99847793,0.99847793,VERIFIED_NEAR_DUPLICATE
refined_a1b8fa57db00e5d4bf14,rec_c06cf554f267b5ee8bf8,2,2,0,Potato Early blight,PLDD-UP,direct representative match: dHash<=4 + pHash + geometry + ORB/RANSAC,3,3,0,0,0.64000000,0.64000000,0.90429688,0.90429688,VERIFIED_NEAR_DUPLICATE
refined_e37e0fb979b694fe9d25,rec_c0ce24ba538ed43751e4,2,2,0,Potato healthy,PLDD-UP,direct representative match: dHash<=4 + pHash + geometry + ORB/RANSAC,0,0,0,0,0.77500000,0.77500000,0.98387097,0.98387097,VERIFIED_NEAR_DUPLICATE
refined_c2a3de9beb56c85328b3,rec_c12a46699b56b08fdab0,3,3,0,Potato Late blight,PLDD-UP,direct representative match: dHash<=4 + pHash + geometry + ORB/RANSAC,0,0,0,2,0.58139535,0.58914729,0.89473684,0.96000000,VERIFIED_NEAR_DUPLICATE
refined_c4976ae920c076f9f4b6,rec_c1344129e989f8a71b94,2,2,0,Potato healthy,PLDD-UP,direct representative match: dHash<=4 + pHash + geometry + ORB/RANSAC,1,1,0,0,0.82000000,0.82000000,0.99237805,0.99237805,VERIFIED_NEAR_DUPLICATE
refined_a3f11eb17f3b9968c008,rec_c13928de4bc8f908d2ce,2,2,0,Potato Early blight,PLDD-UP,direct representative match: dHash<=4 + pHash + geometry + ORB/RANSAC,0,0,4,4,0.61500000,0.61500000,0.95934959,0.95934959,VERIFIED_NEAR_DUPLICATE
refined_2ae6f5875721900c0557,rec_c1c224556b4ef4970bb9,2,2,0,Potato Early blight,PLDD-UP,direct representative match: dHash<=4 + pHash + geometry + ORB/RANSAC,2,2,4,4,0.68913343,0.68913343,0.98203593,0.98203593,VERIFIED_NEAR_DUPLICATE
refined_9364f117a969edb14090,rec_c25c463906b7e376af1e,2,2,0,Potato Early blight,PLDD-UP,direct representative match: dHash<=4 + pHash + geometry + ORB/RANSAC,4,4,2,2,0.70250000,0.70250000,0.95729537,0.95729537,VERIFIED_NEAR_DUPLICATE
refined_d6ef86a15192b89c4190,rec_c25fa2d88a3df42ce7f5,2,2,0,Potato healthy,PLDD-UP,direct representative match: dHash<=4 + pHash + geometry + ORB/RANSAC,2,2,0,0,0.95750000,0.95750000,1.00000000,1.00000000,VERIFIED_NEAR_DUPLICATE
refined_674729efb0d87849a6e3,rec_c2bbcb2a20ae36871366,2,2,0,Potato healthy,PLDD-UP,direct representative match: dHash<=4 + pHash + geometry + ORB/RANSAC,0,0,0,0,0.96750000,0.96750000,0.99741602,0.99741602,VERIFIED_NEAR_DUPLICATE
refined_593956ea5bcc52b1f478,rec_c33693447ff9e6acb8c6,2,2,0,Potato healthy,PLDD-UP,direct representative match: dHash<=4 + pHash + geometry + ORB/RANSAC,0,0,0,0,0.94875000,0.94875000,0.99868248,0.99868248,VERIFIED_NEAR_DUPLICATE
refined_cbaed5620447f200324d,rec_c36675d24da2919dc6d8,2,2,0,Potato healthy,PLDD-UP,direct representative match: dHash<=4 + pHash + geometry + ORB/RANSAC,0,0,0,0,0.99746193,0.99746193,1.00000000,1.00000000,VERIFIED_NEAR_DUPLICATE
refined_472c1e93ca48981166d2,rec_c379d11b6899909bcd7a,2,2,0,Tomato Bacterial spot,PlantDoc,direct representative match: dHash<=4 + pHash + geometry + ORB/RANSAC,1,1,2,2,0.35528121,0.35528121,0.95366795,0.95366795,VERIFIED_NEAR_DUPLICATE
refined_8d92f825faedc7e9b316,rec_c389aa328bc37bbeeb06,2,2,0,Corn healthy,Seasonal Corn Leaf Disease Dataset,direct representative match: dHash<=4 + pHash + geometry + ORB/RANSAC,2,2,0,0,0.92529489,0.92529489,0.99858357,0.99858357,VERIFIED_NEAR_DUPLICATE
refined_05bdf5b7e5f9b1ace1ce,rec_c3f1cdfc491bb31f6ce1,2,2,0,Potato healthy,PLDD-UP,direct representative match: dHash<=4 + pHash + geometry + ORB/RANSAC,0,0,0,0,0.95375000,0.95375000,0.99868938,0.99868938,VERIFIED_NEAR_DUPLICATE
refined_8eb2542b4c04ce4d1f42,rec_c3fb4e6ffb01d98749d8,2,2,0,Potato Late blight,PLDD-UP,direct representative match: dHash<=4 + pHash + geometry + ORB/RANSAC,1,1,2,2,0.86858573,0.86858573,0.98847262,0.98847262,VERIFIED_NEAR_DUPLICATE
refined_50cdbcff53e27a751743,rec_c40f5e6926c666e9499a,2,2,0,Potato healthy,PLDD-UP,direct representative match: dHash<=4 + pHash + geometry + ORB/RANSAC,0,0,0,0,0.99750000,0.99750000,1.00000000,1.00000000,VERIFIED_NEAR_DUPLICATE
refined_4414391b651f42bfcec1,rec_c410fc2cd4df982dac0b,2,2,0,Corn healthy,Seasonal Corn Leaf Disease Dataset,direct representative match: dHash<=4 + pHash + geometry + ORB/RANSAC,0,0,0,0,0.92253521,0.92253521,0.99694656,0.99694656,VERIFIED_NEAR_DUPLICATE
refined_02e4be1254f584978905,rec_c463f07d07b50cc288b1,2,2,0,Corn healthy,Seasonal Corn Leaf Disease Dataset,direct representative match: dHash<=4 + pHash + geometry + ORB/RANSAC,0,0,0,0,0.90166205,0.90166205,0.99539171,0.99539171,VERIFIED_NEAR_DUPLICATE
refined_6860023a0ee4133e1f95,rec_c4d22f10d07fc3cd917f,2,2,0,Potato healthy,PLDD-UP,direct representative match: dHash<=4 + pHash + geometry + ORB/RANSAC,0,0,0,0,0.93500000,0.93500000,0.99732620,0.99732620,VERIFIED_NEAR_DUPLICATE
refined_3bfb1d1b3f63db8cf27e,rec_c4d63e5803fedbff5438,2,2,0,Potato healthy,PLDD-UP,direct representative match: dHash<=4 + pHash + geometry + ORB/RANSAC,1,1,0,0,0.76500000,0.76500000,0.98529412,0.98529412,VERIFIED_NEAR_DUPLICATE
refined_595532f9c9eafff1cde7,rec_c4f7b375489042642587,3,3,0,Potato Late blight,PLDD-UP,direct representative match: dHash<=4 + pHash + geometry + ORB/RANSAC,1,3,2,4,0.57125000,0.63625000,0.89587426,0.91466083,VERIFIED_NEAR_DUPLICATE
refined_78897e1ab94c388cad41,rec_c58aee1c5d41858d70ad,2,2,0,Potato healthy,PLDD-UP,direct representative match: dHash<=4 + pHash + geometry + ORB/RANSAC,0,0,0,0,0.74643875,0.74643875,0.99618321,0.99618321,VERIFIED_NEAR_DUPLICATE
refined_35baa849e70d1bec46e4,rec_c5f7d1c0e41117596ea9,2,2,0,Potato Early blight,PLDD-UP,direct representative match: dHash<=4 + pHash + geometry + ORB/RANSAC,3,3,4,4,0.53750000,0.53750000,0.96976744,0.96976744,VERIFIED_NEAR_DUPLICATE
refined_6a2bdfbeba9419241c1f,rec_c616a9b14ea6269b8325,2,2,0,Potato Late blight,PLDD-UP,direct representative match: dHash<=4 + pHash + geometry + ORB/RANSAC,0,0,2,2,0.63392857,0.63392857,0.96338028,0.96338028,VERIFIED_NEAR_DUPLICATE
refined_25b72e2d23e63570e387,rec_c63a18b417c54d028e71,2,2,0,Potato healthy,PLDD-UP,direct representative match: dHash<=4 + pHash + geometry + ORB/RANSAC,0,0,0,0,0.96000000,0.96000000,0.99869792,0.99869792,VERIFIED_NEAR_DUPLICATE
refined_fd6a49260f9e9d4acf93,rec_c6b81097cb3e6dd9c796,2,2,0,Potato Early blight | Potato Late blight,PLDD-UP,direct representative match: dHash<=4 + pHash + geometry + ORB/RANSAC,1,1,2,2,0.70354610,0.70354610,0.93346774,0.93346774,VERIFIED_LABEL_CONFLICT
refined_a9cd21f475809dccca7d,rec_c7639873868965ba3cfe,2,2,0,Tomato Late blight,PlantDoc,direct representative match: dHash<=4 + pHash + geometry + ORB/RANSAC,0,0,0,0,0.92375000,0.92375000,0.99594046,0.99594046,VERIFIED_NEAR_DUPLICATE
refined_c3033e1f8959be44fc81,rec_c7b3e941dd56947fed7c,2,2,0,Potato healthy,PLDD-UP,direct representative match: dHash<=4 + pHash + geometry + ORB/RANSAC,0,0,2,2,0.59942775,0.59942775,0.96420048,0.96420048,VERIFIED_NEAR_DUPLICATE
refined_21ab783e3ab224d812ed,rec_c7c5d5bff595593d1aee,2,2,0,Potato healthy,PLDD-UP,direct representative match: dHash<=4 + pHash + geometry + ORB/RANSAC,0,0,0,0,0.96000000,0.96000000,0.99869792,0.99869792,VERIFIED_NEAR_DUPLICATE
refined_5d6b242cf86a1491a966,rec_c7e1fda6a1e66ad22812,2,2,0,Potato Late blight,PLDD-UP,direct representative match: dHash<=4 + pHash + geometry + ORB/RANSAC,1,1,4,4,0.67159763,0.67159763,0.99339207,0.99339207,VERIFIED_NEAR_DUPLICATE
refined_88cce23ece28dc2d688f,rec_c7e7186d58f5aade98f9,2,2,0,Potato healthy,PLDD-UP,direct representative match: dHash<=4 + pHash + geometry + ORB/RANSAC,0,0,0,0,0.96625000,0.96625000,0.99741268,0.99741268,VERIFIED_NEAR_DUPLICATE
refined_ac52beb51e67b6f764fe,rec_c7fdcfb92f10a1bb1ab4,2,2,0,Potato healthy,PLDD-UP,direct representative match: dHash<=4 + pHash + geometry + ORB/RANSAC,0,0,0,0,0.97000000,0.97000000,1.00000000,1.00000000,VERIFIED_NEAR_DUPLICATE
refined_c2ba400dfdf2ec73879a,rec_c8245034faf0a3a4fe86,2,2,0,Potato healthy,PLDD-UP,direct representative match: dHash<=4 + pHash + geometry + ORB/RANSAC,0,0,0,0,0.94500000,0.94500000,1.00000000,1.00000000,VERIFIED_NEAR_DUPLICATE
refined_00e5e99c4f6323c3bd14,rec_c84b4c85b2177aa4cfa2,2,2,0,Potato healthy,PLDD-UP,direct representative match: dHash<=4 + pHash + geometry + ORB/RANSAC,0,0,0,0,0.99500000,0.99500000,0.99874372,0.99874372,VERIFIED_NEAR_DUPLICATE
refined_f8e1f15a7af7ce9b54ed,rec_c8d34f9936f905819485,2,2,0,Apple Apple scab,PlantDoc,direct representative match: dHash<=4 + pHash + geometry + ORB/RANSAC,0,0,2,2,0.38197970,0.38197970,0.93687708,0.93687708,VERIFIED_NEAR_DUPLICATE
refined_9e1d6d221bc2c96cf12a,rec_c8df99aac48163061462,3,3,0,Potato Early blight,PLDD-UP,direct representative match: dHash<=4 + pHash + geometry + ORB/RANSAC,1,3,2,4,0.68957871,0.69160998,0.81639344,0.91318328,VERIFIED_NEAR_DUPLICATE
refined_6c128096359623dbc538,rec_c95e3903ba6cc64dea38,2,2,0,Potato healthy,PLDD-UP,direct representative match: dHash<=4 + pHash + geometry + ORB/RANSAC,0,0,0,0,0.95750000,0.95750000,1.00000000,1.00000000,VERIFIED_NEAR_DUPLICATE
refined_1b5e8b193b7f7e143f5f,rec_c978607cdca2dd4d560e,2,2,0,Potato healthy,PLDD-UP,direct representative match: dHash<=4 + pHash + geometry + ORB/RANSAC,0,0,0,0,0.96310433,0.96310433,0.99867900,0.99867900,VERIFIED_NEAR_DUPLICATE
refined_12e4d2ad726af24cca81,rec_c9d611949f5ea3b8d49f,2,2,0,Potato healthy,PLDD-UP,direct representative match: dHash<=4 + pHash + geometry + ORB/RANSAC,0,0,0,0,0.97000000,0.97000000,0.99871134,0.99871134,VERIFIED_NEAR_DUPLICATE
refined_492b7348d30d5c02f874,rec_c9df61bacfbfcc9fea54,2,2,0,Potato healthy,PLDD-UP,direct representative match: dHash<=4 + pHash + geometry + ORB/RANSAC,1,1,0,0,0.78875000,0.78875000,0.98098257,0.98098257,VERIFIED_NEAR_DUPLICATE
refined_8064feec4d4d759a63cb,rec_c9fc1ee35445ca4053d0,2,2,0,Corn healthy,Seasonal Corn Leaf Disease Dataset,direct representative match: dHash<=4 + pHash + geometry + ORB/RANSAC,2,2,0,0,0.91390728,0.91390728,0.99565217,0.99565217,VERIFIED_NEAR_DUPLICATE
refined_2bf4bddb40d6e492d182,rec_ca1c32c5b89c68688937,2,2,0,Potato Late blight,PLDD-UP,direct representative match: dHash<=4 + pHash + geometry + ORB/RANSAC,3,3,4,4,0.48000000,0.48000000,0.81250000,0.81250000,VERIFIED_NEAR_DUPLICATE
refined_b1ce69a02ac137157bd5,rec_cb495ce4ddea734a2d2a,2,2,0,Corn healthy,Seasonal Corn Leaf Disease Dataset,direct representative match: dHash<=4 + pHash + geometry + ORB/RANSAC,0,0,0,0,0.91286863,0.91286863,0.99853157,0.99853157,VERIFIED_NEAR_DUPLICATE
refined_00156a13330108b70462,rec_cc08138f8e499abe020d,2,2,0,Potato healthy,PLDD-UP,direct representative match: dHash<=4 + pHash + geometry + ORB/RANSAC,0,0,0,0,0.96750000,0.96750000,0.99741602,0.99741602,VERIFIED_NEAR_DUPLICATE
refined_3ef663555eb2e81a447c,rec_cc16806b1b9d7d61fb4d,2,2,0,Potato healthy,PLDD-UP,direct representative match: dHash<=4 + pHash + geometry + ORB/RANSAC,0,0,0,0,0.99872611,0.99872611,0.99872449,0.99872449,VERIFIED_NEAR_DUPLICATE
refined_f71cdf41f22ba63a88c1,rec_cc40ffbebd3142d4c52a,2,2,0,Potato healthy,PLDD-UP,direct representative match: dHash<=4 + pHash + geometry + ORB/RANSAC,0,0,0,0,0.94250000,0.94250000,1.00000000,1.00000000,VERIFIED_NEAR_DUPLICATE
refined_b63dfd8272a0344247b4,rec_cc61b19aa0345346d49b,2,2,0,Corn healthy,Seasonal Corn Leaf Disease Dataset,direct representative match: dHash<=4 + pHash + geometry + ORB/RANSAC,1,1,0,0,0.91610284,0.91610284,0.99704579,0.99704579,VERIFIED_NEAR_DUPLICATE
refined_3bde38452f3ade225119,rec_ccb4ae73bfd391435861,2,2,0,Potato healthy,PLDD-UP,direct representative match: dHash<=4 + pHash + geometry + ORB/RANSAC,0,0,0,0,0.74754558,0.74754558,0.99249531,0.99249531,VERIFIED_NEAR_DUPLICATE
refined_be7f2f1fa289960814fe,rec_cce7cd5422df07e03d11,2,2,0,Potato healthy,PLDD-UP,direct representative match: dHash<=4 + pHash + geometry + ORB/RANSAC,0,0,0,0,0.92375000,0.92375000,0.99458728,0.99458728,VERIFIED_NEAR_DUPLICATE
refined_21e0a82e0b9aebad6a64,rec_cceeb41e94a15b68d7f8,2,2,0,Potato healthy,PLDD-UP,direct representative match: dHash<=4 + pHash + geometry + ORB/RANSAC,0,0,0,0,0.95937090,0.95937090,1.00000000,1.00000000,VERIFIED_NEAR_DUPLICATE
refined_b400a0fb50632b883550,rec_cd07a4f713438df680eb,2,2,0,Corn healthy,Seasonal Corn Leaf Disease Dataset,direct representative match: dHash<=4 + pHash + geometry + ORB/RANSAC,0,0,0,0,0.91268759,0.91268759,0.99551570,0.99551570,VERIFIED_NEAR_DUPLICATE
refined_efa89b49e3e37a848646,rec_cd593d95cb8f1128d187,2,2,0,Potato healthy,PLDD-UP,direct representative match: dHash<=4 + pHash + geometry + ORB/RANSAC,0,0,0,0,0.96250000,0.96250000,0.99870130,0.99870130,VERIFIED_NEAR_DUPLICATE
refined_a7eaa63dcd3d9ed93dbc,rec_cdbaa08d47742ac6dbf0,2,2,0,Corn healthy,Seasonal Corn Leaf Disease Dataset,direct representative match: dHash<=4 + pHash + geometry + ORB/RANSAC,1,1,0,0,0.90873016,0.90873016,0.99854440,0.99854440,VERIFIED_NEAR_DUPLICATE
refined_48f95066555a3e225598,rec_cde110efe319dd83a458,2,2,0,Potato Late blight,PLDD-UP,direct representative match: dHash<=4 + pHash + geometry + ORB/RANSAC,2,2,4,4,0.53875000,0.53875000,0.81438515,0.81438515,VERIFIED_NEAR_DUPLICATE
refined_425ff3533593b6681378,rec_ce18133f5f75795aa158,2,2,0,Potato healthy,PLDD-UP,direct representative match: dHash<=4 + pHash + geometry + ORB/RANSAC,1,1,0,0,0.82500000,0.82500000,0.99242424,0.99242424,VERIFIED_NEAR_DUPLICATE
refined_d78a113c1c26cf38d2ba,rec_ce50c3873aba3b7a1563,2,2,0,Potato healthy,PLDD-UP,direct representative match: dHash<=4 + pHash + geometry + ORB/RANSAC,0,0,0,0,0.95622435,0.95622435,0.99713877,0.99713877,VERIFIED_NEAR_DUPLICATE
refined_951d2a80c24dc21ccf30,rec_ce600e4c1a7c272fe24d,2,2,0,Corn Cercospora leaf spot,Seasonal Corn Leaf Disease Dataset,direct representative match: dHash<=4 + pHash + geometry + ORB/RANSAC,0,0,0,0,0.96525097,0.96525097,1.00000000,1.00000000,VERIFIED_NEAR_DUPLICATE
refined_17f844c4d431166f96a3,rec_ce805c04b36b3fda24f5,2,2,0,Potato Late blight,PLDD-UP,direct representative match: dHash<=4 + pHash + geometry + ORB/RANSAC,3,3,4,4,0.62742176,0.62742176,0.93349169,0.93349169,VERIFIED_NEAR_DUPLICATE
refined_fb864136540d35746dea,rec_cea0b99746f988f3c580,2,2,0,Corn healthy,Seasonal Corn Leaf Disease Dataset,direct representative match: dHash<=4 + pHash + geometry + ORB/RANSAC,1,1,0,0,0.90396341,0.90396341,0.99831366,0.99831366,VERIFIED_NEAR_DUPLICATE
refined_b64622e4c6af3db87c14,rec_cea7da3b2168c845b200,2,2,0,Potato Early blight,PLDD-UP,direct representative match: dHash<=4 + pHash + geometry + ORB/RANSAC,2,2,4,4,0.67001255,0.67001255,0.89513109,0.89513109,VERIFIED_NEAR_DUPLICATE
refined_63260c66faca2cf34fd6,rec_cec754012c3aabdb85d2,2,2,0,Potato Late blight,PLDD-UP,direct representative match: dHash<=4 + pHash + geometry + ORB/RANSAC,1,1,2,2,0.74088292,0.74088292,0.95595855,0.95595855,VERIFIED_NEAR_DUPLICATE
refined_ce1708de6b6c28e7a964,rec_ced36f90f8d6a5d2c7b5,2,2,0,Corn healthy,Seasonal Corn Leaf Disease Dataset,direct representative match: dHash<=4 + pHash + geometry + ORB/RANSAC,0,0,0,0,0.94132986,0.94132986,0.99722992,0.99722992,VERIFIED_NEAR_DUPLICATE
refined_4bdf59c2c83e4d613c41,rec_cfaf039dae1ee306fcf9,2,2,0,Potato Late blight,PLDD-UP,direct representative match: dHash<=4 + pHash + geometry + ORB/RANSAC,2,2,2,2,0.49718310,0.49718310,0.96600567,0.96600567,VERIFIED_NEAR_DUPLICATE
refined_142a47e38132fdc0fd9f,rec_d00cef560786e297c40e,2,2,0,Potato healthy,PLDD-UP,direct representative match: dHash<=4 + pHash + geometry + ORB/RANSAC,0,0,0,0,0.99125000,0.99125000,0.99873897,0.99873897,VERIFIED_NEAR_DUPLICATE
refined_144cb580aac561bef92d,rec_d07b1e23216c038bfe7c,2,2,0,Potato healthy,PLDD-UP,direct representative match: dHash<=4 + pHash + geometry + ORB/RANSAC,0,0,0,0,0.77500000,0.77500000,0.99193548,0.99193548,VERIFIED_NEAR_DUPLICATE
refined_f2db4f0115d294fbc8b9,rec_d09a605beba96f055361,2,2,0,Potato healthy,PLDD-UP,direct representative match: dHash<=4 + pHash + geometry + ORB/RANSAC,0,0,0,0,0.99625000,0.99625000,1.00000000,1.00000000,VERIFIED_NEAR_DUPLICATE
refined_0b762709affd2dbe6d71,rec_d17a0c1c4d700db610cd,2,2,0,Potato healthy,PLDD-UP,direct representative match: dHash<=4 + pHash + geometry + ORB/RANSAC,0,0,0,0,0.99375000,0.99375000,1.00000000,1.00000000,VERIFIED_NEAR_DUPLICATE
refined_bf09d3a5fc6a7d1287f4,rec_d1956a967a6f20c78ee5,2,2,0,Potato Early blight | Potato Late blight,PLDD-UP,direct representative match: dHash<=4 + pHash + geometry + ORB/RANSAC,3,3,16,16,0.18783784,0.18783784,0.87050360,0.87050360,VERIFIED_LABEL_CONFLICT
refined_fdb956470090de5610fc,rec_d1fb85d0777c24fbd69a,2,2,0,Potato healthy,PLDD-UP,direct representative match: dHash<=4 + pHash + geometry + ORB/RANSAC,0,0,0,0,0.82718121,0.82718121,0.98580122,0.98580122,VERIFIED_NEAR_DUPLICATE
refined_fb5c0736812476902e46,rec_d20012567d803b812e13,2,2,0,Corn healthy,Seasonal Corn Leaf Disease Dataset,direct representative match: dHash<=4 + pHash + geometry + ORB/RANSAC,0,0,0,0,0.94531250,0.94531250,0.99862259,0.99862259,VERIFIED_NEAR_DUPLICATE
refined_2912b4f1240dec084d4a,rec_d2742330ed8c9d5035e2,2,2,0,Corn healthy,Seasonal Corn Leaf Disease Dataset,direct representative match: dHash<=4 + pHash + geometry + ORB/RANSAC,0,0,0,0,0.93281654,0.93281654,1.00000000,1.00000000,VERIFIED_NEAR_DUPLICATE
refined_7fd4fe943187f4230d07,rec_d2bd746c623db2cd6969,2,2,0,Potato healthy,PLDD-UP,direct representative match: dHash<=4 + pHash + geometry + ORB/RANSAC,0,0,0,0,0.93375000,0.93375000,0.99732262,0.99732262,VERIFIED_NEAR_DUPLICATE
refined_ad2bd9c0454d6dc3fe1b,rec_d2c0a56c4786a125381c,2,2,0,Potato healthy,PLDD-UP,direct representative match: dHash<=4 + pHash + geometry + ORB/RANSAC,0,0,0,0,0.96500000,0.96500000,1.00000000,1.00000000,VERIFIED_NEAR_DUPLICATE
refined_40db511e1f965c0e9e28,rec_d343f38d55b13ea1c0fb,2,2,0,Potato Early blight,PLDD-UP,direct representative match: dHash<=4 + pHash + geometry + ORB/RANSAC,2,2,2,2,0.51638270,0.51638270,0.89847716,0.89847716,VERIFIED_NEAR_DUPLICATE
refined_c65597bae615a78f5de3,rec_d3e6dc7ab40d2e2f8875,2,2,0,Corn healthy,Seasonal Corn Leaf Disease Dataset,direct representative match: dHash<=4 + pHash + geometry + ORB/RANSAC,0,0,0,0,0.85474860,0.85474860,0.98910675,0.98910675,VERIFIED_NEAR_DUPLICATE
refined_0554764247ff9006c373,rec_d438b31a33a5b26bf8a1,3,3,0,Potato Early blight,PLDD-UP,direct representative match: dHash<=4 + pHash + geometry + ORB/RANSAC,1,3,0,2,0.69679849,0.69679849,0.86216216,0.99729730,VERIFIED_NEAR_DUPLICATE
refined_b6393f515422487d114c,rec_d4400e342a5c29eb9665,2,2,0,Potato healthy,PLDD-UP,direct representative match: dHash<=4 + pHash + geometry + ORB/RANSAC,0,0,0,0,0.95500000,0.95500000,1.00000000,1.00000000,VERIFIED_NEAR_DUPLICATE
refined_0d04f0acd08ee633ff4a,rec_d4f298bb2c460c662681,2,2,0,Potato healthy,PLDD-UP,direct representative match: dHash<=4 + pHash + geometry + ORB/RANSAC,0,0,0,0,0.95125000,0.95125000,1.00000000,1.00000000,VERIFIED_NEAR_DUPLICATE
refined_31cc35110b2c48a874bd,rec_d639041d2e2e8e86d772,2,2,0,Potato Late blight,PLDD-UP,direct representative match: dHash<=4 + pHash + geometry + ORB/RANSAC,0,0,0,0,0.55778894,0.55778894,0.94369369,0.94369369,VERIFIED_NEAR_DUPLICATE
refined_3f8c3e748f83e5f2bcb4,rec_d6b92ff14141a4e23fa3,2,2,0,Potato healthy,PLDD-UP,direct representative match: dHash<=4 + pHash + geometry + ORB/RANSAC,0,0,0,0,0.97000000,0.97000000,1.00000000,1.00000000,VERIFIED_NEAR_DUPLICATE
refined_7270395cfb40665130cb,rec_d6d636c4f82bfc034e79,2,2,0,Potato Late blight,PLDD-UP,direct representative match: dHash<=4 + pHash + geometry + ORB/RANSAC,2,2,4,4,0.52250000,0.52250000,0.92822967,0.92822967,VERIFIED_NEAR_DUPLICATE
refined_8deeca68c6bc7f4a5dab,rec_d6e9b7ad61173019a0d4,2,2,0,Corn Cercospora leaf spot,Seasonal Corn Leaf Disease Dataset,direct representative match: dHash<=4 + pHash + geometry + ORB/RANSAC,0,0,0,0,0.89756722,0.89756722,0.99429387,0.99429387,VERIFIED_NEAR_DUPLICATE
refined_5f332b2e41055b198ca3,rec_d73de696a8e30670bdb6,2,2,0,Potato healthy,PLDD-UP,direct representative match: dHash<=4 + pHash + geometry + ORB/RANSAC,0,0,0,0,0.99248120,0.99248120,1.00000000,1.00000000,VERIFIED_NEAR_DUPLICATE
refined_ba7fd232d3b567f6049f,rec_d7452979205653dff87a,2,2,0,Potato healthy,PLDD-UP,direct representative match: dHash<=4 + pHash + geometry + ORB/RANSAC,0,0,0,0,0.95750000,0.95750000,1.00000000,1.00000000,VERIFIED_NEAR_DUPLICATE
refined_7a5c5af6f5170d99cf34,rec_d750b89b68d91a7165a6,2,2,0,Potato healthy,PLDD-UP,direct representative match: dHash<=4 + pHash + geometry + ORB/RANSAC,0,0,0,0,0.95875000,0.95875000,0.99869622,0.99869622,VERIFIED_NEAR_DUPLICATE
refined_f490329e43de10b9fac6,rec_d79194d9ec0f659a5647,2,2,0,Potato healthy,PLDD-UP,direct representative match: dHash<=4 + pHash + geometry + ORB/RANSAC,0,0,2,2,0.84985836,0.84985836,0.99833333,0.99833333,VERIFIED_NEAR_DUPLICATE
refined_cec95bec347ae698f122,rec_d80fff8c208b2f54b801,2,2,0,Potato healthy,PLDD-UP,direct representative match: dHash<=4 + pHash + geometry + ORB/RANSAC,0,0,0,0,0.99750000,0.99750000,1.00000000,1.00000000,VERIFIED_NEAR_DUPLICATE
refined_77c86e4b12b152f3d407,rec_d8124dd76d60be930513,2,2,0,Potato Late blight,PLDD-UP,direct representative match: dHash<=4 + pHash + geometry + ORB/RANSAC,0,0,4,4,0.51500000,0.51500000,0.89320388,0.89320388,VERIFIED_NEAR_DUPLICATE
refined_25ee88a11fe6bef6f7d2,rec_d854f439ee70e90d59e6,2,2,0,Corn healthy,Seasonal Corn Leaf Disease Dataset,direct representative match: dHash<=4 + pHash + geometry + ORB/RANSAC,0,0,0,0,0.94730077,0.94730077,0.99728630,0.99728630,VERIFIED_NEAR_DUPLICATE
refined_e4c8cc0b47fabf6cea15,rec_d876c86c516d77aa5f26,2,2,0,Corn healthy,Seasonal Corn Leaf Disease Dataset,direct representative match: dHash<=4 + pHash + geometry + ORB/RANSAC,1,1,0,0,0.94832041,0.94832041,0.99863760,0.99863760,VERIFIED_NEAR_DUPLICATE
refined_7096219f16e8c7edcb98,rec_d99af02a377c9a9aee9c,2,2,0,Corn healthy,Seasonal Corn Leaf Disease Dataset,direct representative match: dHash<=4 + pHash + geometry + ORB/RANSAC,0,0,0,0,0.93589744,0.93589744,1.00000000,1.00000000,VERIFIED_NEAR_DUPLICATE
refined_2ac2c23ddf799311901c,rec_da31938fcdedc65bef34,2,2,0,Potato healthy,PLDD-UP,direct representative match: dHash<=4 + pHash + geometry + ORB/RANSAC,0,0,0,0,0.94430052,0.94430052,0.99314129,0.99314129,VERIFIED_NEAR_DUPLICATE
refined_cff687b7c1a078a1b68c,rec_daaf3834f7124ef7cd77,2,2,0,Potato healthy,PLDD-UP,direct representative match: dHash<=4 + pHash + geometry + ORB/RANSAC,0,0,0,0,0.77510040,0.77510040,0.98963731,0.98963731,VERIFIED_NEAR_DUPLICATE
refined_1beb09f69a5bde7b0274,rec_dadff4e8746fea53c549,2,2,0,Corn healthy,Seasonal Corn Leaf Disease Dataset,direct representative match: dHash<=4 + pHash + geometry + ORB/RANSAC,0,0,0,0,0.92557510,0.92557510,0.99853801,0.99853801,VERIFIED_NEAR_DUPLICATE
refined_b5325ba184b1a2b482ad,rec_dae19a8106e9050dcfa5,2,2,0,Corn healthy,Seasonal Corn Leaf Disease Dataset,direct representative match: dHash<=4 + pHash + geometry + ORB/RANSAC,1,1,2,2,0.91834003,0.91834003,0.99416910,0.99416910,VERIFIED_NEAR_DUPLICATE
refined_da2f8576326a2e96e2a5,rec_daed184d7055cac18793,2,2,0,Potato healthy,PLDD-UP,direct representative match: dHash<=4 + pHash + geometry + ORB/RANSAC,0,0,0,0,0.95875000,0.95875000,0.99739244,0.99739244,VERIFIED_NEAR_DUPLICATE
refined_cd10daa0dc1cd25219c2,rec_db6f19505e6c5f35cf71,2,2,0,Potato healthy,PLDD-UP,direct representative match: dHash<=4 + pHash + geometry + ORB/RANSAC,0,0,0,0,0.77733333,0.77733333,0.99656947,0.99656947,VERIFIED_NEAR_DUPLICATE
refined_f9da79adb83c21cf4e74,rec_db7614c7dcd3c1385de9,2,2,0,Corn healthy,Seasonal Corn Leaf Disease Dataset,direct representative match: dHash<=4 + pHash + geometry + ORB/RANSAC,2,2,0,0,0.89033189,0.89033189,1.00000000,1.00000000,VERIFIED_NEAR_DUPLICATE
refined_154421099e67967883a6,rec_dc45ef7f5f4a229fff6e,2,2,0,Potato Late blight,PLDD-UP,direct representative match: dHash<=4 + pHash + geometry + ORB/RANSAC,1,1,2,2,0.74733638,0.74733638,0.98981670,0.98981670,VERIFIED_NEAR_DUPLICATE
refined_55acf6acb5746b2c8311,rec_dc4ba600db2f2e0fdc30,2,2,0,Corn healthy,Seasonal Corn Leaf Disease Dataset,direct representative match: dHash<=4 + pHash + geometry + ORB/RANSAC,1,1,0,0,0.94289694,0.94289694,1.00000000,1.00000000,VERIFIED_NEAR_DUPLICATE
refined_cc2b2788e23985e707f8,rec_dcd7ef93b9c7429b3a72,2,2,0,Potato healthy,PLDD-UP,direct representative match: dHash<=4 + pHash + geometry + ORB/RANSAC,0,0,0,0,0.83064516,0.83064516,0.99514563,0.99514563,VERIFIED_NEAR_DUPLICATE
refined_2d31d5116e1320fbd07c,rec_df650e10f2eddd7ab166,2,2,0,Potato Early blight,PLDD-UP,direct representative match: dHash<=4 + pHash + geometry + ORB/RANSAC,2,2,2,2,0.36875000,0.36875000,0.76271186,0.76271186,VERIFIED_NEAR_DUPLICATE
refined_b4d4c3581a69aa13353d,rec_dfc9bdc55942ec70971a,2,2,0,Potato Early blight,PLDD-UP,direct representative match: dHash<=4 + pHash + geometry + ORB/RANSAC,0,0,4,4,0.59821429,0.59821429,0.88699360,0.88699360,VERIFIED_NEAR_DUPLICATE
refined_cdb12909ad5826935745,rec_e0601e99227f9f88bac9,2,2,0,Potato healthy,PLDD-UP,direct representative match: dHash<=4 + pHash + geometry + ORB/RANSAC,0,0,0,0,0.92000000,0.92000000,1.00000000,1.00000000,VERIFIED_NEAR_DUPLICATE
refined_a59c713668f07903fa9c,rec_e091cc92ffe777d37cb0,2,2,0,Corn healthy,Seasonal Corn Leaf Disease Dataset,direct representative match: dHash<=4 + pHash + geometry + ORB/RANSAC,1,1,0,0,0.91678225,0.91678225,0.99697428,0.99697428,VERIFIED_NEAR_DUPLICATE
refined_fe0033dc5bada871127d,rec_e09e463ffeef9169b7bc,2,2,0,Corn Cercospora leaf spot,Seasonal Corn Leaf Disease Dataset,direct representative match: dHash<=4 + pHash + geometry + ORB/RANSAC,0,0,0,0,0.98704663,0.98704663,1.00000000,1.00000000,VERIFIED_NEAR_DUPLICATE
refined_221f8940a885d96b229e,rec_e0c7ee3fbc39ab92c417,2,2,0,Potato healthy,PLDD-UP,direct representative match: dHash<=4 + pHash + geometry + ORB/RANSAC,0,0,0,0,0.99875000,0.99875000,1.00000000,1.00000000,VERIFIED_NEAR_DUPLICATE
refined_aadae9a6249999338e96,rec_e0df31857bbbf788d4de,2,2,0,Corn healthy,Seasonal Corn Leaf Disease Dataset,direct representative match: dHash<=4 + pHash + geometry + ORB/RANSAC,3,3,0,0,0.93640054,0.93640054,0.99566474,0.99566474,VERIFIED_NEAR_DUPLICATE
refined_436b086e0ec305661401,rec_e13feda588d7be020497,2,2,0,Potato Late blight,PLDD-UP,direct representative match: dHash<=4 + pHash + geometry + ORB/RANSAC,2,2,4,4,0.49000000,0.49000000,0.65306122,0.65306122,VERIFIED_NEAR_DUPLICATE
refined_67853cb53821137e66c1,rec_e14cf857c74cfefe8cc6,2,2,0,Potato healthy,PLDD-UP,direct representative match: dHash<=4 + pHash + geometry + ORB/RANSAC,0,0,0,0,0.99875000,0.99875000,1.00000000,1.00000000,VERIFIED_NEAR_DUPLICATE
refined_150d5fde8ebc25c0a514,rec_e1bfffbdad276cb7e4c8,2,2,0,Potato healthy,PLDD-UP,direct representative match: dHash<=4 + pHash + geometry + ORB/RANSAC,0,0,0,0,1.00000000,1.00000000,1.00000000,1.00000000,VERIFIED_NEAR_DUPLICATE
refined_a40c85226d4ea31e63b8,rec_e1c9c79e78e0b12efe92,2,2,0,Potato healthy,PLDD-UP,direct representative match: dHash<=4 + pHash + geometry + ORB/RANSAC,0,0,0,0,0.95250000,0.95250000,0.99606299,0.99606299,VERIFIED_NEAR_DUPLICATE
refined_35d1048e3c626561e3d6,rec_e429a908244236c2fe66,2,2,0,Corn healthy,Seasonal Corn Leaf Disease Dataset,direct representative match: dHash<=4 + pHash + geometry + ORB/RANSAC,1,1,0,0,0.91967871,0.91967871,1.00000000,1.00000000,VERIFIED_NEAR_DUPLICATE
refined_c0b0c256d232fa47fd56,rec_e43bd7ac4782c5cd4588,2,2,0,Potato Late blight,PLDD-UP,direct representative match: dHash<=4 + pHash + geometry + ORB/RANSAC,0,0,2,2,0.56729560,0.56729560,0.77827051,0.77827051,VERIFIED_NEAR_DUPLICATE
refined_869ed7841dca27ac4ad6,rec_e5dfae5b14701b62356f,2,2,0,Potato healthy,PLDD-UP,direct representative match: dHash<=4 + pHash + geometry + ORB/RANSAC,0,0,0,0,0.94250000,0.94250000,0.99867374,0.99867374,VERIFIED_NEAR_DUPLICATE
refined_2cbca649d5cd78972061,rec_e6e18ee144061d0b0b60,2,2,0,Potato Late blight,PLDD-UP,direct representative match: dHash<=4 + pHash + geometry + ORB/RANSAC,2,2,4,4,0.59048877,0.59048877,0.89038031,0.89038031,VERIFIED_NEAR_DUPLICATE
refined_aefe12a8683127481fc9,rec_e7a65a5f952d35b9eee9,2,2,0,Potato Late blight,PLDD-UP,direct representative match: dHash<=4 + pHash + geometry + ORB/RANSAC,1,1,4,4,0.67149758,0.67149758,0.97362110,0.97362110,VERIFIED_NEAR_DUPLICATE
refined_d45c71f14dc7395b5875,rec_e7b34ae6d778590bdaab,2,2,0,Potato healthy,PLDD-UP,direct representative match: dHash<=4 + pHash + geometry + ORB/RANSAC,0,0,0,0,0.99750000,0.99750000,1.00000000,1.00000000,VERIFIED_NEAR_DUPLICATE
refined_628ad35b4c5b1eb18017,rec_e8e5339a3bae6f6cad78,2,2,0,Potato healthy,PLDD-UP,direct representative match: dHash<=4 + pHash + geometry + ORB/RANSAC,0,0,0,0,0.99875000,0.99875000,0.99874844,0.99874844,VERIFIED_NEAR_DUPLICATE
refined_fbf0a52e38321d778847,rec_e8fd56b41e8d3043ae57,2,2,0,Corn healthy,Seasonal Corn Leaf Disease Dataset,direct representative match: dHash<=4 + pHash + geometry + ORB/RANSAC,0,0,0,0,0.90509915,0.90509915,0.99374022,0.99374022,VERIFIED_NEAR_DUPLICATE
refined_7a6c445e6979335c2979,rec_e917b98820f19ccdc24b,2,2,0,Potato Early blight,PLDD-UP,direct representative match: dHash<=4 + pHash + geometry + ORB/RANSAC,2,2,2,2,0.57943925,0.57943925,0.82488479,0.82488479,VERIFIED_NEAR_DUPLICATE
refined_e277b2d9900739f3bb18,rec_ea64da1e5293ef25ff06,2,2,0,Potato Late blight,PLDD-UP,direct representative match: dHash<=4 + pHash + geometry + ORB/RANSAC,2,2,4,4,0.62906725,0.62906725,0.88275862,0.88275862,VERIFIED_NEAR_DUPLICATE
refined_b29e5400f7e3692a7fbd,rec_eb017929cbcb83851764,2,2,0,Potato healthy,PLDD-UP,direct representative match: dHash<=4 + pHash + geometry + ORB/RANSAC,0,0,2,2,0.79021879,0.79021879,0.99348534,0.99348534,VERIFIED_NEAR_DUPLICATE
refined_22e1ca8ec9b112e78df7,rec_ec09e6b4069da79aa91d,2,2,0,Potato healthy,PLDD-UP,direct representative match: dHash<=4 + pHash + geometry + ORB/RANSAC,0,0,0,0,0.79315068,0.79315068,0.99827288,0.99827288,VERIFIED_NEAR_DUPLICATE
refined_a68603917d15ba83fc26,rec_ec3871d896efd69144c8,2,2,0,Potato Late blight,PLDD-UP,direct representative match: dHash<=4 + pHash + geometry + ORB/RANSAC,4,4,4,4,0.62125000,0.62125000,0.90342052,0.90342052,VERIFIED_NEAR_DUPLICATE
refined_e6ee14e2ef1ebf5084d0,rec_ecc03cfde988e4d96fc8,2,2,0,Potato healthy,PLDD-UP,direct representative match: dHash<=4 + pHash + geometry + ORB/RANSAC,0,0,0,0,0.96625000,0.96625000,0.99870634,0.99870634,VERIFIED_NEAR_DUPLICATE
refined_2d59096ad75c01d51203,rec_ecf72a1c5b010d6cbec9,2,2,0,Potato healthy,PLDD-UP,direct representative match: dHash<=4 + pHash + geometry + ORB/RANSAC,0,0,0,0,0.95875000,0.95875000,1.00000000,1.00000000,VERIFIED_NEAR_DUPLICATE
refined_ef21cfdbd615112a2206,rec_ed29ba53e460ba3a6b6d,2,2,0,Potato Late blight,PLDD-UP,direct representative match: dHash<=4 + pHash + geometry + ORB/RANSAC,2,2,4,4,0.69061584,0.69061584,0.93842887,0.93842887,VERIFIED_NEAR_DUPLICATE
refined_97c19fc0727cc558d661,rec_ef6fbbcf5c73740cf8d4,2,2,0,Corn healthy,Seasonal Corn Leaf Disease Dataset,direct representative match: dHash<=4 + pHash + geometry + ORB/RANSAC,2,2,0,0,0.92679739,0.92679739,1.00000000,1.00000000,VERIFIED_NEAR_DUPLICATE
refined_a6d07b042b6f31ac62b7,rec_ef9b8d0b445144214112,2,2,0,Corn healthy,Seasonal Corn Leaf Disease Dataset,direct representative match: dHash<=4 + pHash + geometry + ORB/RANSAC,0,0,0,0,0.94538362,0.94538362,1.00000000,1.00000000,VERIFIED_NEAR_DUPLICATE
refined_03282928905240d9635a,rec_f1baf747664fd1b2c1ab,2,2,0,Potato healthy,PLDD-UP,direct representative match: dHash<=4 + pHash + geometry + ORB/RANSAC,0,0,0,0,0.97375000,0.97375000,0.99871630,0.99871630,VERIFIED_NEAR_DUPLICATE
refined_9ec45358fc6b66b25004,rec_f3fe10782d23a9d29e7c,2,2,0,Corn healthy,Seasonal Corn Leaf Disease Dataset,direct representative match: dHash<=4 + pHash + geometry + ORB/RANSAC,0,0,0,0,0.90963855,0.90963855,0.99503311,0.99503311,VERIFIED_NEAR_DUPLICATE
refined_23c88acb47f7aa0fc828,rec_f43cab12759ba1619302,2,2,0,Potato healthy,PLDD-UP,direct representative match: dHash<=4 + pHash + geometry + ORB/RANSAC,0,0,0,0,0.95500000,0.95500000,0.99869110,0.99869110,VERIFIED_NEAR_DUPLICATE
refined_936ddef1f71d4025a990,rec_f45b6157a808825aceb5,2,2,0,Potato healthy,PLDD-UP,direct representative match: dHash<=4 + pHash + geometry + ORB/RANSAC,0,0,0,0,0.95674300,0.95674300,1.00000000,1.00000000,VERIFIED_NEAR_DUPLICATE
refined_1679a3d75f3b82dea03c,rec_f53711fc38248bbc587e,2,2,0,Potato Late blight,PLDD-UP,direct representative match: dHash<=4 + pHash + geometry + ORB/RANSAC,0,0,2,2,0.69158879,0.69158879,0.95045045,0.95045045,VERIFIED_NEAR_DUPLICATE
refined_915b7566d7f1be2688cf,rec_f5c78094035475139a45,2,2,0,Potato healthy,PLDD-UP,direct representative match: dHash<=4 + pHash + geometry + ORB/RANSAC,0,0,0,0,0.91500000,0.91500000,0.99453552,0.99453552,VERIFIED_NEAR_DUPLICATE
refined_3ef5259a9a4ec93619db,rec_f603203d8a873b02f5f9,2,2,0,Potato healthy,PLDD-UP,direct representative match: dHash<=4 + pHash + geometry + ORB/RANSAC,0,0,0,0,0.95125000,0.95125000,0.99474376,0.99474376,VERIFIED_NEAR_DUPLICATE
refined_893f4487e77d992f6b3a,rec_f85c4451013f9c2dae86,2,2,0,Potato healthy,PLDD-UP,direct representative match: dHash<=4 + pHash + geometry + ORB/RANSAC,0,0,0,0,0.72099853,0.72099853,0.94908350,0.94908350,VERIFIED_NEAR_DUPLICATE
refined_3ac29c8f714ce3fbc323,rec_f90a1274f033c2c5c477,2,2,0,Potato Late blight,PLDD-UP,direct representative match: dHash<=4 + pHash + geometry + ORB/RANSAC,4,4,4,4,0.72125000,0.72125000,0.91681109,0.91681109,VERIFIED_NEAR_DUPLICATE
refined_30160616e018f8d8fa02,rec_f93fc88024e1d5379a23,2,2,0,Potato healthy,PLDD-UP,direct representative match: dHash<=4 + pHash + geometry + ORB/RANSAC,0,0,0,0,0.80500000,0.80500000,0.98913043,0.98913043,VERIFIED_NEAR_DUPLICATE
